idProposicao;idDeputadoAutor;nomeAutor;siglaPartidoAutor;siglaUFAutor;ordemAssinatura;proponente;ano;candidato
246705;139289.0;LUIZ INACIO LULA DA SILVA;PT;SP;1;1;1987;LUIZ INÁCIO LULA DA SILVA
246663;139289.0;LUIZ INACIO LULA DA SILVA;PT;SP;1;1;1987;LUIZ INÁCIO LULA DA SILVA
246632;139289.0;LUIZ INACIO LULA DA SILVA;PT;SP;1;1;1987;LUIZ INÁCIO LULA DA SILVA
182438;139289.0;LUIZ INACIO LULA DA SILVA;PT;SP;1;1;1988;LUIZ INÁCIO LULA DA SILVA
239364;139289.0;LUIZ INACIO LULA DA SILVA;PT;SP;1;1;1989;LUIZ INÁCIO LULA DA SILVA
215151;139289.0;LUIZ INACIO LULA DA SILVA;PT;SP;1;1;1989;LUIZ INÁCIO LULA DA SILVA
213469;139289.0;LUIZ INACIO LULA DA SILVA;PT;SP;1;1;1989;LUIZ INÁCIO LULA DA SILVA
210040;139289.0;LUIZ INACIO LULA DA SILVA;PT;SP;1;1;1989;LUIZ INÁCIO LULA DA SILVA
205247;139289.0;LUIZ INACIO LULA DA SILVA;PT;SP;1;1;1989;LUIZ INÁCIO LULA DA SILVA
202054;139289.0;LUIZ INACIO LULA DA SILVA;PT;SP;1;1;1989;LUIZ INÁCIO LULA DA SILVA
22182;139289.0;LUIZ INACIO LULA DA SILVA;PT;SP;1;1;1989;LUIZ INÁCIO LULA DA SILVA
240076;139289.0;LUIZ INACIO LULA DA SILVA;PT;SP;1;1;1990;LUIZ INÁCIO LULA DA SILVA
241327;74813.0;RONALDO CAIADO;;;1;1;1991;RONALDO CAIADO
241325;74813.0;RONALDO CAIADO;;;1;1;1991;RONALDO CAIADO
239850;74813.0;RONALDO CAIADO;PSD;GO;1;1;1991;RONALDO CAIADO
238745;74813.0;RONALDO CAIADO;PSD;GO;1;1;1991;RONALDO CAIADO
238636;74813.0;RONALDO CAIADO;PSD;GO;1;1;1991;RONALDO CAIADO
233645;74813.0;RONALDO CAIADO;;;1;1;1991;RONALDO CAIADO
198452;74813.0;RONALDO CAIADO;;;1;1;1991;RONALDO CAIADO
190120;74813.0;RONALDO CAIADO;;;1;1;1991;RONALDO CAIADO
190106;74813.0;RONALDO CAIADO;;;1;1;1991;RONALDO CAIADO
190092;74813.0;RONALDO CAIADO;;;1;1;1991;RONALDO CAIADO
188147;74813.0;RONALDO CAIADO;;;1;1;1991;RONALDO CAIADO
186976;74813.0;RONALDO CAIADO;PSD;GO;1;1;1991;RONALDO CAIADO
242182;74813.0;RONALDO CAIADO;PFL;GO;1;1;1992;RONALDO CAIADO
244845;74813.0;RONALDO CAIADO;PFL;GO;1;1;1993;RONALDO CAIADO
238271;74813.0;RONALDO CAIADO;PFL;GO;1;1;1993;RONALDO CAIADO
219769;74813.0;RONALDO CAIADO;PFL;GO;1;1;1993;RONALDO CAIADO
219761;74813.0;RONALDO CAIADO;PFL;GO;1;1;1993;RONALDO CAIADO
218273;74813.0;RONALDO CAIADO;PFL;GO;1;1;1993;RONALDO CAIADO
218264;74813.0;RONALDO CAIADO;PFL;GO;1;1;1993;RONALDO CAIADO
218255;74813.0;RONALDO CAIADO;PFL;GO;1;1;1993;RONALDO CAIADO
160896;74813.0;RONALDO CAIADO;PFL;GO;1;1;1993;RONALDO CAIADO
160893;74813.0;RONALDO CAIADO;PFL;GO;1;1;1993;RONALDO CAIADO
160611;74813.0;RONALDO CAIADO;PFL;GO;1;1;1993;RONALDO CAIADO
25635;74813.0;Ronaldo Caiado;PFL;GO;1;1;1993;RONALDO CAIADO
253883;74813.0;Ronaldo Caiado;PFL;GO;1;1;1999;RONALDO CAIADO
161026;74813.0;RONALDO RAMOS CAIADO;PFL;GO;1;1;1999;RONALDO CAIADO
90360;74813.0;Ronaldo Caiado;PFL;GO;1;1;1999;RONALDO CAIADO
90359;74813.0;Ronaldo Caiado;PFL;GO;1;1;1999;RONALDO CAIADO
90358;74813.0;Ronaldo Caiado;PFL;GO;1;1;1999;RONALDO CAIADO
41111;74813.0;RONALDO RAMOS CAIADO;PFL;GO;1;1;1999;RONALDO CAIADO
14879;74813.0;Ronaldo Caiado;PFL;GO;1;1;1999;RONALDO CAIADO
84902;74813.0;Ronaldo Caiado;PFL;GO;1;1;2000;RONALDO CAIADO
58553;74813.0;Ronaldo Caiado;PFL;GO;1;1;2000;RONALDO CAIADO
85883;74813.0;Ronaldo Caiado;PFL;GO;1;1;2001;RONALDO CAIADO
63454;74813.0;Ronaldo Caiado;PFL;GO;1;1;2001;RONALDO CAIADO
63453;74813.0;Ronaldo Caiado;PFL;GO;1;1;2001;RONALDO CAIADO
63451;74813.0;Ronaldo Caiado;PFL;GO;1;1;2001;RONALDO CAIADO
45608;74813.0;Ronaldo Caiado;PFL;GO;1;1;2001;RONALDO CAIADO
45607;74813.0;Ronaldo Caiado;PFL;GO;1;1;2001;RONALDO CAIADO
45606;74813.0;Ronaldo Caiado;PFL;GO;1;1;2001;RONALDO CAIADO
45600;74813.0;Ronaldo Caiado;PFL;GO;1;1;2001;RONALDO CAIADO
45599;74813.0;Ronaldo Caiado;PFL;GO;1;1;2001;RONALDO CAIADO
45596;74813.0;Ronaldo Caiado;PFL;GO;1;1;2001;RONALDO CAIADO
45594;74813.0;Ronaldo Caiado;PFL;GO;1;1;2001;RONALDO CAIADO
45592;74813.0;Ronaldo Caiado;PFL;GO;1;1;2001;RONALDO CAIADO
37141;74813.0;Ronaldo Caiado;PFL;GO;1;1;2001;RONALDO CAIADO
35154;74813.0;Ronaldo Caiado;PFL;GO;1;1;2001;RONALDO CAIADO
31550;74813.0;Ronaldo Caiado;PFL;GO;1;1;2001;RONALDO CAIADO
31338;74813.0;Ronaldo Caiado;PFL;GO;1;1;2001;RONALDO CAIADO
31336;74813.0;Ronaldo Caiado;PFL;GO;1;1;2001;RONALDO CAIADO
30704;74813.0;Ronaldo Caiado;PFL;GO;1;1;2001;RONALDO CAIADO
30239;74813.0;Ronaldo Caiado;PFL;GO;1;1;2001;RONALDO CAIADO
28598;74813.0;Ronaldo Caiado;PFL;GO;2;0;2001;RONALDO CAIADO
28582;74813.0;Ronaldo Caiado;PFL;GO;2;0;2001;RONALDO CAIADO
28579;74813.0;Ronaldo Caiado;PFL;GO;1;1;2001;RONALDO CAIADO
28574;74813.0;Ronaldo Caiado;PFL;GO;1;1;2001;RONALDO CAIADO
27876;74813.0;Ronaldo Caiado;PFL;GO;8;0;2001;RONALDO CAIADO
27875;74813.0;Ronaldo Caiado;PFL;GO;9;0;2001;RONALDO CAIADO
27398;74813.0;Ronaldo Caiado;PFL;GO;1;1;2001;RONALDO CAIADO
27213;74813.0;Ronaldo Caiado;PFL;GO;18;0;2001;RONALDO CAIADO
27211;74813.0;Ronaldo Caiado;PFL;GO;18;0;2001;RONALDO CAIADO
27210;74813.0;Ronaldo Caiado;PFL;GO;16;0;2001;RONALDO CAIADO
27209;74813.0;Ronaldo Caiado;PFL;GO;16;0;2001;RONALDO CAIADO
26975;74813.0;Ronaldo Caiado;PFL;GO;1;1;2001;RONALDO CAIADO
114931;74813.0;Ronaldo Caiado;PFL;GO;1;1;2002;RONALDO CAIADO
103042;74813.0;Ronaldo Caiado;PFL;GO;1;1;2002;RONALDO CAIADO
97576;74813.0;Ronaldo Caiado;PFL;GO;1;1;2002;RONALDO CAIADO
97545;74813.0;Ronaldo Caiado;PFL;GO;1;1;2002;RONALDO CAIADO
51916;74813.0;Ronaldo Caiado;PFL;GO;1;1;2002;RONALDO CAIADO
50374;74813.0;Ronaldo Caiado;PFL;GO;1;1;2002;RONALDO CAIADO
49517;74813.0;Ronaldo Caiado;PFL;GO;1;1;2002;RONALDO CAIADO
49324;74813.0;Ronaldo Caiado;PFL;GO;1;1;2002;RONALDO CAIADO
49322;74813.0;Ronaldo Caiado;PFL;GO;1;1;2002;RONALDO CAIADO
49319;74813.0;Ronaldo Caiado;PFL;GO;1;1;2002;RONALDO CAIADO
48271;74813.0;Ronaldo Caiado;PFL;GO;1;1;2002;RONALDO CAIADO
48209;74813.0;Ronaldo Caiado;PFL;GO;1;1;2002;RONALDO CAIADO
48208;74813.0;Ronaldo Caiado;PFL;GO;1;1;2002;RONALDO CAIADO
48207;74813.0;Ronaldo Caiado;PFL;GO;1;1;2002;RONALDO CAIADO
48206;74813.0;Ronaldo Caiado;PFL;GO;1;1;2002;RONALDO CAIADO
48205;74813.0;Ronaldo Caiado;PFL;GO;1;1;2002;RONALDO CAIADO
48204;74813.0;Ronaldo Caiado;PFL;GO;1;1;2002;RONALDO CAIADO
48203;74813.0;Ronaldo Caiado;PFL;GO;1;1;2002;RONALDO CAIADO
46728;74813.0;Ronaldo Caiado;PFL;GO;1;1;2002;RONALDO CAIADO
46660;74813.0;Ronaldo Caiado;PFL;GO;1;1;2002;RONALDO CAIADO
46031;74813.0;Ronaldo Caiado;PFL;GO;8;0;2002;RONALDO CAIADO
150037;74813.0;Ronaldo Caiado;PFL;GO;59;0;2003;RONALDO CAIADO
150002;74813.0;Ronaldo Caiado;PFL;GO;53;0;2003;RONALDO CAIADO
146416;74813.0;Ronaldo Caiado;PFL;GO;1;1;2003;RONALDO CAIADO
145216;74813.0;Ronaldo Caiado;PFL;GO;153;0;2003;RONALDO CAIADO
144762;74813.0;Ronaldo Caiado;PFL;GO;1;1;2003;RONALDO CAIADO
144761;74813.0;Ronaldo Caiado;PFL;GO;1;1;2003;RONALDO CAIADO
144759;74813.0;Ronaldo Caiado;PFL;GO;1;1;2003;RONALDO CAIADO
144754;74813.0;Ronaldo Caiado;PFL;GO;1;1;2003;RONALDO CAIADO
144749;74813.0;Ronaldo Caiado;PFL;GO;1;1;2003;RONALDO CAIADO
143578;74813.0;Ronaldo Caiado;PFL;GO;182;0;2003;RONALDO CAIADO
142425;74813.0;Ronaldo Caiado;PFL;GO;24;0;2003;RONALDO CAIADO
142378;74813.0;Ronaldo Caiado;PFL;GO;1;1;2003;RONALDO CAIADO
141035;74813.0;Ronaldo Caiado;PFL;GO;52;0;2003;RONALDO CAIADO
140876;74813.0;Ronaldo Caiado;PFL;GO;41;0;2003;RONALDO CAIADO
140785;74813.0;Ronaldo Caiado;PFL;GO;161;0;2003;RONALDO CAIADO
140557;74813.0;Ronaldo Caiado;PFL;GO;1;1;2003;RONALDO CAIADO
139936;74813.0;Ronaldo Caiado;PFL;GO;44;0;2003;RONALDO CAIADO
139625;74813.0;Ronaldo Caiado;PFL;GO;42;0;2003;RONALDO CAIADO
139624;74813.0;Ronaldo Caiado;PFL;GO;37;0;2003;RONALDO CAIADO
138840;74813.0;Ronaldo Caiado;PFL;GO;161;0;2003;RONALDO CAIADO
137914;74813.0;Ronaldo Caiado;PFL;GO;86;0;2003;RONALDO CAIADO
137702;74813.0;Ronaldo Caiado;PFL;GO;1;1;2003;RONALDO CAIADO
137688;74813.0;Ronaldo Caiado;PFL;GO;1;1;2003;RONALDO CAIADO
137687;74813.0;Ronaldo Caiado;PFL;GO;1;1;2003;RONALDO CAIADO
137653;74813.0;Ronaldo Caiado;PFL;GO;1;1;2003;RONALDO CAIADO
137620;74813.0;Ronaldo Caiado;PFL;GO;1;1;2003;RONALDO CAIADO
134956;74813.0;Ronaldo Caiado;PFL;GO;148;0;2003;RONALDO CAIADO
134378;74813.0;Ronaldo Caiado;PFL;GO;37;0;2003;RONALDO CAIADO
133686;74813.0;Ronaldo Caiado;PFL;GO;43;0;2003;RONALDO CAIADO
133685;74813.0;Ronaldo Caiado;PFL;GO;40;0;2003;RONALDO CAIADO
133576;74813.0;Ronaldo Caiado;PFL;GO;1;1;2003;RONALDO CAIADO
132299;74813.0;Ronaldo Caiado;PFL;GO;16;0;2003;RONALDO CAIADO
132195;74813.0;Ronaldo Caiado;PFL;GO;49;0;2003;RONALDO CAIADO
132125;74813.0;Ronaldo Caiado;PFL;GO;1;1;2003;RONALDO CAIADO
131896;74813.0;Ronaldo Caiado;PFL;GO;38;0;2003;RONALDO CAIADO
131044;74813.0;Ronaldo Caiado;PFL;GO;2;0;2003;RONALDO CAIADO
130462;74813.0;Ronaldo Caiado;PFL;GO;56;0;2003;RONALDO CAIADO
130401;74813.0;Ronaldo Caiado;PFL;GO;42;0;2003;RONALDO CAIADO
128306;74813.0;Ronaldo Caiado;PFL;GO;51;0;2003;RONALDO CAIADO
127721;74813.0;Ronaldo Caiado;PFL;GO;54;0;2003;RONALDO CAIADO
127601;74813.0;Ronaldo Caiado;PFL;GO;1;1;2003;RONALDO CAIADO
127344;74813.0;Ronaldo Caiado;PFL;GO;42;0;2003;RONALDO CAIADO
124969;74813.0;Ronaldo Caiado;PFL;GO;47;0;2003;RONALDO CAIADO
124931;74813.0;Ronaldo Caiado;PFL;GO;45;0;2003;RONALDO CAIADO
124086;74813.0;Ronaldo Caiado;PFL;GO;156;0;2003;RONALDO CAIADO
123447;74813.0;Ronaldo Caiado;PFL;GO;150;0;2003;RONALDO CAIADO
123439;74813.0;Ronaldo Caiado;PFL;GO;143;0;2003;RONALDO CAIADO
123410;74813.0;Ronaldo Caiado;PFL;GO;114;0;2003;RONALDO CAIADO
123407;74813.0;Ronaldo Caiado;PFL;GO;98;0;2003;RONALDO CAIADO
123401;74813.0;Ronaldo Caiado;PFL;GO;160;0;2003;RONALDO CAIADO
123400;74813.0;Ronaldo Caiado;PFL;GO;160;0;2003;RONALDO CAIADO
123398;74813.0;Ronaldo Caiado;PFL;GO;131;0;2003;RONALDO CAIADO
123395;74813.0;Ronaldo Caiado;PFL;GO;88;0;2003;RONALDO CAIADO
123389;74813.0;Ronaldo Caiado;PFL;GO;153;0;2003;RONALDO CAIADO
123386;74813.0;Ronaldo Caiado;PFL;GO;150;0;2003;RONALDO CAIADO
123381;74813.0;Ronaldo Caiado;PFL;GO;155;0;2003;RONALDO CAIADO
123371;74813.0;Ronaldo Caiado;PFL;GO;173;0;2003;RONALDO CAIADO
123369;74813.0;Ronaldo Caiado;PFL;GO;174;0;2003;RONALDO CAIADO
123368;74813.0;Ronaldo Caiado;PFL;GO;175;0;2003;RONALDO CAIADO
123363;74813.0;Ronaldo Caiado;PFL;GO;169;0;2003;RONALDO CAIADO
123358;74813.0;Ronaldo Caiado;PFL;GO;181;0;2003;RONALDO CAIADO
123354;74813.0;Ronaldo Caiado;PFL;GO;178;0;2003;RONALDO CAIADO
123353;74813.0;Ronaldo Caiado;PFL;GO;193;0;2003;RONALDO CAIADO
123337;74813.0;Ronaldo Caiado;PFL;GO;157;0;2003;RONALDO CAIADO
123332;74813.0;Ronaldo Caiado;PFL;GO;156;0;2003;RONALDO CAIADO
123292;74813.0;Ronaldo Caiado;PFL;GO;192;0;2003;RONALDO CAIADO
123290;74813.0;Ronaldo Caiado;PFL;GO;127;0;2003;RONALDO CAIADO
123288;74813.0;Ronaldo Caiado;PFL;GO;174;0;2003;RONALDO CAIADO
123268;74813.0;Ronaldo Caiado;PFL;GO;161;0;2003;RONALDO CAIADO
123262;74813.0;Ronaldo Caiado;PFL;GO;172;0;2003;RONALDO CAIADO
123261;74813.0;Ronaldo Caiado;PFL;GO;173;0;2003;RONALDO CAIADO
123253;74813.0;Ronaldo Caiado;PFL;GO;172;0;2003;RONALDO CAIADO
123251;74813.0;Ronaldo Caiado;PFL;GO;181;0;2003;RONALDO CAIADO
123250;74813.0;Ronaldo Caiado;PFL;GO;181;0;2003;RONALDO CAIADO
123249;74813.0;Ronaldo Caiado;PFL;GO;187;0;2003;RONALDO CAIADO
123248;74813.0;Ronaldo Caiado;PFL;GO;184;0;2003;RONALDO CAIADO
123221;74813.0;Ronaldo Caiado;PFL;GO;175;0;2003;RONALDO CAIADO
123209;74813.0;Ronaldo Caiado;PFL;GO;176;0;2003;RONALDO CAIADO
123207;74813.0;Ronaldo Caiado;PFL;GO;201;0;2003;RONALDO CAIADO
123206;74813.0;Ronaldo Caiado;PFL;GO;176;0;2003;RONALDO CAIADO
123204;74813.0;Ronaldo Caiado;PFL;GO;175;0;2003;RONALDO CAIADO
123202;74813.0;Ronaldo Caiado;PFL;GO;179;0;2003;RONALDO CAIADO
123201;74813.0;Ronaldo Caiado;PFL;GO;181;0;2003;RONALDO CAIADO
123200;74813.0;Ronaldo Caiado;PFL;GO;179;0;2003;RONALDO CAIADO
123198;74813.0;Ronaldo Caiado;PFL;GO;174;0;2003;RONALDO CAIADO
123195;74813.0;Ronaldo Caiado;PFL;GO;179;0;2003;RONALDO CAIADO
123191;74813.0;Ronaldo Caiado;PFL;GO;182;0;2003;RONALDO CAIADO
123190;74813.0;Ronaldo Caiado;PFL;GO;177;0;2003;RONALDO CAIADO
123188;74813.0;Ronaldo Caiado;PFL;GO;145;0;2003;RONALDO CAIADO
123180;74813.0;Ronaldo Caiado;PFL;GO;185;0;2003;RONALDO CAIADO
123171;74813.0;Ronaldo Caiado;PFL;GO;183;0;2003;RONALDO CAIADO
123149;74813.0;Ronaldo Caiado;PFL;GO;191;0;2003;RONALDO CAIADO
123128;74813.0;Ronaldo Caiado;PFL;GO;157;0;2003;RONALDO CAIADO
123125;74813.0;Ronaldo Caiado;PFL;GO;215;0;2003;RONALDO CAIADO
123120;74813.0;Ronaldo Caiado;PFL;GO;199;0;2003;RONALDO CAIADO
123116;74813.0;Ronaldo Caiado;PFL;GO;182;0;2003;RONALDO CAIADO
123106;74813.0;Ronaldo Caiado;PFL;GO;185;0;2003;RONALDO CAIADO
123094;74813.0;Ronaldo Caiado;PFL;GO;178;0;2003;RONALDO CAIADO
123087;74813.0;Ronaldo Caiado;PFL;GO;136;0;2003;RONALDO CAIADO
123080;74813.0;Ronaldo Caiado;PFL;GO;224;0;2003;RONALDO CAIADO
123075;74813.0;Ronaldo Caiado;PFL;GO;189;0;2003;RONALDO CAIADO
123066;74813.0;Ronaldo Caiado;PFL;GO;168;0;2003;RONALDO CAIADO
123024;74813.0;Ronaldo Caiado;PFL;GO;161;0;2003;RONALDO CAIADO
123023;74813.0;Ronaldo Caiado;PFL;GO;158;0;2003;RONALDO CAIADO
123022;74813.0;Ronaldo Caiado;PFL;GO;166;0;2003;RONALDO CAIADO
123021;74813.0;Ronaldo Caiado;PFL;GO;158;0;2003;RONALDO CAIADO
123019;74813.0;Ronaldo Caiado;PFL;GO;208;0;2003;RONALDO CAIADO
123016;74813.0;Ronaldo Caiado;PFL;GO;201;0;2003;RONALDO CAIADO
122894;74813.0;Ronaldo Caiado;PFL;GO;196;0;2003;RONALDO CAIADO
122885;74813.0;Ronaldo Caiado;PFL;GO;146;0;2003;RONALDO CAIADO
122881;74813.0;Ronaldo Caiado;PFL;GO;200;0;2003;RONALDO CAIADO
122868;74813.0;Ronaldo Caiado;PFL;GO;177;0;2003;RONALDO CAIADO
122827;74813.0;Ronaldo Caiado;PFL;GO;168;0;2003;RONALDO CAIADO
122825;74813.0;Ronaldo Caiado;PFL;GO;176;0;2003;RONALDO CAIADO
122822;74813.0;Ronaldo Caiado;PFL;GO;176;0;2003;RONALDO CAIADO
122818;74813.0;Ronaldo Caiado;PFL;GO;169;0;2003;RONALDO CAIADO
122817;74813.0;Ronaldo Caiado;PFL;GO;169;0;2003;RONALDO CAIADO
122815;74813.0;Ronaldo Caiado;PFL;GO;171;0;2003;RONALDO CAIADO
122600;74813.0;Ronaldo Caiado;PFL;GO;153;0;2003;RONALDO CAIADO
122599;74813.0;Ronaldo Caiado;PFL;GO;155;0;2003;RONALDO CAIADO
122470;74813.0;Ronaldo Caiado;PFL;GO;186;0;2003;RONALDO CAIADO
122462;74813.0;Ronaldo Caiado;PFL;GO;150;0;2003;RONALDO CAIADO
122275;74813.0;Ronaldo Caiado;PFL;GO;181;0;2003;RONALDO CAIADO
122142;74813.0;Ronaldo Caiado;PFL;GO;229;0;2003;RONALDO CAIADO
122100;74813.0;Ronaldo Caiado;PFL;GO;179;0;2003;RONALDO CAIADO
122097;74813.0;Ronaldo Caiado;PFL;GO;189;0;2003;RONALDO CAIADO
122085;74813.0;Ronaldo Caiado;PFL;GO;153;0;2003;RONALDO CAIADO
122082;74813.0;Ronaldo Caiado;PFL;GO;104;0;2003;RONALDO CAIADO
122068;74813.0;Ronaldo Caiado;PFL;GO;159;0;2003;RONALDO CAIADO
122067;74813.0;Ronaldo Caiado;PFL;GO;166;0;2003;RONALDO CAIADO
122066;74813.0;Ronaldo Caiado;PFL;GO;181;0;2003;RONALDO CAIADO
122053;74813.0;Ronaldo Caiado;PFL;GO;147;0;2003;RONALDO CAIADO
122016;74813.0;Ronaldo Caiado;PFL;GO;161;0;2003;RONALDO CAIADO
122015;74813.0;Ronaldo Caiado;PFL;GO;180;0;2003;RONALDO CAIADO
122013;74813.0;Ronaldo Caiado;PFL;GO;164;0;2003;RONALDO CAIADO
122010;74813.0;Ronaldo Caiado;PFL;GO;160;0;2003;RONALDO CAIADO
122008;74813.0;Ronaldo Caiado;PFL;GO;156;0;2003;RONALDO CAIADO
121992;74813.0;Ronaldo Caiado;PFL;GO;192;0;2003;RONALDO CAIADO
121990;74813.0;Ronaldo Caiado;PFL;GO;179;0;2003;RONALDO CAIADO
121988;74813.0;Ronaldo Caiado;PFL;GO;194;0;2003;RONALDO CAIADO
121987;74813.0;Ronaldo Caiado;PFL;GO;187;0;2003;RONALDO CAIADO
121986;74813.0;Ronaldo Caiado;PFL;GO;148;0;2003;RONALDO CAIADO
121985;74813.0;Ronaldo Caiado;PFL;GO;196;0;2003;RONALDO CAIADO
121984;74813.0;Ronaldo Caiado;PFL;GO;146;0;2003;RONALDO CAIADO
121983;74813.0;Ronaldo Caiado;PFL;GO;166;0;2003;RONALDO CAIADO
121982;74813.0;Ronaldo Caiado;PFL;GO;172;0;2003;RONALDO CAIADO
121957;74813.0;Ronaldo Caiado;PFL;GO;154;0;2003;RONALDO CAIADO
121953;74813.0;Ronaldo Caiado;PFL;GO;149;0;2003;RONALDO CAIADO
121951;74813.0;Ronaldo Caiado;PFL;GO;156;0;2003;RONALDO CAIADO
121947;74813.0;Ronaldo Caiado;PFL;GO;153;0;2003;RONALDO CAIADO
121927;74813.0;Ronaldo Caiado;PFL;GO;179;0;2003;RONALDO CAIADO
121926;74813.0;Ronaldo Caiado;PFL;GO;193;0;2003;RONALDO CAIADO
121925;74813.0;Ronaldo Caiado;PFL;GO;154;0;2003;RONALDO CAIADO
121924;74813.0;Ronaldo Caiado;PFL;GO;182;0;2003;RONALDO CAIADO
121922;74813.0;Ronaldo Caiado;PFL;GO;171;0;2003;RONALDO CAIADO
121920;74813.0;Ronaldo Caiado;PFL;GO;153;0;2003;RONALDO CAIADO
121918;74813.0;Ronaldo Caiado;PFL;GO;170;0;2003;RONALDO CAIADO
121917;74813.0;Ronaldo Caiado;PFL;GO;175;0;2003;RONALDO CAIADO
121900;74813.0;Ronaldo Caiado;PFL;GO;142;0;2003;RONALDO CAIADO
121890;74813.0;Ronaldo Caiado;PFL;GO;178;0;2003;RONALDO CAIADO
121887;74813.0;Ronaldo Caiado;PFL;GO;186;0;2003;RONALDO CAIADO
121885;74813.0;Ronaldo Caiado;PFL;GO;187;0;2003;RONALDO CAIADO
121881;74813.0;Ronaldo Caiado;PFL;GO;160;0;2003;RONALDO CAIADO
121864;74813.0;Ronaldo Caiado;PFL;GO;171;0;2003;RONALDO CAIADO
121853;74813.0;Ronaldo Caiado;PFL;GO;179;0;2003;RONALDO CAIADO
121849;74813.0;Ronaldo Caiado;PFL;GO;186;0;2003;RONALDO CAIADO
121844;74813.0;Ronaldo Caiado;PFL;GO;203;0;2003;RONALDO CAIADO
121842;74813.0;Ronaldo Caiado;PFL;GO;151;0;2003;RONALDO CAIADO
121839;74813.0;Ronaldo Caiado;PFL;GO;176;0;2003;RONALDO CAIADO
121838;74813.0;Ronaldo Caiado;PFL;GO;193;0;2003;RONALDO CAIADO
121836;74813.0;Ronaldo Caiado;PFL;GO;177;0;2003;RONALDO CAIADO
121835;74813.0;Ronaldo Caiado;PFL;GO;175;0;2003;RONALDO CAIADO
121832;74813.0;Ronaldo Caiado;PFL;GO;188;0;2003;RONALDO CAIADO
121831;74813.0;Ronaldo Caiado;PFL;GO;151;0;2003;RONALDO CAIADO
121826;74813.0;Ronaldo Caiado;PFL;GO;176;0;2003;RONALDO CAIADO
121825;74813.0;Ronaldo Caiado;PFL;GO;154;0;2003;RONALDO CAIADO
121824;74813.0;Ronaldo Caiado;PFL;GO;225;0;2003;RONALDO CAIADO
121820;74813.0;Ronaldo Caiado;PFL;GO;150;0;2003;RONALDO CAIADO
121817;74813.0;Ronaldo Caiado;PFL;GO;187;0;2003;RONALDO CAIADO
121816;74813.0;Ronaldo Caiado;PFL;GO;156;0;2003;RONALDO CAIADO
121814;74813.0;Ronaldo Caiado;PFL;GO;181;0;2003;RONALDO CAIADO
121813;74813.0;Ronaldo Caiado;PFL;GO;184;0;2003;RONALDO CAIADO
121811;74813.0;Ronaldo Caiado;PFL;GO;182;0;2003;RONALDO CAIADO
121809;74813.0;Ronaldo Caiado;PFL;GO;192;0;2003;RONALDO CAIADO
121807;74813.0;Ronaldo Caiado;PFL;GO;184;0;2003;RONALDO CAIADO
121792;74813.0;Ronaldo Caiado;PFL;GO;177;0;2003;RONALDO CAIADO
121791;74813.0;Ronaldo Caiado;PFL;GO;152;0;2003;RONALDO CAIADO
121782;74813.0;Ronaldo Caiado;PFL;GO;148;0;2003;RONALDO CAIADO
121781;74813.0;Ronaldo Caiado;PFL;GO;179;0;2003;RONALDO CAIADO
121774;74813.0;Ronaldo Caiado;PFL;GO;156;0;2003;RONALDO CAIADO
121769;74813.0;Ronaldo Caiado;PFL;GO;198;0;2003;RONALDO CAIADO
121765;74813.0;Ronaldo Caiado;PFL;GO;176;0;2003;RONALDO CAIADO
121738;74813.0;Ronaldo Caiado;PFL;GO;89;0;2003;RONALDO CAIADO
121727;74813.0;Ronaldo Caiado;PFL;GO;133;0;2003;RONALDO CAIADO
121716;74813.0;Ronaldo Caiado;PFL;GO;163;0;2003;RONALDO CAIADO
121709;74813.0;Ronaldo Caiado;PFL;GO;200;0;2003;RONALDO CAIADO
121706;74813.0;Ronaldo Caiado;PFL;GO;178;0;2003;RONALDO CAIADO
121704;74813.0;Ronaldo Caiado;PFL;GO;183;0;2003;RONALDO CAIADO
121703;74813.0;Ronaldo Caiado;PFL;GO;191;0;2003;RONALDO CAIADO
121701;74813.0;Ronaldo Caiado;PFL;GO;184;0;2003;RONALDO CAIADO
121696;74813.0;Ronaldo Caiado;PFL;GO;178;0;2003;RONALDO CAIADO
121669;74813.0;Ronaldo Caiado;PFL;GO;132;0;2003;RONALDO CAIADO
121624;74813.0;Ronaldo Caiado;PFL;GO;200;0;2003;RONALDO CAIADO
121612;74813.0;Ronaldo Caiado;PFL;GO;90;0;2003;RONALDO CAIADO
121578;74813.0;Ronaldo Caiado;PFL;GO;159;0;2003;RONALDO CAIADO
121576;74813.0;Ronaldo Caiado;PFL;GO;165;0;2003;RONALDO CAIADO
121572;74813.0;Ronaldo Caiado;PFL;GO;210;0;2003;RONALDO CAIADO
121536;74813.0;Ronaldo Caiado;PFL;GO;148;0;2003;RONALDO CAIADO
121534;74813.0;Ronaldo Caiado;PFL;GO;151;0;2003;RONALDO CAIADO
121528;74813.0;Ronaldo Caiado;PFL;GO;185;0;2003;RONALDO CAIADO
121527;74813.0;Ronaldo Caiado;PFL;GO;155;0;2003;RONALDO CAIADO
121483;74813.0;Ronaldo Caiado;PFL;GO;113;0;2003;RONALDO CAIADO
121429;74813.0;Ronaldo Caiado;PFL;GO;221;0;2003;RONALDO CAIADO
121428;74813.0;Ronaldo Caiado;PFL;GO;167;0;2003;RONALDO CAIADO
121241;74813.0;Ronaldo Caiado;PFL;GO;142;0;2003;RONALDO CAIADO
121205;74813.0;Ronaldo Caiado;PFL;GO;153;0;2003;RONALDO CAIADO
121169;74813.0;Ronaldo Caiado;PFL;GO;118;0;2003;RONALDO CAIADO
121158;74813.0;Ronaldo Caiado;PFL;GO;193;0;2003;RONALDO CAIADO
121157;74813.0;Ronaldo Caiado;PFL;GO;163;0;2003;RONALDO CAIADO
121117;74813.0;Ronaldo Caiado;PFL;GO;86;0;2003;RONALDO CAIADO
121035;74813.0;Ronaldo Caiado;PFL;GO;161;0;2003;RONALDO CAIADO
120971;74813.0;Ronaldo Caiado;PFL;GO;146;0;2003;RONALDO CAIADO
120846;74813.0;Ronaldo Caiado;PFL;GO;154;0;2003;RONALDO CAIADO
120815;74813.0;Ronaldo Caiado;PFL;GO;145;0;2003;RONALDO CAIADO
120799;74813.0;Ronaldo Caiado;PFL;GO;208;0;2003;RONALDO CAIADO
120786;74813.0;Ronaldo Caiado;PFL;GO;167;0;2003;RONALDO CAIADO
120785;74813.0;Ronaldo Caiado;PFL;GO;163;0;2003;RONALDO CAIADO
120784;74813.0;Ronaldo Caiado;PFL;GO;159;0;2003;RONALDO CAIADO
120749;74813.0;Ronaldo Caiado;PFL;GO;88;0;2003;RONALDO CAIADO
120676;74813.0;Ronaldo Caiado;PFL;GO;191;0;2003;RONALDO CAIADO
120672;74813.0;Ronaldo Caiado;PFL;GO;161;0;2003;RONALDO CAIADO
120527;74813.0;Ronaldo Caiado;PFL;GO;146;0;2003;RONALDO CAIADO
120475;74813.0;Ronaldo Caiado;PFL;GO;135;0;2003;RONALDO CAIADO
120312;74813.0;Ronaldo Caiado;PFL;GO;173;0;2003;RONALDO CAIADO
120164;74813.0;Ronaldo Caiado;PFL;GO;150;0;2003;RONALDO CAIADO
120159;74813.0;Ronaldo Caiado;PFL;GO;157;0;2003;RONALDO CAIADO
120042;74813.0;Ronaldo Caiado;PFL;GO;136;0;2003;RONALDO CAIADO
120000;74813.0;Ronaldo Caiado;PFL;GO;90;0;2003;RONALDO CAIADO
119995;74813.0;Ronaldo Caiado;PFL;GO;153;0;2003;RONALDO CAIADO
119993;74813.0;Ronaldo Caiado;PFL;GO;158;0;2003;RONALDO CAIADO
119957;74813.0;Ronaldo Caiado;PFL;GO;196;0;2003;RONALDO CAIADO
119942;74813.0;Ronaldo Caiado;PFL;GO;150;0;2003;RONALDO CAIADO
119940;74813.0;Ronaldo Caiado;PFL;GO;156;0;2003;RONALDO CAIADO
119905;74813.0;Ronaldo Caiado;PFL;GO;148;0;2003;RONALDO CAIADO
119714;74813.0;Ronaldo Caiado;PFL;GO;163;0;2003;RONALDO CAIADO
119690;74813.0;Ronaldo Caiado;PFL;GO;190;0;2003;RONALDO CAIADO
119687;74813.0;Ronaldo Caiado;PFL;GO;161;0;2003;RONALDO CAIADO
119686;74813.0;Ronaldo Caiado;PFL;GO;140;0;2003;RONALDO CAIADO
119647;74813.0;Ronaldo Caiado;PFL;GO;156;0;2003;RONALDO CAIADO
119210;74813.0;Ronaldo Caiado;PFL;GO;156;0;2003;RONALDO CAIADO
118540;74813.0;Ronaldo Caiado;PFL;GO;162;0;2003;RONALDO CAIADO
118505;74813.0;Ronaldo Caiado;PFL;GO;152;0;2003;RONALDO CAIADO
118504;74813.0;Ronaldo Caiado;PFL;GO;165;0;2003;RONALDO CAIADO
115248;74813.0;Ronaldo Caiado;PFL;GO;1;1;2003;RONALDO CAIADO
113545;74813.0;Ronaldo Caiado;PFL;GO;6;0;2003;RONALDO CAIADO
111513;74813.0;Ronaldo Caiado;PFL;GO;1;1;2003;RONALDO CAIADO
111437;74813.0;Ronaldo Caiado;PFL;GO;1;1;2003;RONALDO CAIADO
111283;74813.0;Ronaldo Caiado;PFL;GO;1;1;2003;RONALDO CAIADO
111248;74813.0;Ronaldo Caiado;PFL;GO;1;1;2003;RONALDO CAIADO
111237;74813.0;Ronaldo Caiado;PFL;GO;1;1;2003;RONALDO CAIADO
107017;74813.0;Ronaldo Caiado;PFL;GO;15;0;2003;RONALDO CAIADO
106853;74813.0;Ronaldo Caiado;PFL;GO;1;1;2003;RONALDO CAIADO
106173;74813.0;Ronaldo Caiado;PFL;GO;23;0;2003;RONALDO CAIADO
106004;74813.0;Ronaldo Caiado;PFL;GO;17;0;2003;RONALDO CAIADO
106003;74813.0;Ronaldo Caiado;PFL;GO;15;0;2003;RONALDO CAIADO
105526;74813.0;Ronaldo Caiado;PFL;GO;4;0;2003;RONALDO CAIADO
105114;74813.0;Ronaldo Caiado;PFL;GO;18;0;2003;RONALDO CAIADO
104779;74813.0;Ronaldo Caiado;PFL;GO;1;1;2003;RONALDO CAIADO
273757;74813.0;Ronaldo Caiado;PFL;GO;56;0;2004;RONALDO CAIADO
273699;74813.0;Ronaldo Caiado;PFL;GO;1;1;2004;RONALDO CAIADO
273665;74813.0;Ronaldo Caiado;PFL;GO;135;0;2004;RONALDO CAIADO
273368;74813.0;Ronaldo Caiado;PFL;GO;157;0;2004;RONALDO CAIADO
271935;74813.0;Ronaldo Caiado;PFL;GO;176;1;2004;RONALDO CAIADO
270986;74813.0;Ronaldo Caiado;PFL;GO;140;0;2004;RONALDO CAIADO
270939;74813.0;Ronaldo Caiado;PFL;GO;55;1;2004;RONALDO CAIADO
269949;74813.0;Ronaldo Caiado;PFL;GO;45;0;2004;RONALDO CAIADO
269604;74813.0;Ronaldo Caiado;PFL;GO;47;0;2004;RONALDO CAIADO
268963;74813.0;Ronaldo Caiado;PFL;GO;47;0;2004;RONALDO CAIADO
268664;74813.0;Ronaldo Caiado;PFL;GO;1;1;2004;RONALDO CAIADO
268644;74813.0;Ronaldo Caiado;PFL;GO;1;1;2004;RONALDO CAIADO
268639;74813.0;Ronaldo Caiado;PFL;GO;1;1;2004;RONALDO CAIADO
268547;74813.0;Ronaldo Caiado;PFL;GO;1;1;2004;RONALDO CAIADO
268525;74813.0;Ronaldo Caiado;PFL;GO;1;1;2004;RONALDO CAIADO
268524;74813.0;Ronaldo Caiado;PFL;GO;1;1;2004;RONALDO CAIADO
268522;74813.0;Ronaldo Caiado;PFL;GO;1;1;2004;RONALDO CAIADO
268519;74813.0;Ronaldo Caiado;PFL;GO;1;1;2004;RONALDO CAIADO
268482;74813.0;Ronaldo Caiado;PFL;GO;1;1;2004;RONALDO CAIADO
268468;74813.0;Ronaldo Caiado;PFL;GO;1;1;2004;RONALDO CAIADO
268454;74813.0;Ronaldo Caiado;PFL;GO;1;1;2004;RONALDO CAIADO
268447;74813.0;Ronaldo Caiado;PFL;GO;1;1;2004;RONALDO CAIADO
268420;74813.0;Ronaldo Caiado;PFL;GO;1;1;2004;RONALDO CAIADO
268392;74813.0;Ronaldo Caiado;PFL;GO;1;1;2004;RONALDO CAIADO
268385;74813.0;Ronaldo Caiado;PFL;GO;1;1;2004;RONALDO CAIADO
268362;74813.0;Ronaldo Caiado;PFL;GO;1;1;2004;RONALDO CAIADO
268087;74813.0;Ronaldo Caiado;PFL;GO;154;0;2004;RONALDO CAIADO
267239;74813.0;Ronaldo Caiado;PFL;GO;40;0;2004;RONALDO CAIADO
266904;74813.0;Ronaldo Caiado;PFL;GO;41;0;2004;RONALDO CAIADO
266708;74813.0;Ronaldo Caiado;PFL;GO;1;1;2004;RONALDO CAIADO
264825;74813.0;Ronaldo Caiado;PFL;GO;158;0;2004;RONALDO CAIADO
263557;74813.0;Ronaldo Caiado;PFL;GO;43;0;2004;RONALDO CAIADO
263327;74813.0;Ronaldo Caiado;PFL;GO;47;0;2004;RONALDO CAIADO
263015;74813.0;Ronaldo Caiado;PFL;GO;48;0;2004;RONALDO CAIADO
262860;74813.0;Ronaldo Caiado;PFL;GO;45;0;2004;RONALDO CAIADO
262815;74813.0;Ronaldo Caiado;PFL;GO;7;0;2004;RONALDO CAIADO
260547;74813.0;Ronaldo Caiado;PFL;GO;39;0;2004;RONALDO CAIADO
259713;74813.0;Ronaldo Caiado;PFL;GO;19;0;2004;RONALDO CAIADO
259629;74813.0;Ronaldo Caiado;PFL;GO;1;1;2004;RONALDO CAIADO
259626;74813.0;Ronaldo Caiado;PFL;GO;1;1;2004;RONALDO CAIADO
259625;74813.0;Ronaldo Caiado;PFL;GO;1;1;2004;RONALDO CAIADO
259620;74813.0;Ronaldo Caiado;PFL;GO;1;1;2004;RONALDO CAIADO
259171;74813.0;Ronaldo Caiado;PFL;GO;49;0;2004;RONALDO CAIADO
259170;74813.0;Ronaldo Caiado;PFL;GO;48;0;2004;RONALDO CAIADO
258846;74813.0;Ronaldo Caiado;PFL;GO;52;0;2004;RONALDO CAIADO
258473;74813.0;Ronaldo Caiado;PFL;GO;52;0;2004;RONALDO CAIADO
257455;74813.0;Ronaldo Caiado;PFL;GO;15;0;2004;RONALDO CAIADO
256995;74813.0;Ronaldo Caiado;PFL;GO;3;0;2004;RONALDO CAIADO
256994;74813.0;Ronaldo Caiado;PFL;GO;3;0;2004;RONALDO CAIADO
256993;74813.0;Ronaldo Caiado;PFL;GO;3;0;2004;RONALDO CAIADO
256992;74813.0;Ronaldo Caiado;PFL;GO;3;0;2004;RONALDO CAIADO
256991;74813.0;Ronaldo Caiado;PFL;GO;3;0;2004;RONALDO CAIADO
256990;74813.0;Ronaldo Caiado;PFL;GO;3;0;2004;RONALDO CAIADO
256988;74813.0;Ronaldo Caiado;PFL;GO;3;0;2004;RONALDO CAIADO
256073;74813.0;Ronaldo Caiado;PFL;GO;53;0;2004;RONALDO CAIADO
254037;74813.0;Ronaldo Caiado;PFL;GO;4;0;2004;RONALDO CAIADO
253389;74813.0;Ronaldo Caiado;PFL;GO;51;0;2004;RONALDO CAIADO
253218;74813.0;Ronaldo Caiado;PFL;GO;44;0;2004;RONALDO CAIADO
251943;74813.0;Ronaldo Caiado;PFL;GO;46;0;2004;RONALDO CAIADO
251097;74813.0;Ronaldo Caiado;PFL;GO;47;0;2004;RONALDO CAIADO
250992;74813.0;Ronaldo Caiado;PFL;GO;157;0;2004;RONALDO CAIADO
249707;74813.0;Ronaldo Caiado;PFL;GO;41;0;2004;RONALDO CAIADO
158875;74813.0;Ronaldo Caiado;PFL;GO;14;0;2004;RONALDO CAIADO
158196;74813.0;Ronaldo Caiado;PFL;GO;149;0;2004;RONALDO CAIADO
158195;74813.0;Ronaldo Caiado;PFL;GO;151;0;2004;RONALDO CAIADO
157867;74813.0;Ronaldo Caiado;PFL;GO;1;1;2004;RONALDO CAIADO
157780;74813.0;Ronaldo Caiado;PFL;GO;1;1;2004;RONALDO CAIADO
157523;74813.0;Ronaldo Caiado;PFL;GO;19;0;2004;RONALDO CAIADO
156946;74813.0;Ronaldo Caiado;PFL;GO;34;0;2004;RONALDO CAIADO
156945;74813.0;Ronaldo Caiado;PFL;GO;32;0;2004;RONALDO CAIADO
156837;74813.0;Ronaldo Caiado;PFL;GO;56;0;2004;RONALDO CAIADO
156834;74813.0;Ronaldo Caiado;PFL;GO;64;0;2004;RONALDO CAIADO
156831;74813.0;Ronaldo Caiado;PFL;GO;60;0;2004;RONALDO CAIADO
156696;74813.0;Ronaldo Caiado;PFL;GO;226;0;2004;RONALDO CAIADO
156093;74813.0;Ronaldo Caiado;PFL;GO;43;0;2004;RONALDO CAIADO
156092;74813.0;Ronaldo Caiado;PFL;GO;44;0;2004;RONALDO CAIADO
156072;74813.0;Ronaldo Caiado;PFL;GO;38;0;2004;RONALDO CAIADO
156009;74813.0;Ronaldo Caiado;PFL;GO;44;0;2004;RONALDO CAIADO
156008;74813.0;Ronaldo Caiado;PFL;GO;47;0;2004;RONALDO CAIADO
155913;74813.0;Ronaldo Caiado;PFL;GO;52;0;2004;RONALDO CAIADO
155780;74813.0;Ronaldo Caiado;PFL;GO;59;0;2004;RONALDO CAIADO
155581;74813.0;Ronaldo Caiado;PFL;GO;47;0;2004;RONALDO CAIADO
155576;74813.0;Ronaldo Caiado;PFL;GO;47;0;2004;RONALDO CAIADO
155572;74813.0;Ronaldo Caiado;PFL;GO;48;0;2004;RONALDO CAIADO
155566;74813.0;Ronaldo Caiado;PFL;GO;46;0;2004;RONALDO CAIADO
155563;74813.0;Ronaldo Caiado;PFL;GO;49;0;2004;RONALDO CAIADO
154970;74813.0;Ronaldo Caiado;PFL;GO;55;0;2004;RONALDO CAIADO
153751;74813.0;Ronaldo Caiado;PFL;GO;1;1;2004;RONALDO CAIADO
153740;74813.0;Ronaldo Caiado;PFL;GO;1;1;2004;RONALDO CAIADO
153727;74813.0;Ronaldo Caiado;PFL;GO;1;1;2004;RONALDO CAIADO
151449;74813.0;Ronaldo Caiado;PFL;GO;1;1;2004;RONALDO CAIADO
151445;74813.0;Ronaldo Caiado;PFL;GO;1;1;2004;RONALDO CAIADO
151442;74813.0;Ronaldo Caiado;PFL;GO;1;1;2004;RONALDO CAIADO
151433;74813.0;Ronaldo Caiado;PFL;GO;1;1;2004;RONALDO CAIADO
310639;74813.0;Ronaldo Caiado;PFL;GO;1;1;2005;RONALDO CAIADO
310459;74813.0;Ronaldo Caiado;PFL;GO;69;0;2005;RONALDO CAIADO
309300;74813.0;Ronaldo Caiado;PFL;GO;64;0;2005;RONALDO CAIADO
309257;74813.0;Ronaldo Caiado;PFL;GO;148;0;2005;RONALDO CAIADO
308919;74813.0;Ronaldo Caiado;PFL;GO;62;0;2005;RONALDO CAIADO
308870;74813.0;Ronaldo Caiado;PFL;GO;57;0;2005;RONALDO CAIADO
306471;74813.0;Ronaldo Caiado;PFL;GO;18;0;2005;RONALDO CAIADO
306195;74813.0;Ronaldo Caiado;PFL;GO;46;0;2005;RONALDO CAIADO
306188;74813.0;Ronaldo Caiado;PFL;GO;37;0;2005;RONALDO CAIADO
306187;74813.0;Ronaldo Caiado;PFL;GO;37;0;2005;RONALDO CAIADO
305966;74813.0;Ronaldo Caiado;PFL;GO;39;0;2005;RONALDO CAIADO
305671;74813.0;Ronaldo Caiado;PFL;GO;15;0;2005;RONALDO CAIADO
305312;74813.0;Ronaldo Caiado;PFL;GO;47;0;2005;RONALDO CAIADO
305252;74813.0;Ronaldo Caiado;PFL;GO;72;0;2005;RONALDO CAIADO
304324;74813.0;Ronaldo Caiado;PFL;GO;35;0;2005;RONALDO CAIADO
304008;74813.0;Ronaldo Caiado;PFL;GO;145;0;2005;RONALDO CAIADO
303751;74813.0;Ronaldo Caiado;PFL;GO;17;0;2005;RONALDO CAIADO
303386;74813.0;Ronaldo Caiado;PFL;GO;1;1;2005;RONALDO CAIADO
303381;74813.0;Ronaldo Caiado;PFL;GO;1;1;2005;RONALDO CAIADO
303380;74813.0;Ronaldo Caiado;PFL;GO;1;1;2005;RONALDO CAIADO
298247;74813.0;Ronaldo Caiado;PFL;GO;45;0;2005;RONALDO CAIADO
298051;74813.0;Ronaldo Caiado;PFL;GO;59;0;2005;RONALDO CAIADO
297735;74813.0;Ronaldo Caiado;PFL;GO;10;0;2005;RONALDO CAIADO
297415;74813.0;Ronaldo Caiado;PFL;GO;1;1;2005;RONALDO CAIADO
293849;74813.0;Ronaldo Caiado;PFL;GO;1;1;2005;RONALDO CAIADO
292608;74813.0;Ronaldo Caiado;PFL;GO;65;0;2005;RONALDO CAIADO
292416;74813.0;Ronaldo Caiado;PFL;GO;42;0;2005;RONALDO CAIADO
291906;74813.0;Ronaldo Caiado;PFL;GO;1;1;2005;RONALDO CAIADO
290189;74813.0;Ronaldo Caiado;PFL;GO;1;1;2005;RONALDO CAIADO
290160;74813.0;Ronaldo Caiado;PFL;GO;1;1;2005;RONALDO CAIADO
288670;74813.0;Ronaldo Caiado;PFL;GO;44;0;2005;RONALDO CAIADO
288628;74813.0;Ronaldo Caiado;PFL;GO;5;0;2005;RONALDO CAIADO
287082;74813.0;Ronaldo Caiado;PFL;GO;51;0;2005;RONALDO CAIADO
284989;74813.0;Ronaldo Caiado;PFL;GO;1;1;2005;RONALDO CAIADO
284988;74813.0;Ronaldo Caiado;PFL;GO;1;1;2005;RONALDO CAIADO
284347;74813.0;Ronaldo Caiado;PFL;GO;1;1;2005;RONALDO CAIADO
284319;74813.0;Ronaldo Caiado;PFL;GO;46;0;2005;RONALDO CAIADO
282167;74813.0;Ronaldo Caiado;PFL;GO;1;1;2005;RONALDO CAIADO
282147;74813.0;Ronaldo Caiado;PFL;GO;1;1;2005;RONALDO CAIADO
281086;74813.0;Ronaldo Caiado;PFL;GO;59;0;2005;RONALDO CAIADO
279916;74813.0;Ronaldo Caiado;PFL;GO;1;1;2005;RONALDO CAIADO
279859;74813.0;Ronaldo Caiado;PFL;GO;225;0;2005;RONALDO CAIADO
278757;74813.0;Ronaldo Caiado;PFL;GO;44;0;2005;RONALDO CAIADO
278672;74813.0;Ronaldo Caiado;PFL;GO;179;0;2005;RONALDO CAIADO
278478;74813.0;Ronaldo Caiado;PFL;GO;1;1;2005;RONALDO CAIADO
278477;74813.0;Ronaldo Caiado;PFL;GO;1;1;2005;RONALDO CAIADO
278414;74813.0;Ronaldo Caiado;PFL;GO;2;1;2005;RONALDO CAIADO
277502;74813.0;Ronaldo Caiado;PFL;GO;2;0;2005;RONALDO CAIADO
277501;74813.0;Ronaldo Caiado;PFL;GO;2;0;2005;RONALDO CAIADO
277046;74813.0;Ronaldo Caiado;PFL;GO;1;1;2005;RONALDO CAIADO
277020;74813.0;Ronaldo Caiado;PFL;GO;1;1;2005;RONALDO CAIADO
276959;74813.0;Ronaldo Caiado;PFL;GO;1;1;2005;RONALDO CAIADO
276689;74813.0;Ronaldo Caiado;PFL;GO;1;1;2005;RONALDO CAIADO
276649;74813.0;Ronaldo Caiado;PFL;GO;1;1;2005;RONALDO CAIADO
276621;74813.0;Ronaldo Caiado;PFL;GO;1;1;2005;RONALDO CAIADO
276620;74813.0;Ronaldo Caiado;PFL;GO;1;1;2005;RONALDO CAIADO
276561;74813.0;Ronaldo Caiado;PFL;GO;1;1;2005;RONALDO CAIADO
276557;74813.0;Ronaldo Caiado;PFL;GO;1;1;2005;RONALDO CAIADO
276555;74813.0;Ronaldo Caiado;PFL;GO;1;1;2005;RONALDO CAIADO
276553;74813.0;Ronaldo Caiado;PFL;GO;1;1;2005;RONALDO CAIADO
276550;74813.0;Ronaldo Caiado;PFL;GO;1;1;2005;RONALDO CAIADO
276546;74813.0;Ronaldo Caiado;PFL;GO;1;1;2005;RONALDO CAIADO
276542;74813.0;Ronaldo Caiado;PFL;GO;1;1;2005;RONALDO CAIADO
276474;74813.0;Ronaldo Caiado;PFL;GO;1;1;2005;RONALDO CAIADO
276269;74813.0;Ronaldo Caiado;PFL;GO;1;1;2005;RONALDO CAIADO
276144;74813.0;Ronaldo Caiado;PFL;GO;1;1;2005;RONALDO CAIADO
276115;74813.0;Ronaldo Caiado;PFL;GO;1;1;2005;RONALDO CAIADO
276091;74813.0;Ronaldo Caiado;PFL;GO;1;1;2005;RONALDO CAIADO
276074;74813.0;Ronaldo Caiado;PFL;GO;1;1;2005;RONALDO CAIADO
276065;74813.0;Ronaldo Caiado;PFL;GO;1;1;2005;RONALDO CAIADO
276056;74813.0;Ronaldo Caiado;PFL;GO;1;1;2005;RONALDO CAIADO
276038;74813.0;Ronaldo Caiado;PFL;GO;1;1;2005;RONALDO CAIADO
276036;74813.0;Ronaldo Caiado;PFL;GO;1;1;2005;RONALDO CAIADO
276019;74813.0;Ronaldo Caiado;PFL;GO;1;1;2005;RONALDO CAIADO
276005;74813.0;Ronaldo Caiado;PFL;GO;1;1;2005;RONALDO CAIADO
275146;74813.0;Ronaldo Caiado;PFL;GO;175;0;2005;RONALDO CAIADO
274976;74813.0;Ronaldo Caiado;PFL;GO;330;0;2005;RONALDO CAIADO
337906;74813.0;Ronaldo Caiado;PFL;GO;48;0;2006;RONALDO CAIADO
337023;74813.0;Ronaldo Caiado;PFL;GO;1;1;2006;RONALDO CAIADO
336156;74813.0;Ronaldo Caiado;PFL;GO;1;1;2006;RONALDO CAIADO
336152;74813.0;Ronaldo Caiado;PFL;GO;1;1;2006;RONALDO CAIADO
330324;74813.0;Ronaldo Caiado;PFL;GO;39;0;2006;RONALDO CAIADO
329638;74813.0;Ronaldo Caiado;PFL;GO;1;1;2006;RONALDO CAIADO
328683;74813.0;Ronaldo Caiado;PFL;GO;1;1;2006;RONALDO CAIADO
327991;74813.0;Ronaldo Caiado;PFL;GO;44;0;2006;RONALDO CAIADO
327990;74813.0;Ronaldo Caiado;PFL;GO;45;0;2006;RONALDO CAIADO
327443;74813.0;Ronaldo Caiado;PFL;GO;1;1;2006;RONALDO CAIADO
327300;74813.0;Ronaldo Caiado;PFL;GO;1;1;2006;RONALDO CAIADO
326914;74813.0;Ronaldo Caiado;PFL;GO;50;0;2006;RONALDO CAIADO
326241;74813.0;Ronaldo Caiado;PFL;GO;4;0;2006;RONALDO CAIADO
322687;74813.0;Ronaldo Caiado;PFL;GO;1;1;2006;RONALDO CAIADO
321516;74813.0;Ronaldo Caiado;PFL;GO;3;0;2006;RONALDO CAIADO
321515;74813.0;Ronaldo Caiado;PFL;GO;3;0;2006;RONALDO CAIADO
320894;74813.0;Ronaldo Caiado;PFL;GO;1;1;2006;RONALDO CAIADO
320708;74813.0;Ronaldo Caiado;PFL;GO;53;0;2006;RONALDO CAIADO
320048;74813.0;Ronaldo Caiado;PFL;GO;1;1;2006;RONALDO CAIADO
319059;74813.0;Ronaldo Caiado;PFL;GO;154;0;2006;RONALDO CAIADO
319057;74813.0;Ronaldo Caiado;PFL;GO;160;0;2006;RONALDO CAIADO
319053;74813.0;Ronaldo Caiado;PFL;GO;158;0;2006;RONALDO CAIADO
318800;74813.0;Ronaldo Caiado;PFL;GO;166;0;2006;RONALDO CAIADO
318764;74813.0;Ronaldo Caiado;PFL;GO;1;1;2006;RONALDO CAIADO
317989;74813.0;Ronaldo Caiado;PFL;GO;8;0;2006;RONALDO CAIADO
317407;74813.0;Ronaldo Caiado;PFL;GO;10;0;2006;RONALDO CAIADO
315680;74813.0;Ronaldo Caiado;PFL;GO;39;0;2006;RONALDO CAIADO
315140;74813.0;Ronaldo Caiado;PFL;GO;145;0;2006;RONALDO CAIADO
315137;74813.0;Ronaldo Caiado;PFL;GO;155;0;2006;RONALDO CAIADO
315133;74813.0;Ronaldo Caiado;PFL;GO;143;0;2006;RONALDO CAIADO
315128;74813.0;Ronaldo Caiado;PFL;GO;151;0;2006;RONALDO CAIADO
314394;74813.0;Ronaldo Caiado;PFL;GO;23;0;2006;RONALDO CAIADO
314373;74813.0;Ronaldo Caiado;PFL;GO;49;0;2006;RONALDO CAIADO
314372;74813.0;Ronaldo Caiado;PFL;GO;48;0;2006;RONALDO CAIADO
313771;74813.0;Ronaldo Caiado;PFL;GO;29;0;2006;RONALDO CAIADO
313440;74813.0;Ronaldo Caiado;PFL;GO;44;0;2006;RONALDO CAIADO
312711;74813.0;Ronaldo Caiado;PFL;GO;1;1;2006;RONALDO CAIADO
312687;74813.0;Ronaldo Caiado;PFL;GO;1;1;2006;RONALDO CAIADO
312485;74813.0;Ronaldo Caiado;PFL;GO;36;0;2006;RONALDO CAIADO
396059;74813.0;Ronaldo Caiado;DEM;GO;1;1;2007;RONALDO CAIADO
382293;74813.0;Ronaldo Caiado;DEM;GO;1;1;2007;RONALDO CAIADO
376604;74813.0;Ronaldo Caiado;DEM;GO;1;1;2007;RONALDO CAIADO
376484;74813.0;Ronaldo Caiado;DEM;GO;1;1;2007;RONALDO CAIADO
375792;74813.0;Ronaldo Caiado;DEM;GO;12;0;2007;RONALDO CAIADO
375786;74813.0;Ronaldo Caiado;DEM;GO;11;0;2007;RONALDO CAIADO
374939;74813.0;Ronaldo Caiado;DEM;GO;4;0;2007;RONALDO CAIADO
374185;74813.0;Ronaldo Caiado;DEM;GO;3;0;2007;RONALDO CAIADO
373590;74813.0;Ronaldo Caiado;DEM;GO;5;0;2007;RONALDO CAIADO
373587;74813.0;Ronaldo Caiado;DEM;GO;1;1;2007;RONALDO CAIADO
373585;74813.0;Ronaldo Caiado;DEM;GO;1;1;2007;RONALDO CAIADO
372778;74813.0;Ronaldo Caiado;DEM;GO;1;1;2007;RONALDO CAIADO
369621;74813.0;Ronaldo Caiado;DEM;GO;2;1;2007;RONALDO CAIADO
369212;74813.0;Ronaldo Caiado;DEM;GO;11;0;2007;RONALDO CAIADO
369208;74813.0;Ronaldo Caiado;DEM;GO;11;0;2007;RONALDO CAIADO
368893;74813.0;Ronaldo Caiado;DEM;GO;1;1;2007;RONALDO CAIADO
368892;74813.0;Ronaldo Caiado;DEM;GO;1;1;2007;RONALDO CAIADO
368891;74813.0;Ronaldo Caiado;DEM;GO;1;1;2007;RONALDO CAIADO
368890;74813.0;Ronaldo Caiado;DEM;GO;1;1;2007;RONALDO CAIADO
368889;74813.0;Ronaldo Caiado;DEM;GO;1;1;2007;RONALDO CAIADO
368888;74813.0;Ronaldo Caiado;DEM;GO;1;1;2007;RONALDO CAIADO
368887;74813.0;Ronaldo Caiado;DEM;GO;1;1;2007;RONALDO CAIADO
368886;74813.0;Ronaldo Caiado;DEM;GO;1;1;2007;RONALDO CAIADO
368885;74813.0;Ronaldo Caiado;DEM;GO;1;1;2007;RONALDO CAIADO
368884;74813.0;Ronaldo Caiado;DEM;GO;1;1;2007;RONALDO CAIADO
368883;74813.0;Ronaldo Caiado;DEM;GO;1;1;2007;RONALDO CAIADO
368882;74813.0;Ronaldo Caiado;DEM;GO;1;1;2007;RONALDO CAIADO
368881;74813.0;Ronaldo Caiado;DEM;GO;1;1;2007;RONALDO CAIADO
368880;74813.0;Ronaldo Caiado;DEM;GO;1;1;2007;RONALDO CAIADO
368879;74813.0;Ronaldo Caiado;DEM;GO;1;1;2007;RONALDO CAIADO
368878;74813.0;Ronaldo Caiado;DEM;GO;1;1;2007;RONALDO CAIADO
368877;74813.0;Ronaldo Caiado;DEM;GO;1;1;2007;RONALDO CAIADO
368875;74813.0;Ronaldo Caiado;DEM;GO;1;1;2007;RONALDO CAIADO
368874;74813.0;Ronaldo Caiado;DEM;GO;1;1;2007;RONALDO CAIADO
368873;74813.0;Ronaldo Caiado;DEM;GO;1;1;2007;RONALDO CAIADO
368872;74813.0;Ronaldo Caiado;DEM;GO;1;1;2007;RONALDO CAIADO
368871;74813.0;Ronaldo Caiado;DEM;GO;1;1;2007;RONALDO CAIADO
368870;74813.0;Ronaldo Caiado;DEM;GO;1;1;2007;RONALDO CAIADO
368869;74813.0;Ronaldo Caiado;DEM;GO;1;1;2007;RONALDO CAIADO
368868;74813.0;Ronaldo Caiado;DEM;GO;1;1;2007;RONALDO CAIADO
368867;74813.0;Ronaldo Caiado;DEM;GO;1;1;2007;RONALDO CAIADO
368866;74813.0;Ronaldo Caiado;DEM;GO;1;1;2007;RONALDO CAIADO
368864;74813.0;Ronaldo Caiado;DEM;GO;1;1;2007;RONALDO CAIADO
368863;74813.0;Ronaldo Caiado;DEM;GO;1;1;2007;RONALDO CAIADO
368862;74813.0;Ronaldo Caiado;DEM;GO;1;1;2007;RONALDO CAIADO
368861;74813.0;Ronaldo Caiado;DEM;GO;1;1;2007;RONALDO CAIADO
368860;74813.0;Ronaldo Caiado;DEM;GO;1;1;2007;RONALDO CAIADO
368859;74813.0;Ronaldo Caiado;DEM;GO;1;1;2007;RONALDO CAIADO
368858;74813.0;Ronaldo Caiado;DEM;GO;1;1;2007;RONALDO CAIADO
368857;74813.0;Ronaldo Caiado;DEM;GO;1;1;2007;RONALDO CAIADO
368856;74813.0;Ronaldo Caiado;DEM;GO;1;1;2007;RONALDO CAIADO
368855;74813.0;Ronaldo Caiado;DEM;GO;1;1;2007;RONALDO CAIADO
368854;74813.0;Ronaldo Caiado;DEM;GO;1;1;2007;RONALDO CAIADO
368853;74813.0;Ronaldo Caiado;DEM;GO;1;1;2007;RONALDO CAIADO
368852;74813.0;Ronaldo Caiado;DEM;GO;1;1;2007;RONALDO CAIADO
368851;74813.0;Ronaldo Caiado;DEM;GO;1;1;2007;RONALDO CAIADO
368850;74813.0;Ronaldo Caiado;DEM;GO;1;1;2007;RONALDO CAIADO
368848;74813.0;Ronaldo Caiado;DEM;GO;1;1;2007;RONALDO CAIADO
368847;74813.0;Ronaldo Caiado;DEM;GO;1;1;2007;RONALDO CAIADO
368846;74813.0;Ronaldo Caiado;DEM;GO;1;1;2007;RONALDO CAIADO
368845;74813.0;Ronaldo Caiado;DEM;GO;1;1;2007;RONALDO CAIADO
368844;74813.0;Ronaldo Caiado;DEM;GO;1;1;2007;RONALDO CAIADO
368843;74813.0;Ronaldo Caiado;DEM;GO;1;1;2007;RONALDO CAIADO
368842;74813.0;Ronaldo Caiado;DEM;GO;1;1;2007;RONALDO CAIADO
368841;74813.0;Ronaldo Caiado;DEM;GO;1;1;2007;RONALDO CAIADO
368840;74813.0;Ronaldo Caiado;DEM;GO;1;1;2007;RONALDO CAIADO
368839;74813.0;Ronaldo Caiado;DEM;GO;1;1;2007;RONALDO CAIADO
368838;74813.0;Ronaldo Caiado;DEM;GO;1;1;2007;RONALDO CAIADO
368837;74813.0;Ronaldo Caiado;DEM;GO;1;1;2007;RONALDO CAIADO
368836;74813.0;Ronaldo Caiado;DEM;GO;1;1;2007;RONALDO CAIADO
368835;74813.0;Ronaldo Caiado;DEM;GO;1;1;2007;RONALDO CAIADO
368834;74813.0;Ronaldo Caiado;DEM;GO;1;1;2007;RONALDO CAIADO
368833;74813.0;Ronaldo Caiado;DEM;GO;1;1;2007;RONALDO CAIADO
368832;74813.0;Ronaldo Caiado;DEM;GO;1;1;2007;RONALDO CAIADO
368831;74813.0;Ronaldo Caiado;DEM;GO;1;1;2007;RONALDO CAIADO
368588;74813.0;Ronaldo Caiado;DEM;GO;2;0;2007;RONALDO CAIADO
368484;74813.0;Ronaldo Caiado;DEM;GO;7;0;2007;RONALDO CAIADO
368159;74813.0;Ronaldo Caiado;DEM;GO;1;1;2007;RONALDO CAIADO
368152;74813.0;Ronaldo Caiado;DEM;GO;1;1;2007;RONALDO CAIADO
367309;74813.0;Ronaldo Caiado;DEM;GO;1;1;2007;RONALDO CAIADO
366538;74813.0;Ronaldo Caiado;DEM;GO;8;0;2007;RONALDO CAIADO
365960;74813.0;Ronaldo Caiado;DEM;GO;8;0;2007;RONALDO CAIADO
362748;74813.0;Ronaldo Caiado;DEM;GO;1;1;2007;RONALDO CAIADO
362745;74813.0;Ronaldo Caiado;DEM;GO;1;1;2007;RONALDO CAIADO
358527;74813.0;Ronaldo Caiado;DEM;GO;1;1;2007;RONALDO CAIADO
357543;74813.0;Ronaldo Caiado;DEM;GO;1;1;2007;RONALDO CAIADO
357533;74813.0;Ronaldo Caiado;DEM;GO;1;1;2007;RONALDO CAIADO
356570;74813.0;Ronaldo Caiado;DEM;GO;1;1;2007;RONALDO CAIADO
355699;74813.0;Ronaldo Caiado;DEM;GO;1;1;2007;RONALDO CAIADO
355132;74813.0;Ronaldo Caiado;DEM;GO;1;1;2007;RONALDO CAIADO
354731;74813.0;Ronaldo Caiado;DEM;GO;1;1;2007;RONALDO CAIADO
354730;74813.0;Ronaldo Caiado;DEM;GO;1;1;2007;RONALDO CAIADO
354729;74813.0;Ronaldo Caiado;DEM;GO;1;1;2007;RONALDO CAIADO
354728;74813.0;Ronaldo Caiado;DEM;GO;1;1;2007;RONALDO CAIADO
354727;74813.0;Ronaldo Caiado;DEM;GO;1;1;2007;RONALDO CAIADO
354726;74813.0;Ronaldo Caiado;DEM;GO;1;1;2007;RONALDO CAIADO
354724;74813.0;Ronaldo Caiado;DEM;GO;1;1;2007;RONALDO CAIADO
354723;74813.0;Ronaldo Caiado;DEM;GO;1;1;2007;RONALDO CAIADO
354721;74813.0;Ronaldo Caiado;DEM;GO;1;1;2007;RONALDO CAIADO
354717;74813.0;Ronaldo Caiado;DEM;GO;1;1;2007;RONALDO CAIADO
354682;74813.0;Ronaldo Caiado;DEM;GO;1;1;2007;RONALDO CAIADO
354608;74813.0;Ronaldo Caiado;DEM;GO;1;1;2007;RONALDO CAIADO
354526;74813.0;Ronaldo Caiado;DEM;GO;1;1;2007;RONALDO CAIADO
354479;74813.0;Ronaldo Caiado;DEM;GO;1;1;2007;RONALDO CAIADO
354476;74813.0;Ronaldo Caiado;DEM;GO;1;1;2007;RONALDO CAIADO
353773;74813.0;Ronaldo Caiado;DEM;GO;27;0;2007;RONALDO CAIADO
353503;74813.0;Ronaldo Caiado;DEM;GO;14;0;2007;RONALDO CAIADO
353491;74813.0;Ronaldo Caiado;DEM;GO;5;0;2007;RONALDO CAIADO
353351;74813.0;Ronaldo Caiado;DEM;GO;38;0;2007;RONALDO CAIADO
351828;74813.0;Ronaldo Caiado;DEM;GO;1;1;2007;RONALDO CAIADO
350571;74813.0;Ronaldo Caiado;DEM;GO;8;0;2007;RONALDO CAIADO
349661;74813.0;Ronaldo Caiado;DEM;GO;1;1;2007;RONALDO CAIADO
348776;74813.0;Ronaldo Caiado;DEM;GO;146;0;2007;RONALDO CAIADO
348719;74813.0;Ronaldo Caiado;DEM;GO;30;0;2007;RONALDO CAIADO
348066;74813.0;Ronaldo Caiado;DEM;GO;21;0;2007;RONALDO CAIADO
347718;74813.0;Ronaldo Caiado;DEM;GO;28;0;2007;RONALDO CAIADO
347707;74813.0;Ronaldo Caiado;PFL;GO;33;0;2007;RONALDO CAIADO
345662;74813.0;Ronaldo Caiado;PFL;GO;1;1;2007;RONALDO CAIADO
344626;74813.0;Ronaldo Caiado;PFL;GO;35;0;2007;RONALDO CAIADO
344176;74813.0;Ronaldo Caiado;DEM;GO;31;0;2007;RONALDO CAIADO
343832;74813.0;Ronaldo Caiado;PFL;GO;16;0;2007;RONALDO CAIADO
343831;74813.0;Ronaldo Caiado;PFL;GO;16;0;2007;RONALDO CAIADO
343431;74813.0;Ronaldo Caiado;PFL;GO;37;0;2007;RONALDO CAIADO
343286;74813.0;Ronaldo Caiado;PFL;GO;153;0;2007;RONALDO CAIADO
343224;74813.0;Ronaldo Caiado;PFL;GO;38;0;2007;RONALDO CAIADO
343162;74813.0;Ronaldo Caiado;PFL;GO;3;0;2007;RONALDO CAIADO
342798;74813.0;Ronaldo Caiado;PFL;GO;1;1;2007;RONALDO CAIADO
342750;74813.0;Ronaldo Caiado;PFL;GO;1;1;2007;RONALDO CAIADO
342723;74813.0;Ronaldo Caiado;DEM;GO;30;0;2007;RONALDO CAIADO
341945;74813.0;Ronaldo Caiado;PFL;GO;1;1;2007;RONALDO CAIADO
341849;74813.0;Ronaldo Caiado;PFL;GO;1;1;2007;RONALDO CAIADO
341848;74813.0;Ronaldo Caiado;PFL;GO;1;1;2007;RONALDO CAIADO
341847;74813.0;Ronaldo Caiado;PFL;GO;1;1;2007;RONALDO CAIADO
341846;74813.0;Ronaldo Caiado;PFL;GO;1;1;2007;RONALDO CAIADO
341586;74813.0;Ronaldo Caiado;PFL;GO;1;1;2007;RONALDO CAIADO
341585;74813.0;Ronaldo Caiado;PFL;GO;1;1;2007;RONALDO CAIADO
341584;74813.0;Ronaldo Caiado;PFL;GO;1;1;2007;RONALDO CAIADO
341583;74813.0;Ronaldo Caiado;PFL;GO;1;1;2007;RONALDO CAIADO
341548;74813.0;Ronaldo Caiado;PFL;GO;1;1;2007;RONALDO CAIADO
341024;74813.0;Ronaldo Caiado;PFL;GO;5;0;2007;RONALDO CAIADO
340893;74813.0;Ronaldo Caiado;PFL;GO;27;0;2007;RONALDO CAIADO
340372;74813.0;Ronaldo Caiado;PFL;GO;1;1;2007;RONALDO CAIADO
340054;74813.0;Ronaldo Caiado;PFL;GO;1;1;2007;RONALDO CAIADO
340029;74813.0;Ronaldo Caiado;PFL;GO;41;0;2007;RONALDO CAIADO
421319;74813.0;Ronaldo Caiado;DEM;GO;1;1;2008;RONALDO CAIADO
421318;74813.0;Ronaldo Caiado;DEM;GO;5;0;2008;RONALDO CAIADO
420875;74813.0;Ronaldo Caiado;DEM;GO;1;1;2008;RONALDO CAIADO
419964;74813.0;Ronaldo Caiado;DEM;GO;8;0;2008;RONALDO CAIADO
419534;74813.0;Ronaldo Caiado;DEM;GO;1;1;2008;RONALDO CAIADO
419533;74813.0;Ronaldo Caiado;DEM;GO;1;1;2008;RONALDO CAIADO
418843;74813.0;Ronaldo Caiado;DEM;GO;3;0;2008;RONALDO CAIADO
417556;74813.0;Ronaldo Caiado;DEM;GO;13;0;2008;RONALDO CAIADO
415654;74813.0;Ronaldo Caiado;DEM;GO;93;0;2008;RONALDO CAIADO
414446;74813.0;Ronaldo Caiado;DEM;GO;10;0;2008;RONALDO CAIADO
413416;74813.0;Ronaldo Caiado;DEM;GO;21;0;2008;RONALDO CAIADO
412485;74813.0;Ronaldo Caiado;DEM;GO;3;0;2008;RONALDO CAIADO
411907;74813.0;Ronaldo Caiado;DEM;GO;2;0;2008;RONALDO CAIADO
410487;74813.0;Ronaldo Caiado;DEM;GO;1;1;2008;RONALDO CAIADO
410451;74813.0;Ronaldo Caiado;DEM;GO;1;1;2008;RONALDO CAIADO
410098;74813.0;Ronaldo Caiado;DEM;GO;1;1;2008;RONALDO CAIADO
409454;74813.0;Ronaldo Caiado;DEM;GO;1;1;2008;RONALDO CAIADO
407429;74813.0;Ronaldo Caiado;DEM;GO;1;1;2008;RONALDO CAIADO
407317;74813.0;Ronaldo Caiado;DEM;GO;2;0;2008;RONALDO CAIADO
406306;74813.0;Ronaldo Caiado;DEM;GO;1;1;2008;RONALDO CAIADO
405628;74813.0;Ronaldo Caiado;DEM;GO;1;1;2008;RONALDO CAIADO
405627;74813.0;Ronaldo Caiado;DEM;GO;1;1;2008;RONALDO CAIADO
405626;74813.0;Ronaldo Caiado;DEM;GO;1;1;2008;RONALDO CAIADO
405625;74813.0;Ronaldo Caiado;DEM;GO;1;1;2008;RONALDO CAIADO
405624;74813.0;Ronaldo Caiado;DEM;GO;1;1;2008;RONALDO CAIADO
405623;74813.0;Ronaldo Caiado;DEM;GO;1;1;2008;RONALDO CAIADO
405622;74813.0;Ronaldo Caiado;DEM;GO;1;1;2008;RONALDO CAIADO
403640;74813.0;Ronaldo Caiado;DEM;GO;1;1;2008;RONALDO CAIADO
402910;74813.0;Ronaldo Caiado;DEM;GO;1;1;2008;RONALDO CAIADO
400722;74813.0;Ronaldo Caiado;DEM;GO;1;1;2008;RONALDO CAIADO
400187;74813.0;Ronaldo Caiado;DEM;GO;1;1;2008;RONALDO CAIADO
400129;74813.0;Ronaldo Caiado;DEM;GO;1;1;2008;RONALDO CAIADO
400122;74813.0;Ronaldo Caiado;DEM;GO;1;1;2008;RONALDO CAIADO
400119;74813.0;Ronaldo Caiado;DEM;GO;1;1;2008;RONALDO CAIADO
400111;74813.0;Ronaldo Caiado;DEM;GO;1;1;2008;RONALDO CAIADO
400109;74813.0;Ronaldo Caiado;DEM;GO;1;1;2008;RONALDO CAIADO
400104;74813.0;Ronaldo Caiado;DEM;GO;1;1;2008;RONALDO CAIADO
400103;74813.0;Ronaldo Caiado;DEM;GO;1;1;2008;RONALDO CAIADO
400102;74813.0;Ronaldo Caiado;DEM;GO;1;1;2008;RONALDO CAIADO
400095;74813.0;Ronaldo Caiado;DEM;GO;1;1;2008;RONALDO CAIADO
400094;74813.0;Ronaldo Caiado;DEM;GO;1;1;2008;RONALDO CAIADO
400087;74813.0;Ronaldo Caiado;DEM;GO;1;1;2008;RONALDO CAIADO
400067;74813.0;Ronaldo Caiado;DEM;GO;1;1;2008;RONALDO CAIADO
400061;74813.0;Ronaldo Caiado;DEM;GO;1;1;2008;RONALDO CAIADO
400033;74813.0;Ronaldo Caiado;DEM;GO;1;1;2008;RONALDO CAIADO
399971;74813.0;Ronaldo Caiado;DEM;GO;1;1;2008;RONALDO CAIADO
399923;74813.0;Ronaldo Caiado;DEM;GO;1;1;2008;RONALDO CAIADO
399853;74813.0;Ronaldo Caiado;DEM;GO;1;1;2008;RONALDO CAIADO
399846;74813.0;Ronaldo Caiado;DEM;GO;1;1;2008;RONALDO CAIADO
399833;74813.0;Ronaldo Caiado;DEM;GO;1;1;2008;RONALDO CAIADO
399825;74813.0;Ronaldo Caiado;DEM;GO;1;1;2008;RONALDO CAIADO
399816;74813.0;Ronaldo Caiado;DEM;GO;1;1;2008;RONALDO CAIADO
399809;74813.0;Ronaldo Caiado;DEM;GO;1;1;2008;RONALDO CAIADO
399796;74813.0;Ronaldo Caiado;DEM;GO;1;1;2008;RONALDO CAIADO
399794;74813.0;Ronaldo Caiado;DEM;GO;1;1;2008;RONALDO CAIADO
399766;74813.0;Ronaldo Caiado;DEM;GO;1;1;2008;RONALDO CAIADO
399762;74813.0;Ronaldo Caiado;DEM;GO;1;1;2008;RONALDO CAIADO
399663;74813.0;Ronaldo Caiado;DEM;GO;1;1;2008;RONALDO CAIADO
399662;74813.0;Ronaldo Caiado;DEM;GO;1;1;2008;RONALDO CAIADO
399646;74813.0;Ronaldo Caiado;DEM;GO;1;1;2008;RONALDO CAIADO
399645;74813.0;Ronaldo Caiado;DEM;GO;1;1;2008;RONALDO CAIADO
399644;74813.0;Ronaldo Caiado;DEM;GO;1;1;2008;RONALDO CAIADO
399643;74813.0;Ronaldo Caiado;DEM;GO;1;1;2008;RONALDO CAIADO
399569;74813.0;Ronaldo Caiado;DEM;GO;1;1;2008;RONALDO CAIADO
399568;74813.0;Ronaldo Caiado;DEM;GO;1;1;2008;RONALDO CAIADO
399556;74813.0;Ronaldo Caiado;DEM;GO;1;1;2008;RONALDO CAIADO
399555;74813.0;Ronaldo Caiado;DEM;GO;1;1;2008;RONALDO CAIADO
399473;74813.0;Ronaldo Caiado;DEM;GO;1;1;2008;RONALDO CAIADO
399472;74813.0;Ronaldo Caiado;DEM;GO;1;1;2008;RONALDO CAIADO
399459;74813.0;Ronaldo Caiado;DEM;GO;1;1;2008;RONALDO CAIADO
399456;74813.0;Ronaldo Caiado;DEM;GO;1;1;2008;RONALDO CAIADO
399409;74813.0;Ronaldo Caiado;DEM;GO;1;1;2008;RONALDO CAIADO
399408;74813.0;Ronaldo Caiado;DEM;GO;1;1;2008;RONALDO CAIADO
399339;74813.0;Ronaldo Caiado;DEM;GO;1;1;2008;RONALDO CAIADO
399338;74813.0;Ronaldo Caiado;DEM;GO;1;1;2008;RONALDO CAIADO
399306;74813.0;Ronaldo Caiado;DEM;GO;45;0;2008;RONALDO CAIADO
398875;74813.0;Ronaldo Caiado;DEM;GO;1;1;2008;RONALDO CAIADO
398708;74813.0;Ronaldo Caiado;DEM;GO;1;1;2008;RONALDO CAIADO
398540;74813.0;Ronaldo Caiado;DEM;GO;1;1;2008;RONALDO CAIADO
398510;74813.0;Ronaldo Caiado;DEM;GO;1;1;2008;RONALDO CAIADO
398509;74813.0;Ronaldo Caiado;DEM;GO;1;1;2008;RONALDO CAIADO
398507;74813.0;Ronaldo Caiado;DEM;GO;1;1;2008;RONALDO CAIADO
398468;74813.0;Ronaldo Caiado;DEM;GO;6;0;2008;RONALDO CAIADO
398321;74813.0;Ronaldo Caiado;DEM;GO;1;1;2008;RONALDO CAIADO
398280;74813.0;Ronaldo Caiado;DEM;GO;1;1;2008;RONALDO CAIADO
398207;74813.0;Ronaldo Caiado;DEM;GO;2;0;2008;RONALDO CAIADO
397897;74813.0;Ronaldo Caiado;DEM;GO;93;0;2008;RONALDO CAIADO
397892;74813.0;Ronaldo Caiado;DEM;GO;32;0;2008;RONALDO CAIADO
397889;74813.0;Ronaldo Caiado;DEM;GO;21;0;2008;RONALDO CAIADO
397875;74813.0;Ronaldo Caiado;DEM;GO;20;0;2008;RONALDO CAIADO
397835;74813.0;Ronaldo Caiado;DEM;GO;28;0;2008;RONALDO CAIADO
397832;74813.0;Ronaldo Caiado;DEM;GO;28;0;2008;RONALDO CAIADO
397831;74813.0;Ronaldo Caiado;DEM;GO;28;0;2008;RONALDO CAIADO
397829;74813.0;Ronaldo Caiado;DEM;GO;27;0;2008;RONALDO CAIADO
397827;74813.0;Ronaldo Caiado;DEM;GO;27;0;2008;RONALDO CAIADO
397768;74813.0;Ronaldo Caiado;DEM;GO;135;0;2008;RONALDO CAIADO
397600;74813.0;Ronaldo Caiado;DEM;GO;104;0;2008;RONALDO CAIADO
397585;74813.0;Ronaldo Caiado;DEM;GO;31;0;2008;RONALDO CAIADO
397584;74813.0;Ronaldo Caiado;DEM;GO;32;0;2008;RONALDO CAIADO
397582;74813.0;Ronaldo Caiado;DEM;GO;29;0;2008;RONALDO CAIADO
397579;74813.0;Ronaldo Caiado;DEM;GO;29;0;2008;RONALDO CAIADO
397569;74813.0;Ronaldo Caiado;DEM;GO;31;0;2008;RONALDO CAIADO
397568;74813.0;Ronaldo Caiado;DEM;GO;25;0;2008;RONALDO CAIADO
397554;74813.0;Ronaldo Caiado;DEM;GO;29;0;2008;RONALDO CAIADO
397551;74813.0;Ronaldo Caiado;DEM;GO;226;0;2008;RONALDO CAIADO
397549;74813.0;Ronaldo Caiado;DEM;GO;37;0;2008;RONALDO CAIADO
397548;74813.0;Ronaldo Caiado;DEM;GO;31;0;2008;RONALDO CAIADO
397418;74813.0;Ronaldo Caiado;DEM;GO;1;1;2008;RONALDO CAIADO
397219;74813.0;Ronaldo Caiado;DEM;GO;115;0;2008;RONALDO CAIADO
397197;74813.0;Ronaldo Caiado;DEM;GO;27;0;2008;RONALDO CAIADO
397189;74813.0;Ronaldo Caiado;DEM;GO;27;0;2008;RONALDO CAIADO
396832;74813.0;Ronaldo Caiado;DEM;GO;28;0;2008;RONALDO CAIADO
396827;74813.0;Ronaldo Caiado;DEM;GO;29;0;2008;RONALDO CAIADO
396759;74813.0;Ronaldo Caiado;DEM;GO;20;0;2008;RONALDO CAIADO
396755;74813.0;Ronaldo Caiado;DEM;GO;31;0;2008;RONALDO CAIADO
396751;74813.0;Ronaldo Caiado;DEM;GO;36;0;2008;RONALDO CAIADO
396611;74813.0;Ronaldo Caiado;DEM;GO;32;0;2008;RONALDO CAIADO
396061;74813.0;Ronaldo Caiado;DEM;GO;1;1;2008;RONALDO CAIADO
395932;74813.0;Ronaldo Caiado;DEM;GO;25;0;2008;RONALDO CAIADO
395931;74813.0;Ronaldo Caiado;DEM;GO;22;0;2008;RONALDO CAIADO
395838;74813.0;Ronaldo Caiado;DEM;GO;1;1;2008;RONALDO CAIADO
395749;74813.0;Ronaldo Caiado;DEM;GO;1;1;2008;RONALDO CAIADO
395741;74813.0;Ronaldo Caiado;DEM;GO;1;1;2008;RONALDO CAIADO
395213;74813.0;Ronaldo Caiado;DEM;GO;35;0;2008;RONALDO CAIADO
395101;74813.0;Ronaldo Caiado;DEM;GO;31;0;2008;RONALDO CAIADO
395076;74813.0;Ronaldo Caiado;DEM;GO;1;1;2008;RONALDO CAIADO
395059;74813.0;Ronaldo Caiado;DEM;GO;29;0;2008;RONALDO CAIADO
395018;74813.0;Ronaldo Caiado;DEM;GO;1;1;2008;RONALDO CAIADO
394973;74813.0;Ronaldo Caiado;DEM;GO;26;0;2008;RONALDO CAIADO
394972;74813.0;Ronaldo Caiado;DEM;GO;28;0;2008;RONALDO CAIADO
394971;74813.0;Ronaldo Caiado;DEM;GO;30;0;2008;RONALDO CAIADO
394968;74813.0;Ronaldo Caiado;DEM;GO;32;0;2008;RONALDO CAIADO
394627;74813.0;Ronaldo Caiado;DEM;GO;26;0;2008;RONALDO CAIADO
394355;74813.0;Ronaldo Caiado;DEM;GO;31;0;2008;RONALDO CAIADO
394354;74813.0;Ronaldo Caiado;DEM;GO;26;0;2008;RONALDO CAIADO
394353;74813.0;Ronaldo Caiado;DEM;GO;26;0;2008;RONALDO CAIADO
394336;74813.0;Ronaldo Caiado;DEM;GO;6;0;2008;RONALDO CAIADO
394163;74813.0;Ronaldo Caiado;DEM;GO;13;0;2008;RONALDO CAIADO
393874;74813.0;Ronaldo Caiado;DEM;GO;21;0;2008;RONALDO CAIADO
393816;74813.0;Ronaldo Caiado;DEM;GO;27;0;2008;RONALDO CAIADO
393812;74813.0;Ronaldo Caiado;DEM;GO;30;0;2008;RONALDO CAIADO
393810;74813.0;Ronaldo Caiado;DEM;GO;29;0;2008;RONALDO CAIADO
393230;74813.0;Ronaldo Caiado;DEM;GO;9;0;2008;RONALDO CAIADO
392882;74813.0;Ronaldo Caiado;DEM;GO;24;0;2008;RONALDO CAIADO
392881;74813.0;Ronaldo Caiado;DEM;GO;25;0;2008;RONALDO CAIADO
392557;74813.0;Ronaldo Caiado;DEM;GO;1;1;2008;RONALDO CAIADO
391743;74813.0;Ronaldo Caiado;DEM;GO;12;0;2008;RONALDO CAIADO
390756;74813.0;Ronaldo Caiado;DEM;GO;4;0;2008;RONALDO CAIADO
388795;74813.0;Ronaldo Caiado;DEM;GO;6;0;2008;RONALDO CAIADO
388793;74813.0;Ronaldo Caiado;DEM;GO;9;0;2008;RONALDO CAIADO
386710;74813.0;Ronaldo Caiado;DEM;GO;6;0;2008;RONALDO CAIADO
386524;74813.0;Ronaldo Caiado;DEM;GO;1;1;2008;RONALDO CAIADO
386375;74813.0;Ronaldo Caiado;DEM;GO;1;1;2008;RONALDO CAIADO
385560;74813.0;Ronaldo Caiado;DEM;GO;10;0;2008;RONALDO CAIADO
385383;74813.0;Ronaldo Caiado;DEM;GO;1;1;2008;RONALDO CAIADO
385358;74813.0;Ronaldo Caiado;DEM;GO;1;1;2008;RONALDO CAIADO
385054;74813.0;Ronaldo Caiado;DEM;GO;24;0;2008;RONALDO CAIADO
385053;74813.0;Ronaldo Caiado;DEM;GO;26;0;2008;RONALDO CAIADO
385007;74813.0;Ronaldo Caiado;DEM;GO;30;0;2008;RONALDO CAIADO
385005;74813.0;Ronaldo Caiado;DEM;GO;29;0;2008;RONALDO CAIADO
385001;74813.0;Ronaldo Caiado;DEM;GO;31;0;2008;RONALDO CAIADO
385000;74813.0;Ronaldo Caiado;DEM;GO;31;0;2008;RONALDO CAIADO
384999;74813.0;Ronaldo Caiado;DEM;GO;29;0;2008;RONALDO CAIADO
384995;74813.0;Ronaldo Caiado;DEM;GO;28;0;2008;RONALDO CAIADO
384994;74813.0;Ronaldo Caiado;DEM;GO;31;0;2008;RONALDO CAIADO
384976;74813.0;Ronaldo Caiado;DEM;GO;30;0;2008;RONALDO CAIADO
384916;74813.0;Ronaldo Caiado;DEM;GO;29;0;2008;RONALDO CAIADO
384218;74813.0;Ronaldo Caiado;DEM;GO;1;1;2008;RONALDO CAIADO
384205;74813.0;Ronaldo Caiado;DEM;GO;1;1;2008;RONALDO CAIADO
384204;74813.0;Ronaldo Caiado;DEM;GO;1;1;2008;RONALDO CAIADO
383720;74813.0;Ronaldo Caiado;DEM;GO;14;0;2008;RONALDO CAIADO
383344;74813.0;Ronaldo Caiado;DEM;GO;1;1;2008;RONALDO CAIADO
383343;74813.0;Ronaldo Caiado;DEM;GO;1;1;2008;RONALDO CAIADO
464909;74813.0;Ronaldo Caiado;DEM;GO;1;1;2009;RONALDO CAIADO
464349;74813.0;Ronaldo Caiado;DEM;GO;9;0;2009;RONALDO CAIADO
463971;74813.0;Ronaldo Caiado;DEM;GO;1;1;2009;RONALDO CAIADO
463815;74813.0;Ronaldo Caiado;DEM;GO;4;0;2009;RONALDO CAIADO
463606;74813.0;Ronaldo Caiado;DEM;GO;1;1;2009;RONALDO CAIADO
463390;74813.0;Ronaldo Caiado;DEM;GO;9;0;2009;RONALDO CAIADO
463381;74813.0;Ronaldo Caiado;DEM;GO;3;0;2009;RONALDO CAIADO
463380;74813.0;Ronaldo Caiado;DEM;GO;3;0;2009;RONALDO CAIADO
463379;74813.0;Ronaldo Caiado;DEM;GO;3;0;2009;RONALDO CAIADO
463307;74813.0;Ronaldo Caiado;DEM;GO;3;0;2009;RONALDO CAIADO
463306;74813.0;Ronaldo Caiado;DEM;GO;1;1;2009;RONALDO CAIADO
463305;74813.0;Ronaldo Caiado;DEM;GO;1;1;2009;RONALDO CAIADO
463304;74813.0;Ronaldo Caiado;DEM;GO;3;0;2009;RONALDO CAIADO
463303;74813.0;Ronaldo Caiado;DEM;GO;3;0;2009;RONALDO CAIADO
463302;74813.0;Ronaldo Caiado;DEM;GO;3;0;2009;RONALDO CAIADO
463301;74813.0;Ronaldo Caiado;DEM;GO;3;0;2009;RONALDO CAIADO
463292;74813.0;Ronaldo Caiado;DEM;GO;4;0;2009;RONALDO CAIADO
463291;74813.0;Ronaldo Caiado;DEM;GO;3;0;2009;RONALDO CAIADO
463290;74813.0;Ronaldo Caiado;DEM;GO;2;0;2009;RONALDO CAIADO
463265;74813.0;Ronaldo Caiado;DEM;GO;2;0;2009;RONALDO CAIADO
463240;74813.0;Ronaldo Caiado;DEM;GO;2;0;2009;RONALDO CAIADO
462842;74813.0;Ronaldo Caiado;DEM;GO;10;0;2009;RONALDO CAIADO
462826;74813.0;Ronaldo Caiado;DEM;GO;1;1;2009;RONALDO CAIADO
462821;74813.0;Ronaldo Caiado;DEM;GO;6;0;2009;RONALDO CAIADO
462807;74813.0;Ronaldo Caiado;DEM;GO;1;1;2009;RONALDO CAIADO
462724;74813.0;Ronaldo Caiado;DEM;GO;5;0;2009;RONALDO CAIADO
462341;74813.0;Ronaldo Caiado;DEM;GO;1;1;2009;RONALDO CAIADO
461493;74813.0;Ronaldo Caiado;DEM;GO;1;1;2009;RONALDO CAIADO
461492;74813.0;Ronaldo Caiado;DEM;GO;1;1;2009;RONALDO CAIADO
461491;74813.0;Ronaldo Caiado;DEM;GO;1;1;2009;RONALDO CAIADO
461489;74813.0;Ronaldo Caiado;DEM;GO;1;1;2009;RONALDO CAIADO
461488;74813.0;Ronaldo Caiado;DEM;GO;1;1;2009;RONALDO CAIADO
461487;74813.0;Ronaldo Caiado;DEM;GO;1;1;2009;RONALDO CAIADO
461486;74813.0;Ronaldo Caiado;DEM;GO;1;1;2009;RONALDO CAIADO
461485;74813.0;Ronaldo Caiado;DEM;GO;1;1;2009;RONALDO CAIADO
461484;74813.0;Ronaldo Caiado;DEM;GO;1;1;2009;RONALDO CAIADO
461483;74813.0;Ronaldo Caiado;DEM;GO;1;1;2009;RONALDO CAIADO
461482;74813.0;Ronaldo Caiado;DEM;GO;1;1;2009;RONALDO CAIADO
461480;74813.0;Ronaldo Caiado;DEM;GO;1;1;2009;RONALDO CAIADO
461479;74813.0;Ronaldo Caiado;DEM;GO;1;1;2009;RONALDO CAIADO
461478;74813.0;Ronaldo Caiado;DEM;GO;1;1;2009;RONALDO CAIADO
461477;74813.0;Ronaldo Caiado;DEM;GO;1;1;2009;RONALDO CAIADO
461476;74813.0;Ronaldo Caiado;DEM;GO;1;1;2009;RONALDO CAIADO
461474;74813.0;Ronaldo Caiado;DEM;GO;1;1;2009;RONALDO CAIADO
461473;74813.0;Ronaldo Caiado;DEM;GO;1;1;2009;RONALDO CAIADO
461472;74813.0;Ronaldo Caiado;DEM;GO;1;1;2009;RONALDO CAIADO
461471;74813.0;Ronaldo Caiado;DEM;GO;1;1;2009;RONALDO CAIADO
461470;74813.0;Ronaldo Caiado;DEM;GO;1;1;2009;RONALDO CAIADO
461469;74813.0;Ronaldo Caiado;DEM;GO;1;1;2009;RONALDO CAIADO
461468;74813.0;Ronaldo Caiado;DEM;GO;1;1;2009;RONALDO CAIADO
461466;74813.0;Ronaldo Caiado;DEM;GO;1;1;2009;RONALDO CAIADO
461129;74813.0;Ronaldo Caiado;DEM;GO;2;0;2009;RONALDO CAIADO
460976;74813.0;Ronaldo Caiado;DEM;GO;1;1;2009;RONALDO CAIADO
460975;74813.0;Ronaldo Caiado;DEM;GO;1;1;2009;RONALDO CAIADO
460974;74813.0;Ronaldo Caiado;DEM;GO;1;1;2009;RONALDO CAIADO
460973;74813.0;Ronaldo Caiado;DEM;GO;1;1;2009;RONALDO CAIADO
460972;74813.0;Ronaldo Caiado;DEM;GO;1;1;2009;RONALDO CAIADO
460971;74813.0;Ronaldo Caiado;DEM;GO;1;1;2009;RONALDO CAIADO
460970;74813.0;Ronaldo Caiado;DEM;GO;3;0;2009;RONALDO CAIADO
460578;74813.0;Ronaldo Caiado;DEM;GO;4;0;2009;RONALDO CAIADO
460294;74813.0;Ronaldo Caiado;DEM;GO;1;1;2009;RONALDO CAIADO
460093;74813.0;Ronaldo Caiado;DEM;GO;7;0;2009;RONALDO CAIADO
459082;74813.0;Ronaldo Caiado;DEM;GO;1;1;2009;RONALDO CAIADO
458893;74813.0;Ronaldo Caiado;DEM;GO;4;0;2009;RONALDO CAIADO
457525;74813.0;Ronaldo Caiado;DEM;GO;1;1;2009;RONALDO CAIADO
457524;74813.0;Ronaldo Caiado;DEM;GO;1;1;2009;RONALDO CAIADO
457492;74813.0;Ronaldo Caiado;DEM;GO;1;1;2009;RONALDO CAIADO
457486;74813.0;Ronaldo Caiado;DEM;GO;1;1;2009;RONALDO CAIADO
457274;74813.0;Ronaldo Caiado;DEM;GO;3;0;2009;RONALDO CAIADO
457264;74813.0;Ronaldo Caiado;DEM;GO;10;0;2009;RONALDO CAIADO
456969;74813.0;Ronaldo Caiado;DEM;GO;3;0;2009;RONALDO CAIADO
456968;74813.0;Ronaldo Caiado;DEM;GO;3;0;2009;RONALDO CAIADO
456572;74813.0;Ronaldo Caiado;DEM;GO;3;0;2009;RONALDO CAIADO
456543;74813.0;Ronaldo Caiado;DEM;GO;3;0;2009;RONALDO CAIADO
456511;74813.0;Ronaldo Caiado;DEM;GO;3;0;2009;RONALDO CAIADO
456162;74813.0;Ronaldo Caiado;DEM;GO;1;1;2009;RONALDO CAIADO
455719;74813.0;Ronaldo Caiado;DEM;GO;5;0;2009;RONALDO CAIADO
455648;74813.0;Ronaldo Caiado;DEM;GO;1;1;2009;RONALDO CAIADO
455368;74813.0;Ronaldo Caiado;DEM;GO;1;1;2009;RONALDO CAIADO
454506;74813.0;Ronaldo Caiado;DEM;GO;3;0;2009;RONALDO CAIADO
454439;74813.0;Ronaldo Caiado;DEM;GO;1;1;2009;RONALDO CAIADO
454223;74813.0;Ronaldo Caiado;DEM;GO;4;0;2009;RONALDO CAIADO
453862;74813.0;Ronaldo Caiado;DEM;GO;13;0;2009;RONALDO CAIADO
452433;74813.0;Ronaldo Caiado;DEM;GO;3;0;2009;RONALDO CAIADO
452358;74813.0;Ronaldo Caiado;DEM;GO;1;1;2009;RONALDO CAIADO
452347;74813.0;Ronaldo Caiado;DEM;GO;19;0;2009;RONALDO CAIADO
452041;74813.0;Ronaldo Caiado;DEM;GO;5;0;2009;RONALDO CAIADO
452035;74813.0;Ronaldo Caiado;DEM;GO;1;1;2009;RONALDO CAIADO
451488;74813.0;Ronaldo Caiado;DEM;GO;1;1;2009;RONALDO CAIADO
451477;74813.0;Ronaldo Caiado;DEM;GO;1;1;2009;RONALDO CAIADO
451476;74813.0;Ronaldo Caiado;DEM;GO;1;1;2009;RONALDO CAIADO
451262;74813.0;Ronaldo Caiado;DEM;GO;1;1;2009;RONALDO CAIADO
451259;74813.0;Ronaldo Caiado;DEM;GO;1;1;2009;RONALDO CAIADO
451257;74813.0;Ronaldo Caiado;DEM;GO;1;1;2009;RONALDO CAIADO
451253;74813.0;Ronaldo Caiado;DEM;GO;1;1;2009;RONALDO CAIADO
451238;74813.0;Ronaldo Caiado;DEM;GO;1;1;2009;RONALDO CAIADO
451200;74813.0;Ronaldo Caiado;DEM;GO;1;1;2009;RONALDO CAIADO
451199;74813.0;Ronaldo Caiado;DEM;GO;1;1;2009;RONALDO CAIADO
451198;74813.0;Ronaldo Caiado;DEM;GO;1;1;2009;RONALDO CAIADO
449720;74813.0;Ronaldo Caiado;DEM;GO;1;1;2009;RONALDO CAIADO
449719;74813.0;Ronaldo Caiado;DEM;GO;1;1;2009;RONALDO CAIADO
449718;74813.0;Ronaldo Caiado;DEM;GO;1;1;2009;RONALDO CAIADO
449717;74813.0;Ronaldo Caiado;DEM;GO;1;1;2009;RONALDO CAIADO
449716;74813.0;Ronaldo Caiado;DEM;GO;1;1;2009;RONALDO CAIADO
449436;74813.0;Ronaldo Caiado;DEM;GO;1;1;2009;RONALDO CAIADO
449435;74813.0;Ronaldo Caiado;DEM;GO;1;1;2009;RONALDO CAIADO
449331;74813.0;Ronaldo Caiado;DEM;GO;1;1;2009;RONALDO CAIADO
449330;74813.0;Ronaldo Caiado;DEM;GO;1;1;2009;RONALDO CAIADO
449312;74813.0;Ronaldo Caiado;DEM;GO;1;1;2009;RONALDO CAIADO
449276;74813.0;Ronaldo Caiado;DEM;GO;1;1;2009;RONALDO CAIADO
449275;74813.0;Ronaldo Caiado;DEM;GO;1;1;2009;RONALDO CAIADO
449230;74813.0;Ronaldo Caiado;DEM;GO;1;1;2009;RONALDO CAIADO
449227;74813.0;Ronaldo Caiado;DEM;GO;1;1;2009;RONALDO CAIADO
449225;74813.0;Ronaldo Caiado;DEM;GO;1;1;2009;RONALDO CAIADO
449204;74813.0;Ronaldo Caiado;DEM;GO;1;1;2009;RONALDO CAIADO
449203;74813.0;Ronaldo Caiado;DEM;GO;1;1;2009;RONALDO CAIADO
449200;74813.0;Ronaldo Caiado;DEM;GO;1;1;2009;RONALDO CAIADO
449181;74813.0;Ronaldo Caiado;DEM;GO;1;1;2009;RONALDO CAIADO
449174;74813.0;Ronaldo Caiado;DEM;GO;1;1;2009;RONALDO CAIADO
449172;74813.0;Ronaldo Caiado;DEM;GO;1;1;2009;RONALDO CAIADO
449118;74813.0;Ronaldo Caiado;DEM;GO;1;1;2009;RONALDO CAIADO
449043;74813.0;Ronaldo Caiado;DEM;GO;1;1;2009;RONALDO CAIADO
449042;74813.0;Ronaldo Caiado;DEM;GO;1;1;2009;RONALDO CAIADO
449041;74813.0;Ronaldo Caiado;DEM;GO;1;1;2009;RONALDO CAIADO
449040;74813.0;Ronaldo Caiado;DEM;GO;1;1;2009;RONALDO CAIADO
449039;74813.0;Ronaldo Caiado;DEM;GO;1;1;2009;RONALDO CAIADO
449037;74813.0;Ronaldo Caiado;DEM;GO;1;1;2009;RONALDO CAIADO
449031;74813.0;Ronaldo Caiado;DEM;GO;1;1;2009;RONALDO CAIADO
449019;74813.0;Ronaldo Caiado;DEM;GO;1;1;2009;RONALDO CAIADO
448982;74813.0;Ronaldo Caiado;DEM;GO;1;1;2009;RONALDO CAIADO
448979;74813.0;Ronaldo Caiado;DEM;GO;1;1;2009;RONALDO CAIADO
448978;74813.0;Ronaldo Caiado;DEM;GO;1;1;2009;RONALDO CAIADO
448977;74813.0;Ronaldo Caiado;DEM;GO;1;1;2009;RONALDO CAIADO
448967;74813.0;Ronaldo Caiado;DEM;GO;1;1;2009;RONALDO CAIADO
448964;74813.0;Ronaldo Caiado;DEM;GO;1;1;2009;RONALDO CAIADO
448618;74813.0;Ronaldo Caiado;DEM;GO;24;0;2009;RONALDO CAIADO
448567;74813.0;Ronaldo Caiado;DEM;GO;1;1;2009;RONALDO CAIADO
448566;74813.0;Ronaldo Caiado;DEM;GO;1;1;2009;RONALDO CAIADO
448565;74813.0;Ronaldo Caiado;DEM;GO;1;1;2009;RONALDO CAIADO
448564;74813.0;Ronaldo Caiado;DEM;GO;1;1;2009;RONALDO CAIADO
448275;74813.0;Ronaldo Caiado;DEM;GO;8;0;2009;RONALDO CAIADO
448274;74813.0;Ronaldo Caiado;DEM;GO;4;0;2009;RONALDO CAIADO
448239;74813.0;Ronaldo Caiado;DEM;GO;1;1;2009;RONALDO CAIADO
448168;74813.0;Ronaldo Caiado;DEM;GO;1;1;2009;RONALDO CAIADO
447534;74813.0;Ronaldo Caiado;DEM;GO;2;0;2009;RONALDO CAIADO
447246;74813.0;Ronaldo Caiado;DEM;GO;1;1;2009;RONALDO CAIADO
447062;74813.0;Ronaldo Caiado;DEM;GO;2;0;2009;RONALDO CAIADO
447059;74813.0;Ronaldo Caiado;DEM;GO;2;0;2009;RONALDO CAIADO
446738;74813.0;Ronaldo Caiado;DEM;GO;1;1;2009;RONALDO CAIADO
446715;74813.0;Ronaldo Caiado;DEM;GO;1;1;2009;RONALDO CAIADO
446670;74813.0;Ronaldo Caiado;DEM;GO;1;1;2009;RONALDO CAIADO
446658;74813.0;Ronaldo Caiado;DEM;GO;1;1;2009;RONALDO CAIADO
446137;74813.0;Ronaldo Caiado;DEM;GO;2;0;2009;RONALDO CAIADO
445843;74813.0;Ronaldo Caiado;DEM;GO;1;1;2009;RONALDO CAIADO
445801;74813.0;Ronaldo Caiado;DEM;GO;1;1;2009;RONALDO CAIADO
445800;74813.0;Ronaldo Caiado;DEM;GO;1;1;2009;RONALDO CAIADO
445627;74813.0;Ronaldo Caiado;DEM;GO;1;1;2009;RONALDO CAIADO
445573;74813.0;Ronaldo Caiado;DEM;GO;2;0;2009;RONALDO CAIADO
445454;74813.0;Ronaldo Caiado;DEM;GO;6;0;2009;RONALDO CAIADO
445232;74813.0;Ronaldo Caiado;DEM;GO;2;0;2009;RONALDO CAIADO
445225;74813.0;Ronaldo Caiado;DEM;GO;2;0;2009;RONALDO CAIADO
445224;74813.0;Ronaldo Caiado;DEM;GO;2;0;2009;RONALDO CAIADO
445223;74813.0;Ronaldo Caiado;DEM;GO;2;0;2009;RONALDO CAIADO
445222;74813.0;Ronaldo Caiado;DEM;GO;2;0;2009;RONALDO CAIADO
445153;74813.0;Ronaldo Caiado;DEM;GO;1;1;2009;RONALDO CAIADO
445152;74813.0;Ronaldo Caiado;DEM;GO;1;1;2009;RONALDO CAIADO
445151;74813.0;Ronaldo Caiado;DEM;GO;1;1;2009;RONALDO CAIADO
445150;74813.0;Ronaldo Caiado;DEM;GO;1;1;2009;RONALDO CAIADO
445149;74813.0;Ronaldo Caiado;DEM;GO;1;1;2009;RONALDO CAIADO
445148;74813.0;Ronaldo Caiado;DEM;GO;1;1;2009;RONALDO CAIADO
445147;74813.0;Ronaldo Caiado;DEM;GO;1;1;2009;RONALDO CAIADO
445137;74813.0;Ronaldo Caiado;DEM;GO;3;0;2009;RONALDO CAIADO
445136;74813.0;Ronaldo Caiado;DEM;GO;3;0;2009;RONALDO CAIADO
445135;74813.0;Ronaldo Caiado;DEM;GO;3;0;2009;RONALDO CAIADO
445134;74813.0;Ronaldo Caiado;DEM;GO;3;0;2009;RONALDO CAIADO
445133;74813.0;Ronaldo Caiado;DEM;GO;3;0;2009;RONALDO CAIADO
445132;74813.0;Ronaldo Caiado;DEM;GO;3;0;2009;RONALDO CAIADO
445131;74813.0;Ronaldo Caiado;DEM;GO;3;0;2009;RONALDO CAIADO
445130;74813.0;Ronaldo Caiado;DEM;GO;3;0;2009;RONALDO CAIADO
445129;74813.0;Ronaldo Caiado;DEM;GO;3;0;2009;RONALDO CAIADO
445128;74813.0;Ronaldo Caiado;DEM;GO;3;0;2009;RONALDO CAIADO
445127;74813.0;Ronaldo Caiado;DEM;GO;3;0;2009;RONALDO CAIADO
445126;74813.0;Ronaldo Caiado;DEM;GO;3;0;2009;RONALDO CAIADO
445125;74813.0;Ronaldo Caiado;DEM;GO;3;0;2009;RONALDO CAIADO
445116;74813.0;Ronaldo Caiado;DEM;GO;1;1;2009;RONALDO CAIADO
444991;74813.0;Ronaldo Caiado;DEM;GO;7;0;2009;RONALDO CAIADO
444981;74813.0;Ronaldo Caiado;DEM;GO;1;1;2009;RONALDO CAIADO
444493;74813.0;Ronaldo Caiado;DEM;GO;2;0;2009;RONALDO CAIADO
444269;74813.0;Ronaldo Caiado;DEM;GO;1;1;2009;RONALDO CAIADO
444168;74813.0;Ronaldo Caiado;DEM;GO;1;1;2009;RONALDO CAIADO
443864;74813.0;Ronaldo Caiado;DEM;GO;1;1;2009;RONALDO CAIADO
443314;74813.0;Ronaldo Caiado;DEM;GO;5;0;2009;RONALDO CAIADO
442571;74813.0;Ronaldo Caiado;DEM;GO;1;1;2009;RONALDO CAIADO
442067;74813.0;Ronaldo Caiado;DEM;GO;3;0;2009;RONALDO CAIADO
441811;74813.0;Ronaldo Caiado;DEM;GO;4;0;2009;RONALDO CAIADO
441809;74813.0;Ronaldo Caiado;DEM;GO;4;0;2009;RONALDO CAIADO
441808;74813.0;Ronaldo Caiado;DEM;GO;4;0;2009;RONALDO CAIADO
441803;74813.0;Ronaldo Caiado;DEM;GO;3;0;2009;RONALDO CAIADO
441795;74813.0;Ronaldo Caiado;DEM;GO;1;1;2009;RONALDO CAIADO
441794;74813.0;Ronaldo Caiado;DEM;GO;1;1;2009;RONALDO CAIADO
441793;74813.0;Ronaldo Caiado;DEM;GO;1;1;2009;RONALDO CAIADO
441792;74813.0;Ronaldo Caiado;DEM;GO;1;1;2009;RONALDO CAIADO
441791;74813.0;Ronaldo Caiado;DEM;GO;1;1;2009;RONALDO CAIADO
441790;74813.0;Ronaldo Caiado;DEM;GO;1;1;2009;RONALDO CAIADO
441787;74813.0;Ronaldo Caiado;DEM;GO;1;1;2009;RONALDO CAIADO
441764;74813.0;Ronaldo Caiado;DEM;GO;3;0;2009;RONALDO CAIADO
441758;74813.0;Ronaldo Caiado;DEM;GO;3;0;2009;RONALDO CAIADO
441756;74813.0;Ronaldo Caiado;DEM;GO;3;0;2009;RONALDO CAIADO
441755;74813.0;Ronaldo Caiado;DEM;GO;3;0;2009;RONALDO CAIADO
441754;74813.0;Ronaldo Caiado;DEM;GO;3;0;2009;RONALDO CAIADO
441752;74813.0;Ronaldo Caiado;DEM;GO;3;0;2009;RONALDO CAIADO
441751;74813.0;Ronaldo Caiado;DEM;GO;3;0;2009;RONALDO CAIADO
441748;74813.0;Ronaldo Caiado;DEM;GO;3;0;2009;RONALDO CAIADO
441737;74813.0;Ronaldo Caiado;DEM;GO;3;0;2009;RONALDO CAIADO
441730;74813.0;Ronaldo Caiado;DEM;GO;3;0;2009;RONALDO CAIADO
441725;74813.0;Ronaldo Caiado;DEM;GO;3;0;2009;RONALDO CAIADO
441723;74813.0;Ronaldo Caiado;DEM;GO;3;0;2009;RONALDO CAIADO
441721;74813.0;Ronaldo Caiado;DEM;GO;3;0;2009;RONALDO CAIADO
441658;74813.0;Ronaldo Caiado;DEM;GO;3;0;2009;RONALDO CAIADO
441655;74813.0;Ronaldo Caiado;DEM;GO;1;1;2009;RONALDO CAIADO
441654;74813.0;Ronaldo Caiado;DEM;GO;1;1;2009;RONALDO CAIADO
441653;74813.0;Ronaldo Caiado;DEM;GO;1;1;2009;RONALDO CAIADO
441651;74813.0;Ronaldo Caiado;DEM;GO;1;1;2009;RONALDO CAIADO
441650;74813.0;Ronaldo Caiado;DEM;GO;1;1;2009;RONALDO CAIADO
441648;74813.0;Ronaldo Caiado;DEM;GO;1;1;2009;RONALDO CAIADO
441647;74813.0;Ronaldo Caiado;DEM;GO;1;1;2009;RONALDO CAIADO
441646;74813.0;Ronaldo Caiado;DEM;GO;1;1;2009;RONALDO CAIADO
441644;74813.0;Ronaldo Caiado;DEM;GO;1;1;2009;RONALDO CAIADO
441643;74813.0;Ronaldo Caiado;DEM;GO;1;1;2009;RONALDO CAIADO
441641;74813.0;Ronaldo Caiado;DEM;GO;1;1;2009;RONALDO CAIADO
441636;74813.0;Ronaldo Caiado;DEM;GO;3;0;2009;RONALDO CAIADO
441635;74813.0;Ronaldo Caiado;DEM;GO;2;0;2009;RONALDO CAIADO
441633;74813.0;Ronaldo Caiado;DEM;GO;2;0;2009;RONALDO CAIADO
441632;74813.0;Ronaldo Caiado;DEM;GO;2;0;2009;RONALDO CAIADO
441631;74813.0;Ronaldo Caiado;DEM;GO;2;0;2009;RONALDO CAIADO
441630;74813.0;Ronaldo Caiado;DEM;GO;2;0;2009;RONALDO CAIADO
441629;74813.0;Ronaldo Caiado;DEM;GO;2;0;2009;RONALDO CAIADO
441628;74813.0;Ronaldo Caiado;DEM;GO;2;0;2009;RONALDO CAIADO
441627;74813.0;Ronaldo Caiado;DEM;GO;2;0;2009;RONALDO CAIADO
441626;74813.0;Ronaldo Caiado;DEM;GO;2;0;2009;RONALDO CAIADO
441624;74813.0;Ronaldo Caiado;DEM;GO;2;0;2009;RONALDO CAIADO
441623;74813.0;Ronaldo Caiado;DEM;GO;2;0;2009;RONALDO CAIADO
441621;74813.0;Ronaldo Caiado;DEM;GO;2;0;2009;RONALDO CAIADO
441620;74813.0;Ronaldo Caiado;DEM;GO;2;0;2009;RONALDO CAIADO
441619;74813.0;Ronaldo Caiado;DEM;GO;2;0;2009;RONALDO CAIADO
441617;74813.0;Ronaldo Caiado;DEM;GO;2;0;2009;RONALDO CAIADO
441616;74813.0;Ronaldo Caiado;DEM;GO;2;0;2009;RONALDO CAIADO
441614;74813.0;Ronaldo Caiado;DEM;GO;3;0;2009;RONALDO CAIADO
441469;74813.0;Ronaldo Caiado;DEM;GO;3;0;2009;RONALDO CAIADO
441466;74813.0;Ronaldo Caiado;DEM;GO;5;0;2009;RONALDO CAIADO
441303;74813.0;Ronaldo Caiado;DEM;GO;3;0;2009;RONALDO CAIADO
441239;74813.0;Ronaldo Caiado;DEM;GO;1;1;2009;RONALDO CAIADO
441069;74813.0;Ronaldo Caiado;DEM;GO;1;1;2009;RONALDO CAIADO
441037;74813.0;Ronaldo Caiado;DEM;GO;1;1;2009;RONALDO CAIADO
440460;74813.0;Ronaldo Caiado;DEM;GO;1;1;2009;RONALDO CAIADO
440446;74813.0;Ronaldo Caiado;DEM;GO;5;0;2009;RONALDO CAIADO
440311;74813.0;Ronaldo Caiado;DEM;GO;4;0;2009;RONALDO CAIADO
440274;74813.0;Ronaldo Caiado;DEM;GO;4;0;2009;RONALDO CAIADO
440269;74813.0;Ronaldo Caiado;DEM;GO;4;1;2009;RONALDO CAIADO
440115;74813.0;Ronaldo Caiado;DEM;GO;1;1;2009;RONALDO CAIADO
440113;74813.0;Ronaldo Caiado;DEM;GO;1;1;2009;RONALDO CAIADO
440112;74813.0;Ronaldo Caiado;DEM;GO;1;1;2009;RONALDO CAIADO
440111;74813.0;Ronaldo Caiado;DEM;GO;1;1;2009;RONALDO CAIADO
440109;74813.0;Ronaldo Caiado;DEM;GO;1;1;2009;RONALDO CAIADO
440107;74813.0;Ronaldo Caiado;DEM;GO;1;1;2009;RONALDO CAIADO
439930;74813.0;Ronaldo Caiado;DEM;GO;2;1;2009;RONALDO CAIADO
439908;74813.0;Ronaldo Caiado;DEM;GO;4;0;2009;RONALDO CAIADO
439803;74813.0;Ronaldo Caiado;DEM;GO;6;0;2009;RONALDO CAIADO
439770;74813.0;Ronaldo Caiado;DEM;GO;3;0;2009;RONALDO CAIADO
439653;74813.0;Ronaldo Caiado;DEM;GO;1;1;2009;RONALDO CAIADO
439219;74813.0;Ronaldo Caiado;DEM;GO;1;1;2009;RONALDO CAIADO
439177;74813.0;Ronaldo Caiado;DEM;GO;6;0;2009;RONALDO CAIADO
438756;74813.0;Ronaldo Caiado;DEM;GO;1;1;2009;RONALDO CAIADO
438742;74813.0;Ronaldo Caiado;DEM;GO;3;0;2009;RONALDO CAIADO
438642;74813.0;Ronaldo Caiado;DEM;GO;1;1;2009;RONALDO CAIADO
437471;74813.0;Ronaldo Caiado;DEM;GO;1;1;2009;RONALDO CAIADO
437377;74813.0;Ronaldo Caiado;DEM;GO;2;0;2009;RONALDO CAIADO
437370;74813.0;Ronaldo Caiado;DEM;GO;34;1;2009;RONALDO CAIADO
437002;74813.0;Ronaldo Caiado;DEM;GO;3;0;2009;RONALDO CAIADO
436965;74813.0;Ronaldo Caiado;DEM;GO;1;1;2009;RONALDO CAIADO
436931;74813.0;Ronaldo Caiado;DEM;GO;6;0;2009;RONALDO CAIADO
436853;74813.0;Ronaldo Caiado;DEM;GO;1;1;2009;RONALDO CAIADO
436851;74813.0;Ronaldo Caiado;DEM;GO;1;1;2009;RONALDO CAIADO
436841;74813.0;Ronaldo Caiado;DEM;GO;1;1;2009;RONALDO CAIADO
436840;74813.0;Ronaldo Caiado;DEM;GO;1;1;2009;RONALDO CAIADO
436839;74813.0;Ronaldo Caiado;DEM;GO;1;1;2009;RONALDO CAIADO
436198;74813.0;Ronaldo Caiado;DEM;GO;2;0;2009;RONALDO CAIADO
435704;74813.0;Ronaldo Caiado;DEM;GO;2;0;2009;RONALDO CAIADO
435641;74813.0;Ronaldo Caiado;DEM;GO;2;0;2009;RONALDO CAIADO
435530;74813.0;Ronaldo Caiado;DEM;GO;1;1;2009;RONALDO CAIADO
435395;74813.0;Ronaldo Caiado;DEM;GO;7;0;2009;RONALDO CAIADO
435276;74813.0;Ronaldo Caiado;DEM;GO;101;0;2009;RONALDO CAIADO
435271;74813.0;Ronaldo Caiado;DEM;GO;3;0;2009;RONALDO CAIADO
434977;74813.0;Ronaldo Caiado;DEM;GO;3;0;2009;RONALDO CAIADO
434976;74813.0;Ronaldo Caiado;DEM;GO;3;0;2009;RONALDO CAIADO
434973;74813.0;Ronaldo Caiado;DEM;GO;1;1;2009;RONALDO CAIADO
434969;74813.0;Ronaldo Caiado;DEM;GO;4;0;2009;RONALDO CAIADO
434968;74813.0;Ronaldo Caiado;DEM;GO;4;0;2009;RONALDO CAIADO
434965;74813.0;Ronaldo Caiado;DEM;GO;4;0;2009;RONALDO CAIADO
434963;74813.0;Ronaldo Caiado;DEM;GO;4;0;2009;RONALDO CAIADO
434962;74813.0;Ronaldo Caiado;DEM;GO;5;0;2009;RONALDO CAIADO
434961;74813.0;Ronaldo Caiado;DEM;GO;3;0;2009;RONALDO CAIADO
434960;74813.0;Ronaldo Caiado;DEM;GO;4;0;2009;RONALDO CAIADO
434941;74813.0;Ronaldo Caiado;DEM;GO;4;0;2009;RONALDO CAIADO
434821;74813.0;Ronaldo Caiado;DEM;GO;1;1;2009;RONALDO CAIADO
434605;74813.0;Ronaldo Caiado;DEM;GO;4;0;2009;RONALDO CAIADO
434321;74813.0;Ronaldo Caiado;DEM;GO;1;1;2009;RONALDO CAIADO
434204;74813.0;Ronaldo Caiado;DEM;GO;8;0;2009;RONALDO CAIADO
434018;74813.0;Ronaldo Caiado;DEM;GO;2;0;2009;RONALDO CAIADO
433065;74813.0;Ronaldo Caiado;DEM;GO;7;0;2009;RONALDO CAIADO
433050;74813.0;Ronaldo Caiado;DEM;GO;4;0;2009;RONALDO CAIADO
433003;74813.0;Ronaldo Caiado;DEM;GO;1;1;2009;RONALDO CAIADO
433002;74813.0;Ronaldo Caiado;DEM;GO;1;1;2009;RONALDO CAIADO
432992;74813.0;Ronaldo Caiado;DEM;GO;4;0;2009;RONALDO CAIADO
432611;74813.0;Ronaldo Caiado;DEM;GO;12;0;2009;RONALDO CAIADO
432584;74813.0;Ronaldo Caiado;DEM;GO;3;0;2009;RONALDO CAIADO
432215;74813.0;Ronaldo Caiado;DEM;GO;1;1;2009;RONALDO CAIADO
431470;74813.0;Ronaldo Caiado;DEM;GO;1;1;2009;RONALDO CAIADO
431160;74813.0;Ronaldo Caiado;DEM;GO;1;1;2009;RONALDO CAIADO
431023;74813.0;Ronaldo Caiado;DEM;GO;1;1;2009;RONALDO CAIADO
431001;74813.0;Ronaldo Caiado;DEM;GO;1;1;2009;RONALDO CAIADO
430891;74813.0;Ronaldo Caiado;DEM;GO;1;1;2009;RONALDO CAIADO
430879;74813.0;Ronaldo Caiado;DEM;GO;1;1;2009;RONALDO CAIADO
430861;74813.0;Ronaldo Caiado;DEM;GO;1;1;2009;RONALDO CAIADO
430860;74813.0;Ronaldo Caiado;DEM;GO;1;1;2009;RONALDO CAIADO
430851;74813.0;Ronaldo Caiado;DEM;GO;1;1;2009;RONALDO CAIADO
430827;74813.0;Ronaldo Caiado;DEM;GO;3;0;2009;RONALDO CAIADO
430557;74813.0;Ronaldo Caiado;DEM;GO;2;0;2009;RONALDO CAIADO
430255;74813.0;Ronaldo Caiado;DEM;GO;1;1;2009;RONALDO CAIADO
430253;74813.0;Ronaldo Caiado;DEM;GO;1;1;2009;RONALDO CAIADO
429876;74813.0;Ronaldo Caiado;DEM;GO;1;1;2009;RONALDO CAIADO
429262;74813.0;Ronaldo Caiado;DEM;GO;2;1;2009;RONALDO CAIADO
429260;74813.0;Ronaldo Caiado;DEM;GO;2;1;2009;RONALDO CAIADO
429259;74813.0;Ronaldo Caiado;DEM;GO;2;1;2009;RONALDO CAIADO
429249;74813.0;Ronaldo Caiado;DEM;GO;5;0;2009;RONALDO CAIADO
428837;74813.0;Ronaldo Caiado;DEM;GO;2;0;2009;RONALDO CAIADO
428684;74813.0;Ronaldo Caiado;DEM;GO;2;0;2009;RONALDO CAIADO
428538;74813.0;Ronaldo Caiado;DEM;GO;1;1;2009;RONALDO CAIADO
427854;74813.0;Ronaldo Caiado;DEM;GO;2;0;2009;RONALDO CAIADO
427577;74813.0;Ronaldo Caiado;DEM;GO;5;0;2009;RONALDO CAIADO
427525;74813.0;Ronaldo Caiado;DEM;GO;2;0;2009;RONALDO CAIADO
427017;74813.0;Ronaldo Caiado;DEM;GO;1;1;2009;RONALDO CAIADO
426981;74813.0;Ronaldo Caiado;DEM;GO;1;1;2009;RONALDO CAIADO
426941;74813.0;Ronaldo Caiado;DEM;GO;1;1;2009;RONALDO CAIADO
426821;74813.0;Ronaldo Caiado;DEM;GO;3;0;2009;RONALDO CAIADO
426800;74813.0;Ronaldo Caiado;DEM;GO;2;1;2009;RONALDO CAIADO
426469;74813.0;Ronaldo Caiado;DEM;GO;4;0;2009;RONALDO CAIADO
426279;74813.0;Ronaldo Caiado;DEM;GO;2;0;2009;RONALDO CAIADO
426142;74813.0;Ronaldo Caiado;DEM;GO;2;0;2009;RONALDO CAIADO
425859;74813.0;Ronaldo Caiado;DEM;GO;1;1;2009;RONALDO CAIADO
425438;74813.0;Ronaldo Caiado;DEM;GO;1;1;2009;RONALDO CAIADO
425164;74813.0;Ronaldo Caiado;DEM;GO;2;0;2009;RONALDO CAIADO
425159;74813.0;Ronaldo Caiado;DEM;GO;1;1;2009;RONALDO CAIADO
425088;74813.0;Ronaldo Caiado;DEM;GO;2;0;2009;RONALDO CAIADO
424965;74813.0;Ronaldo Caiado;DEM;GO;1;1;2009;RONALDO CAIADO
424960;74813.0;Ronaldo Caiado;DEM;GO;1;1;2009;RONALDO CAIADO
424959;74813.0;Ronaldo Caiado;DEM;GO;1;1;2009;RONALDO CAIADO
424924;74813.0;Ronaldo Caiado;DEM;GO;2;0;2009;RONALDO CAIADO
424741;74813.0;Ronaldo Caiado;DEM;GO;1;1;2009;RONALDO CAIADO
424733;74813.0;Ronaldo Caiado;DEM;GO;1;1;2009;RONALDO CAIADO
424692;74813.0;Ronaldo Caiado;DEM;GO;1;1;2009;RONALDO CAIADO
424647;74813.0;Ronaldo Caiado;DEM;GO;1;1;2009;RONALDO CAIADO
424532;74813.0;Ronaldo Caiado;DEM;GO;1;1;2009;RONALDO CAIADO
424527;74813.0;Ronaldo Caiado;DEM;GO;1;1;2009;RONALDO CAIADO
424318;74813.0;Ronaldo Caiado;DEM;GO;1;1;2009;RONALDO CAIADO
424310;74813.0;Ronaldo Caiado;DEM;GO;1;1;2009;RONALDO CAIADO
424292;74813.0;Ronaldo Caiado;DEM;GO;1;1;2009;RONALDO CAIADO
424277;74813.0;Ronaldo Caiado;DEM;GO;1;1;2009;RONALDO CAIADO
424273;74813.0;Ronaldo Caiado;DEM;GO;1;1;2009;RONALDO CAIADO
424160;74813.0;Ronaldo Caiado;DEM;GO;1;1;2009;RONALDO CAIADO
424159;74813.0;Ronaldo Caiado;DEM;GO;1;1;2009;RONALDO CAIADO
424157;74813.0;Ronaldo Caiado;DEM;GO;1;1;2009;RONALDO CAIADO
424156;74813.0;Ronaldo Caiado;DEM;GO;1;1;2009;RONALDO CAIADO
423834;74813.0;Ronaldo Caiado;DEM;GO;1;1;2009;RONALDO CAIADO
423383;74813.0;Ronaldo Caiado;DEM;GO;2;0;2009;RONALDO CAIADO
423329;74813.0;Ronaldo Caiado;DEM;GO;4;0;2009;RONALDO CAIADO
422933;74813.0;Ronaldo Caiado;DEM;GO;1;1;2009;RONALDO CAIADO
485283;74813.0;Ronaldo Caiado;DEM;GO;1;1;2010;RONALDO CAIADO
484887;74813.0;Ronaldo Caiado;DEM;GO;1;1;2010;RONALDO CAIADO
484885;74813.0;Ronaldo Caiado;DEM;GO;1;1;2010;RONALDO CAIADO
484551;74813.0;Ronaldo Caiado;DEM;GO;1;1;2010;RONALDO CAIADO
481750;74813.0;Ronaldo Caiado;DEM;GO;1;1;2010;RONALDO CAIADO
481749;74813.0;Ronaldo Caiado;DEM;GO;1;1;2010;RONALDO CAIADO
480399;74813.0;Ronaldo Caiado;DEM;GO;15;1;2010;RONALDO CAIADO
478451;74813.0;Ronaldo Caiado;DEM;GO;1;1;2010;RONALDO CAIADO
473225;74813.0;Ronaldo Caiado;DEM;GO;8;1;2010;RONALDO CAIADO
471124;74813.0;Ronaldo Caiado;DEM;GO;1;1;2010;RONALDO CAIADO
471123;74813.0;Ronaldo Caiado;DEM;GO;1;1;2010;RONALDO CAIADO
471122;74813.0;Ronaldo Caiado;DEM;GO;1;1;2010;RONALDO CAIADO
471110;74813.0;Ronaldo Caiado;DEM;GO;1;1;2010;RONALDO CAIADO
471103;74813.0;Ronaldo Caiado;DEM;GO;1;1;2010;RONALDO CAIADO
471102;74813.0;Ronaldo Caiado;DEM;GO;1;1;2010;RONALDO CAIADO
471098;74813.0;Ronaldo Caiado;DEM;GO;1;1;2010;RONALDO CAIADO
471096;74813.0;Ronaldo Caiado;DEM;GO;1;1;2010;RONALDO CAIADO
471091;74813.0;Ronaldo Caiado;DEM;GO;1;1;2010;RONALDO CAIADO
471082;74813.0;Ronaldo Caiado;DEM;GO;1;1;2010;RONALDO CAIADO
471079;74813.0;Ronaldo Caiado;DEM;GO;1;1;2010;RONALDO CAIADO
471076;74813.0;Ronaldo Caiado;DEM;GO;1;1;2010;RONALDO CAIADO
471073;74813.0;Ronaldo Caiado;DEM;GO;1;1;2010;RONALDO CAIADO
471072;74813.0;Ronaldo Caiado;DEM;GO;1;1;2010;RONALDO CAIADO
471071;74813.0;Ronaldo Caiado;DEM;GO;1;1;2010;RONALDO CAIADO
471070;74813.0;Ronaldo Caiado;DEM;GO;1;1;2010;RONALDO CAIADO
471069;74813.0;Ronaldo Caiado;DEM;GO;1;1;2010;RONALDO CAIADO
471068;74813.0;Ronaldo Caiado;DEM;GO;1;1;2010;RONALDO CAIADO
471066;74813.0;Ronaldo Caiado;DEM;GO;1;1;2010;RONALDO CAIADO
471064;74813.0;Ronaldo Caiado;DEM;GO;1;1;2010;RONALDO CAIADO
471063;74813.0;Ronaldo Caiado;DEM;GO;1;1;2010;RONALDO CAIADO
471062;74813.0;Ronaldo Caiado;DEM;GO;1;1;2010;RONALDO CAIADO
470040;74813.0;Ronaldo Caiado;DEM;GO;11;0;2010;RONALDO CAIADO
468589;74813.0;Ronaldo Caiado;DEM;GO;1;1;2010;RONALDO CAIADO
467903;74813.0;Ronaldo Caiado;DEM;GO;4;0;2010;RONALDO CAIADO
467890;74813.0;Ronaldo Caiado;DEM;GO;5;0;2010;RONALDO CAIADO
467888;74813.0;Ronaldo Caiado;DEM;GO;5;0;2010;RONALDO CAIADO
467637;74813.0;Ronaldo Caiado;DEM;GO;1;1;2010;RONALDO CAIADO
467469;74813.0;Ronaldo Caiado;DEM;GO;5;0;2010;RONALDO CAIADO
467464;74813.0;Ronaldo Caiado;DEM;GO;5;0;2010;RONALDO CAIADO
467461;74813.0;Ronaldo Caiado;DEM;GO;1;1;2010;RONALDO CAIADO
467452;74813.0;Ronaldo Caiado;DEM;GO;5;0;2010;RONALDO CAIADO
467450;74813.0;Ronaldo Caiado;DEM;GO;6;0;2010;RONALDO CAIADO
466076;74813.0;Ronaldo Caiado;DEM;GO;1;1;2010;RONALDO CAIADO
530234;74813.0;Ronaldo Caiado;DEM;GO;13;1;2011;RONALDO CAIADO
529318;74813.0;Ronaldo Caiado;DEM;GO;1;1;2011;RONALDO CAIADO
528401;74813.0;Ronaldo Caiado;DEM;GO;4;1;2011;RONALDO CAIADO
528262;74813.0;Ronaldo Caiado;DEM;GO;2;1;2011;RONALDO CAIADO
526432;74813.0;Ronaldo Caiado;DEM;GO;1;1;2011;RONALDO CAIADO
526325;74813.0;Ronaldo Caiado;DEM;GO;1;1;2011;RONALDO CAIADO
526320;74813.0;Ronaldo Caiado;DEM;GO;1;1;2011;RONALDO CAIADO
526316;74813.0;Ronaldo Caiado;DEM;GO;1;1;2011;RONALDO CAIADO
524469;74813.0;Ronaldo Caiado;DEM;GO;1;1;2011;RONALDO CAIADO
521564;74813.0;Ronaldo Caiado;DEM;GO;12;1;2011;RONALDO CAIADO
521056;74813.0;Ronaldo Caiado;DEM;GO;2;1;2011;RONALDO CAIADO
521053;74813.0;Ronaldo Caiado;DEM;GO;2;1;2011;RONALDO CAIADO
520554;74813.0;Ronaldo Caiado;DEM;GO;2;1;2011;RONALDO CAIADO
520553;74813.0;Ronaldo Caiado;DEM;GO;2;1;2011;RONALDO CAIADO
520541;74813.0;Ronaldo Caiado;DEM;GO;2;1;2011;RONALDO CAIADO
519439;74813.0;Ronaldo Caiado;DEM;GO;16;0;2011;RONALDO CAIADO
518006;74813.0;Ronaldo Caiado;DEM;GO;2;1;2011;RONALDO CAIADO
514793;74813.0;Ronaldo Caiado;DEM;GO;10;1;2011;RONALDO CAIADO
514363;74813.0;Ronaldo Caiado;DEM;GO;2;1;2011;RONALDO CAIADO
513435;74813.0;Ronaldo Caiado;DEM;GO;1;1;2011;RONALDO CAIADO
513434;74813.0;Ronaldo Caiado;DEM;GO;1;1;2011;RONALDO CAIADO
511883;74813.0;Ronaldo Caiado;DEM;GO;1;1;2011;RONALDO CAIADO
511392;74813.0;Ronaldo Caiado;DEM;GO;4;1;2011;RONALDO CAIADO
509279;74813.0;Ronaldo Caiado;DEM;GO;2;1;2011;RONALDO CAIADO
506781;74813.0;Ronaldo Caiado;DEM;GO;1;1;2011;RONALDO CAIADO
503511;74813.0;Ronaldo Caiado;DEM;GO;1;1;2011;RONALDO CAIADO
502549;74813.0;Ronaldo Caiado;DEM;GO;1;1;2011;RONALDO CAIADO
502259;74813.0;Ronaldo Caiado;DEM;GO;1;1;2011;RONALDO CAIADO
502255;74813.0;Ronaldo Caiado;DEM;GO;2;1;2011;RONALDO CAIADO
502240;74813.0;Ronaldo Caiado;DEM;GO;3;1;2011;RONALDO CAIADO
502150;74813.0;Ronaldo Caiado;DEM;GO;1;1;2011;RONALDO CAIADO
502148;74813.0;Ronaldo Caiado;DEM;GO;1;1;2011;RONALDO CAIADO
502146;74813.0;Ronaldo Caiado;DEM;GO;1;1;2011;RONALDO CAIADO
502106;74813.0;Ronaldo Caiado;DEM;GO;5;1;2011;RONALDO CAIADO
502102;74813.0;Ronaldo Caiado;DEM;GO;2;1;2011;RONALDO CAIADO
502100;74813.0;Ronaldo Caiado;DEM;GO;2;1;2011;RONALDO CAIADO
502098;74813.0;Ronaldo Caiado;DEM;GO;2;1;2011;RONALDO CAIADO
502097;74813.0;Ronaldo Caiado;DEM;GO;2;1;2011;RONALDO CAIADO
502086;74813.0;Ronaldo Caiado;DEM;GO;2;1;2011;RONALDO CAIADO
502084;74813.0;Ronaldo Caiado;DEM;GO;3;1;2011;RONALDO CAIADO
501962;74813.0;Ronaldo Caiado;DEM;GO;1;1;2011;RONALDO CAIADO
501961;74813.0;Ronaldo Caiado;DEM;GO;2;1;2011;RONALDO CAIADO
501960;74813.0;Ronaldo Caiado;DEM;GO;1;1;2011;RONALDO CAIADO
501959;74813.0;Ronaldo Caiado;DEM;GO;1;1;2011;RONALDO CAIADO
501958;74813.0;Ronaldo Caiado;DEM;GO;1;1;2011;RONALDO CAIADO
501957;74813.0;Ronaldo Caiado;DEM;GO;1;1;2011;RONALDO CAIADO
501956;74813.0;Ronaldo Caiado;DEM;GO;1;1;2011;RONALDO CAIADO
501955;74813.0;Ronaldo Caiado;DEM;GO;1;1;2011;RONALDO CAIADO
501947;74813.0;Ronaldo Caiado;DEM;GO;1;1;2011;RONALDO CAIADO
501946;74813.0;Ronaldo Caiado;DEM;GO;1;1;2011;RONALDO CAIADO
501945;74813.0;Ronaldo Caiado;DEM;GO;1;1;2011;RONALDO CAIADO
501940;74813.0;Ronaldo Caiado;DEM;GO;1;1;2011;RONALDO CAIADO
501939;74813.0;Ronaldo Caiado;DEM;GO;1;1;2011;RONALDO CAIADO
501938;74813.0;Ronaldo Caiado;DEM;GO;1;1;2011;RONALDO CAIADO
501937;74813.0;Ronaldo Caiado;DEM;GO;1;1;2011;RONALDO CAIADO
501936;74813.0;Ronaldo Caiado;DEM;GO;1;1;2011;RONALDO CAIADO
501935;74813.0;Ronaldo Caiado;DEM;GO;1;1;2011;RONALDO CAIADO
501934;74813.0;Ronaldo Caiado;DEM;GO;1;1;2011;RONALDO CAIADO
501933;74813.0;Ronaldo Caiado;DEM;GO;1;1;2011;RONALDO CAIADO
501931;74813.0;Ronaldo Caiado;DEM;GO;1;1;2011;RONALDO CAIADO
501929;74813.0;Ronaldo Caiado;DEM;GO;1;1;2011;RONALDO CAIADO
500491;74813.0;Ronaldo Caiado;DEM;GO;1;1;2011;RONALDO CAIADO
499559;74813.0;Ronaldo Caiado;DEM;GO;14;1;2011;RONALDO CAIADO
495690;74813.0;Ronaldo Caiado;DEM;GO;1;1;2011;RONALDO CAIADO
494982;74813.0;Ronaldo Caiado;DEM;GO;9;0;2011;RONALDO CAIADO
492315;74813.0;Ronaldo Caiado;DEM;GO;3;1;2011;RONALDO CAIADO
491640;74813.0;Ronaldo Caiado;DEM;GO;1;1;2011;RONALDO CAIADO
491409;74813.0;Ronaldo Caiado;DEM;GO;1;1;2011;RONALDO CAIADO
567335;74813.0;Ronaldo Caiado;DEM;GO;1;1;2012;RONALDO CAIADO
567334;74813.0;Ronaldo Caiado;DEM;GO;1;1;2012;RONALDO CAIADO
567329;74813.0;Ronaldo Caiado;DEM;GO;1;1;2012;RONALDO CAIADO
563767;74813.0;Ronaldo Caiado;DEM;GO;12;1;2012;RONALDO CAIADO
563061;74813.0;Ronaldo Caiado;DEM;GO;1;1;2012;RONALDO CAIADO
563060;74813.0;Ronaldo Caiado;DEM;GO;1;1;2012;RONALDO CAIADO
563059;74813.0;Ronaldo Caiado;DEM;GO;1;1;2012;RONALDO CAIADO
563058;74813.0;Ronaldo Caiado;DEM;GO;1;1;2012;RONALDO CAIADO
563057;74813.0;Ronaldo Caiado;DEM;GO;1;1;2012;RONALDO CAIADO
562778;74813.0;Ronaldo Caiado;DEM;GO;1;1;2012;RONALDO CAIADO
562776;74813.0;Ronaldo Caiado;DEM;GO;1;1;2012;RONALDO CAIADO
562673;74813.0;Ronaldo Caiado;DEM;GO;1;1;2012;RONALDO CAIADO
562672;74813.0;Ronaldo Caiado;DEM;GO;1;1;2012;RONALDO CAIADO
562336;74813.0;Ronaldo Caiado;DEM;GO;3;1;2012;RONALDO CAIADO
562325;74813.0;Ronaldo Caiado;DEM;GO;8;1;2012;RONALDO CAIADO
562213;74813.0;Ronaldo Caiado;DEM;GO;1;1;2012;RONALDO CAIADO
562211;74813.0;Ronaldo Caiado;DEM;GO;1;1;2012;RONALDO CAIADO
561882;74813.0;Ronaldo Caiado;DEM;GO;1;1;2012;RONALDO CAIADO
561881;74813.0;Ronaldo Caiado;DEM;GO;1;1;2012;RONALDO CAIADO
561880;74813.0;Ronaldo Caiado;DEM;GO;1;1;2012;RONALDO CAIADO
561879;74813.0;Ronaldo Caiado;DEM;GO;1;1;2012;RONALDO CAIADO
561051;74813.0;Ronaldo Caiado;DEM;GO;1;1;2012;RONALDO CAIADO
561050;74813.0;Ronaldo Caiado;DEM;GO;1;1;2012;RONALDO CAIADO
561049;74813.0;Ronaldo Caiado;DEM;GO;1;1;2012;RONALDO CAIADO
561048;74813.0;Ronaldo Caiado;DEM;GO;1;1;2012;RONALDO CAIADO
560994;74813.0;Ronaldo Caiado;DEM;GO;1;1;2012;RONALDO CAIADO
560993;74813.0;Ronaldo Caiado;DEM;GO;1;1;2012;RONALDO CAIADO
560992;74813.0;Ronaldo Caiado;DEM;GO;1;1;2012;RONALDO CAIADO
560507;74813.0;Ronaldo Caiado;DEM;GO;1;1;2012;RONALDO CAIADO
560445;74813.0;Ronaldo Caiado;DEM;GO;12;1;2012;RONALDO CAIADO
560211;74813.0;Ronaldo Caiado;DEM;GO;1;1;2012;RONALDO CAIADO
560203;74813.0;Ronaldo Caiado;DEM;GO;1;1;2012;RONALDO CAIADO
560060;74813.0;Ronaldo Caiado;DEM;GO;1;1;2012;RONALDO CAIADO
559771;74813.0;Ronaldo Caiado;DEM;GO;1;1;2012;RONALDO CAIADO
559358;74813.0;Ronaldo Caiado;DEM;GO;1;1;2012;RONALDO CAIADO
559357;74813.0;Ronaldo Caiado;DEM;GO;1;1;2012;RONALDO CAIADO
559356;74813.0;Ronaldo Caiado;DEM;GO;1;1;2012;RONALDO CAIADO
559355;74813.0;Ronaldo Caiado;DEM;GO;1;1;2012;RONALDO CAIADO
558837;74813.0;Ronaldo Caiado;DEM;GO;2;1;2012;RONALDO CAIADO
558836;74813.0;Ronaldo Caiado;DEM;GO;1;1;2012;RONALDO CAIADO
558831;74813.0;Ronaldo Caiado;DEM;GO;3;1;2012;RONALDO CAIADO
558818;74813.0;Ronaldo Caiado;DEM;GO;5;1;2012;RONALDO CAIADO
558811;74813.0;Ronaldo Caiado;DEM;GO;3;1;2012;RONALDO CAIADO
558810;74813.0;Ronaldo Caiado;DEM;GO;2;1;2012;RONALDO CAIADO
555580;74813.0;Ronaldo Caiado;DEM;GO;1;1;2012;RONALDO CAIADO
554984;74813.0;Ronaldo Caiado;DEM;GO;1;1;2012;RONALDO CAIADO
554858;74813.0;Ronaldo Caiado;DEM;GO;1;1;2012;RONALDO CAIADO
554839;74813.0;Ronaldo Caiado;DEM;GO;1;1;2012;RONALDO CAIADO
554818;74813.0;Ronaldo Caiado;DEM;GO;1;1;2012;RONALDO CAIADO
554812;74813.0;Ronaldo Caiado;DEM;GO;1;1;2012;RONALDO CAIADO
554792;74813.0;Ronaldo Caiado;DEM;GO;6;1;2012;RONALDO CAIADO
554790;74813.0;Ronaldo Caiado;DEM;GO;6;1;2012;RONALDO CAIADO
554744;74813.0;Ronaldo Caiado;DEM;GO;1;1;2012;RONALDO CAIADO
554683;74813.0;Ronaldo Caiado;DEM;GO;1;1;2012;RONALDO CAIADO
554581;74813.0;Ronaldo Caiado;DEM;GO;1;1;2012;RONALDO CAIADO
554570;74813.0;Ronaldo Caiado;DEM;GO;1;1;2012;RONALDO CAIADO
554517;74813.0;Ronaldo Caiado;DEM;GO;1;1;2012;RONALDO CAIADO
553591;74813.0;Ronaldo Caiado;DEM;GO;7;1;2012;RONALDO CAIADO
550772;74813.0;Ronaldo Caiado;DEM;GO;1;1;2012;RONALDO CAIADO
550568;74813.0;Ronaldo Caiado;DEM;GO;1;1;2012;RONALDO CAIADO
548988;74813.0;Ronaldo Caiado;DEM;GO;1;1;2012;RONALDO CAIADO
548857;74813.0;Ronaldo Caiado;DEM;GO;1;1;2012;RONALDO CAIADO
547856;74813.0;Ronaldo Caiado;DEM;GO;7;1;2012;RONALDO CAIADO
547850;74813.0;Ronaldo Caiado;DEM;GO;1;1;2012;RONALDO CAIADO
546313;74813.0;Ronaldo Caiado;DEM;GO;1;1;2012;RONALDO CAIADO
544908;74813.0;Ronaldo Caiado;DEM;GO;5;1;2012;RONALDO CAIADO
544247;74813.0;Ronaldo Caiado;DEM;GO;3;1;2012;RONALDO CAIADO
543892;74813.0;Ronaldo Caiado;DEM;GO;8;1;2012;RONALDO CAIADO
543151;74813.0;Ronaldo Caiado;DEM;GO;1;1;2012;RONALDO CAIADO
539414;74813.0;Ronaldo Caiado;DEM;GO;3;1;2012;RONALDO CAIADO
539281;74813.0;Ronaldo Caiado;DEM;GO;1;1;2012;RONALDO CAIADO
539209;74813.0;Ronaldo Caiado;DEM;GO;3;1;2012;RONALDO CAIADO
539208;74813.0;Ronaldo Caiado;DEM;GO;3;1;2012;RONALDO CAIADO
539207;74813.0;Ronaldo Caiado;DEM;GO;3;1;2012;RONALDO CAIADO
539206;74813.0;Ronaldo Caiado;DEM;GO;3;1;2012;RONALDO CAIADO
539203;74813.0;Ronaldo Caiado;DEM;GO;3;1;2012;RONALDO CAIADO
539199;74813.0;Ronaldo Caiado;DEM;GO;3;1;2012;RONALDO CAIADO
539196;74813.0;Ronaldo Caiado;DEM;GO;3;1;2012;RONALDO CAIADO
535273;74813.0;Ronaldo Caiado;DEM;GO;3;1;2012;RONALDO CAIADO
535272;74813.0;Ronaldo Caiado;DEM;GO;2;1;2012;RONALDO CAIADO
535262;74813.0;Ronaldo Caiado;DEM;GO;2;1;2012;RONALDO CAIADO
535259;74813.0;Ronaldo Caiado;DEM;GO;2;1;2012;RONALDO CAIADO
535256;74813.0;Ronaldo Caiado;DEM;GO;2;1;2012;RONALDO CAIADO
535255;74813.0;Ronaldo Caiado;DEM;GO;2;1;2012;RONALDO CAIADO
535254;74813.0;Ronaldo Caiado;DEM;GO;2;1;2012;RONALDO CAIADO
535253;74813.0;Ronaldo Caiado;DEM;GO;2;1;2012;RONALDO CAIADO
604606;74813.0;Ronaldo Caiado;DEM;GO;9;1;2013;RONALDO CAIADO
604604;74813.0;Ronaldo Caiado;DEM;GO;8;1;2013;RONALDO CAIADO
604188;74813.0;Ronaldo Caiado;DEM;GO;13;0;2013;RONALDO CAIADO
604156;74813.0;Ronaldo Caiado;DEM;GO;1;1;2013;RONALDO CAIADO
604093;74813.0;Ronaldo Caiado;DEM;GO;8;0;2013;RONALDO CAIADO
603921;74813.0;Ronaldo Caiado;DEM;GO;17;1;2013;RONALDO CAIADO
603886;74813.0;Ronaldo Caiado;DEM;GO;1;1;2013;RONALDO CAIADO
603680;74813.0;Ronaldo Caiado;DEM;GO;1;1;2013;RONALDO CAIADO
603679;74813.0;Ronaldo Caiado;DEM;GO;1;1;2013;RONALDO CAIADO
603389;74813.0;Ronaldo Caiado;DEM;GO;8;1;2013;RONALDO CAIADO
602893;74813.0;Ronaldo Caiado;DEM;GO;13;1;2013;RONALDO CAIADO
602569;74813.0;Ronaldo Caiado;DEM;GO;14;0;2013;RONALDO CAIADO
602353;74813.0;Ronaldo Caiado;DEM;GO;1;1;2013;RONALDO CAIADO
602333;74813.0;Ronaldo Caiado;DEM;GO;16;1;2013;RONALDO CAIADO
602330;74813.0;Ronaldo Caiado;DEM;GO;16;1;2013;RONALDO CAIADO
601525;74813.0;Ronaldo Caiado;DEM;GO;1;1;2013;RONALDO CAIADO
600809;74813.0;Ronaldo Caiado;DEM;GO;11;0;2013;RONALDO CAIADO
600284;74813.0;Ronaldo Caiado;DEM;GO;12;0;2013;RONALDO CAIADO
598919;74813.0;Ronaldo Caiado;DEM;GO;15;0;2013;RONALDO CAIADO
598777;74813.0;Ronaldo Caiado;DEM;GO;15;0;2013;RONALDO CAIADO
598596;74813.0;Ronaldo Caiado;DEM;GO;14;0;2013;RONALDO CAIADO
598476;74813.0;Ronaldo Caiado;DEM;GO;1;1;2013;RONALDO CAIADO
598475;74813.0;Ronaldo Caiado;DEM;GO;1;1;2013;RONALDO CAIADO
598474;74813.0;Ronaldo Caiado;DEM;GO;1;1;2013;RONALDO CAIADO
598473;74813.0;Ronaldo Caiado;DEM;GO;1;1;2013;RONALDO CAIADO
598472;74813.0;Ronaldo Caiado;DEM;GO;1;1;2013;RONALDO CAIADO
598471;74813.0;Ronaldo Caiado;DEM;GO;1;1;2013;RONALDO CAIADO
598470;74813.0;Ronaldo Caiado;DEM;GO;1;1;2013;RONALDO CAIADO
598049;74813.0;Ronaldo Caiado;DEM;GO;12;0;2013;RONALDO CAIADO
597811;74813.0;Ronaldo Caiado;DEM;GO;1;1;2013;RONALDO CAIADO
597808;74813.0;Ronaldo Caiado;DEM;GO;1;1;2013;RONALDO CAIADO
597803;74813.0;Ronaldo Caiado;DEM;GO;5;0;2013;RONALDO CAIADO
597802;74813.0;Ronaldo Caiado;DEM;GO;5;0;2013;RONALDO CAIADO
597801;74813.0;Ronaldo Caiado;DEM;GO;5;0;2013;RONALDO CAIADO
597799;74813.0;Ronaldo Caiado;DEM;GO;10;0;2013;RONALDO CAIADO
597748;74813.0;Ronaldo Caiado;DEM;GO;7;1;2013;RONALDO CAIADO
597651;74813.0;Ronaldo Caiado;DEM;GO;10;1;2013;RONALDO CAIADO
597641;74813.0;Ronaldo Caiado;DEM;GO;12;0;2013;RONALDO CAIADO
597100;74813.0;Ronaldo Caiado;DEM;GO;1;1;2013;RONALDO CAIADO
595837;74813.0;Ronaldo Caiado;DEM;GO;1;1;2013;RONALDO CAIADO
595835;74813.0;Ronaldo Caiado;DEM;GO;1;1;2013;RONALDO CAIADO
595833;74813.0;Ronaldo Caiado;DEM;GO;1;1;2013;RONALDO CAIADO
595831;74813.0;Ronaldo Caiado;DEM;GO;1;1;2013;RONALDO CAIADO
595828;74813.0;Ronaldo Caiado;DEM;GO;1;1;2013;RONALDO CAIADO
595827;74813.0;Ronaldo Caiado;DEM;GO;1;1;2013;RONALDO CAIADO
595825;74813.0;Ronaldo Caiado;DEM;GO;1;1;2013;RONALDO CAIADO
595823;74813.0;Ronaldo Caiado;DEM;GO;1;1;2013;RONALDO CAIADO
595821;74813.0;Ronaldo Caiado;DEM;GO;1;1;2013;RONALDO CAIADO
595819;74813.0;Ronaldo Caiado;DEM;GO;1;1;2013;RONALDO CAIADO
595703;74813.0;Ronaldo Caiado;DEM;GO;13;0;2013;RONALDO CAIADO
595446;74813.0;Ronaldo Caiado;DEM;GO;12;1;2013;RONALDO CAIADO
594622;74813.0;Ronaldo Caiado;DEM;GO;1;1;2013;RONALDO CAIADO
594621;74813.0;Ronaldo Caiado;DEM;GO;1;1;2013;RONALDO CAIADO
594620;74813.0;Ronaldo Caiado;DEM;GO;1;1;2013;RONALDO CAIADO
594619;74813.0;Ronaldo Caiado;DEM;GO;1;1;2013;RONALDO CAIADO
594618;74813.0;Ronaldo Caiado;DEM;GO;1;1;2013;RONALDO CAIADO
594617;74813.0;Ronaldo Caiado;DEM;GO;1;1;2013;RONALDO CAIADO
594616;74813.0;Ronaldo Caiado;DEM;GO;1;1;2013;RONALDO CAIADO
594615;74813.0;Ronaldo Caiado;DEM;GO;1;1;2013;RONALDO CAIADO
594614;74813.0;Ronaldo Caiado;DEM;GO;1;1;2013;RONALDO CAIADO
594613;74813.0;Ronaldo Caiado;DEM;GO;1;1;2013;RONALDO CAIADO
594612;74813.0;Ronaldo Caiado;DEM;GO;1;1;2013;RONALDO CAIADO
594611;74813.0;Ronaldo Caiado;DEM;GO;1;1;2013;RONALDO CAIADO
594610;74813.0;Ronaldo Caiado;DEM;GO;1;1;2013;RONALDO CAIADO
594609;74813.0;Ronaldo Caiado;DEM;GO;1;1;2013;RONALDO CAIADO
594608;74813.0;Ronaldo Caiado;DEM;GO;1;1;2013;RONALDO CAIADO
594607;74813.0;Ronaldo Caiado;DEM;GO;1;1;2013;RONALDO CAIADO
594606;74813.0;Ronaldo Caiado;DEM;GO;1;1;2013;RONALDO CAIADO
594605;74813.0;Ronaldo Caiado;DEM;GO;1;1;2013;RONALDO CAIADO
594604;74813.0;Ronaldo Caiado;DEM;GO;1;1;2013;RONALDO CAIADO
594603;74813.0;Ronaldo Caiado;DEM;GO;1;1;2013;RONALDO CAIADO
594602;74813.0;Ronaldo Caiado;DEM;GO;1;1;2013;RONALDO CAIADO
593722;74813.0;Ronaldo Caiado;DEM;GO;15;0;2013;RONALDO CAIADO
593603;74813.0;Ronaldo Caiado;DEM;GO;10;0;2013;RONALDO CAIADO
593245;74813.0;Ronaldo Caiado;DEM;GO;1;1;2013;RONALDO CAIADO
593244;74813.0;Ronaldo Caiado;DEM;GO;1;1;2013;RONALDO CAIADO
593243;74813.0;Ronaldo Caiado;DEM;GO;1;1;2013;RONALDO CAIADO
593242;74813.0;Ronaldo Caiado;DEM;GO;1;1;2013;RONALDO CAIADO
592879;74813.0;Ronaldo Caiado;DEM;GO;19;0;2013;RONALDO CAIADO
592763;74813.0;Ronaldo Caiado;DEM;GO;13;0;2013;RONALDO CAIADO
592628;74813.0;Ronaldo Caiado;DEM;GO;1;1;2013;RONALDO CAIADO
592627;74813.0;Ronaldo Caiado;DEM;GO;1;1;2013;RONALDO CAIADO
592294;74813.0;Ronaldo Caiado;DEM;GO;1;1;2013;RONALDO CAIADO
592293;74813.0;Ronaldo Caiado;DEM;GO;1;1;2013;RONALDO CAIADO
592292;74813.0;Ronaldo Caiado;DEM;GO;1;1;2013;RONALDO CAIADO
592291;74813.0;Ronaldo Caiado;DEM;GO;1;1;2013;RONALDO CAIADO
592290;74813.0;Ronaldo Caiado;DEM;GO;1;1;2013;RONALDO CAIADO
592289;74813.0;Ronaldo Caiado;DEM;GO;1;1;2013;RONALDO CAIADO
592288;74813.0;Ronaldo Caiado;DEM;GO;1;1;2013;RONALDO CAIADO
592287;74813.0;Ronaldo Caiado;DEM;GO;1;1;2013;RONALDO CAIADO
592286;74813.0;Ronaldo Caiado;DEM;GO;1;1;2013;RONALDO CAIADO
592098;74813.0;Ronaldo Caiado;DEM;GO;9;0;2013;RONALDO CAIADO
591375;74813.0;Ronaldo Caiado;DEM;GO;100;1;2013;RONALDO CAIADO
591234;74813.0;Ronaldo Caiado;DEM;GO;1;1;2013;RONALDO CAIADO
591232;74813.0;Ronaldo Caiado;DEM;GO;1;1;2013;RONALDO CAIADO
591227;74813.0;Ronaldo Caiado;DEM;GO;16;0;2013;RONALDO CAIADO
590885;74813.0;Ronaldo Caiado;DEM;GO;1;1;2013;RONALDO CAIADO
590796;74813.0;Ronaldo Caiado;DEM;GO;9;1;2013;RONALDO CAIADO
590781;74813.0;Ronaldo Caiado;DEM;GO;12;0;2013;RONALDO CAIADO
590716;74813.0;Ronaldo Caiado;DEM;GO;14;1;2013;RONALDO CAIADO
590443;74813.0;Ronaldo Caiado;DEM;GO;1;1;2013;RONALDO CAIADO
590442;74813.0;Ronaldo Caiado;DEM;GO;1;1;2013;RONALDO CAIADO
590441;74813.0;Ronaldo Caiado;DEM;GO;1;1;2013;RONALDO CAIADO
590440;74813.0;Ronaldo Caiado;DEM;GO;1;1;2013;RONALDO CAIADO
590439;74813.0;Ronaldo Caiado;DEM;GO;1;1;2013;RONALDO CAIADO
589803;74813.0;Ronaldo Caiado;DEM;GO;1;1;2013;RONALDO CAIADO
589673;74813.0;Ronaldo Caiado;DEM;GO;8;0;2013;RONALDO CAIADO
589357;74813.0;Ronaldo Caiado;DEM;GO;13;0;2013;RONALDO CAIADO
589031;74813.0;Ronaldo Caiado;DEM;GO;1;1;2013;RONALDO CAIADO
588267;74813.0;Ronaldo Caiado;DEM;GO;1;1;2013;RONALDO CAIADO
588266;74813.0;Ronaldo Caiado;DEM;GO;1;1;2013;RONALDO CAIADO
588265;74813.0;Ronaldo Caiado;DEM;GO;1;1;2013;RONALDO CAIADO
588264;74813.0;Ronaldo Caiado;DEM;GO;1;1;2013;RONALDO CAIADO
588263;74813.0;Ronaldo Caiado;DEM;GO;1;1;2013;RONALDO CAIADO
588262;74813.0;Ronaldo Caiado;DEM;GO;1;1;2013;RONALDO CAIADO
586954;74813.0;Ronaldo Caiado;DEM;GO;13;0;2013;RONALDO CAIADO
586949;74813.0;Ronaldo Caiado;DEM;GO;11;1;2013;RONALDO CAIADO
586756;74813.0;Ronaldo Caiado;DEM;GO;1;1;2013;RONALDO CAIADO
585907;74813.0;Ronaldo Caiado;DEM;GO;11;0;2013;RONALDO CAIADO
585824;74813.0;Ronaldo Caiado;DEM;GO;14;0;2013;RONALDO CAIADO
585183;74813.0;Ronaldo Caiado;DEM;GO;10;0;2013;RONALDO CAIADO
584977;74813.0;Ronaldo Caiado;DEM;GO;1;1;2013;RONALDO CAIADO
584248;74813.0;Ronaldo Caiado;DEM;GO;1;1;2013;RONALDO CAIADO
584124;74813.0;Ronaldo Caiado;DEM;GO;15;0;2013;RONALDO CAIADO
584073;74813.0;Ronaldo Caiado;DEM;GO;9;0;2013;RONALDO CAIADO
584055;74813.0;Ronaldo Caiado;DEM;GO;16;0;2013;RONALDO CAIADO
584054;74813.0;Ronaldo Caiado;DEM;GO;13;0;2013;RONALDO CAIADO
584053;74813.0;Ronaldo Caiado;DEM;GO;12;0;2013;RONALDO CAIADO
583508;74813.0;Ronaldo Caiado;DEM;GO;1;1;2013;RONALDO CAIADO
583507;74813.0;Ronaldo Caiado;DEM;GO;1;1;2013;RONALDO CAIADO
583506;74813.0;Ronaldo Caiado;DEM;GO;1;1;2013;RONALDO CAIADO
583505;74813.0;Ronaldo Caiado;DEM;GO;1;1;2013;RONALDO CAIADO
583504;74813.0;Ronaldo Caiado;DEM;GO;1;1;2013;RONALDO CAIADO
583503;74813.0;Ronaldo Caiado;DEM;GO;1;1;2013;RONALDO CAIADO
583502;74813.0;Ronaldo Caiado;DEM;GO;1;1;2013;RONALDO CAIADO
583408;74813.0;Ronaldo Caiado;DEM;GO;8;0;2013;RONALDO CAIADO
582804;74813.0;Ronaldo Caiado;DEM;GO;16;0;2013;RONALDO CAIADO
582789;74813.0;Ronaldo Caiado;DEM;GO;1;1;2013;RONALDO CAIADO
582788;74813.0;Ronaldo Caiado;DEM;GO;1;1;2013;RONALDO CAIADO
582787;74813.0;Ronaldo Caiado;DEM;GO;1;1;2013;RONALDO CAIADO
582763;74813.0;Ronaldo Caiado;DEM;GO;9;0;2013;RONALDO CAIADO
582714;74813.0;Ronaldo Caiado;DEM;GO;2;1;2013;RONALDO CAIADO
582658;74813.0;Ronaldo Caiado;DEM;GO;7;0;2013;RONALDO CAIADO
582647;74813.0;Ronaldo Caiado;DEM;GO;16;0;2013;RONALDO CAIADO
582616;74813.0;Ronaldo Caiado;DEM;GO;10;0;2013;RONALDO CAIADO
582526;74813.0;Ronaldo Caiado;DEM;GO;1;1;2013;RONALDO CAIADO
582473;74813.0;Ronaldo Caiado;DEM;GO;1;1;2013;RONALDO CAIADO
582185;74813.0;Ronaldo Caiado;DEM;GO;1;1;2013;RONALDO CAIADO
582184;74813.0;Ronaldo Caiado;DEM;GO;1;1;2013;RONALDO CAIADO
582149;74813.0;Ronaldo Caiado;DEM;GO;1;1;2013;RONALDO CAIADO
582148;74813.0;Ronaldo Caiado;DEM;GO;1;1;2013;RONALDO CAIADO
581930;74813.0;Ronaldo Caiado;DEM;GO;13;0;2013;RONALDO CAIADO
581928;74813.0;Ronaldo Caiado;DEM;GO;13;0;2013;RONALDO CAIADO
581926;74813.0;Ronaldo Caiado;DEM;GO;11;0;2013;RONALDO CAIADO
581647;74813.0;Ronaldo Caiado;DEM;GO;15;0;2013;RONALDO CAIADO
580994;74813.0;Ronaldo Caiado;DEM;GO;1;1;2013;RONALDO CAIADO
580582;74813.0;Ronaldo Caiado;DEM;GO;1;1;2013;RONALDO CAIADO
580581;74813.0;Ronaldo Caiado;DEM;GO;1;1;2013;RONALDO CAIADO
580538;74813.0;Ronaldo Caiado;DEM;GO;12;0;2013;RONALDO CAIADO
580485;74813.0;Ronaldo Caiado;DEM;GO;7;0;2013;RONALDO CAIADO
580468;74813.0;Ronaldo Caiado;DEM;GO;7;0;2013;RONALDO CAIADO
580334;74813.0;Ronaldo Caiado;DEM;GO;7;0;2013;RONALDO CAIADO
579809;74813.0;Ronaldo Caiado;DEM;GO;1;1;2013;RONALDO CAIADO
579808;74813.0;Ronaldo Caiado;DEM;GO;1;1;2013;RONALDO CAIADO
579678;74813.0;Ronaldo Caiado;DEM;GO;16;0;2013;RONALDO CAIADO
579661;74813.0;Ronaldo Caiado;DEM;GO;16;0;2013;RONALDO CAIADO
579616;74813.0;Ronaldo Caiado;DEM;GO;1;1;2013;RONALDO CAIADO
579329;74813.0;Ronaldo Caiado;DEM;GO;2;1;2013;RONALDO CAIADO
579323;74813.0;Ronaldo Caiado;DEM;GO;6;1;2013;RONALDO CAIADO
579322;74813.0;Ronaldo Caiado;DEM;GO;1;1;2013;RONALDO CAIADO
579301;74813.0;Ronaldo Caiado;DEM;GO;8;1;2013;RONALDO CAIADO
579300;74813.0;Ronaldo Caiado;DEM;GO;6;1;2013;RONALDO CAIADO
579198;74813.0;Ronaldo Caiado;DEM;GO;11;0;2013;RONALDO CAIADO
579081;74813.0;Ronaldo Caiado;DEM;GO;1;1;2013;RONALDO CAIADO
578554;74813.0;Ronaldo Caiado;DEM;GO;1;1;2013;RONALDO CAIADO
578553;74813.0;Ronaldo Caiado;DEM;GO;1;1;2013;RONALDO CAIADO
578549;74813.0;Ronaldo Caiado;DEM;GO;1;1;2013;RONALDO CAIADO
578547;74813.0;Ronaldo Caiado;DEM;GO;1;1;2013;RONALDO CAIADO
578388;74813.0;Ronaldo Caiado;DEM;GO;18;0;2013;RONALDO CAIADO
578182;74813.0;Ronaldo Caiado;DEM;GO;1;1;2013;RONALDO CAIADO
578181;74813.0;Ronaldo Caiado;DEM;GO;1;1;2013;RONALDO CAIADO
578177;74813.0;Ronaldo Caiado;DEM;GO;1;1;2013;RONALDO CAIADO
578169;74813.0;Ronaldo Caiado;DEM;GO;3;1;2013;RONALDO CAIADO
578166;74813.0;Ronaldo Caiado;DEM;GO;2;1;2013;RONALDO CAIADO
578165;74813.0;Ronaldo Caiado;DEM;GO;3;1;2013;RONALDO CAIADO
577881;74813.0;Ronaldo Caiado;DEM;GO;9;0;2013;RONALDO CAIADO
577833;74813.0;Ronaldo Caiado;DEM;GO;2;1;2013;RONALDO CAIADO
577599;74813.0;Ronaldo Caiado;DEM;GO;1;1;2013;RONALDO CAIADO
577598;74813.0;Ronaldo Caiado;DEM;GO;1;1;2013;RONALDO CAIADO
577597;74813.0;Ronaldo Caiado;DEM;GO;1;1;2013;RONALDO CAIADO
577549;74813.0;Ronaldo Caiado;DEM;GO;1;1;2013;RONALDO CAIADO
577548;74813.0;Ronaldo Caiado;DEM;GO;1;1;2013;RONALDO CAIADO
577547;74813.0;Ronaldo Caiado;DEM;GO;1;1;2013;RONALDO CAIADO
577240;74813.0;Ronaldo Caiado;DEM;GO;1;1;2013;RONALDO CAIADO
577239;74813.0;Ronaldo Caiado;DEM;GO;1;1;2013;RONALDO CAIADO
577238;74813.0;Ronaldo Caiado;DEM;GO;1;1;2013;RONALDO CAIADO
577237;74813.0;Ronaldo Caiado;DEM;GO;1;1;2013;RONALDO CAIADO
577034;74813.0;Ronaldo Caiado;DEM;GO;16;0;2013;RONALDO CAIADO
577030;74813.0;Ronaldo Caiado;DEM;GO;15;0;2013;RONALDO CAIADO
577021;74813.0;Ronaldo Caiado;DEM;GO;2;1;2013;RONALDO CAIADO
577020;74813.0;Ronaldo Caiado;DEM;GO;2;1;2013;RONALDO CAIADO
577019;74813.0;Ronaldo Caiado;DEM;GO;3;1;2013;RONALDO CAIADO
577018;74813.0;Ronaldo Caiado;DEM;GO;1;1;2013;RONALDO CAIADO
577017;74813.0;Ronaldo Caiado;DEM;GO;2;1;2013;RONALDO CAIADO
577015;74813.0;Ronaldo Caiado;DEM;GO;2;1;2013;RONALDO CAIADO
577013;74813.0;Ronaldo Caiado;DEM;GO;2;1;2013;RONALDO CAIADO
577012;74813.0;Ronaldo Caiado;DEM;GO;2;1;2013;RONALDO CAIADO
577010;74813.0;Ronaldo Caiado;DEM;GO;2;1;2013;RONALDO CAIADO
576895;74813.0;Ronaldo Caiado;DEM;GO;9;0;2013;RONALDO CAIADO
576832;74813.0;Ronaldo Caiado;DEM;GO;1;1;2013;RONALDO CAIADO
576831;74813.0;Ronaldo Caiado;DEM;GO;1;1;2013;RONALDO CAIADO
576808;74813.0;Ronaldo Caiado;DEM;GO;1;1;2013;RONALDO CAIADO
576298;74813.0;Ronaldo Caiado;DEM;GO;9;0;2013;RONALDO CAIADO
576286;74813.0;Ronaldo Caiado;DEM;GO;1;1;2013;RONALDO CAIADO
576285;74813.0;Ronaldo Caiado;DEM;GO;2;1;2013;RONALDO CAIADO
574031;74813.0;Ronaldo Caiado;DEM;GO;1;1;2013;RONALDO CAIADO
574030;74813.0;Ronaldo Caiado;DEM;GO;1;1;2013;RONALDO CAIADO
574029;74813.0;Ronaldo Caiado;DEM;GO;1;1;2013;RONALDO CAIADO
574028;74813.0;Ronaldo Caiado;DEM;GO;1;1;2013;RONALDO CAIADO
574027;74813.0;Ronaldo Caiado;DEM;GO;1;1;2013;RONALDO CAIADO
573935;74813.0;Ronaldo Caiado;DEM;GO;8;0;2013;RONALDO CAIADO
572943;74813.0;Ronaldo Caiado;DEM;GO;1;1;2013;RONALDO CAIADO
572941;74813.0;Ronaldo Caiado;DEM;GO;1;1;2013;RONALDO CAIADO
572940;74813.0;Ronaldo Caiado;DEM;GO;1;1;2013;RONALDO CAIADO
572861;74813.0;Ronaldo Caiado;DEM;GO;1;1;2013;RONALDO CAIADO
572404;74813.0;Ronaldo Caiado;DEM;GO;15;0;2013;RONALDO CAIADO
572258;74813.0;Ronaldo Caiado;DEM;GO;1;1;2013;RONALDO CAIADO
571541;74813.0;Ronaldo Caiado;DEM;GO;19;0;2013;RONALDO CAIADO
571536;74813.0;Ronaldo Caiado;DEM;GO;20;0;2013;RONALDO CAIADO
571534;74813.0;Ronaldo Caiado;DEM;GO;19;0;2013;RONALDO CAIADO
571497;74813.0;Ronaldo Caiado;DEM;GO;9;0;2013;RONALDO CAIADO
570859;74813.0;Ronaldo Caiado;DEM;GO;1;1;2013;RONALDO CAIADO
570802;74813.0;Ronaldo Caiado;DEM;GO;1;1;2013;RONALDO CAIADO
570801;74813.0;Ronaldo Caiado;DEM;GO;1;1;2013;RONALDO CAIADO
570081;74813.0;Ronaldo Caiado;DEM;GO;1;1;2013;RONALDO CAIADO
570080;74813.0;Ronaldo Caiado;DEM;GO;1;1;2013;RONALDO CAIADO
570079;74813.0;Ronaldo Caiado;DEM;GO;1;1;2013;RONALDO CAIADO
569917;74813.0;Ronaldo Caiado;DEM;GO;8;0;2013;RONALDO CAIADO
569916;74813.0;Ronaldo Caiado;DEM;GO;9;0;2013;RONALDO CAIADO
569914;74813.0;Ronaldo Caiado;DEM;GO;9;0;2013;RONALDO CAIADO
569182;74813.0;Ronaldo Caiado;DEM;GO;13;0;2013;RONALDO CAIADO
568829;74813.0;Ronaldo Caiado;DEM;GO;1;1;2013;RONALDO CAIADO
568696;74813.0;Ronaldo Caiado;DEM;GO;4;1;2013;RONALDO CAIADO
568539;74813.0;Ronaldo Caiado;DEM;GO;9;0;2013;RONALDO CAIADO
568534;74813.0;Ronaldo Caiado;DEM;GO;1;1;2013;RONALDO CAIADO
568340;74813.0;Ronaldo Caiado;DEM;GO;16;0;2013;RONALDO CAIADO
568339;74813.0;Ronaldo Caiado;DEM;GO;15;0;2013;RONALDO CAIADO
567835;74813.0;Ronaldo Caiado;DEM;GO;1;1;2013;RONALDO CAIADO
567833;74813.0;Ronaldo Caiado;DEM;GO;1;1;2013;RONALDO CAIADO
567237;74813.0;Ronaldo Caiado;DEM;GO;13;0;2013;RONALDO CAIADO
566744;74813.0;Ronaldo Caiado;DEM;GO;12;0;2013;RONALDO CAIADO
566681;74813.0;Ronaldo Caiado;DEM;GO;7;0;2013;RONALDO CAIADO
566597;74813.0;Ronaldo Caiado;DEM;GO;21;0;2013;RONALDO CAIADO
566358;74813.0;Ronaldo Caiado;DEM;GO;10;0;2013;RONALDO CAIADO
565930;74813.0;Ronaldo Caiado;DEM;GO;1;1;2013;RONALDO CAIADO
565921;74813.0;Ronaldo Caiado;DEM;GO;9;0;2013;RONALDO CAIADO
565920;74813.0;Ronaldo Caiado;DEM;GO;14;0;2013;RONALDO CAIADO
565870;74813.0;Ronaldo Caiado;DEM;GO;14;0;2013;RONALDO CAIADO
565642;74813.0;Ronaldo Caiado;DEM;GO;10;0;2013;RONALDO CAIADO
565255;74813.0;Ronaldo Caiado;DEM;GO;1;1;2013;RONALDO CAIADO
565045;74813.0;Ronaldo Caiado;DEM;GO;1;1;2013;RONALDO CAIADO
843541;74813.0;Ronaldo Caiado;DEM;GO;1;1;2014;RONALDO CAIADO
843540;74813.0;Ronaldo Caiado;DEM;GO;1;1;2014;RONALDO CAIADO
843539;74813.0;Ronaldo Caiado;DEM;GO;1;1;2014;RONALDO CAIADO
840808;74813.0;Ronaldo Caiado;DEM;GO;1;1;2014;RONALDO CAIADO
796650;74813.0;Ronaldo Caiado;DEM;GO;1;1;2014;RONALDO CAIADO
777545;74813.0;Ronaldo Caiado;DEM;GO;1;1;2014;RONALDO CAIADO
737884;74813.0;Ronaldo Caiado;DEM;GO;1;1;2014;RONALDO CAIADO
687876;74813.0;Ronaldo Caiado;DEM;GO;1;1;2014;RONALDO CAIADO
687835;74813.0;Ronaldo Caiado;DEM;GO;1;1;2014;RONALDO CAIADO
646083;74813.0;Ronaldo Caiado;DEM;GO;1;1;2014;RONALDO CAIADO
646081;74813.0;Ronaldo Caiado;DEM;GO;1;1;2014;RONALDO CAIADO
646079;74813.0;Ronaldo Caiado;DEM;GO;1;1;2014;RONALDO CAIADO
646078;74813.0;Ronaldo Caiado;DEM;GO;1;1;2014;RONALDO CAIADO
623093;74813.0;Ronaldo Caiado;DEM;GO;1;1;2014;RONALDO CAIADO
623092;74813.0;Ronaldo Caiado;DEM;GO;1;1;2014;RONALDO CAIADO
623091;74813.0;Ronaldo Caiado;DEM;GO;1;1;2014;RONALDO CAIADO
622176;74813.0;Ronaldo Caiado;DEM;GO;1;1;2014;RONALDO CAIADO
621401;74813.0;Ronaldo Caiado;DEM;GO;1;1;2014;RONALDO CAIADO
621242;74813.0;Ronaldo Caiado;DEM;GO;1;1;2014;RONALDO CAIADO
621235;74813.0;Ronaldo Caiado;DEM;GO;1;1;2014;RONALDO CAIADO
621234;74813.0;Ronaldo Caiado;DEM;GO;1;1;2014;RONALDO CAIADO
619906;74813.0;Ronaldo Caiado;DEM;GO;1;1;2014;RONALDO CAIADO
619903;74813.0;Ronaldo Caiado;DEM;GO;1;1;2014;RONALDO CAIADO
619369;74813.0;Ronaldo Caiado;DEM;GO;1;1;2014;RONALDO CAIADO
619101;74813.0;Ronaldo Caiado;DEM;GO;1;1;2014;RONALDO CAIADO
618044;74813.0;Ronaldo Caiado;DEM;GO;4;1;2014;RONALDO CAIADO
617737;74813.0;Ronaldo Caiado;DEM;GO;2;1;2014;RONALDO CAIADO
615749;74813.0;Ronaldo Caiado;DEM;GO;2;1;2014;RONALDO CAIADO
615645;74813.0;Ronaldo Caiado;DEM;GO;1;1;2014;RONALDO CAIADO
614146;74813.0;Ronaldo Caiado;DEM;GO;1;1;2014;RONALDO CAIADO
614145;74813.0;Ronaldo Caiado;DEM;GO;1;1;2014;RONALDO CAIADO
613727;74813.0;Ronaldo Caiado;DEM;GO;2;1;2014;RONALDO CAIADO
613407;74813.0;Ronaldo Caiado;DEM;GO;1;1;2014;RONALDO CAIADO
613406;74813.0;Ronaldo Caiado;DEM;GO;1;1;2014;RONALDO CAIADO
611613;74813.0;Ronaldo Caiado;DEM;GO;1;1;2014;RONALDO CAIADO
611286;74813.0;Ronaldo Caiado;DEM;GO;1;1;2014;RONALDO CAIADO
611285;74813.0;Ronaldo Caiado;DEM;GO;1;1;2014;RONALDO CAIADO
611283;74813.0;Ronaldo Caiado;DEM;GO;1;1;2014;RONALDO CAIADO
609411;74813.0;Ronaldo Caiado;DEM;GO;2;1;2014;RONALDO CAIADO
607180;74813.0;Ronaldo Caiado;DEM;GO;1;1;2014;RONALDO CAIADO
607176;74813.0;Ronaldo Caiado;DEM;GO;1;1;2014;RONALDO CAIADO
606984;74813.0;Ronaldo Caiado;DEM;GO;1;1;2014;RONALDO CAIADO
606982;74813.0;Ronaldo Caiado;DEM;GO;1;1;2014;RONALDO CAIADO
606980;74813.0;Ronaldo Caiado;DEM;GO;1;1;2014;RONALDO CAIADO
2075144;74813.0;Ronaldo Caiado;DEM;GO;1;1;2015;RONALDO CAIADO
2075140;74813.0;Ronaldo Caiado;DEM;GO;1;1;2015;RONALDO CAIADO
2075139;74813.0;Ronaldo Caiado;DEM;GO;1;1;2015;RONALDO CAIADO
2075138;74813.0;Ronaldo Caiado;DEM;GO;1;1;2015;RONALDO CAIADO
2074558;74813.0;Ronaldo Caiado;DEM;GO;1;1;2015;RONALDO CAIADO
2057750;74813.0;Ronaldo Caiado;DEM;GO;1;1;2015;RONALDO CAIADO
2057655;74813.0;Ronaldo Caiado;DEM;GO;1;1;2015;RONALDO CAIADO
2054844;74813.0;Ronaldo Caiado;DEM;GO;1;1;2015;RONALDO CAIADO
2052905;74813.0;Ronaldo Caiado;DEM;GO;1;1;2015;RONALDO CAIADO
2025736;74813.0;Ronaldo Caiado;DEM;GO;1;1;2015;RONALDO CAIADO
2025735;74813.0;Ronaldo Caiado;DEM;GO;1;1;2015;RONALDO CAIADO
2025686;74813.0;Ronaldo Caiado;DEM;GO;1;1;2015;RONALDO CAIADO
2025685;74813.0;Ronaldo Caiado;DEM;GO;1;1;2015;RONALDO CAIADO
2025684;74813.0;Ronaldo Caiado;DEM;GO;1;1;2015;RONALDO CAIADO
2024427;74813.0;Ronaldo Caiado;DEM;GO;1;1;2015;RONALDO CAIADO
2024426;74813.0;Ronaldo Caiado;DEM;GO;1;1;2015;RONALDO CAIADO
2024425;74813.0;Ronaldo Caiado;DEM;GO;1;1;2015;RONALDO CAIADO
2002394;74813.0;Ronaldo Caiado;DEM;GO;1;1;2015;RONALDO CAIADO
2002393;74813.0;Ronaldo Caiado;DEM;GO;1;1;2015;RONALDO CAIADO
2002392;74813.0;Ronaldo Caiado;DEM;GO;1;1;2015;RONALDO CAIADO
2002391;74813.0;Ronaldo Caiado;DEM;GO;1;1;2015;RONALDO CAIADO
1805261;74813.0;Ronaldo Caiado;DEM;GO;1;1;2015;RONALDO CAIADO
1805260;74813.0;Ronaldo Caiado;DEM;GO;1;1;2015;RONALDO CAIADO
1805259;74813.0;Ronaldo Caiado;DEM;GO;1;1;2015;RONALDO CAIADO
1732871;74813.0;Ronaldo Caiado;DEM;GO;1;1;2015;RONALDO CAIADO
1548786;74813.0;Ronaldo Caiado;DEM;GO;1;1;2015;RONALDO CAIADO
1548785;74813.0;Ronaldo Caiado;DEM;GO;1;1;2015;RONALDO CAIADO
1548784;74813.0;Ronaldo Caiado;DEM;GO;1;1;2015;RONALDO CAIADO
1548783;74813.0;Ronaldo Caiado;DEM;GO;1;1;2015;RONALDO CAIADO
1548782;74813.0;Ronaldo Caiado;DEM;GO;1;1;2015;RONALDO CAIADO
1548781;74813.0;Ronaldo Caiado;DEM;GO;1;1;2015;RONALDO CAIADO
1514098;74813.0;Ronaldo Caiado;DEM;GO;1;1;2015;RONALDO CAIADO
1514097;74813.0;Ronaldo Caiado;DEM;GO;1;1;2015;RONALDO CAIADO
1514092;74813.0;Ronaldo Caiado;DEM;GO;1;1;2015;RONALDO CAIADO
1514091;74813.0;Ronaldo Caiado;DEM;GO;1;1;2015;RONALDO CAIADO
865953;74813.0;Ronaldo Caiado;DEM;GO;1;1;2015;RONALDO CAIADO
339287;74813.0;Ronaldo Caiado;PFL;GO;147;0;2015;RONALDO CAIADO
2119399;74813.0;Ronaldo Caiado;DEM;GO;1;1;2016;RONALDO CAIADO
2114924;74813.0;Ronaldo Caiado;DEM;GO;1;1;2016;RONALDO CAIADO
2114923;74813.0;Ronaldo Caiado;DEM;GO;1;1;2016;RONALDO CAIADO
2113323;74813.0;Ronaldo Caiado;DEM;GO;1;1;2016;RONALDO CAIADO
2113322;74813.0;Ronaldo Caiado;DEM;GO;1;1;2016;RONALDO CAIADO
2095806;74813.0;Ronaldo Caiado;DEM;GO;1;1;2016;RONALDO CAIADO
2095805;74813.0;Ronaldo Caiado;DEM;GO;1;1;2016;RONALDO CAIADO
2095804;74813.0;Ronaldo Caiado;DEM;GO;1;1;2016;RONALDO CAIADO
2095803;74813.0;Ronaldo Caiado;DEM;GO;1;1;2016;RONALDO CAIADO
2095732;74813.0;Ronaldo Caiado;DEM;GO;1;1;2016;RONALDO CAIADO
2093983;74813.0;Ronaldo Caiado;DEM;GO;1;1;2016;RONALDO CAIADO
2093982;74813.0;Ronaldo Caiado;DEM;GO;1;1;2016;RONALDO CAIADO
2091085;74813.0;Ronaldo Caiado;DEM;GO;1;1;2016;RONALDO CAIADO
2091084;74813.0;Ronaldo Caiado;DEM;GO;1;1;2016;RONALDO CAIADO
2091083;74813.0;Ronaldo Caiado;DEM;GO;1;1;2016;RONALDO CAIADO
2091082;74813.0;Ronaldo Caiado;DEM;GO;1;1;2016;RONALDO CAIADO
2090856;74813.0;Ronaldo Caiado;DEM;GO;1;1;2016;RONALDO CAIADO
2090855;74813.0;Ronaldo Caiado;DEM;GO;1;1;2016;RONALDO CAIADO
2082892;74813.0;Ronaldo Caiado;DEM;GO;1;1;2016;RONALDO CAIADO
2082847;74813.0;Ronaldo Caiado;DEM;GO;1;1;2016;RONALDO CAIADO
2082846;74813.0;Ronaldo Caiado;DEM;GO;1;1;2016;RONALDO CAIADO
2082364;74813.0;Ronaldo Caiado;DEM;GO;1;1;2016;RONALDO CAIADO
2082347;74813.0;Ronaldo Caiado;DEM;GO;1;1;2016;RONALDO CAIADO
2082346;74813.0;Ronaldo Caiado;DEM;GO;1;1;2016;RONALDO CAIADO
2082345;74813.0;Ronaldo Caiado;DEM;GO;1;1;2016;RONALDO CAIADO
2082344;74813.0;Ronaldo Caiado;DEM;GO;1;1;2016;RONALDO CAIADO
2082025;74813.0;Ronaldo Caiado;DEM;GO;1;1;2016;RONALDO CAIADO
2079924;74813.0;Ronaldo Caiado;DEM;GO;1;1;2016;RONALDO CAIADO
2079258;74813.0;Ronaldo Caiado;DEM;GO;1;1;2016;RONALDO CAIADO
2078264;74813.0;Ronaldo Caiado;DEM;GO;1;1;2016;RONALDO CAIADO
2167210;74813.0;Ronaldo Caiado;DEM;GO;1;1;2017;RONALDO CAIADO
2161912;74813.0;Ronaldo Caiado;DEM;GO;1;1;2017;RONALDO CAIADO
2161734;74813.0;Ronaldo Caiado;DEM;GO;1;1;2017;RONALDO CAIADO
2161733;74813.0;Ronaldo Caiado;DEM;GO;1;1;2017;RONALDO CAIADO
2161732;74813.0;Ronaldo Caiado;DEM;GO;1;1;2017;RONALDO CAIADO
2161731;74813.0;Ronaldo Caiado;DEM;GO;1;1;2017;RONALDO CAIADO
2161730;74813.0;Ronaldo Caiado;DEM;GO;1;1;2017;RONALDO CAIADO
2161729;74813.0;Ronaldo Caiado;DEM;GO;1;1;2017;RONALDO CAIADO
2161728;74813.0;Ronaldo Caiado;DEM;GO;1;1;2017;RONALDO CAIADO
2161727;74813.0;Ronaldo Caiado;DEM;GO;1;1;2017;RONALDO CAIADO
2161726;74813.0;Ronaldo Caiado;DEM;GO;1;1;2017;RONALDO CAIADO
2161725;74813.0;Ronaldo Caiado;DEM;GO;1;1;2017;RONALDO CAIADO
2161724;74813.0;Ronaldo Caiado;DEM;GO;1;1;2017;RONALDO CAIADO
2161723;74813.0;Ronaldo Caiado;DEM;GO;1;1;2017;RONALDO CAIADO
2161722;74813.0;Ronaldo Caiado;DEM;GO;1;1;2017;RONALDO CAIADO
2161721;74813.0;Ronaldo Caiado;DEM;GO;1;1;2017;RONALDO CAIADO
2161720;74813.0;Ronaldo Caiado;DEM;GO;1;1;2017;RONALDO CAIADO
2161719;74813.0;Ronaldo Caiado;DEM;GO;1;1;2017;RONALDO CAIADO
2161046;74813.0;Ronaldo Caiado;DEM;GO;1;1;2017;RONALDO CAIADO
2161045;74813.0;Ronaldo Caiado;DEM;GO;1;1;2017;RONALDO CAIADO
2159416;74813.0;Ronaldo Caiado;DEM;GO;1;1;2017;RONALDO CAIADO
2159146;74813.0;Ronaldo Caiado;DEM;GO;1;1;2017;RONALDO CAIADO
2145602;74813.0;Ronaldo Caiado;DEM;GO;1;1;2017;RONALDO CAIADO
2144324;74813.0;Ronaldo Caiado;DEM;GO;1;1;2017;RONALDO CAIADO
2144323;74813.0;Ronaldo Caiado;DEM;GO;1;1;2017;RONALDO CAIADO
2143298;74813.0;Ronaldo Caiado;DEM;GO;1;1;2017;RONALDO CAIADO
2137300;74813.0;Ronaldo Caiado;DEM;GO;1;1;2017;RONALDO CAIADO
2136870;74813.0;Ronaldo Caiado;DEM;GO;1;1;2017;RONALDO CAIADO
2136869;74813.0;Ronaldo Caiado;DEM;GO;1;1;2017;RONALDO CAIADO
2136868;74813.0;Ronaldo Caiado;DEM;GO;1;1;2017;RONALDO CAIADO
2136867;74813.0;Ronaldo Caiado;DEM;GO;1;1;2017;RONALDO CAIADO
2134706;74813.0;Ronaldo Caiado;DEM;GO;1;1;2017;RONALDO CAIADO
2134705;74813.0;Ronaldo Caiado;DEM;GO;1;1;2017;RONALDO CAIADO
2134704;74813.0;Ronaldo Caiado;DEM;GO;1;1;2017;RONALDO CAIADO
2134703;74813.0;Ronaldo Caiado;DEM;GO;1;1;2017;RONALDO CAIADO
2134702;74813.0;Ronaldo Caiado;DEM;GO;1;1;2017;RONALDO CAIADO
