candidato;codigo_materia;identificacao_processo;descricao_identificacao;sigla;numero;ano;ementa;data;autor_principal;outros_autores;temas
FLAVIO_BOLSONARO;136252;7740423;PL 2171/2019;PL;2171;2019;Altera o Código Penal para definir o crime de arrastão.;2019-04-05;Sim;Não;
FLAVIO_BOLSONARO;136390;7743081;PL 2393/2019;PL;2393;2019;Altera o Código Penal para dispor sobre a legítima defesa da sociedade pelo agente de segurança pública.;2019-04-17;Sim;Não;
FLAVIO_BOLSONARO;135938;7733283;PL 1715/2019;PL;1715;2019;Revoga o § 2º do art. 342 do Código Penal para suprimir a possibilidade de extinção de punibilidade pela retratação no crime de falso testemunho ou falsa perícia.;2019-03-21;Sim;Não;
FLAVIO_BOLSONARO;135861;7731793;PEC 23/2019;PEC;23;2019;Altera o art. 17 da Constituição Federal para assegurar a representação parlamentar aos partidos que tenham obtido no mínimo cinco por cento dos votos válidos nas eleições para a Câmara dos Deputados.;2019-03-20;Não;;
FLAVIO_BOLSONARO;136371;7742705;PL 2362/2019;PL;2362;2019;Revoga o Capítulo IV - Da Reserva Legal, da Lei nº 12.651, de 25 de maio de 2012, que dispõe  sobre a proteção da vegetação nativa, para garantir o direito constitucional de propriedade.;2019-04-16;Sim;Não;
FLAVIO_BOLSONARO;136263;7740538;PEC 46/2019;PEC;46;2019;Altera o art. 37 da Constituição Federal, para determinar novo regramento ao provimento de cargos em comissão.;2019-04-09;Não;;
FLAVIO_BOLSONARO;136253;7740432;PL 2167/2019;PL;2167;2019;Altera os incisos III e VI do art. 21 da Lei nº 9.503, de 1997, que “Institui o Código de Trânsito Brasileiro” para disciplinar a aplicação das infrações e penalidades delas decorrentes por excesso de velocidade cometidas por veículos automotores, elétricos, reboques e semirreboques nas vias públicas somente quando aferidas por redutor eletrônico de velocidade fixo dotado de registro de velocidade em “display”, visíveis a distância segura mesmo em dias de visibilidade reduzida, sob pena de nulidade do ato administrativo correspondente.;2019-04-08;Sim;Não;
FLAVIO_BOLSONARO;137025;7758629;R.S 7/2019;R.S;7;2019;Requer apreciação do PLS 191/2017 pelo plenário.;2019-05-29;Não;;
FLAVIO_BOLSONARO;136918;7756612;PL 3071/2019;PL;3071;2019;Altera a Lei 13.756 de 2018 para incluir a Associação Brasileira Beneficente de Reabilitação -ABBR no destino da arrecadação das loterias.;2019-05-22;Sim;Não;
FLAVIO_BOLSONARO;138503;7797678;RQS 750/2019;RQS;750;2019;Voto de aplauso aos atletas da delegação brasileira e ao Comitê Paralímpico do Brasil.;2019-09-03;Não;;
FLAVIO_BOLSONARO;139628;7830951;PEC 183/2019;PEC;183;2019;Altera o art. 49 da Constituição Federal, para dispor sobre a aprovação prévia pelo Congresso Nacional de denúncia a tratado internacional.;2019-10-29;Não;;
FLAVIO_BOLSONARO;149150;8108106;PCE 6/2021;PCE;6;2021;Requer a abertura de procedimento disciplinar c/c inquérito em face do Senador Renan Calheiros, com fundamento nos arts. 17 e 20 da Resolução 20/1993 c/c os arts. 25 e 32, II, do Regimento Interno do Senado Federal.;2021-07-15;Sim;Não;
FLAVIO_BOLSONARO;151329;8184708;PL 4475/2021;PL;4475;2021;Altera o art. 329 do Decreto-Lei nº 2.848, de 7 de dezembro de 1940 (Código Penal), para estabelecer tipos penais qualificados para o crime de resistência.;2021-12-15;Sim;Não;
FLAVIO_BOLSONARO;151330;8184721;PL 4476/2021;PL;4476;2021;Altera o art. 218-A do Decreto-Lei nº 2.848, de 7 de dezembro de 1940 (Código Penal), para tipificar a conduta de submeter menor de 14 (catorze) anos a presenciar evento cultural ou artístico que contenha nudez ou simule atos de lascívia ou sexo explícito.;2021-12-15;Sim;Não;
FLAVIO_BOLSONARO;152628;8238435;PL 830/2022;PL;830;2022;"Altera a Lei nº 8.069, de 13 de julho de 1990 - Estatuto da Criança e do Adolescente, para aumentar as penas dos crimes previstos nos arts. 240, 241, 241-A a 241-D; bem como incluir a internet entre os possíveis meios de aliciamento, assédio, instigação ou constrangimento e, nesses casos, prever causa de aumento de pena para quem se vale de perfil em redes sociais para interagir com criança ou pratica abuso psicológico.";2022-04-05;Sim;Não;
FLAVIO_BOLSONARO;154003;8240846;RQS 541/2022;RQS;541;2022;Requeremos, nos termos do art. 58, § 3º, da Constituição Federal e dos arts. 74, III, e 145 do Regimento Interno do Senado Federal, a constituição de uma Comissão Parlamentar de Inquérito composta de 11 (onze) membros titulares e número de membros suplentes igual à metade dos titulares mais um, para, no prazo de 120 (cento e vinte) dias, com limite de despesas de R$ 110.000,00 (cento e dez mil reais), apurar eventual irregularidade e crimes na condução de obras e edificações, bem como responsabilidade de agentes e ex-agentes públicos relativamente às ações e omissões que resultaram na existência de obras públicas iniciadas e não-concluídas, no período de 2006 até o ano de 2018, e, ainda, possíveis irregularidades no Programa de Financiamento Estudantil - Fies, no mesmo período.;2022-04-07;Não;;
FLAVIO_BOLSONARO;152637;8239065;RQS 249/2022;RQS;249;2022;"Prorrogação da Comissão Temporária Externa destinada a Acompanhar ""in loco"" a situação do Município de Petrópolis/RJ, criada pelo RQS nº 90/2022.";2022-04-06;Não;;
FLAVIO_BOLSONARO;153211;8260541;RQS 364/2022;RQS;364;2022;Oitiva da Comissão Desenvolvimento Regional e Turismo sobre o  PLP nº 157/2021.;2022-05-24;Sim;Não;
FLAVIO_BOLSONARO;155896;8368815;RQS 71/2023;RQS;71;2023;Realização de sessão especial, em 18/05/2023, em alusão ao 18 de Maio: Dia Nacional de Combate ao Abuso e à Exploração Sexual de Crianças e Adolescentes.;2023-02-14;Não;;
FLAVIO_BOLSONARO;155530;8331332;RQN 145/2022;RQN;145;2022;Retirada do RQN nº 140/2022.;2022-12-15;Sim;Não;
FLAVIO_BOLSONARO;156670;8393503;RQS 281/2023;RQS;281;2023;Desarquivamento das seguintes proposições: PLS 326/2016, PLC 75/2018 e PLS 168/2018.;2023-03-22;Não;;
FLAVIO_BOLSONARO;156461;8396127;REQ 98/2023 - CDIR;REQ;98;2023;Requer licença dias 16/03 e 23/03, cumprimento de agendas em meu Estado.;2023-03-23;Sim;Não;
FLAVIO_BOLSONARO;160237;8552349;REQ 549/2023 - CDIR;REQ;549;2023;Requer licença para desempenhar missão política ou cultural de interesse parlamentar, sem ônus para o Senado Federal, no Estado do Rio de Janeiro, em 27/09/2023.;2023-09-28;Sim;Não;
FLAVIO_BOLSONARO;160148;8548483;PEC 48/2023;PEC;48;2023;Altera o §1º do art. 231 da Constituição Federal para definir marco temporal de demarcação das terras tradicionalmente ocupadas pelos povos indígenas.;2023-09-21;Não;;
FLAVIO_BOLSONARO;160430;8564228;RQS 896/2023;RQS;896;2023;Requer inserção em ata de voto de solidariedade ao Estado de Israel e, ao mesmo tempo, de repúdio ao ataque do Hamas sofrido desde o dia 07 de outubro de 2023.;2023-10-10;Não;;
FLAVIO_BOLSONARO;162009;8620564;PEC 2/2024;PEC;2;2024;Altera o art. 49 da Constituição para conferir ao Congresso Nacional competência para sustar atos normativos do Poder Judiciário e Conselhos que extrapolem suas competências ou que invadam atribuições dos demais Poderes e instituições da República.;2024-02-08;Não;;
FLAVIO_BOLSONARO;162819;8639911;PEC 10/2024;PEC;10;2024;Modifica o art. 231 da Constituição Federal, para permitir aos índios produzir e comercializarem livremente sua produção e prever a obrigação da União de prestar-lhes auxílio técnico.;2024-03-27;Não;;
FLAVIO_BOLSONARO;163090;8639220;PRN 2/2024;PRN;2;2024;Altera o Regimento Comum do Congresso Nacional para ajustar o período de escolha do Líder da Minoria no Congresso Nacional.;2024-03-25;Não;;
FLAVIO_BOLSONARO;162695;8636804;RQS 186/2024;RQS;186;2024;Requer voto de louvor à Assembleia Legislativa do Espírito Santo pela soltura do Deputado Estadual Capitão Assumção.;2024-03-19;Não;;
FLAVIO_BOLSONARO;162681;8636397;RQS 183/2024;RQS;183;2024;Requer a inclusão em Ordem do Dia do PL 2099/2023.;2024-03-19;Não;;
FLAVIO_BOLSONARO;170019;8891345;RQS 625/2025;RQS;625;2025;Requer a retirada definitiva do Requerimento nº 603/2025.;2025-08-25;Sim;Não;
FLAVIO_BOLSONARO;166084;8747168;R.S 14/2024;R.S;14;2024;Recorre da decisão terminativa da Comissão de Educação e Cultura  sobre o Projeto de Lei nº 49/2015.;2024-11-12;Sim;Não;
FLAVIO_BOLSONARO;163802;8669047;RQS 369/2024;RQS;369;2024;Requer preferência para a votação da Emenda Substitutiva n° 23 em relação ao Substitutivo da CCJ.;2024-05-22;Sim;Não;
FLAVIO_BOLSONARO;169779;8876232;PL 3846/2025;PL;3846;2025;Dispõe sobre a isenção de cobrança de taxas de pouso, decolagem ou uso de infraestrutura rodoviária por aeronaves civis de uso público em missões oficiais de segurança pública, saúde e defesa civil.;2025-08-11;Sim;Não;
FLAVIO_BOLSONARO;164919;8705604;PEC 30/2024;PEC;30;2024;Inclui parágrafo único ao art. 133 da Constituição Federal, a fim de assegurar ao advogado o direito de sustentação oral em qualquer sessão de julgamento, perante tribunais de qualquer natureza.;2024-08-07;Não;;
FLAVIO_BOLSONARO;166565;8771508;PEC 49/2024;PEC;49;2024;Altera a Emenda Constitucional nº 132, de 20 de dezembro de 2023, que “altera o Sistema Tributário Nacional”;2024-12-11;Não;;
FLAVIO_BOLSONARO;165994;8744310;R.S 13/2024;R.S;13;2024;Recorre da decisão terminativa da Comissão de Educação e Cultura sobre o Projeto de Lei nº 49/2015.;2024-10-31;Não;;
FLAVIO_BOLSONARO;165851;8739428;PEC 40/2024;PEC;40;2024;Altera o art. 119 da Constituição Federal, para disciplinar a composição do Tribunal Superior Eleitoral.;2024-10-21;Não;;
FLAVIO_BOLSONARO;168889;8841485;REQ 333/2025 - CDIR;REQ;333;2025;Requer licença para desempenhar missão oficial, sem ônus para o Senado Federal, a fim de participar da Segunda Conferência Parlamentar sobre o Diálogo Inter-religioso, em Roma, na Itália.;2025-05-30;Sim;Não;
FLAVIO_BOLSONARO;172819;8999012;REQ 32/2026 - CDIR;REQ;32;2026;Requer licença para desempenhar missão política ou cultural de interesse parlamentar, nos termos dos arts. 13 e 215, I, “b”, do Regimento Interno do Senado Federal.;2026-02-26;Sim;Não;
FLAVIO_BOLSONARO;172758;8996378;RQS 106/2026;RQS;106;2026;Requer a realização de Sessão de Debates Temáticos a fim de dialogar com a pesquisadora Tatiana Coelho de Sampaio, professora da Universidade Federal do Rio de Janeiro (UFRJ), acerca de sua atuação pioneira no desenvolvimento da polilaminina, substância com resultados promissores na recuperação de movimentos em pessoas com lesão medular, bem como sobre os desafios que impactam a continuidade da pesquisa, o processo de registro sanitário e a preservação da propriedade intelectual.;2026-02-24;Não;;
FLAVIO_BOLSONARO;145243;7996020;RQS 2553/2020;RQS;2553;2020;Inserção em ata de voto de pesar pelo falecimento do comandante e policial civil Renato de Oliveira de Souza, piloto do helicóptero da Força Nacional que caiu no Pantanal mato-grossense, em Poconé, no dia 8 de outubro, bem como a apresentação de condolências a seus familiares.;2020-10-27;Não;;
FLAVIO_BOLSONARO;145257;7996260;RQS 2567/2020;RQS;2567;2020;Adição de assinatura ao RQS nº 2553/2020.;2020-10-27;Sim;Não;
FLAVIO_BOLSONARO;151817;8202002;REQ 39/2022 - CDIR;REQ;39;2022;Requer licença ante a ausência SDR em 17 de fevereiro de 2022.;2022-02-17;Sim;Não;
FLAVIO_BOLSONARO;155471;8329085;PEC 40/2022;PEC;40;2022;Altera a redação do parágrafo único do art. 101 da Constituição Federal para vedar manifestação política por Ministros do Supremo Tribunal Federal.;2022-11-29;Não;;
FLAVIO_BOLSONARO;156196;8372517;RQS 162/2023;RQS;162;2023;Desarquivamento das seguintes Proposições: PLS nº 122/2015 - PLS nº 342/2015 - PEC nº 157/2015 - PLS  nº 52/2017 - PRS nº 17/2018 - PLS nº 214/2018 - PL nº 3178/2019 - PL nº 5790/2019  e - PLP nº 22/2020.;2023-02-27;Não;;
FLAVIO_BOLSONARO;158629;8490784;R.S 5/2023;R.S;5;2023;Recurso interposto nos termos do art. 91, §3º, para que o PL 5245, de 2020, seja apreciado pelo Plenário.;2023-07-05;Não;;
FLAVIO_BOLSONARO;159966;8540424;PEC 43/2023;PEC;43;2023;Modifica o art. 95 da Constituição Federal, para dispor sobre a vedação dos magistrados de atuar em processos patrocinados direta ou indiretamente por cônjuges, companheiros ou parentes até o segundo grau.;2023-09-14;Não;;
FLAVIO_BOLSONARO;159994;8541692;REQ 160/2023 - CAE;REQ;160;2023;Requer a criação da Subcomissão Municipalista no âmbito da Comissão de Assuntos Econômicos (CAE).;2023-09-15;Não;;
FLAVIO_BOLSONARO;161721;8609046;PL 6131/2023;PL;6131;2023;Altera os arts. 155 e 157 do Decreto-Lei nº 2.848, de 07 de dezembro de 1940 (Código Penal), para dispor sobre os crimes de furto e roubo praticados com a finalidade de a vítima ceder o uso de seu aparelho celular.;2023-12-20;Sim;Não;
FLAVIO_BOLSONARO;162066;8622050;RQS 66/2024;RQS;66;2024;Requer a realização de Sessão de Debates Temáticos destinada a discutir o objeto da Proposta de Emenda Constitucional (PEC) 42/2023, que trata das condições de elegibilidade por militares da ativa das Forças Armadas.;2024-02-19;Não;;
FLAVIO_BOLSONARO;166887;8780865;PEC 53/2024;PEC;53;2024;Dá nova redação à alínea “d” do inciso XXXVIII do art. 5º da Constituição Federal para excetuar da competência do Tribunal do Júri os crimes dolosos contra a vida praticados por integrantes de associação criminosa, milícia privada e organização criminosa.;2024-12-19;Sim;Não;
FLAVIO_BOLSONARO;168736;8834813;PEC 26/2025;PEC;26;2025;Altera os arts. 167 e 218, da Constituição Federal, para prever a vedação a medidas de limitação de empenho de despesas financiadas pelo Fundo Nacional de Desenvolvimento Científico e Tecnológico - FNDCT.;2025-05-22;Não;;
FLAVIO_BOLSONARO;171207;8937832;RQS 792/2025;RQS;792;2025;Requer voto de aplauso ao Presidente dos Estados Unidos da América, Sr. Donald Trump, em reconhecimento ao seu papel decisivo como mediador no acordo de cessar-fogo para a Faixa de Gaza, formalizado durante cúpula de líderes de Estado e de Governo em Sharm el-Sheikh, no Egito.;2025-10-23;Não;;
FLAVIO_BOLSONARO;163215;8651940;RQS 268/2024;RQS;268;2024;Requer a constituição de uma Comissão Temporária Externa composta de 11 (onze) membros titulares para, no prazo de 120 (cento e vinte) dias, acompanhar investigação da Câmara dos Representantes dos Estados Unidos da América (United States House of Representatives) sobre denúncias oferecidas pelo empresário Elon Musk e a empresa X (antigo Twitter) acerca de possíveis violações de preceitos fundamentais da Constituição Federal e de ameaças a direitos e garantias individuais que estariam tendo lugar em nosso país.;2024-04-24;Não;;
FLAVIO_BOLSONARO;172250;8982410;REQ 789/2025 - CDIR;REQ;789;2025;Requer licença para desempenhar missão oficial, a fim de participar da International Conference on Combating Antisemitism - Generation of Truth, em Jerusalém, Israel, e de Missões Oficiais em Manama, Reino do Bahrein, e em Abu Dhabi, Emirados Árabes Unidos.;2025-12-22;Sim;Não;
FLAVIO_BOLSONARO;175275;9088665;REQ 294/2026 - CDIR;REQ;294;2026;Requer licença para desempenhar missão oficial, a fim de participar da audiência referente à Investigação da Seção 301, na Comissão de Comércio Internacional dos Estados Unidos (U.S. International Trade Commission – ITC), em Washington, DC, Estados Unidos da América, sem ônus para o Senado Federal.;2026-07-27;Sim;Não;
FLAVIO_BOLSONARO;135719;7728643;PEC 15/2019;PEC;15;2019;Prescreve a inimputabilidade penal dos menores de dezesseis anos e estabelece as condições para a imputabilidade dos maiores de quinze e menores de dezoito anos.;2019-03-14;Não;;
FLAVIO_BOLSONARO;135767;7729825;RQS 147/2019;RQS;147;2019;Desarquivamento do PLC 72/2012.;2019-03-18;Não;;
FLAVIO_BOLSONARO;135718;7728634;PEC 18/2019;PEC;18;2019;Modifica o caput do art. 27 da Constituição Federal, que dispõe sobre a representação nas Assembléias Legislativas, e dá outras providências.;2019-03-14;Não;;
FLAVIO_BOLSONARO;137805;7781036;R.S 12/2019;R.S;12;2019;Requer apreciação do PLS 769/2015 pelo plenário.;2019-07-16;Não;;
FLAVIO_BOLSONARO;154973;8311799;RQS 704/2022;RQS;704;2022;Urgência para o PDL 371/2022, nos termos dos arts. 336, III, e 338, III, do Regimento Interno do Senado Federal,.;2022-10-25;Não;;
FLAVIO_BOLSONARO;157272;8442573;RQS 411/2023;RQS;411;2023;Requer a realização de Sessão Especial a fim de comemorar o aniversário de 165 anos da polícia militar de Goiás.;2023-05-04;Não;;
FLAVIO_BOLSONARO;158094;8472161;REQ 27/2023 - CSP;REQ;27;2023;Requer que sejam prestadas, pela Exma. Sra. Presidente do Conselho Nacional de Justiça, Ministra Rosa Weber, informações sobre o número de pessoas que se encontram cumprindo pena pelos crimes descritos na Lei nº 13.142 de 2015.;2023-06-13;Sim;Não;
FLAVIO_BOLSONARO;159321;8520848;RQS 736/2023;RQS;736;2023;Requer Homenagem de pesar pelo falecimento de Osvaldo Arns.;2023-08-22;Não;;
FLAVIO_BOLSONARO;174857;9070532;REQ 262/2026 - CDIR;REQ;262;2026;Requeiro, nos termos do art. 43, II, do Regimento Interno do Senado Federal, em face do que dispõem os arts. 55, III, e 56, II, da Constituição Federal, licença para tratar de interesse particular, sem remuneração, de 28/06/2026 a 30/06/2026.;2026-06-23;Sim;Não;
FLAVIO_BOLSONARO;170684;8923160;REQ 24/2025 - CSP;REQ;24;2025;Requer, nos termos do art. 58, § 2º, II, da Constituição Federal e do art. 93, II, do Regimento Interno do Senado Federal, que na Audiência Pública objeto do REQ 25/2024 - CSP seja incluído o seguinte convidado: o Senhor Fernando Cezar Jorge Hakme, Assessor Especial do Governador do Estado do Rio de Janeiro/RJ.;2025-09-30;Sim;Não;
FLAVIO_BOLSONARO;174562;9062832;REQ 243/2026 - CDIR;REQ;243;2026;Requer licença na data informada.;2026-06-11;Sim;Não;
FLAVIO_BOLSONARO;155428;8328281;REQ 44/2022 - CAE;REQ;44;2022;Requer adição de assinatura ao requerimento registrado no SEDOL nº SF/22255.21875-70, de autoria do Senador Carlos Portinho.;2022-12-14;Sim;Não;
FLAVIO_BOLSONARO;156325;8388327;RQS 202/2023;RQS;202;2023;Realização de sessão especial, no dia 16/05/2023, com a finalidade de celebrar os 75 anos da criação do Estado de Israel.;2023-03-16;Não;;
FLAVIO_BOLSONARO;159325;8520995;PEC 39/2023;PEC;39;2023;Altera a Constituição Federal, para disciplinar a tramitação de projetos de resolução referentes ao regimento interno das Casas Legislativas.;2023-08-22;Não;;
FLAVIO_BOLSONARO;170543;8916262;REQ 21/2025 - CSP;REQ;21;2025;Requer, nos termos do art. 58, § 2º, II, da Constituição Federal e do art. 93, II, do Regimento Interno do Senado Federal, que na audiência pública objeto do REQ 25/2024 - CSP seja incluído o convidado Sr. Alexandre Magno Neves, Assessor da Coordenação da COOVANT/GSI-RJ.;2025-09-18;Sim;Não;
FLAVIO_BOLSONARO;165981;8743817;PRS 48/2024;PRS;48;2024;Institui a Frente Parlamentar de Apoio à Cibersegurança e à Defesa Cibernética.;2024-10-30;Não;;
FLAVIO_BOLSONARO;163809;8669326;RQS 372/2024;RQS;372;2024;Requer a oitiva da Comissão de Segurança Pública sobre o Projeto de Lei nº 2.885/2022.;2024-05-23;Sim;Não;
FLAVIO_BOLSONARO;136262;7740515;PL 2175/2019;PL;2175;2019;Altera o Código Penal para prever agravamento de pena em razão do emprego de brinquedos, réplicas e simulacros de armas de fogo.;2019-04-09;Sim;Não;
FLAVIO_BOLSONARO;151550;8192978;R.S 5/2021;R.S;5;2021;Apreciação, pelo Plenário do Senado Federal, do PLS 172/2014, deliberado terminativamente pela Comissão de Assuntos Sociais.;2021-12-16;Não;;
FLAVIO_BOLSONARO;170023;8891405;RQS 628/2025;RQS;628;2025;Requer a retirada definitiva do Requerimento nº 607/2025.;2025-08-25;Sim;Não;
FLAVIO_BOLSONARO;140877;7871066;RQS 98/2020;RQS;98;2020;Realização de sessão especial, em 26/03/2010, destinada  comemorar os 35 anos de criação do Ministério da Ciência e Tecnologia.;2020-03-03;Não;;
FLAVIO_BOLSONARO;150590;8158222;RQS 2210/2021;RQS;2210;2021;Realização de Sessão de Debate Temático para debater o Projeto de Lei n° 6539/2019.;2021-10-28;Não;;
FLAVIO_BOLSONARO;152324;8228984;RQS 216/2022;RQS;216;2022;Requer audiência da Comissão de Desenvolvimento Regional e Turismo sobre o PLS 420/2013.;2022-03-22;Sim;Não;
FLAVIO_BOLSONARO;155089;8315081;RQS 731/2022;RQS;731;2022;Requeiro, com fundamento no art. 154, inciso IV e § 7° do Regimento Interno do Senado Federal, que o Excelentíssimo Senhor Alexandre de Moraes, ministro do Supremo Tribunal Federal (STF) e presidente do Tribunal Superior Eleitoral (TSE), seja respeitosamente convidado a comparecer a sessão do Plenário do Senado Federal, a fim de esclarecer aos senadores, questões atinentes às Eleições Gerais de 2022.;2022-11-09;Não;;
FLAVIO_BOLSONARO;156676;8408089;RQS 284/2023;RQS;284;2023;Oitiva da Comissão de Desenvolvimento Regional e Turismo sobre o PL nº 877/2022.;2023-04-03;Sim;Não;
FLAVIO_BOLSONARO;157885;8465858;RQS 541/2023;RQS;541;2023;Requer Voto de Repúdio ao Presidente da Venezuela, Nicolás Maduro;2023-06-01;Não;;
FLAVIO_BOLSONARO;163929;8674414;REQ 12/2024 - CDR;REQ;12;2024;Requer, nos termos dos arts. 336, II, e 338, IV, do Regimento Interno do Senado Federal, urgência para o PL 1829/2019.;2024-06-04;Sim;Não;
FLAVIO_BOLSONARO;167313;8796286;PDL 96/2025;PDL;96;2025;Susta os efeitos a Portaria MAPA/SDA Nº 1179, de 05 setembro de 2024 e a Portaria SDA/MAPA Nº 1.244, de 18 de fevereiro de 2025.;2025-02-21;Sim;Não;
FLAVIO_BOLSONARO;140825;7869973;R.S 5/2020;R.S;5;2020;Solicitamos, nos termos do art. 58, § 2º, I da Constituição Federal e do art. 91, § 3º do Regimento Interno do Senado Federal, que o PL 5833/2019, que dispõe sobre o serviço de retransmissão de televisão e altera a Lei nº 4.117, de 27 de agosto de 1962,que institui o Código Brasileiro de Telecomunicações, para estabelecer a obrigatoriedade da retransmissão diária de informações oficiais dos Poderes da República pelos canais de televisão aberta, deliberado terminativamente pela Comissão de Ciência, Tecnologia,Inovação, Comunicação e Informática, seja apreciado pelo Plenário do Senado Federal.;2020-02-21;Não;;
FLAVIO_BOLSONARO;145326;7997208;RQS 2621/2020;RQS;2621;2020;Voto de repúdio ao advogado Cláudio Gastão da Rosa Filho, ao Juiz Rudson Marcos e ao Promotor de Justiça Thiago Carriço de Oliveira, por distorcerem fatos de um crime de estupro, expondo a vítima a sofrimento e humilhação.;2020-11-03;Não;;
FLAVIO_BOLSONARO;149828;8139418;REQ 305/2021 - CDIR;REQ;305;2021;Requer ...a licença ou o acatamento da presença justificativa de ausência da Sessão Deliberativa Remota no dia 25/08/2021;2021-09-15;Sim;Não;
FLAVIO_BOLSONARO;168041;8815148;PEC 16/2025;PEC;16;2025;Altera o art. 144 da Constituição Federal, para adicionar os órgãos do sistema socioeducativo no rol dos órgãos de segurança pública.;2025-04-09;Não;;
FLAVIO_BOLSONARO;169164;8849716;REQ 389/2025 - CDIR;REQ;389;2025;Requer, nos termos do art. 43, II, do RISF, em face do que dispõem os arts.55, III e 56, II da CF, licença para tratar de interesse particular, sem remuneração, de 27/05/2025 a 28/05/2025.;2025-06-17;Sim;Não;
FLAVIO_BOLSONARO;174931;9076465;REQ 267/2026 - CDIR;REQ;267;2026;Requer licença para desempenhar missão oficial, a fim de participar da audiência referente à Investigação da Seção 301, na Comissão de Comércio Internacional dos Estados Unidos (U.S. International Trade Commission – ITC), em Washington DC, ESTADOS UNIDOS, sem ônus para o Senado Federal.;2026-07-02;Sim;Não;
FLAVIO_BOLSONARO;148606;8085156;RQS 1601/2021;RQS;1601;2021;Realização, em data oportuna, de sessão de debates temáticos, para discussão do Projeto de Lei nº 872, de 2021.;2021-05-26;Não;;
FLAVIO_BOLSONARO;152321;8228969;RQS 213/2022;RQS;213;2022;Oitiva da Comissão de Desenvolvimento Regional e Turismo sobre o PLS nº 418/2013.;2022-03-22;Sim;Não;
FLAVIO_BOLSONARO;153484;8269772;REQ 278/2022 - CDIR;REQ;278;2022;Requer licença na data assinalada.;2022-06-08;Sim;Não;
FLAVIO_BOLSONARO;156581;8403380;PEC 14/2023;PEC;14;2023;Dispõe sobre a atualização monetária dos repasses de recursos federais aos Municípios.;2023-03-29;Não;;
FLAVIO_BOLSONARO;158007;8469743;RQS 556/2023;RQS;556;2023;Requer, nos termos dos arts. 336, III, e 338, III, do Regimento Interno do Senado Federal, urgência para o PL 2903/2023.;2023-06-06;Não;;
FLAVIO_BOLSONARO;160011;8542259;PEC 45/2023;PEC;45;2023;Altera o art. 5º da Constituição Federal, para prever como mandado de criminalização a posse e o porte de entorpecentes e drogas afins sem autorização ou em desacordo com determinação legal ou regulamentar.;2023-09-15;Não;;
FLAVIO_BOLSONARO;161269;8593552;PEC 65/2023;PEC;65;2023;Dispõe sobre o regime jurídico aplicável ao Banco Central.;2023-11-27;Não;;
FLAVIO_BOLSONARO;171423;8946299;PL 5593/2025;PL;5593;2025;Altera o Decreto-Lei nº 2.848, de 7 de dezembro de 1940 (Código Penal), para incluir expressamente o advogado como sujeito passivo na qualificadora do homicídio.;2025-11-03;Sim;Não;
FLAVIO_BOLSONARO;171375;8944366;RQS 805/2025;RQS;805;2025;Requer voto de pesar pelo falecimento do Policial Civil Rodrigo Velloso Cabral, lotado na 39ª Delegacia de Polícia da Pavuna, Rio de Janeiro/RJ.;2025-10-30;Não;;
FLAVIO_BOLSONARO;144243;7972887;REQ 141/2020 - CDIR;REQ;141;2020;Missão política de interesse parlamentar.;2020-08-19;Sim;Não;
FLAVIO_BOLSONARO;148902;8096833;PL 2326/2021;PL;2326;2021;Altera a Lei nº 8.078, de 11 de setembro de 1990, para estabelecer parâmetros na oferta de produtos e serviços ao consumidor.;2021-06-25;Sim;Não;
FLAVIO_BOLSONARO;148943;8098508;REQ 179/2021 - CDIR;REQ;179;2021;Requeiro, nos termos dos arts. 13 e 215, I, “b”, do Regimento Interno do Senado Federal, em face do que dispõe o art. 55, III, da Constituição Federal. licença para desempenhar missão política ou cultural de interesse parlamentar, sem ônus para o Senado Federal, em 29/06/2021.;2021-06-30;Sim;Não;
FLAVIO_BOLSONARO;161581;8604111;RQS 1106/2023;RQS;1106;2023;Requer voto de Repúdio ao Presidente Lula, pelas afirmações proferidas durante sua participação na Conferência da ONU sobre Mudanças Climáticas (COP 28).;2023-12-13;Não;;
FLAVIO_BOLSONARO;165046;8709541;RQS 579/2024;RQS;579;2024;Requer calendário especial para a Proposta de Emenda à Constituição nº 26/2022.;2024-08-14;Não;;
FLAVIO_BOLSONARO;139272;7822457;RQS 887/2019;RQS;887;2019;Realização de sessão especial, em 27 de novembro próximo, destinada a comemorar os 25 anos da Advocacia do Senado Federal.;2019-10-09;Não;;
FLAVIO_BOLSONARO;156697;8363383;RQS 292/2023;RQS;292;2023;Criação de Comissão Parlamentar de Inquérito, para apurar fatos relacionados às organizações não-governamentais (ONGs) e às organizações da sociedade civil de interesse público (OSCIPs).;2023-02-06;Não;;
FLAVIO_BOLSONARO;156334;8389259;REQ 11/2023 - CAE;REQ;11;2023;Requeiro, nos termos do art. 58, § 2º, II, da Constituição Federal e do art. 93, II, do Regimento Interno do Senado Federal, a realização de audiência pública, com o objetivo de dialogar acerca da dispensa de forma unilateral, vistos de visita, a Comunidade da Austrália, do Canada, Dos Estados Unidos da América e do Japão.;2023-03-17;Sim;Não;
FLAVIO_BOLSONARO;166999;8786193;PEC 1/2025;PEC;1;2025;Altera a Constituição Federal para garantir que os recursos transferidos pela União ao Fundo Constitucional do Distrito Federal (FCDF) sejam corrigidos anualmente pela variação da receita corrente líquida (RCL) da União.;2025-01-10;Não;;
FLAVIO_BOLSONARO;170939;8930740;RQS 765/2025;RQS;765;2025;Requer a realização de Sessão Especial destinada a homenagear Sra. Maria Corina Machado, agraciada com o Prêmio Nobel da Paz de 2025.;2025-10-14;Não;;
FLAVIO_BOLSONARO;161755;8609795;PEC 70/2023;PEC;70;2023;Altera o Ato das Disposições Constitucionais Transitórias para conceder anistia aos envolvidos nos atos de 8 de janeiro de 2023 e restaurar os direitos políticos dos cidadãos declarados inelegíveis em face de atos relacionados às Eleições de 2022.;2023-12-20;Não;;
FLAVIO_BOLSONARO;165580;8731382;REQ 611/2024 - CDIR;REQ;611;2024;Requer licença na data de 18/09/2024.;2024-09-30;Sim;Não;
FLAVIO_BOLSONARO;163360;8656470;R.S 2/2024;R.S;2;2024;Solicita que a Emenda 25-U ao PLP 233/2023 seja apreciada em Plenário.;2024-05-07;Não;;
FLAVIO_BOLSONARO;169982;8876987;RQS 619/2025;RQS;619;2025;"Requer criação de Comissão Parlamentar de Inquérito, composta de 8 membros titulares e 5 membros suplentes, para, no prazo de 120 dias, apurar fatos relacionados à atuação de influenciadores digitais e plataformas de redes sociais na promoção e disseminação de conteúdos que sexualizam crianças e adolescentes; investigar a relação entre o conteúdo exposto por influenciadores como Hytalo Santos e a potencial exploração sexual de menores; e examinar a efetividade das políticas de proteção à infância no ambiente digital e a resposta das autoridades competentes às denúncias de pedofilia e abuso online.";2025-08-12;Não;;
FLAVIO_BOLSONARO;171424;8946400;PL 5594/2025;PL;5594;2025;Altera o Decreto-Lei nº 2.848, de 7 de dezembro de 1940 (Código Penal), para agravar as penas do crime de atentado contra a segurança de transporte marítimo, fluvial ou aéreo, prever formas qualificadas quando da ocorrência de resultado lesivo e aperfeiçoar a modalidade culposa.;2025-11-03;Sim;Não;
FLAVIO_BOLSONARO;136024;7735043;RQS 210/2019;RQS;210;2019;Desarquivamento dos PLS 86/2014 e PLS 324/2014.;2019-03-28;Não;;
FLAVIO_BOLSONARO;139116;7818807;PEC 156/2019;PEC;156;2019;Dispõe sobre a instituição de regimes próprios de previdência social.;2019-10-02;Não;;
FLAVIO_BOLSONARO;155808;8360649;RQS 41/2023;RQS;41;2023;Desarquivamento das seguintes proposições: PRS 10/2016, PLS 183/2016, PLS 277/2016, PLS 275/2016, PLS 279/2016, PEC 34/2016, PLS 316/2016, PLS 444/2016, PLS 29/2017, PLS 170/2017, PLS 171/2017, PLS 187/2017, PLS 211/2017, PLS 266/2017, PLS 265/2017, PLS 262/2017, PLS 263/2017, PLS 300/2017, PLS 338/2017, PLS 339/2017, PEC 36/2017, PFS 2/2017, PLS 469/2017, PLS 509/2017, PLS 225/2018, PEC 10/2018, PLS 335/2018, PDS 139/2018, PLS 461/2018, PLS 460/2018, PLS 294/2016, PLS 26/2015, PLS 67/2015, PLS 69/2015, PLS 65/2015, PLS 66/2015, PLS 63/2015, PLS 73/2015, PLS 71/2015, PLS 64/2015, PLS 219/2015, PLS 278/2015, PLS 322/2015, PLS 354/2015, PLS 412/2015, PLS 506/2015, PLS 510/2015, PLS 528/2015, PRS 42/2015, PLS 703/2015, PLS 704/2015, PLS 758/2015, PLS 72/2015, PLS 279/2015.;2023-02-02;Não;;
FLAVIO_BOLSONARO;156667;8407865;PEC 16/2023;PEC;16;2023;Altera o art. 173 da Constituição Federal para dispor sobre restrições à indicação para o Conselho de Administração e diretoria de empresa pública e sociedade de economia mista.;2023-03-20;Não;;
FLAVIO_BOLSONARO;157069;8432884;PL 2109/2023;PL;2109;2023;Altera o Código Penal para prever que o ato preparatório no crime de massa é punível em caso de crime que implique lesão ou morte de três ou mais pessoas.;2023-04-25;Sim;Não;
FLAVIO_BOLSONARO;160645;8571586;R.S 13/2023;R.S;13;2023;Requer apreciação pelo Plenário do Projeto de Lei nº 334/2023 - Substitutivo-CD.;2023-10-24;Não;;
FLAVIO_BOLSONARO;170485;8914030;PL 4597/2025;PL;4597;2025;"Altera o Decreto-Lei nº 2.848, de 7 de dezembro de 1940 (Código Penal), para incluir como qualificadora do crime de homicídio o uso de drones ou dispositivos remotos ou automatizados que dificultem ou impossibilitem a defesa da vítima; modifica a Lei nº 10.826, de 22 de dezembro de 2003 (Estatuto do Desarmamento), para agravar condutas relacionadas ao uso de armamento com drones ou tecnologia autônoma; e altera a Lei nº 11.343, de 23 de agosto de 2006 (Lei de Drogas), para aumentar a pena em casos de crimes cometidos com o emprego desses meios tecnológicos.";2025-09-16;Sim;Não;
FLAVIO_BOLSONARO;169536;8862735;RQS 549/2025;RQS;549;2025;Requer a oitiva da Comissão de Segurança Pública sobre o Projeto de Lei nº 4.104/2024.;2025-07-11;Sim;Não;
FLAVIO_BOLSONARO;172022;8973075;PDL 1165/2025;PDL;1165;2025;Susta o Decreto nº 12.774, de 09 de dezembro de 2025.;2025-12-10;Sim;Não;
FLAVIO_BOLSONARO;150717;8162116;REQ 487/2021 - CDIR;REQ;487;2021;Requer  Autorização para desempenho de Missão Parlamentar, a fim de participar da Comitiva Presidencial, ao Oriente Médio.;2021-11-09;Sim;Não;
FLAVIO_BOLSONARO;143500;7959411;REQ 106/2020 - CDIR;REQ;106;2020;Justificativa de ausência em SDR no dia 14/07/2020 em virtude de viagem e compromissos inerente à atividade parlamentar em sua base.;2020-07-16;Sim;Não;
FLAVIO_BOLSONARO;156310;8383060;RQS 197/2023;RQS;197;2023;Realização de Sessão Especial, no dia 26/05/2023, em alusão ao Dia Nacional da Adoção, instituído pela lei nº 10.447, de 9 de maio de 2002.;2023-03-10;Não;;
FLAVIO_BOLSONARO;156307;8383048;RQS 194/2023;RQS;194;2023;Realização de Sessão Especial, no dia 27/04/2023, em alusão ao Dia Nacional da Família na Escola, instituída em 2001 pelo Ministério da Educação (MEC).;2023-03-10;Não;;
FLAVIO_BOLSONARO;173320;9020150;PL 1400/2026;PL;1400;2026;Altera a Lei nº 11.340, de 7 de agosto de 2006, para autorizar a autoridade policial a conceder, em caráter imediato, medidas protetivas de urgência em casos de violência doméstica e familiar contra a mulher, e dispõe sobre o controle judicial subsequente.;2026-03-25;Sim;Não;
FLAVIO_BOLSONARO;137687;7798614;RQS 588/2019;RQS;588;2019;Oitiva da CAE sobre o PL 3110/2019.;2019-07-03;Sim;Não;
FLAVIO_BOLSONARO;138108;7788352;PEC 125/2019;PEC;125;2019;Altera o inciso VIII do art. 93 da Constituição Federal para vedar a aposentadoria compulsória como espécie de pena disciplinar aplicável aos magistrados.;2019-08-14;Não;;
FLAVIO_BOLSONARO;162284;8627868;PRN 1/2024;PRN;1;2024;Cria a Comissão Mista Permanente para Proteção de Dados, Inteligência Artificial e Segurança Cibernética (CMCIBER) e dá outras providências.;2024-02-29;Não;;
FLAVIO_BOLSONARO;165705;8735524;PEC 38/2024;PEC;38;2024;Altera o art. 49 da Constituição Federal para prever ser competência exclusiva do Poder Legislativo sustar atos normativos dos outros Poderes que exorbitem do poder regulamentar, dos limites de delegação legislativa ou de suas competências constitucionais.;2024-10-09;Não;;
FLAVIO_BOLSONARO;171534;8951169;PRS 50/2025;PRS;50;2025;Cria a Bancada Cristã do Senado Federal e dá outras providências.;2025-11-07;Não;;
FLAVIO_BOLSONARO;172371;8986181;REQ 9/2026 - CDIR;REQ;9;2026;Requer licença para desempenhar missão política ou cultural de interesse parlamentar, sem ônus para o Senado Federal, em Israel, Reino do Bahrein e Emirados Árabes Unidos.;2026-01-21;Sim;Não;
FLAVIO_BOLSONARO;138154;7788719;RQS 691/2019;RQS;691;2019;Oitiva da CAE sobre o PL 3134/2019.;2019-08-14;Sim;Não;
FLAVIO_BOLSONARO;155525;8331275;RQN 140/2022;RQN;140;2022;Destaque para votação em separado referente ao VET nº 41/2022.;2022-12-15;Sim;Não;
FLAVIO_BOLSONARO;156016;8366627;RQS 117/2023;RQS;117;2023;Desarquivamento das seguintes proposições, na forma do art. 332, § 1º, do Regimento Interno: PEC 32/2015, PEC 33/2015, PLS 172/2015, PLS 187/2015, PLC 119/2015, PLS 376/2015, PRS 24/2017, PRS 49/2017, PL 2980/2021, PL 3835/2021, PL 3836/2021, PL 3993/2021, PL 4076/2021, PL 4432/2021, PL 784/2020.;2023-02-09;Não;;
FLAVIO_BOLSONARO;156313;8383045;RQS 198/2023;RQS;198;2023;Realização de sessão especial, no dia 14/07/2023, em alusão ao Dia do Estatuto da Criança e do Adolescente.;2023-03-10;Não;;
FLAVIO_BOLSONARO;157131;8435447;RQN 1/2023;RQN;1;2023;Requer a criação de Comissão Parlamentar Mista de Inquérito, composta de 15 (quinze) Senadores e 15 (quinze) deputados, e igual número de suplentes, para, no prazo de 180 (cento e oitenta) dias, investigar os atos de ação e omissão ocorridos no dia 08 de janeiro de 2023 nas Sedes dos Três Poderes da República, em Brasília, nos termos dos arts. 58 da Constituição Federal e 21 do Regimento Comum do Congresso Nacional.;2023-04-27;Não;;
FLAVIO_BOLSONARO;157462;8451748;RQS 481/2023;RQS;481;2023;Requer, nos termos dos arts. 336, III, e 338, III, do Regimento Interno do Senado Federal, urgência para o PDL 98/2023.;2023-05-17;Não;;
FLAVIO_BOLSONARO;157777;8462409;RQS 521/2023;RQS;521;2023;Requer, nos termos do art. 199 do Regimento Interno do Senado Federal, a realização de Sessão Especial, no dia 02/10/2023, a fim de celebrar o Dia Internacional das Pessoas Idosas.;2023-05-30;Não;;
FLAVIO_BOLSONARO;160275;8555615;PRS 93/2023;PRS;93;2023;Institui a Frente Parlamentar Mista da Inteligência Artificial, Tecnologia da Informação, Segurança Cibernética e Combate à Desinformação (Frente Parlamentar da Segurança Digital).;2023-10-02;Não;;
FLAVIO_BOLSONARO;160506;8566102;REQ 599/2023 - CDIR;REQ;599;2023;Requer licença para desempenhar missão política ou cultural de interesse parlamentar, sem ônus para o Senado Federal, em Montevidéu (Uruguai), de 18/10/2023 a 23/10/2023.;2023-10-16;Sim;Não;
FLAVIO_BOLSONARO;166348;8759452;PEC 47/2024;PEC;47;2024;Altera o Art. 7º que define os direitos dos trabalhadores e o Art. 37 da Constituição Federal para definir que o teto remuneratório incide sobre as remunerações, subsídios, proventos, pensões, outras espécies remuneratórias e verbas de natureza indenizatória.;2024-12-04;Não;;
FLAVIO_BOLSONARO;162978;8644146;PEC 12/2024;PEC;12;2024;Acrescenta o art. 180-A à Constituição Federal, a fim de fomentar o setor turístico, e altera o inciso IV do art. 167, para garantir a destinação dos recursos que especifica.;2024-04-09;Não;;
FLAVIO_BOLSONARO;168142;8819104;REQ 13/2025 - CSP;REQ;13;2025;Requer que sejam prestadas, pelo Exmo. Sr. Ministro de Estado da Justiça e Segurança Pública, Ricardo Lewandowski, informações sobre a Concessão de Asilo Político à Sra. Nadine Heredia Alarcón, ex-primeira-dama da República do Peru e esposa do ex-presidente Ollanta Humala Tasso, condenada a 15 anos de prisão por lavagem de dinheiro em dois casos, um dos quais envolveu a construtora brasileira Odebrecht.;2025-04-22;Sim;Não;
FLAVIO_BOLSONARO;165920;8741511;PL 4082/2024;PL;4082;2024;Veda a concessão de liberdade provisória e aplicação de medidas cautelares diversas à prisão para presos em flagrante pela prática de crimes hediondos ou aqueles a ele equiparados.;2024-10-25;Sim;Não;
FLAVIO_BOLSONARO;171235;8939394;REQ 26/2025 - CSP;REQ;26;2025;Requer, nos termos do art. 58, § 2º, II, da Constituição Federal e do art. 93, II, do Regimento Interno do Senado Federal, a realização de audiência pública, com o objetivo de esclarecer fatos relacionados ao esquema de descontos fraudulentos em aposentadorias no âmbito do Instituto Nacional do Seguro Social(INSS).;2025-10-27;Não;;
FLAVIO_BOLSONARO;148071;8042214;RQS 1372/2021;RQS;1372;2021;Criação de CPI para apurar desvios de recursos destinados ao combate dos efeitos da Covid 19.;2021-03-02;Não;;
FLAVIO_BOLSONARO;151868;8203714;PCE 1/2022;PCE;1;2022;Requer abertura de procedimento disciplinar e inquérito em face do Senador Randolfe Rodrigues, com fundamento nos arts. 25 e 32 do Regimento Interno do Senado Federal e no art. 20 da Resolução do Senado Federal 20, de 1993.;2022-02-22;Sim;Não;
FLAVIO_BOLSONARO;155070;8314736;RQS 729/2022;RQS;729;2022;Destaque para votação em separado da Emenda nº 9-PLEN do PL nº 1998/2020.;2022-11-08;Sim;Não;
FLAVIO_BOLSONARO;155252;8321939;RQS 762/2022;RQS;762;2022;Retirada de tramitação do RQS nº 729/2022, de destaque, para votação em separado da Emenda nº 9-PLEN do PL nº 1998/2020.;2022-11-29;Sim;Não;
FLAVIO_BOLSONARO;155771;8363590;PCE 2/2023;PCE;2;2023;Requer instauração de processo disciplinar (Denúncia) em face do Senador Randolfe Rodrigues.;2023-02-06;Sim;Não;
FLAVIO_BOLSONARO;155978;8375211;PRS 19/2023;PRS;19;2023;Estabelece que as concessões de garantia pela União, direta ou indiretamente, em operações de crédito à exportação de valor superior a US$ 100 milhões (cem milhões de dólares dos Estados Unidos da América), deverão ser previamente autorizadas pelo Senado Federal.;2023-03-02;Sim;Não;
FLAVIO_BOLSONARO;156038;8379019;PRS 22/2023;PRS;22;2023;Altera o art. 216 do Regimento Interno do Senado Federal para fixar prazo para encaminhamento de requerimento de informações.;2023-03-07;Não;;
FLAVIO_BOLSONARO;156572;8376386;RQS 256/2023;RQS;256;2023;Desarquivamento do PLC nº 64/2016.;2023-03-03;Não;;
FLAVIO_BOLSONARO;166230;8753427;RQS 816/2024;RQS;816;2024;Requer voto de repúdio ao Carrefour pelas declarações do CEO do Carrefour, Alexandre Bompard, e do presidente da França, Emmanuel Macron.;2024-11-26;Não;;
FLAVIO_BOLSONARO;170741;8924619;R.S 6/2025;R.S;6;2025;Recorre da decisão terminativa da Comissão de Assuntos Econômicos sobre o Projeto de Lei nº 1.952/2019.;2025-10-01;Não;;
FLAVIO_BOLSONARO;163967;8675850;RQS 413/2024;RQS;413;2024;Requer realização de Sessão de Debates Temáticos destinada a discutir a regulamentação do uso da inteligência artificial no Brasil.;2024-06-05;Não;;
FLAVIO_BOLSONARO;165643;8733709;REQ 48/2024 - CSP;REQ;48;2024;Requer, nos termos do art. 312, II, do Regimento Interno do Senado Federal, destaque, para votação em separado, da Emenda nº 1 ao PL 16/2024, que “institui o Livro Nacional do Mérito na Segurança Pública e altera a Lei nº 13.675, de 11 de junho de 2018, que dispõe sobre a Política Nacional de Segurança Pública e Defesa Social (PNSPDS), e a Lei nº 13.756, de 12 de dezembro de 2018, que dispõe sobre o Fundo Nacional de Segurança Pública (FNSP), para dispor sobre mecanismos de reconhecimento e premiação aos profissionais de segurança pública e defesa social.;2024-10-08;Sim;Não;
FLAVIO_BOLSONARO;162279;8627835;PL 517/2024;PL;517;2024;Altera a Lei nº 14.597, de 14 de junho de 2023, que institui a Lei Geral do Esporte, para estabelecer medidas de proteção ao atleta profissional, deveres e responsabilidades das organizações esportivas, bem como definir o crime de violência física e moral contra o atleta profissional e dá outras providências.;2024-02-29;Sim;Não;
FLAVIO_BOLSONARO;171969;8970960;R.S 10/2025;R.S;10;2025;Recorre da decisão terminativa da Comissão de Assuntos Econômicos sobre o Projeto de Lei nº 5473/2025.;2025-12-09;Não;;
FLAVIO_BOLSONARO;171453;8948021;PL 5646/2025;PL;5646;2025;Altera a Lei nº 7.565, de 19 de dezembro de 1986 (Código Brasileiro de Aeronáutica), para dispor sobre a interceptação, neutralização e abate de Aeronaves Remotamente Pilotadas (ARP) por órgãos de segurança pública, bem como para regulamentar o emprego de Contramedidas Anti-Drones (CAD) no território nacional, em situações de ameaça à segurança pública, à vida humana ou à ordem nacional.;2025-11-04;Sim;Não;
FLAVIO_BOLSONARO;150245;8150773;PLP 157/2021;PLP;157;2021;Autoriza o Poder Executivo a criar a Região Administrativa Integrada de Desenvolvimento Sustentável da Costa Verde/RJ e o Programa Especial de Desenvolvimento do Polo Turístico, integrado pelos municípios de Angra dos Reis, Paraty e Mangaratiba.;2021-10-13;Sim;Não;
FLAVIO_BOLSONARO;150428;8153423;RQS 2177/2021;RQS;2177;2021;Realização de Sessão de Debates Temáticos, a ser realizada em data oportuna, com o objetivo de debater a PEC nº 110/2019, que trata da Reforma Tributária.;2021-10-20;Não;;
FLAVIO_BOLSONARO;173124;9013923;RQS 206/2026;RQS;206;2026;Requer a oitiva da Comissão de Direitos Humanos e Legislação Participativa sobre o Projeto de Lei nº 1029/2026 (Substitutivo-CD).;2026-03-18;Sim;Não;
FLAVIO_BOLSONARO;141305;7882501;PL 1174/2020;PL;1174;2020;Dispõe sobre a realização de Assembleias Gerais de Acionistas e Reuniões de Sócios com possibilidade de votação e participação a distância, por meio da rede mundial de computadores (internet) e do emprego de outras tecnologias, autoriza a utilização de mecanismos de registro eletrônico e dá outras providências;2020-03-30;Sim;Não;
FLAVIO_BOLSONARO;167281;8795663;REQ 1/2025 - CSP;REQ;1;2025;Requer, nos termos do art. 58, § 2º, II, da Constituição Federal e do art. 93, II, do Regimento Interno do Senado Federal, a inclusão de convidados na Audiência Pública objeto do REQ 20/2024 - CSP.;2025-02-19;Não;;
FLAVIO_BOLSONARO;142533;7926877;RQS 730/2020;RQS;730;2020;Adição de assinatura ao RQS nº 731/2020, de autoria do Senador Fernando Bezerra Coelho.;2020-06-16;Sim;Não;
FLAVIO_BOLSONARO;137181;7761798;PL 3358/2019;PL;3358;2019;"Altera a Lei nº 13.675, de 11 de junho de 2018, que disciplina a organização e o funcionamento dos órgãos responsáveis pela segurança pública, nos termos do § 7º do art. 144 da Constituição Federal; cria a Política Nacional de Segurança Pública e Defesa Social (PNSPDS); institui o Sistema Único de Segurança Pública (Susp); altera a Lei Complementar nº 79, de 7 de janeiro de 1994, a Lei nº 10.201, de 14 de fevereiro de 2001, e a Lei nº 11.530, de 24 de outubro de 2007; e revoga dispositivos da Lei nº 12.681, de 4 de julho de 2012.";2019-06-06;Não;;
FLAVIO_BOLSONARO;154645;8302361;REQ 421/2022 - CDIR;REQ;421;2022;Requer licença na data assinalada.;2022-08-31;Sim;Não;
FLAVIO_BOLSONARO;172720;8994791;RQS 90/2026;RQS;90;2026;Requer voto de aplauso ao Sr. Lucas Pinheiro Braathen, pela primeira medalha de ouro nas Olimpíadas de Inverno.;2026-02-23;Não;;
FLAVIO_BOLSONARO;173589;9031245;REQ 118/2026 - CDIR;REQ;118;2026;Requer licença para desempenhar missão política ou cultural de interesse parlamentar no dia 7/4/2026.;2026-04-10;Sim;Não;
FLAVIO_BOLSONARO;152859;8244797;RQS 299/2022;RQS;299;2022;Urgência para o PL nº 2486/2021.;2022-04-20;Não;;
FLAVIO_BOLSONARO;155883;8364682;RQS 65/2023;RQS;65;2023;Requer o desarquivamento do PLS nº 166/2018.;2023-02-08;Não;;
FLAVIO_BOLSONARO;158574;8488965;PEC 32/2023;PEC;32;2023;Altera o art. 62 da Constituição Federal, para dispor sobre o procedimento de apreciação de medidas provisórias pelo Congresso Nacional.;2023-07-04;Não;;
FLAVIO_BOLSONARO;160038;8543763;REQ 521/2023 - CDIR;REQ;521;2023;Requer licença para desempenhar missão oficial, em Madrid, Espanha, com ônus para o Senado Federal.;2023-09-18;Sim;Não;
FLAVIO_BOLSONARO;164635;8697410;RQS 516/2024;RQS;516;2024;Requer urgência para o Projeto de Lei nº 715/2023, nos termos dos arts. 336, III, e 338, III, do Regimento Interno do Senado Federal.;2024-07-09;Não;;
FLAVIO_BOLSONARO;166127;8749240;PEC 43/2024;PEC;43;2024;Altera o art. 166 da Constituição, para dispor sobre critérios de aprovação e execução das emendas às leis de natureza orçamentária.;2024-11-13;Não;;
FLAVIO_BOLSONARO;165511;8718704;RQS 654/2024;RQS;654;2024;Requer a prorrogação do prazo da Comissão Parlamentar de Inquérito da Manipulação de Jogos e Apostas Esportivas – CPIMJAE, por 90 dias.;2024-09-03;Não;;
FLAVIO_BOLSONARO;169361;8856916;RQS 500/2025;RQS;500;2025;Requer a realização de Sessão Especial destinada a celebrar os 40 anos do Programa Calha Norte.;2025-07-01;Não;;
FLAVIO_BOLSONARO;171372;8944299;RQS 803/2025;RQS;803;2025;Requer voto de pesar pelo falecimento do 3º Sargento da Polícia Militar Heber Carvalho da Fonseca, integrante do Batalhão de Operações Policiais Especiais (BOPE) do Estado do Rio de Janeiro/RJ.;2025-10-30;Não;;
FLAVIO_BOLSONARO;136027;7735099;PL 1867/2019;PL;1867;2019;Acrescenta o art. 320-B à Lei nº 9.503, de 23 de setembro de 1997, para limitar a remuneração de empresas prestadoras de serviços de instalação e manutenção de equipamentos de fiscalização eletrônica do trânsito em até 20% do montante aferido com a arrecadação de multas.;2019-03-28;Sim;Não;
FLAVIO_BOLSONARO;137428;7773114;PL 3713/2019;PL;3713;2019;Altera a Lei nº 10.826 de 22 de dezembro de 2003, que dispõe sobre registro, posse e comercialização de armas de fogo e munição, sobre o Sistema Nacional de Armas – Sinarm, define crimes e dá outras providências.;2019-06-25;Não;;
FLAVIO_BOLSONARO;152320;8228960;RQS 212/2022;RQS;212;2022;Requer a tramitação conjunta do PLS 418/2013 com o PLS 419/2013, o PLS 488/2013 e o PLS 420/2013.;2022-03-22;Sim;Não;
FLAVIO_BOLSONARO;155610;8254533;R.S 3/2022;R.S;3;2022;RQS Recurso Plenário PL 581-2019;2022-05-03;Não;;
FLAVIO_BOLSONARO;153531;8271107;PEC 16/2022;PEC;16;2022;Altera a Constituição Federal para estabelecer que a União prestará auxílio financeiro aos Estados e ao Distrito Federal, com o objetivo de compensar perdas de arrecadação decorrentes da redução das alíquotas relativas ao Imposto sobre Circulação de Mercadorias e sobre Prestações de Serviços de Transporte Interestadual e Intermunicipal e de Comunicação – ICMS, incidente sobre o óleo diesel combustível e o gás liquefeito de petróleo, derivado de petróleo e de gás natural.;2022-06-08;Não;;
FLAVIO_BOLSONARO;155676;8356604;RQS 3/2023;RQS;3;2023;Voto de Aplauso aos Policiais Legislativos pelo excelente trabalho em defesa da integridade do patrimônio público do Congresso Nacional, contra os ataques antidemocráticos aos Poderes da República, ocorrido em 08/01/2023.;2023-01-09;Não;;
FLAVIO_BOLSONARO;161820;8611954;PEC 72/2023;PEC;72;2023;Altera o art. 155 da Constituição Federal para conceder imunidade do Imposto sobre a Propriedade de Veículos Automotores a veículos terrestres de passageiros com vinte anos ou mais de fabricação.;2023-12-22;Não;;
FLAVIO_BOLSONARO;165292;8720944;PEC 33/2024;PEC;33;2024;Cria o Fundo Constitucional de Financiamento do Sul – FCS -, destinado a promover o desenvolvimento econômico e social da Região Sul do Brasil, com foco na recuperação econômica do Estado do Rio Grande do Sul, atingido por eventos climáticos reconhecidos pelo Decreto Legislativo nº 36, de 2024.;2024-09-04;Não;;
FLAVIO_BOLSONARO;171665;8957283;REQ 718/2025 - CDIR;REQ;718;2025;Requer licença para desempenhar missão oficial, a fim de promover intercâmbio de experiências e informações sobre políticas de segurança pública, sistema penitenciário e legislação penal, em El Salvador.;2025-11-17;Sim;Não;
FLAVIO_BOLSONARO;156657;8393661;RQS 280/2023;RQS;280;2023;Desarquivamento do PLS 376/2017 e do PLS 359/2017;2023-03-22;Não;;
FLAVIO_BOLSONARO;158997;8510765;RQS 697/2023;RQS;697;2023;Requer nos termos do art. 199 do Regimento Interno do Senado Federal, a realização de Sessão Especial, em setembro, a fim de celebrar os 120 anos das Igrejas Batistas no Estado do Espírito Santo.;2023-08-08;Não;;
FLAVIO_BOLSONARO;159924;8538765;PEC 40/2023;PEC;40;2023;Acrescenta o art. 124 ao Ato das Disposições Constitucionais Transitórias para aumentar temporariamente a parcela do produto da arrecadação dos impostos sobre renda e proventos de qualquer natureza e sobre produtos industrializados devida ao Fundo de Participação dos Municípios.;2023-09-12;Não;;
FLAVIO_BOLSONARO;160593;8569449;PEC 53/2023;PEC;53;2023;Altera o art. 159 da Constituição Federal para instituir compensação financeira em prol do Fundo de Participação dos Municípios no intuito de assegurar a esse Fundo participação percentual no produto interno bruto igual à observada no exercício de 2022.;2023-10-19;Não;;
FLAVIO_BOLSONARO;160965;8580674;RQS 1005/2023;RQS;1005;2023;Requer a realização de Sessão de Debate Temático destinado a discutir a real situação enfrentada pelo Estado de Israel no momento atual da guerra contra o Hamas.;2023-11-08;Não;;
FLAVIO_BOLSONARO;161698;8608398;PL 6106/2023;PL;6106;2023;Altera o Decreto-Lei nº 236, de 28 de fevereiro de 1967, para permitir a formação de cadeias e associações de concessionárias ou permissionárias dos serviços de radiodifusão sonora e de sons e imagens com a finalidade de estabelecer direção ou orientação única.;2023-12-19;Não;;
FLAVIO_BOLSONARO;163300;8655096;PEC 15/2024;PEC;15;2024;Autoriza regime extraordinário fiscal, financeiro e de contratações para atender necessidades decorrentes de calamidade pública ambiental regional ou local.;2024-05-06;Não;;
FLAVIO_BOLSONARO;169924;8881677;RQS 607/2025;RQS;607;2025;Requer a tramitação conjunta do Projeto de Lei nº 1473/2025 com o Projeto de Lei nº 2169/2019 (e demais matérias que tramitam em conjunto).;2025-08-15;Sim;Não;
FLAVIO_BOLSONARO;163364;8656615;R.S 3/2024;R.S;3;2024;Solicita que a Emenda 21-U ao PLP 233/2023 seja apreciada em Plenário.;2024-05-07;Não;;
FLAVIO_BOLSONARO;162140;8624231;RQS 91/2024;RQS;91;2024;Requer voto de solidariedade ao Estado de Israel e ao povo judeu em face das declarações distorcidas e cruéis do Presidente Lula.;2024-02-22;Não;;
FLAVIO_BOLSONARO;155891;8363396;RQS 68/2023;RQS;68;2023;Desarquivamento do Substitutivo da Câmara dos Deputados (SCD) nº 6/2016.;2023-02-06;Não;;
FLAVIO_BOLSONARO;174418;9057987;PL 2809/2026;PL;2809;2026;Altera a Lei nº 10.741, de 1º de outubro de 2003 (Estatuto do Idoso), para dispor sobre o apoio de equipe multidisciplinar nos processos judiciais que envolvam pessoa idosa.;2026-06-02;Sim;Não;
FLAVIO_BOLSONARO;135123;7713413;RQS 8/2019;RQS;8;2019;Desarquivamento do PLC 8/2013.;2019-02-06;Não;;
FLAVIO_BOLSONARO;135125;7953572;RQS 10/2019;RQS;10;2019;Desarquivamento do PLS 224/2016.;2019-02-06;Não;;
FLAVIO_BOLSONARO;135359;7719974;RQS 44/2019;RQS;44;2019;Adiamento da discussão do PLC 115/2018 para oitiva da Comissão de Constituição, Justiça e Cidadania.;2019-02-19;Não;;
FLAVIO_BOLSONARO;156915;8415827;RQS 323/2023;RQS;323;2023;Realização de sessão de debates temáticos, em data oportuna, a fim de debater a segurança nas escolas, tendo em conta o aumento da incidência de atos de violência contra membros de comunidades escolares, especialmente estudantes e professores, ao longo dos últimos anos.;2023-04-17;Não;;
FLAVIO_BOLSONARO;171377;8944408;RQS 806/2025;RQS;806;2025;Requer voto de pesar pelo falecimento do Comissário de Polícia Civil, o Sr. Marcus Vinícius Cardoso de Carvalho, da 53ª Delegacia de Polícia (DP) de Mesquita, Rio de Janeiro/RJ.;2025-10-30;Não;;
FLAVIO_BOLSONARO;135163;7717281;PEC 4/2019;PEC;4;2019;Altera a redação do art. 228 da Constituição Federal, para adequar a idade de inimputabilidade penal à nova realidade demográfica brasileira e combater a criminalidade.;2019-02-12;Não;;
FLAVIO_BOLSONARO;136400;7743597;RQS 298/2019;RQS;298;2019;Realização de Sessão Especial, no dia 03/06/2019, destinada a comemorar os 55 anos de fundação do Instituto Histórico e Geográfico do Distrito Federal.;2019-04-17;Não;;
FLAVIO_BOLSONARO;137883;7954302;RQS 631/2019;RQS;631;2019;Retirada do Projeto de Lei  3589/2019.;2019-07-08;Sim;Não;
FLAVIO_BOLSONARO;138153;7787977;RQS 690/2019;RQS;690;2019;Retirada do PL nº 2362, de 2019.;2019-08-14;Sim;Não;
FLAVIO_BOLSONARO;148615;8085569;REQ 132/2021 - CDIR;REQ;132;2021;Licença para desempenhar missão oficial, em Washington D.C e Nova York, nos Estados Unidos, com ônus para o Senado Federal, de 06 a 11 de junho de 2021.;2021-05-27;Sim;Não;
FLAVIO_BOLSONARO;155251;8321921;RQS 761/2022;RQS;761;2022;Destaque para votação em separado da Emenda nº 5-PLEN ao PL nº 1998/2020.;2022-11-29;Sim;Não;
FLAVIO_BOLSONARO;160083;8545103;PEC 46/2023;PEC;46;2023;Altera o inciso IV do art. 8º da Constituição Federal, para vedar, salvo prévia aquiescência individual dos membros das categorias profissionais e econômicas, a cobrança de contribuições de trabalhadores ou empregadores não filiados ao respectivo sindicato.;2023-09-19;Não;;
FLAVIO_BOLSONARO;167042;8784312;PDL 29/2025;PDL;29;2025;Susta o Decreto nº 12.341, de 23 de dezembro de 2024.;2025-01-07;Sim;Não;
FLAVIO_BOLSONARO;163663;8664217;PEC 18/2024;PEC;18;2024;Dá nova redação ao § 4º do art. 225 da Constituição Federal para incluir entre os patrimônios nacionais o Pantanal Sul-Mato-Grossense.;2024-05-15;Não;;
FLAVIO_BOLSONARO;135389;7953685;RQS 58/2019;RQS;58;2019;Desarquivamento do Projeto de Lei do Senado nº 194/2014.;2019-02-20;Não;;
FLAVIO_BOLSONARO;137697;7778446;RQS 599/2019;RQS;599;2019;Realização de sessão especial, em 9 de agosto próximo, destinada a homenagear a advocacia brasileira, na Semana do Advogado.;2019-07-09;Não;;
FLAVIO_BOLSONARO;149286;8113646;PL 2734/2021;PL;2734;2021;Altera a Lei nº 8.906, de 4 de julho de 1994, e a Lei nº 10.826, de 22 de dezembro de 2003, para conceder porte de arma de fogo aos advogados, para defesa pessoal.;2021-08-05;Sim;Não;
FLAVIO_BOLSONARO;155952;8373076;PEC 1/2023;PEC;1;2023;Altera os arts. 5º e 102 da Constituição Federal para reafirmar a proteção jurídica da coisa julgada.;2023-02-15;Não;;
FLAVIO_BOLSONARO;156424;8394295;PEC 10/2023;PEC;10;2023;Altera a Constituição Federal para instituir a parcela mensal de valorização por tempo de exercício dos magistrados e membros do Ministério Público.;2023-03-15;Não;;
FLAVIO_BOLSONARO;161570;8378975;PRN 2/2023;PRN;2;2023;Altera o Regimento Comum do Congresso Nacional para instituir a Liderança da Oposição no Congresso Nacional.;2023-03-07;Não;;
FLAVIO_BOLSONARO;158826;8498642;PDL 193/2023;PDL;193;2023;Susta os efeitos do Decreto nº 11.615, de 21 de julho de 2023, que regulamenta a Lei nº 10.826, de 22 de dezembro de 2003, para estabelecer regras e procedimentos relativos à aquisição, ao registro, à posse, ao porte, ao cadastro e à comercialização nacional de armas de fogo, munições e acessórios, disciplinar as atividades de caça excepcional, de caça de subsistência, de tiro desportivo e de colecionamento de armas de fogo, munições e acessórios, disciplinar o funcionamento das entidades de tiro desportivo e dispor sobre a estruturação do Sistema Nacional de Armas - Sinarm.;2023-07-25;Sim;Não;
FLAVIO_BOLSONARO;158333;8477968;PL 3165/2023;PL;3165;2023;Altera a Lei nº 9.503, de 23 de setembro de 1997 (Código de Trânsito Brasileiro), para modificar as regras sobre remoção de veículo em caso de estacionamento proibido.;2023-06-20;Sim;Não;
FLAVIO_BOLSONARO;169981;8571194;RQS 618/2025;RQS;618;2025;Requer, nos termos do art. 58, § 3º, da Constituição Federal e dos arts. 74, III, e 145 do Regimento Interno do Senado Federal, a constituição de uma Comissão Parlamentar de Inquérito, destinada a investigar as irregularidades e os crimes cometidos contra crianças e adolescentes no País.;2025-08-20;Não;;
FLAVIO_BOLSONARO;170061;8893538;PL 4244/2025;PL;4244;2025;"Altera a Lei 2.848, de 7 de setembro de 1940 (Código Penal), para incluir como circunstância agravante, a prática de crime na presença de criança ou adolescente; e altera a Lei 11.343 de 23 de agosto de 2006 (Lei de Drogas), para incluir causa de aumento de pena.";2025-08-27;Sim;Não;
FLAVIO_BOLSONARO;164256;8686484;RQS 468/2024;RQS;468;2024;Requer realização de Sessão de Debates Temáticos destinada a discutir a exploração de jogos e apostas em todo território nacional.;2024-06-19;Não;;
FLAVIO_BOLSONARO;170022;8891394;RQS 627/2025;RQS;627;2025;Requer a retirada definitiva do Requerimento nº 525/2025.;2025-08-25;Sim;Não;
FLAVIO_BOLSONARO;168834;8839624;PEC 27/2025;PEC;27;2025;Estabelece a improrrogabilidade das competências para julgar estabelecidas em função do cargo ou função, originárias ou por conexão, encerrando-se no momento dos términos do mandato ou do exercício do cargo ou função.;2025-05-28;Não;;
FLAVIO_BOLSONARO;171329;8943842;R.S 8/2025;R.S;8;2025;Recorre da decisão terminativa da Comissão de Constituição, Justiça e Cidadania sobre o Projeto de Lei nº 896/2023.;2025-10-30;Não;;
FLAVIO_BOLSONARO;151756;8200038;REQ 33/2022 - CDIR;REQ;33;2022;Requer licença para integrar comitiva dos dias 20/02/22 a 23/02/22.;2022-02-15;Sim;Não;
FLAVIO_BOLSONARO;136441;7744330;R.S 5/2019;R.S;5;2019;Recurso ao PLS 235/2018;2019-04-23;Não;;
FLAVIO_BOLSONARO;140268;7855709;PL 6479/2019;PL;6479;2019;Institui a região da Costa Verde, nos termos que especifica, como Área Especial de Interesse Turístico.;2019-12-17;Sim;Não;
FLAVIO_BOLSONARO;168431;8826041;PL 2159/2025;PL;2159;2025;Dispõe sobre a suspensão, por 6 (seis) meses, de todos os descontos de contribuições e mensalidades de associações e demais entidades de aposentados facultados por Lei e altera a Lei nº Lei nº 8.213, de 24 de julho de 1991, que “Dispõe sobre os Planos de Benefícios da Previdência Social e dá outras providências”;2025-05-07;Não;;
FLAVIO_BOLSONARO;160457;8564947;RQS 907/2023;RQS;907;2023;Requer, nos termos do art. 243 do RISF, adição de assinatura de apoiamento à PEC 51/2023.;2023-10-11;Sim;Não;
FLAVIO_BOLSONARO;161629;8605971;PL 6043/2023;PL;6043;2023;Altera a Lei 9.472, de 16 de julho de 1997, para tornar obrigatório o bloqueio do código IMEI (Identificação Internacional de Equipamento Móvel) a contar da realização de boletim de ocorrência ou de outro documento equivalente emitido por órgão policial nas hipóteses de furto, roubo ou extravio de aparelho de telefone celular.;2023-12-14;Sim;Não;
FLAVIO_BOLSONARO;167837;8809468;REQ 7/2025 - CSP;REQ;7;2025;Requer, nos termos do art. 58, § 2º, II, da Constituição Federal e do art. 93, II, do Regimento Interno do Senado Federal, que na Audiência Pública objeto do REQ 5/2025 - CSP, seja incluído o convidado Glenn Greenwald.;2025-04-01;Sim;Não;
FLAVIO_BOLSONARO;171124;8935591;RQS 785/2025;RQS;785;2025;Requer o desapensamento do Projeto de Lei nº 2171/2019 do Projeto de Lei do Senado nº 236/2012.;2025-10-21;Sim;Não;
FLAVIO_BOLSONARO;169922;8881644;RQS 603/2025;RQS;603;2025;Requer a oitiva da Comissão de Segurança Pública sobre o Projeto de Lei nº 1473/2025.;2025-08-15;Sim;Não;
FLAVIO_BOLSONARO;166918;8781581;RQS 989/2024;RQS;989;2024;Requer a realização de Sessão Especial destinada a celebrar o 65º aniversário de Brasília.;2024-12-20;Não;;
FLAVIO_BOLSONARO;171886;8966726;PEC 45/2025;PEC;45;2025;Modifica o processo de escolha dos Ministros do Supremo Tribunal Federal.;2025-12-02;Não;;
FLAVIO_BOLSONARO;137125;7760703;PEC 89/2019;PEC;89;2019;Modifica o art. 84 da Constituição Federal, para vedar indulto e comutação de penas nas situações que especifica.;2019-06-03;Não;;
FLAVIO_BOLSONARO;137330;7764940;PL 3589/2019;PL;3589;2019;Altera a Lei nº 5.991, de 17 de dezembro de 1973, que dispõe sobre o controle sanitário do comércio de drogas, medicamentos, insumos farmacêuticos e correlatos, e dá outras providências, para permitir a dispensação de medicamentos em todos os estabelecimentos comerciais.;2019-06-13;Sim;Não;
FLAVIO_BOLSONARO;140255;7855010;RQS 1135/2019;RQS;1135;2019;Autorização para desempenho de missão parlamentar, a fim de acompanhar a comitiva da Embratur em reuniões institucionais com o Carnival Group e a Royal Caribbean Internacional, em Miami, e com o Presidente e CEO do Las Vegas Sand Coorporation, Sheldon Adelson, em Las Vegas, nos Estados Unidos.;2019-12-17;Sim;Não;
FLAVIO_BOLSONARO;149715;8133871;R.S 2/2021;R.S;2;2021;Requer apreciação pelo Plenário do Projeto de Lei do Senado nº 338, de 2017.;2021-09-01;Não;;
FLAVIO_BOLSONARO;155344;8324834;REQ 8/2022 - CCJ;REQ;8;2022;Requeiro, nos termos do art. 93, I, do Regimento Interno do Senado Federal, a realização de audiência pública, com o objetivo de dialogar e qualificar o debate acerca da PEC 32/2022, que “altera o Ato das Disposições Constitucionais Transitórias para permitir a implementação do Programa Bolsa Família e definir regras para a transição da Presidência da República aplicáveis à Lei Orçamentária de 2023.;2022-12-05;Não;;
FLAVIO_BOLSONARO;156559;8372922;RQS 250/2023;RQS;250;2023;Desarquivamento dos PLSs nº 225/2015, nº 227/2015 e nº 411/2017.;2023-02-28;Não;;
FLAVIO_BOLSONARO;156478;8397043;R.S 1/2023;R.S;1;2023;Requer que o PL 746/2019 seja apreciado pelo Plenário do Senado Federal;2023-03-23;Não;;
FLAVIO_BOLSONARO;159788;8534176;RQS 786/2023;RQS;786;2023;Requer, nos termos dos arts. 336, III, e 338, III, do Regimento Interno do Senado Federal, urgência para o PRS 11/2019.;2023-09-06;Não;;
FLAVIO_BOLSONARO;170486;8914042;PL 4598/2025;PL;4598;2025;Altera o Decreto Lei 2.848, de 7 de dezembro de 1940 (Código Penal), para incluir como circunstância agravante, a prática de crime contra a pessoa com deficiência ou neurodivergente e para estender a causa de aumento de pena, tornando-a aplicável independentemente do local da prática do crime.;2025-09-16;Sim;Não;
FLAVIO_BOLSONARO;169904;8878504;PL 3980/2025;PL;3980;2025;Dispõe sobre a obrigatoriedade de cobertura integral e prioritária, no âmbito do Sistema Único de Saúde (SUS), de exames diagnósticos especializados para identificação precoce do Transtorno do Espectro Autista (TEA) e dá outras providências.;2025-08-13;Sim;Não;
FLAVIO_BOLSONARO;165567;8730961;PEC 36/2024;PEC;36;2024;Altera o art. 231 da Constituição Federal para garantir aos indígenas o direito de exercer quaisquer atividades produtivas nas suas terras e substitui o uso do termo “índios” por “indígenas”.;2024-09-26;Não;;
FLAVIO_BOLSONARO;136254;7740435;PL 2169/2019;PL;2169;2019;Modifica a Lei nº 8.069, de 13 de julho de 1990, que dispõe sobre o Estatuto da Criança e do Adolescente, alterando para 07 (sete) anos o prazo da medida sócio-educativa de internação aplicável aos atos infracionais e, por conseguinte, altera o prazo da liberação compulsória para vinte e cinco anos de idade.;2019-04-05;Sim;Não;
FLAVIO_BOLSONARO;136270;7740660;PEC 47/2019;PEC;47;2019;Altera o art. 5º da Constituição Federal para prever regime integralmente fechado para condenados por crimes hediondos cometidos com violência contra a pessoa.;2019-04-09;Não;;
FLAVIO_BOLSONARO;137066;7759495;PEC 87/2019;PEC;87;2019;Altera o art. 144 da Constituição Federal, para prever a realização de exame toxicológico por todos os servidores da área de segurança pública.;2019-05-29;Não;;
FLAVIO_BOLSONARO;152323;8228979;RQS 215/2022;RQS;215;2022;Requer audiência da Comissão de Desenvolvimento Regional e Turismo sobre o PLS 488/2013.;2022-03-22;Sim;Não;
FLAVIO_BOLSONARO;156580;8403373;PEC 13/2023;PEC;13;2023;Altera a Constituição Federal e o Ato das Disposições Constitucionais Transitórias para prever imunidade tributária às operações com medicamentos de uso humano destinados especificamente ao tratamento de doenças raras.;2023-03-29;Não;;
FLAVIO_BOLSONARO;159094;8513844;PEC 36/2023;PEC;36;2023;Altera o art. 244 da Constituição Federal para assegurar gratuidade nos transportes coletivos urbanos às pessoas com deficiência de baixa renda.;2023-08-10;Não;;
FLAVIO_BOLSONARO;160771;8576724;RQS 968/2023;RQS;968;2023;"Requer inserção em ata de voto de repúdio à Secretária Nacional de Planejamento e Finanças do Partido dos Trabalhadores, nomeada para o Conselho de Administração da Itaipu Binacional, Gleide Andrade de Oliveira, pelas mensagens publicadas em rede social alegando que Israel é ""uma vergonha para humanidade"" e não merece ser Estado.";2023-11-01;Não;;
FLAVIO_BOLSONARO;161772;8610921;PEC 71/2023;PEC;71;2023;Altera os arts. 47 e 52 da Constituição Federal para vedar o voto secreto em todas as deliberações do Poder Legislativo.;2023-12-21;Não;;
FLAVIO_BOLSONARO;163968;8676023;RQS 414/2024;RQS;414;2024;Requer a realização de Sessão Especial destinada a homenagear o Fórum Brasileiro da Educação Particular (Brasil Educação) pelos relevantes serviços prestados por suas instituições representadas para o desenvolvimento da Educação no Brasil.;2024-06-05;Não;;
FLAVIO_BOLSONARO;170687;8923214;REQ 584/2025 - CDIR;REQ;584;2025;Requer licença no dia 23/09/2025.;2025-09-30;Sim;Não;
FLAVIO_BOLSONARO;167505;8800652;RQS 165/2025;RQS;165;2025;Requer voto de repúdio ao Clube de Futebol Cerro Porteño e sua torcida, por manifestações de racismo dirigidas a jogadores brasileiros.;2025-03-12;Não;;
FLAVIO_BOLSONARO;168554;8829685;REQ 267/2025 - CDIR;REQ;267;2025;Requer licença dos dias 14/05/25 a 19/05/25;2025-05-12;Sim;Não;
FLAVIO_BOLSONARO;172742;8995256;RQS 101/2026;RQS;101;2026;Requer a realização de Sessão Especial destinada a homenagear a Dra. Tatiana Coelho de Sampaio, em reconhecimento à sua trajetória científica e às relevantes contribuições para a pesquisa biomédica brasileira, especialmente no desenvolvimento da polilaminina, tecnologia inovadora aplicada à recuperação de pacientes com lesões na medula espinhal.;2026-02-23;Não;;
FLAVIO_BOLSONARO;173125;9014006;RQS 207/2026;RQS;207;2026;Requer a oitiva da Comissão de Segurança Pública sobre o Projeto de Lei nº 1029/2026 (Substitutivo-CD).;2026-03-18;Sim;Não;
FLAVIO_BOLSONARO;135821;7730760;PDL 69/2019;PDL;69;2019;Dispõe sobre a realização de plebiscito acerca da reeleição para membros das Casas Legislativas.;2019-03-19;Não;;
FLAVIO_BOLSONARO;160163;8549385;PEC 49/2023;PEC;49;2023;Altera o caput do art. 5º da Constituição Federal para ampliar o alcance do direito à vida ao nascituro.;2023-02-23;Não;;
FLAVIO_BOLSONARO;160976;8582970;PEC 60/2023;PEC;60;2023;Altera o inciso XLII do art. 5º da Constituição Federal, para prever a inafiançabilidade e a imprescritibilidade dos crimes que envolvam pedofilia.;2023-11-09;Não;;
FLAVIO_BOLSONARO;162462;8632317;REQ 5/2024 - CDR;REQ;5;2024;Requer, nos termos do art. 58, § 2º, II, da Constituição Federal e do art. 93, II, do Regimento Interno do Senado Federal, que na Audiência Pública objeto do REQ 3/2024 - CDR, seja incluída a entidade FBHA - Federação Brasileira de Hotelaria e Alimentação na pessoa de seu Presidente o Senhor Alexandre Sampaio e seja incluído o nome do Senhor José Roberto Tadros como Presidente da CNC Confederação Nacional do Comércio, Bens, Serviços e Turismo.;2024-03-11;Sim;Não;
FLAVIO_BOLSONARO;174153;9047816;PEC 10/2026;PEC;10;2026;Institui o piso salarial nacional para os policiais militares e corpos de bombeiros militares.;2026-05-14;Não;;
FLAVIO_BOLSONARO;174214;9049765;RQS 388/2026;RQS;388;2026;Requer informações ao Senhor Wellington César Lima e Silva, Ministro de Estado da Justiça e Segurança Pública, sobre a substituição do Delegado Guilherme Figueiredo Silva da chefia da Divisão de Repressão a Crimes Previdenciários da Polícia Federal, bem como sobre a continuidade da condução dos inquéritos relacionados a desvios no âmbito do Instituto Nacional do Seguro Social (INSS).;2026-05-19;Não;;
FLAVIO_BOLSONARO;173381;9024370;REQ 87/2026 - CDIR;REQ;87;2026;Requer licença na data assinalada.;2026-03-30;Sim;Não;
FLAVIO_BOLSONARO;141617;7901084;RQS 257/2020;RQS;257;2020;Inclusão em Ordem do Dia prevista para o dia 20 de abril de 2020 do Projeto de Lei de Conversão nº 6, de 2020, proveniente da Medida Provisória nº 905, de 2019.;2020-04-17;Não;;
FLAVIO_BOLSONARO;150745;8163349;REQ 493/2021 - CDIR;REQ;493;2021;Requer licença para desempenhar missão política ou cultural de interesse parlamentar, sem ônus para o Senado Federal.;2021-11-10;Sim;Não;
FLAVIO_BOLSONARO;152722;8243113;REQ 150/2022 - CDIR;REQ;150;2022;Requer licença para desempenhar missão política ou cultural de interesse parlamentar, sem ônus para o Senado Federal.;2022-04-13;Sim;Não;
FLAVIO_BOLSONARO;155368;8326154;RQS 794/2022;RQS;794;2022;Retirada de tramitação do RQS 791/2022.;2022-12-07;Sim;Não;
FLAVIO_BOLSONARO;156309;8383054;RQS 196/2023;RQS;196;2023;Realização de Sessão Especial, no dia 16/10/2023, em alusão ao Dia da Criança, instituído pelo Decreto nº 4.867, de 5 de novembro de 1924, e em alusão ao Dia Nacional de Valorização da Família, criado pela Lei no 12.647, de 17 de maio de 2012.;2023-03-10;Não;;
FLAVIO_BOLSONARO;161949;8617353;RQS 46/2024;RQS;46;2024;Requer a realização de Sessão Especial destinada a celebrar o Dia da Bíblia.;2024-02-06;Não;;
FLAVIO_BOLSONARO;165061;8710206;RQS 591/2024;RQS;591;2024;Requer calendário especial para a Proposta de Emenda à Constituição nº 9/2023.;2024-08-14;Não;;
FLAVIO_BOLSONARO;168717;8834143;PEC 24/2025;PEC;24;2025;Modifica os arts. 49, 225 e 231 da Constituição Federal, para atribuir ao Poder Legislativo a criação de áreas de preservação ambiental e a demarcação e a criação de terras indígenas.;2025-05-21;Não;;
FLAVIO_BOLSONARO;162725;8637472;REQ 140/2024 - CDIR;REQ;140;2024;Requer licença na data de 19/03/2024.;2024-03-20;Sim;Não;
FLAVIO_BOLSONARO;170869;8929080;R.S 7/2025;R.S;7;2025;Recorre da decisão terminativa da Comissão de Assuntos Sociais sobre o Projeto de Lei nº 2425/2020.;2025-10-09;Não;;
FLAVIO_BOLSONARO;162113;8623312;PEC 5/2024;PEC;5;2024;Altera o art. 53 da Constituição Federal para dispor sobre as inviolabilidades parlamentares dos Deputados e Senadores.;2024-02-20;Não;;
FLAVIO_BOLSONARO;165975;8743449;REQ 661/2024 - CDIR;REQ;661;2024;licença para desempenhar missão política ou cultural de interesse parlamentar, sem ônus para o Senado Federal nos termos dos arts. 13 e 215, I, b do RISF.;2024-10-30;Sim;Não;
FLAVIO_BOLSONARO;169684;8871323;PL 3625/2025;PL;3625;2025;"Altera o Decreto-Lei nº 2.848, de 7 de dezembro de 1940 (Código Penal); o Decreto-Lei nº 3.689, de 3 de outubro de 1941 (Código de Processo Penal); a Lei nº 7.210, de 11 de julho de 1984 (Lei de Execução Penal); a Lei nº 12.850, de 2 de agosto de 2013 (Lei das Organizações Criminosas); a Lei nº 8.176, de 8 de fevereiro de 1991; a Lei nº 8.069, de 13 de julho de 1999 (Estatuto da Criança e do Adolescente); a Lei nº 9.847, de 26 de outubro de 1999; para dispor sobre os crimes praticados por organizações criminosas no âmbito de grandes setores da economia; para criar medidas de prevenção e repressão de condutas criminosas praticadas por organizações criminosas; e para coibir práticas ilegais nos setores público e privado.";2025-07-21;Não;;
FLAVIO_BOLSONARO;165357;8723766;PL 3490/2024;PL;3490;2024;Exclui a área do Alto Corcovado dos limites do Parque Nacional da Tijuca.;2024-09-10;Não;;
FLAVIO_BOLSONARO;139271;7822485;PEC 167/2019;PEC;167;2019;Acrescenta os §§ 13 e 14 ao art. 34 do Ato das Disposições Constitucionais Transitórias para determinar a aplicação temporária de parte dos recursos dos Fundos Constitucionais de Financiamento em programas de financiamento à infraestrutura dos Estados, do Distrito Federal e dos Municípios.;2019-10-09;Não;;
FLAVIO_BOLSONARO;157258;8442337;PEC 22/2023;PEC;22;2023;Altera o art. 130 da Constituição Federal e acrescenta-lhe parágrafo, de modo a aprimorar o regramento e consolidar balizas institucionais necessárias ao bom funcionamento do Ministério Público de Contas brasileiro.;2023-03-13;Não;;
FLAVIO_BOLSONARO;160145;8511440;PET 11/2023;PET;11;2023;Requer pedido de impeachment em face do Ministro Luís Roberto Barroso, com fundamento no art. 52, inciso II da Constituição Federal, no art. 41, da Lei nº 1.079/950 e no Regimento Interno do Senado Federal.;2023-08-08;Não;;
FLAVIO_BOLSONARO;169176;8788785;RQS 470/2025;RQS;470;2025;Requer criação de Comissão Parlamentar de Inquérito, composta de 11 (onze) membros titulares e número de membros suplentes igual à metade dos titulares mais um, para, no prazo de 120 (cento e vinte) dias, com limite de despesas de R$ 30.000,00 (trinta mil reais), apurar a atuação, a expansão e o funcionamento de organizações criminosas no território brasileiro, em especial de facções e milícias, investigando-se o modus operandi de cada qual, as condições de instalação e desenvolvimento em cada região, bem como as respectivas estruturas de tomada de decisão, de modo a permitir a identificação de soluções adequadas para o seu combate, especialmente por meio do aperfeiçoamento da legislação atualmente em vigor.;2025-02-06;Não;;
FLAVIO_BOLSONARO;162359;8629552;REQ 3/2024 - CDR;REQ;3;2024;Requer, nos termos do art. 58, § 2º, II, da Constituição Federal e do art. 93, II, do Regimento Interno do Senado Federal, a realização de audiência pública, com o objetivo de debater a MPV n.º 1.202 de 2023 (Revoga os benefícios fiscais de que tratam o art. 4º da Lei nº 14.148, de 3 de maio de 2021, e os art. 7º a art. 10 da Lei nº 12.546, de 14 de dezembro de 2011, desonera parcialmente a contribuição previdenciária sobre a folha de pagamento, revoga a alíquota reduzida da contribuição previdenciária aplicável a determinados Municípios e limita a compensação de créditos decorrentes de decisões judiciais transitadas em julgado), em especial sobre o tema afeto à extinção do PERSE - Programa Especial de Retomada do Setor de Eventos. O PERSE vem se mostrando totalmente exitoso para a sobrevivência do segmento de eventos e do turismo nacional frente aos irreparáveis danos causados pelo surto pandêmico da COVID-19.;2024-03-05;Sim;Não;
FLAVIO_BOLSONARO;167238;8794581;PL 494/2025;PL;494;2025;Altera o art. 155 do Decreto-Lei nº 2.848, de 07 de dezembro de 1940 (Código Penal) para dispor sobre o crime de furto de aparelho de celular;2025-02-18;Sim;Não;
FLAVIO_BOLSONARO;167105;8787672;RQS 32/2025;RQS;32;2025;Requer a realização de Sessão Especial destinada a homenagear a Bispa Keila Ferreira, falecida no dia 1º de fevereiro deste ano.;2025-02-05;Não;;
FLAVIO_BOLSONARO;166346;8759356;PEC 46/2024;PEC;46;2024;Altera o art. 5º da Constituição Federal, para incluir os direitos das vítimas de crimes e de calamidades públicas entre os direitos e garantias fundamentais.;2024-12-04;Não;;
FLAVIO_BOLSONARO;169434;8859252;RQS 525/2025;RQS;525;2025;Requer a tramitação conjunta do Projeto de Lei nº 4809/2024 com o Projeto de Lei nº 1345/2025.;2025-07-03;Sim;Não;
FLAVIO_BOLSONARO;165706;8735562;PEC 39/2024;PEC;39;2024;Dispõe sobre as reclamações disciplinares contra Ministros do Supremo Tribunal Federal por ações ou omissões que não são elencadas no rol dos crimes de responsabilidade.;2024-10-09;Não;;
FLAVIO_BOLSONARO;171522;8950015;PEC 41/2025;PEC;41;2025;Altera o art. 5º da Constituição Federal para prever o direito da mulher a uma vida livre de violência, tanto na esfera pública como na esfera privada.;2025-11-06;Não;;
FLAVIO_BOLSONARO;174362;9055580;PEC 12/2026;PEC;12;2026;Altera o Art. 7° da Constituição Federal para prever a possibilidade de opção pelos empregados quanto à jornada de trabalho, podendo escolher entre o regime comum previsto pela Consolidação das Leis do Trabalho (CLT), ou um regime flexível baseado em horas trabalhadas.;2026-05-28;Não;;
FLAVIO_BOLSONARO;136978;7757954;PL 3133/2019;PL;3133;2019;Altera o art. 64 do Decreto-Lei nº 2.848, de 7 de dezembro de 1940 – Código Penal, para prever que o condenado por estupro de menor de quatorze anos será considerado reincidente, independentemente de o novo crime ter sido cometido após passados mais de cinco anos do cumprimento ou da extinção da pena.;2019-05-24;Sim;Não;
FLAVIO_BOLSONARO;136742;7752094;PEC 71/2019;PEC;71;2019;Altera o § 9º do art. 37 da Constituição Federal, para submeter ao teto remuneratório as entidades privadas sem fins lucrativos mantidas com contribuições parafiscais ou que recebam recursos públicos para o pagamento de despesas de pessoal ou de custeio em geral.;2019-05-14;Não;;
FLAVIO_BOLSONARO;137695;7778426;PEC 109/2019;PEC;109;2019;Acrescenta § 4º ao art. 102 da Constituição Federal, para estabelecer a necessidade de demonstração da existência de controvérsia constitucional relevante e atual como condição de admissibilidade da ação direta de inconstitucionalidade e da ação declaratória de constitucionalidade.;2019-07-09;Não;;
FLAVIO_BOLSONARO;139392;7825125;PEC 173/2019;PEC;173;2019;Altera o art. 107 do Ato das Disposições Constitucionais Transitórias da Constituição Federal para excluir do Novo Regime Fiscal as despesas primárias custeadas com a contribuição de que trata o §5º do art. 212 da Constituição Federal.;2019-10-15;Não;;
FLAVIO_BOLSONARO;152847;8246660;REQ 169/2022 - CDIR;REQ;169;2022;Requer licença no dia 26/04/2022, ante a impossibilidade de participar da SDR.;2022-04-27;Sim;Não;
FLAVIO_BOLSONARO;154603;8300930;REQ 405/2022 - CDIR;REQ;405;2022;Requer licença ante a impossibilidade de participar da sessão deliberativa remota em 29/08/22.;2022-08-30;Sim;Não;
FLAVIO_BOLSONARO;155491;8329819;RQS 813/2022;RQS;813;2022;Destaque para votação em separado da Emenda nº 5-PLEN.;2022-12-15;Sim;Não;
FLAVIO_BOLSONARO;167181;8792757;PEC 4/2025;PEC;4;2025;Altera os incisos XIII e XV, do art. 7º, da Constituição Federal, para reduzir a jornada semanal máxima de trabalho para 40 horas, observando o teto de 8 horas diárias, prestadas em até 5 dias por semana, com descanso preferencialmente nos sábados e domingos.;2025-02-11;Não;;
FLAVIO_BOLSONARO;169490;8861274;PL 3300/2025;PL;3300;2025;Altera a Lei 8.078, de 11 de setembro de 1990 (Código de Defesa do Consumidor), para estabelecer o direito à troca imotivada de produtos adquiridos no comércio físico ou eletrônico e dá outras providências.;2025-07-08;Sim;Não;
FLAVIO_BOLSONARO;171374;8944343;RQS 804/2025;RQS;804;2025;Requer voto de pesar pelo falecimento do 3º Sargento Cleiton Serafim Gonçalves, integrante do Batalhão de Operações Policiais Especiais (BOPE) do Estado do Rio de Janeiro/RJ.;2025-10-30;Não;;
FLAVIO_BOLSONARO;151211;8179009;R.S 4/2021;R.S;4;2021;Requer apreciação pelo Plenário do Projeto de Lei do Senado nº 279, de 2016.;2021-12-08;Não;;
FLAVIO_BOLSONARO;170925;8930408;PL 5115/2025;PL;5115;2025;Altera as Lei nº 8.742, de 7 de dezembro de 1993, e nº 10.741, de 1º de outubro de 2003, para determinar a instalação de centros-dia para pessoas idosas atendidas no âmbito do Sistema Único de Assistência Social (Suas).;2025-10-14;Sim;Não;
FLAVIO_BOLSONARO;172830;8999790;PEC 4/2026;PEC;4;2026;Altera a Constituição Federal para determinar a inelegibilidade para o cargo de Presidente da República no período subsequente.;2026-03-02;Sim;Não;
FLAVIO_BOLSONARO;135977;7733780;PEC 32/2019;PEC;32;2019;Altera a redação do art. 228 da Constituição Federal, a fim de reduzir a maioridade penal para dezesseis anos.;2019-03-26;Sim;Não;
FLAVIO_BOLSONARO;148903;8096840;PL 2327/2021;PL;2327;2021;Altera a Lei nº 12.305, de 2 de agosto de 2010, para tratar da logística reversa para baterias de veículos elétricos.;2021-06-25;Sim;Não;
FLAVIO_BOLSONARO;156419;8379179;RQS 214/2023;RQS;214;2023;Desarquivamento das proposições que especifica: PEC 1/2015, PLS 375/2015, PLS 561/2015, PLS 288/2016, PLS 435/2018, PLS 530/2018.;2023-03-07;Não;;
FLAVIO_BOLSONARO;160031;8543466;RQS 813/2023;RQS;813;2023;Requer a realização de Sessão de Debates Temáticos com o objetivo de discutir o acordo de livre comércio Mercosul/UE, bem como debater sobre as medidas unilaterais protecionistas sob a égide de políticas ambientais e de mudanças climáticas que a União Europeia informou que submeteria a um protocolo adicional ao acordo.;2023-09-18;Não;;
FLAVIO_BOLSONARO;161010;8583613;PEC 61/2023;PEC;61;2023;Acrescenta o inciso XIX ao art. 49, modifica o § 4º e acrescenta o § 8º ao art. 231 da Constituição Federal, para dispor sobre a competência para aprovar a demarcação de terras indígenas e seus efeitos.;2023-11-09;Não;;
FLAVIO_BOLSONARO;168631;8831744;PEC 23/2025;PEC;23;2025;Altera a redação do § 4º do art. 212 e a redação do § 1º do art. 213, ambos da Constituição Federal e acrescenta o art. 119-A no Ato das Disposições Constitucionais Transitórias da Constituição Federal.;2025-05-19;Não;;
FLAVIO_BOLSONARO;170938;8930703;REQ 631/2025 - CDIR;REQ;631;2025;Requer licença no período informado.;2025-10-14;Sim;Não;
FLAVIO_BOLSONARO;164051;8679428;REQ 32/2024 - CSP;REQ;32;2024;Requerem, nos termos dos arts. 50, caput, e 58, § 2º, III, da Constituição Federal e dos arts. 90, III, 397, § 1º e 400-A do Regimento Interno do Senado Federal, a convocação do Senhor Ricardo Lewandowski, Ministro da Justiça e Segurança Pública, para que compareça a esta Comissão, a fim de prestar informações sobre o desvirtuamento das funções da Diretoria de Inteligência Policial (DIP), setor da Polícia Federal responsável por realizar, precipuamente, ações de contrainteligência e investigações sobre terrorismo.;2024-06-11;Sim;Não;
FLAVIO_BOLSONARO;165961;8743101;PEC 41/2024;PEC;41;2024;Altera o art. 50 da Constituição Federal, a fim de incluir as agências reguladoras e outras entidades da União na previsão de convocação ao Senado Federal e Câmara dos Deputados para prestar esclarecimentos.;2024-10-30;Não;;
FLAVIO_BOLSONARO;167543;8801897;REQ 3/2025 - CSP;REQ;3;2025;Requer, nos termos do art. 58, § 2º, II, da Constituição Federal e do art. 93, II, do Regimento Interno do Senado Federal, a realização de audiência pública com o objetivo de debater a ADPF 635 e seus reflexos na sociedade brasileira.;2025-03-13;Sim;Não;
FLAVIO_BOLSONARO;165252;8719180;PEC 32/2024;PEC;32;2024;Altera os arts. 40 e 42 da Constituição Federal para estabelecer indenização aos policiais da União, dos Estados e do Distrito Federal, bem como aos militares dos Estados, do Distrito Federal e dos Territórios, em razão de acidente ou agressão sofrida no exercício da função.;2024-09-04;Não;;
FLAVIO_BOLSONARO;162620;8635009;PEC 7/2024;PEC;7;2024;Altera a Constituição Federal, para dispor sobre os órgãos e as competências da Justiça Militar da União e das Justiças Militares estaduais.;2024-03-14;Não;;
FLAVIO_BOLSONARO;135360;7953513;RQS 42/2019;RQS;42;2019;Adiamento da votação do PLS 796/2015 para oitiva da Comissão de Constituição, Justiça e Cidadania.;2019-02-19;Não;;
FLAVIO_BOLSONARO;139194;7820065;REQ 122/2019 - CAE;REQ;122;2019;Requer urgência para o Ofício “S” nº 1 de 2019, que “encaminha proposta de intralimite anual de concessão de garantias pela União às operações de crédito interno e externo dos Estados, do Distrito Federal e dos Municípios”.;2019-10-08;Sim;Não;
FLAVIO_BOLSONARO;152626;8238386;PL 828/2022;PL;828;2022;Altera o Decreto-Lei nº 2.848, de 7 de dezembro de 1940 – Código Penal, para aumentar as penas previstas para o furto e receptação de petróleo ou seus derivados, gás natural ou suas frações recuperáveis, álcool etílico hidratado carburante ou demais combustíveis líquidos carburantes.;2022-04-05;Sim;Não;
FLAVIO_BOLSONARO;155366;8326126;RQS 792/2022;RQS;792;2022;Destaque para votação em separado do Art. 121, caput e parágrafo único, acrescido ao Art. 2º da Emenda nº 55 - PLEN (Substitutiva), apresentada pelo Senador Alexandre Silveira em seu relatório da PEC nº 32/2022.;2022-12-07;Sim;Não;
FLAVIO_BOLSONARO;156568;8368014;RQS 255/2023;RQS;255;2023;Desarquivamento do PLS nº 404/2018.;2023-02-13;Não;;
FLAVIO_BOLSONARO;156308;8383051;RQS 195/2023;RQS;195;2023;Realização de Sessão Especial, no dia 11 de agosto de 2023, em alusão ao Dia Internacional dos Povos Indígenas, instituído pela Assembleia Geral em dezembro de 1994, e ao Dia da Juventude, instituído pela Lei n° 10.515, de 11 de julho de 2002, e pela Resolução 54/190 de 1999, da Assembleia Geral da ONU, aprovada na Conferência Mundial dos Ministros Responsáveis pelos Jovens, em Lisboa, Portugal.;2023-03-10;Não;;
FLAVIO_BOLSONARO;156050;8373767;RQS 127/2023;RQS;127;2023;Desarquivamento das seguintes proposições, na forma do art. 332, § 1º, do RISF: PLC 180/2017, PLC 49/2018, PLC 6/2017.;2023-03-01;Não;;
FLAVIO_BOLSONARO;156769;8411054;PDL 107/2023;PDL;107;2023;Susta os efeitos do Decreto nº 11.466, de 5 de abril 2023, que trata da metodologia para comprovação da capacidade econômico financeira dos prestadores de serviços públicos de abastecimento de água potável ou de esgotamento sanitário e o Decreto nº 11.467, de 5 de abril de 2023, que dispõe sobre a prestação regionalizada dos serviços públicos de saneamento básico, o apoio técnico e financeiro de que trata o art. 13 da Lei nº 14.026, de 15 de julho de 2020.;2023-04-10;Sim;Não;
FLAVIO_BOLSONARO;156820;8412843;REQ 151/2023 - CDIR;REQ;151;2023;Requer licença na data de 30/03/2023.;2023-04-12;Sim;Não;
FLAVIO_BOLSONARO;158046;8470769;REQ 26/2023 - CSP;REQ;26;2023;Requer que sejam prestadas, pela Exma. Sra. Presidente do Conselho Nacional de Justiça, Ministra Rosa Weber, informações sobre o número de pessoas que se encontram cumprindo pena pelos crimes descritos na Lei nº 13.142 de 2015.;2023-06-12;Sim;Não;
FLAVIO_BOLSONARO;159933;8539271;PEC 41/2023;PEC;41;2023;Altera o art. 101 da Constituição Federal, para determinar a realização de arguição pública, pelo Senado Federal, dos Ministros do Supremo Tribunal Federal a cada oito anos.;2023-09-13;Não;;
FLAVIO_BOLSONARO;160817;8577717;PL 5335/2023;PL;5335;2023;Altera a Lei 10.257, de 10 de julho de 200, para incluir normas sobre concessão de uso especial para fins de moradia e concede aos possuidores irregulares de imóveis urbanos até 80 m2 (oitenta metros quadrados) em terreno da União, do Estado ou Município, o título definitivo de propriedade do bem, na forma que dispõe.;2023-11-06;Sim;Não;
FLAVIO_BOLSONARO;170946;8930998;RQS 769/2025;RQS;769;2025;Requer voto de aplauso à Sra. Maria Corina Machado, por sua trajetória de resistência pacífica em defesa da democracia e dos direitos humanos na Venezuela, reconhecida internacionalmente com a outorga do Prêmio Nobel da Paz de 2025.;2025-10-14;Não;;
FLAVIO_BOLSONARO;171485;8948732;RQS 822/2025;RQS;822;2025;Requer urgência para o Projeto de Decreto Legislativo nº 845/2025, nos termos dos arts. 336, III, e 338, III, do Regimento Interno do Senado Federal.;2025-11-05;Não;;
FLAVIO_BOLSONARO;135289;7719039;RQS 38/2019;RQS;38;2019;"Desarquivamento das seguintes proposições: PEC 7/2014; PEC 21/2013; PLS 26/2014 - Complementar; PLS 45/2014; PLS 84/2014; PLS 91/2014; PLS 170/2014; PLS 221/2014; PLS 368/2014; PLS 386/2013; PLS 426/2013; PLS 140/2011; PLS 274/2011; PLS 523/2011; PLS 230/2009 - Complementar; PLS 260/2008; PRS 37/2011; PDS 117/2014.";2019-02-12;Não;;
FLAVIO_BOLSONARO;164606;8696877;DEN 3/2024;DEN;3;2024;Requer instauração de processo disciplinar (Denúncia) em face do Senador Randolfe Rodrigues.;2024-07-09;Sim;Não;
FLAVIO_BOLSONARO;173828;9039634;REQ 158/2026 - CDIR;REQ;158;2026;Requer licença na data assinalada.;2026-04-30;Sim;Não;
FLAVIO_BOLSONARO;148097;8062088;REQ 75/2021 - CDIR;REQ;75;2021;Requerimento de justificativa de ausência .;2021-04-14;Sim;Não;
FLAVIO_BOLSONARO;168298;8822825;PL 1950/2025;PL;1950;2025;Dispõe da devolução dos descontos não autorizados em folha de pagamento dos benefícios previdenciários relativos a mensalidades de associações.;2025-04-29;Sim;Não;
FLAVIO_BOLSONARO;136894;7755772;PEC 80/2019;PEC;80;2019;Altera os artigos 182 e 186 da Constituição Federal para dispor sobre a função social da propriedade urbana e rural.;2019-05-21;Sim;Não;
FLAVIO_BOLSONARO;138702;7801400;PLP 214/2019;PLP;214;2019;Altera o art. 61-A da Lei Complementar n° 123, de 14 de dezembro de 2006, para regular a remuneração do investidor-anjo e excetuar as hipóteses de responsabilidade solidária.;2019-09-11;Sim;Não;
FLAVIO_BOLSONARO;150780;8164560;REQ 503/2021 - CDIR;REQ;503;2021;Requer licença para desempenhar missão política ou cultural de interesse parlamentar, sem ônus para o Senado Federal.;2021-11-11;Sim;Não;
FLAVIO_BOLSONARO;156607;8368011;RQS 264/2023;RQS;264;2023;Desarquivamento do PLC 34/2015, Altera a Lei nº 11.105, de 24 de março de 2005 - altera a Lei de Biossegurança para liberar os produtores de alimentos de informar ao consumidor sobre a presença de componentes transgênicos quando esta se der em porcentagem inferior a 1% da composição total do produto alimentício.;2023-02-13;Não;;
FLAVIO_BOLSONARO;158350;8478455;PL 3190/2023;PL;3190;2023;Altera a Lei nº 13.636, de 20 de março de 2018, para aprimorar e fomentar o microcrédito e as microfinanças.;2023-06-21;Não;;
FLAVIO_BOLSONARO;160544;8550853;RQS 921/2023;RQS;921;2023;Requer, nos termos do art. 58, § 3º, da Constituição Federal e do §1° do art. 76, combinado com o art. 152, do Regimento Interno do Senado Federal, a prorrogação por mais 57 (cinquenta e sete) dias da duração da Comissão Parlamentar de Inquérito criada a partir do Requerimento nº 292/2023 destinada a investigar a liberação, pelo Governo Federal, de recursos públicos para ONGs, e OSCIPs, bem como a utilização, por essas entidades, desses recursos e de outros por elas recebidos do exterior, a partir do ano de 2002 até a data de 1º de janeiro de 2023, a concentração desses recursos em atividades-meio, de forma a descumprir os objetivos para os quais esses recursos foram destinados originalmente, o desvirtuamento dos objetivos da ação dessas entidades, operando inclusive contra interesses nacionais, casos de abuso de poder, com intromissão dessas entidades em funções institucionais do poder público e a aquisição, a qualquer título, de terras por essas entidades.;2023-09-26;Não;;
FLAVIO_BOLSONARO;160728;8574119;PEC 55/2023;PEC;55;2023;Altera a Constituição Federal, para estabelecer programação orçamentária mínima para o Ministério da Defesa e dispor sobre projetos estratégicos para a Defesa Nacional, e acrescenta artigo ao Ato das Disposições Constitucionais Transitórias, para estabelecer regra de transição.;2023-10-30;Não;;
FLAVIO_BOLSONARO;164695;8698715;RQS 523/2024;RQS;523;2024;Requer a retirada definitiva da Emenda nº 1 ao Projeto de Lei nº 147/2024.;2024-07-10;Sim;Não;
FLAVIO_BOLSONARO;168003;8813868;REQ 12/2025 - CTFC;REQ;12;2025;Requer, nos termos dos arts. 50, caput, e 58, § 2º, III, da Constituição Federal e dos arts. 90, III, 397, § 1º e 400-A do Regimento Interno do Senado Federal, a convocação do Senhor Camilo Sobreira de Santana, Ministro de Estado da Educação, para que compareça a esta Comissão, a fim de prestar esclarecimentos sobre aspectos da política de avaliação da educação básica no Brasil, especialmente quanto à gestão da divulgação dos dados do Sistema de Avaliação da Educação Básica (Saeb) de 2023 e à ausência de metas definidas para o Índice de Desenvolvimento da Educação Básica (Ideb).;2025-04-08;Não;;
FLAVIO_BOLSONARO;162103;8622879;PEC 4/2024;PEC;4;2024;Altera o art. 14, da Constituição Federal, para dispor que, na votação e apuração de eleições, plebiscitos e referendos, seja obrigatória a expedição de cédulas físicas, conferíveis pelo eleitor, a serem depositadas em urnas indevassáveis, para fins de auditoria.;2024-02-20;Não;;
FLAVIO_BOLSONARO;166631;8772231;PEC 50/2024;PEC;50;2024;Acrescenta ao art. 73, da Constituição Federal, os §§ 1º-A e 1º-B para dispor sobre critérios técnicos para a escolha de Ministros do Tribunal de Contas da União.;2024-12-12;Não;;
FLAVIO_BOLSONARO;166086;8747180;REQ 16/2024 - CDR;REQ;16;2024;"Requer audiência pública, com o objetivo de instruir o PL 775/2022, que “altera a Lei nº 7.661, de 16 de maio de 1988 – Plano Nacional de Gerenciamento Costeiro; e a Lei nº 10.257, de 10 de julho de 2001 – Estatuto da Cidade, para garantir o acesso e o uso público das praias e do mar”.";2024-11-12;Sim;Não;
FLAVIO_BOLSONARO;135156;7717124;RQS 16/2019;RQS;16;2019;Urgência para o  PRS 53/2018.;2019-02-12;Não;;
FLAVIO_BOLSONARO;135253;7718602;PEC 5/2019;PEC;5;2019;Insere o inciso XVI no art. 93 da Constituição Federal, para positivar a possibilidade de execução provisória da pena, após a condenação por órgão colegiado.;2019-02-14;Não;;
FLAVIO_BOLSONARO;136251;7740416;PL 2170/2019;PL;2170;2019;Altera a Lei nº 9.394, de 20 de dezembro de 1996, que estabelece as diretrizes e bases da educação nacional, para incluir empreendedorismo, matemática financeira, educação moral e cívica e organização social e política do Brasil - OSPB no rol dos temas transversais obrigatórios da educação básica.;2019-04-05;Sim;Não;
FLAVIO_BOLSONARO;136970;7757883;PL 3132/2019;PL;3132;2019;Altera o Decreto-Lei nº 2.848, de 7 de dezembro de 1940 (Código Penal), para revogar a atenuante da menoridade e a redução dos prazos prescricionais ao menor de 21 (vinte e um) anos.;2019-05-24;Sim;Não;
FLAVIO_BOLSONARO;156014;8366140;RQS 116/2023;RQS;116;2023;"Desarquivamento dos seguintes projetos de lei:  Projetos de Lei do Senado nºs 1, 135, 157, 270, 371, 671 e 743 de 2015; Projetos de Lei do Senado nºs 50 e 52 de 2016; Projetos de Lei do Senado nºs 126, 190, 213, 278 e 304 de 2017;  Projetos de Lei do Senado nºs 31, 79, 80, 234, 306, 436, 459 e 473 de 2018.";2023-02-09;Não;;
FLAVIO_BOLSONARO;156612;8376389;RQS 265/2023;RQS;265;2023;Desarquivamento do PLC nº 9/2018.;2023-03-03;Não;;
FLAVIO_BOLSONARO;156391;8392917;PEC 8/2023;PEC;8;2023;Modifica os arts. 60, 61, 62 e 64 da Constituição Federal, para dispor sobre a iniciativa de proposições pelo Presidente da República.;2023-03-14;Não;;
FLAVIO_BOLSONARO;168476;8827976;REQ 259/2025 - CDIR;REQ;259;2025;Requer licença para desempenhar missão política ou cultural de interesse parlamentar, nos termos dos arts. 13 e 215, I, “b”, do Regimento Interno do Senado Federal.;2025-05-08;Sim;Não;
FLAVIO_BOLSONARO;170769;8925802;PL 4963/2025;PL;4963;2025;Altera o Decreto-Lei nº 2.848, de 7 de dezembro de 1940 (Código Penal), para acrescentar parágrafos ao art. 272, e modifica a Lei nº 8.072, de 25 de julho de 1990, para incluir entre os crimes hediondos as hipóteses qualificadas de falsificação, corrupção, adulteração ou alteração de substância, produto alimentício ou bebidas destinadas a consumo com resultado lesão grave ou morte.;2025-10-06;Sim;Não;
FLAVIO_BOLSONARO;168730;8834618;PEC 25/2025;PEC;25;2025;Substitui o termo agrotóxicos por pesticidas, restabelecendo o respeito para com o setor agro do país.;2025-05-22;Não;;
FLAVIO_BOLSONARO;170924;8930322;RQS 763/2025;RQS;763;2025;Requer a realização de Sessão Especial destinada a celebrar os 40 anos de história do Jornal Primeira Página.;2025-10-14;Não;;
FLAVIO_BOLSONARO;170829;8927805;REQ 113/2025 - CDH;REQ;113;2025;Requer, nos termos dos arts. 336, III, e 338, IV, do Regimento Interno do Senado Federal, urgência para o PL 3890/2020.;2025-10-08;Sim;Não;
FLAVIO_BOLSONARO;169535;8862641;RQS 548/2025;RQS;548;2025;Requer a oitiva da Comissão de Segurança Pública sobre o Projeto de Lei nº 3517/2024.;2025-07-11;Sim;Não;
FLAVIO_BOLSONARO;163593;8662451;RQS 332/2024;RQS;332;2024;Requer a oitiva da Comissão de Assuntos Econômicos sobre o Projeto de Lei nº 4129/2021.;2024-05-14;Sim;Não;
FLAVIO_BOLSONARO;136004;7734540;RQS 201/2019;RQS;201;2019;Desarquivamento da PEC 63/2013.;2019-03-27;Não;;
FLAVIO_BOLSONARO;135904;7732595;RQS 177/2019;RQS;177;2019;Desarquivamento do Projeto de Lei da Câmara nº 34/2013.;2019-03-20;Não;;
FLAVIO_BOLSONARO;139404;7825439;REQ 144/2019 - CCJ;REQ;144;2019;"Requeiro, nos termos do art. 93, I, do Regimento Interno do Senado Federal, a realização de audiência pública, com o objetivo de instruir o PL 4489/2019, que altera a Lei nº 8.906, de 4 de julho de 1994, e o Decreto-Lei nº 9.295, de 27 de maio de 1946, para dispor sobre a natureza singular e notória dos serviços de advogados e de profissionais de contabilidade. Proponho para a audiência a presença dos seguintes convidados:
1. Representante do Ministério da Justiça;
2. Representante do Ministério da Economia;
3. Fernando Marcelo Mendes, Presidente da Associação dos Juízes Federais do Brasil (AJUFE);
4. Felipe Santa Cruz, Presidente da Ordem dos Advogados do Brasil (OAB);
5. Paulo Maia, Presidente da Ordem dos Advogados do Brasil, Seccional Paraíba (OAB-PB);
6. Fábio George Cruz da Nóbrega, Presidente da Associação Nacional dos Procuradores da República.";2019-10-16;Sim;Não;
FLAVIO_BOLSONARO;150226;8150110;REQ 385/2021 - CDIR;REQ;385;2021;Requer ausência da sessão deliberativa remota do dia 23/09/21.;2021-10-07;Sim;Não;
FLAVIO_BOLSONARO;154946;8311669;RQS 701/2022;RQS;701;2022;Voto de repúdio à censura imposta à jovem Pan, Revista Oeste e ao Brasil Paralelo;2022-10-25;Não;;
FLAVIO_BOLSONARO;156516;8398772;REQ 6/2023 - CSP;REQ;6;2023;Requer que seja convidado o Exmo. Sr. Flávio Dino de Castro e Costa, Ministro da Justiça e Segurança Pública, a comparecer a esta Comissão, a fim de prestar informações sobre os planos e a agenda estratégica da Pasta para os próximos anos.;2023-03-28;Não;;
FLAVIO_BOLSONARO;156640;8399610;RQS 273/2023;RQS;273;2023;Desarquivamento do PLC nº 46/2017.;2023-03-28;Não;;
FLAVIO_BOLSONARO;163547;8660779;R.S 6/2024;R.S;6;2024;Interposição de Recurso contra decisão terminativa de Comissão sobre o Projeto de Lei n° 1958/2021.;2024-05-13;Sim;Não;
FLAVIO_BOLSONARO;167177;8791811;RQS 80/2025;RQS;80;2025;Requer o adiamento da votação do Projeto de Lei da Câmara nº 159/2017, para reexame da Comissão de Transparência, Governança, Fiscalização e Controle e Defesa do Consumidor.;2025-02-11;Não;;
FLAVIO_BOLSONARO;136599;7748825;PEC 64/2019;PEC;64;2019;"Altera os arts. 23 e 165 da Constituição Federal; cria o art. 165-A da Constituição Federal; dá nova redação ao art. 35 do Ato das Disposições Constitucionais Transitórias; e cria o art. 35-A do Ato das Disposições Constitucionais Transitórias para dispor sobre políticas de redução das desigualdades inter-regionais.";2019-05-07;Não;;
FLAVIO_BOLSONARO;142510;7926549;PL 3324/2020;PL;3324;2020;Altera a Lei nº 10.406, de 10 de janeiro de 2002 para autorizar a emissão de debêntures por sociedades limitadas e cooperativas.;2020-06-16;Sim;Não;
FLAVIO_BOLSONARO;144656;7983096;REQ 166/2020 - CDIR;REQ;166;2020;Justificativa de ausência do processo de votação em Sessão Deliberativa Remota do dia 23/07/2020 em virtude de cumprir agenda oficial e pública ligada à atividade parlamentar em seu estado, mais precisamente em Angra dos Reis, acompanhando o Ministro da Infraestrutura - Ilmo.Tarcísio de Freitas;2020-09-11;Sim;Não;
FLAVIO_BOLSONARO;135192;7717762;RQS 21/2019;RQS;21;2019;"Requer, nos termos do art. 58, § 3º, da Constituição Federal e dos arts. 74, III, e 145 do Regimento Interno do Senado Federal, a constituição de uma Comissão Parlamentar de Inquérito composta de 11 (onze) membros titulares e 7 (sete) membros suplentes, para, no prazo de 180 (cento e oitenta) dias, com limite de despesas de R$ 110.000,00 (cento e dez mil reais), apurar as causas do rompimento da barragem na Mina Córrego do Feijão, da empresa de mineração Vale, em Brumadinho; tendo como objetivo identificar os responsáveis, quais foram as falhas dos órgãos competentes, os autores dos laudos técnicos e adoção das providências cabíveis para evitar novos acidentes.";2019-02-07;Não;;
FLAVIO_BOLSONARO;151791;8201128;RQS 90/2022;RQS;90;2022;"Constituição de uma Comissão Temporária Externa destinada a acompanhar ""in loco"" a situação  do Município de Petrópolis/RJ em decorrência dos fortes temporais que assolaram a cidade.";2022-02-17;Não;;
FLAVIO_BOLSONARO;152322;8228974;RQS 214/2022;RQS;214;2022;Requer audiência da Comissão de Desenvolvimento Regional e Turismo sobre o PLS 419/2013.;2022-03-22;Sim;Não;
FLAVIO_BOLSONARO;155842;8363388;RQS 48/2023;RQS;48;2023;Desarquivamento das seguintes proposições: PEC 1/2015, PEC 39/2015, PRS 17/2015, PEC 57/2015, PEC 81/2015, PLS 507/2015, PLS 668/2015, PLS 768/2015, PLS 66/2016, PLS 288/2016, PLS 350/2016, PLS 362/2016, PLS 437/2016, PLS 278/2018.;2023-02-06;Não;;
FLAVIO_BOLSONARO;156644;8373703;RQS 276/2023;RQS;276;2023;"Desarquivamento das seguintes proposições: PEC 2/2016; SCD 7/2017; SUG 39/2018; PLS 2/2018; PLS 8/2018; PLS 68/2018; PLS 180/2018; PLS 192/2018; PLS 385/2018; PL 2903/2019; PL 1991/2020; PL 4482/2021; PL 4603/2021; PLP 196/2021.";2023-03-01;Não;;
FLAVIO_BOLSONARO;157311;8445996;RQS 431/2023;RQS;431;2023;Requer a realização de sessão especial, no dia 2/10/2023, a fim de celebrar o Dia Internacional das Pessoas Idosas.;2023-05-09;Não;;
FLAVIO_BOLSONARO;170493;8914256;REQ 554/2025 - CDIR;REQ;554;2025;Requer licença para desempenhar missão política ou cultural de interesse parlamentar, nos termos dos arts. 13 e 215, I, “b”, do Regimento Interno do Senado Federal.;2025-09-16;Sim;Não;
FLAVIO_BOLSONARO;167877;8810407;RQS 245/2025;RQS;245;2025;Requer a realização de Sessão de Debates Temáticos, no dia 28 de abril de 2025, destinada a discutir sobre o papel da ciência, tecnologia e inovação na prevenção e mitigação de futuros desastres e enchentes no Rio Grande do Sul e, na oportunidade, homenagear as vítimas dessa tragédia.;2025-04-02;Não;;
FLAVIO_BOLSONARO;163371;8656750;PEC 16/2024;PEC;16;2024;Altera o Ato das Disposições Constitucionais Transitórias da Constituição Federal para criar o Fundo Nacional para Emergências Climáticas.;2024-05-07;Não;;
FLAVIO_BOLSONARO;163837;8670554;R.S 7/2024;R.S;7;2024;Requer que o Projeto de Lei n° 5.066, de 2020, deliberado terminativamente pela Comissão de Infraestrutura, seja apreciado pelo Plenário do Senado Federal.;2024-05-27;Não;;
FLAVIO_BOLSONARO;168703;8833828;REQ 303/2025 - CDIR;REQ;303;2025;Requer licença dia 20/03/2025.;2025-05-21;Sim;Não;
FLAVIO_BOLSONARO;173278;9017996;PEC 5/2026;PEC;5;2026;Altera o art. 58 da Constituição Federal, para dispor sobre o comparecimento obrigatório do investigado e da testemunha perante as comissões parlamentares de inquérito.;2026-03-24;Não;;
FLAVIO_BOLSONARO;174772;9068741;PL 3211/2026;PL;3211;2026;"Institui o Dia Nacional do Antissemitismo Jamais; estabelece diretrizes para a promoção de políticas de prevenção e combate ao antissemitismo no Brasil; fortalece as relações históricas, culturais e institucionais entre a República Federativa do Brasil e o Estado de Israel; e incentiva ações de cooperação e valorização da amizade entre as duas nações.";2026-06-18;Sim;Não;
FLAVIO_BOLSONARO;135687;7728195;PL 1451/2019;PL;1451;2019;Altera o Decreto nº 24.602, de 06 de julho de 1934, que “Dispõem sobre instalação e fiscalização de fábricas e comércio de armas municções, explosivos, produtos químicos agressivos e matérias correlatas”, para aperfeiçoar as regras sobre a matéria.;2019-03-13;Sim;Não;
FLAVIO_BOLSONARO;136440;7744335;R.S 4/2019;R.S;4;2019;Recurso ao PLS 359/2015;2019-04-23;Não;;
FLAVIO_BOLSONARO;138166;7789487;R.S 15/2019;R.S;15;2019;RECURSO AO PLENARIO PL467/2019;2019-08-15;Sim;Não;
FLAVIO_BOLSONARO;139705;7833784;RQS 993/2019;RQS;993;2019;Criação de Comissão Parlamentar de Inquérito composta de 11 (onze) membros titulares e 7 (sete) membros suplentes, para, no prazo de 120 (cento e vinte) dias, proceder investigações a respeito das causas da ampliação dos índices do desmatamento na Amazônia Legal no período entre 1º de janeiro de 2018 e 27 de agosto de 2019, assim como o aumento dos índices de queimadas na Amazônia Legal nesse período e, ainda, sobre questões relacionadas ao Fundo Amazônia, organizações não governamentais - ONGs - e organizações da sociedade civil de interesse público - OSCIPs.;2019-11-05;Não;;
FLAVIO_BOLSONARO;140059;7848800;PEC 209/2019;PEC;209;2019;Altera os arts. 102 e 105 da Constituição, transformando os recursos extraordinário e especial em ações revisionais de competência originária do Supremo Tribunal Federal e do Superior Tribunal de Justiça;2019-12-03;Não;;
FLAVIO_BOLSONARO;140639;7864739;PEC 3/2020;PEC;3;2020;Altera o inciso XXVIII do art. 22 e acrescenta dispositivos aos arts. 23 e 24 da Constituição Federal, para dispor sobre o regime de competência para legislar sobre defesa e segurança cibernética e fixar a competência comum dos entes federados para zelar pela segurança cibernética dos serviços públicos.;2020-02-11;Não;;
FLAVIO_BOLSONARO;157416;8405485;RQS 463/2023;RQS;463;2023;Requer calendário especial para a PEC 7/2018, para que a matéria conste da Ordem do Dia de sessões deliberativas, na forma que especifica.;2023-03-30;Não;;
FLAVIO_BOLSONARO;158796;8495948;RQS 672/2023;RQS;672;2023;Requer que sejam prestadas, pelo Exmo. Sr. Ministro de Estado da Educação, Camilo Santana, informações detalhadas acerca do “processo de avaliação” sobre o Programa Nacional das Escolas Cívico-Militares.;2023-07-13;Não;;
FLAVIO_BOLSONARO;158161;8474590;DEN 3/2023;DEN;3;2023;Requer a abertura de procedimento disciplinar c/c inquérito em face do Senador Jorge Kajuru, com fundamento nos arts. 25 e 32 do Regimento Interno do Senado Federal e no art. 20 da Resolução do Senado Federal nº 20, de 1993.;2023-06-14;Sim;Não;
FLAVIO_BOLSONARO;159327;8521097;RQS 738/2023;RQS;738;2023;Requer, nos termos dos arts. 336, II, e 338, II, do Regimento Interno do Senado Federal, urgência para o PL 2801/2022.;2023-08-22;Não;;
FLAVIO_BOLSONARO;167158;8789546;PEC 3/2025;PEC;3;2025;Altera os arts. 21, 23, 24, 49, 60 e 144 da Constituição Federal para atribuir ao Congresso Nacional a competência exclusiva para legislar sobre normas gerais de segurança pública, defesa social e sistema penitenciário, com a cooperação da União.;2025-02-07;Não;;
FLAVIO_BOLSONARO;172949;9005443;PL 1019/2026;PL;1019;2026;Institui a Política Nacional de Unidades de Pronto Atendimento à Mulher - UPAM, destinadas ao atendimento humanizado e especializado à saúde da mulher no âmbito do Sistema Único de Saúde - SUS, e dá outras providências.;2026-03-09;Sim;Não;
FLAVIO_BOLSONARO;172956;9005592;REQ 47/2026 - CDIR;REQ;47;2026;"Requer licença para desempenhar missão política ou cultural de interesse parlamentar, sem ônus
para o Senado Federal, para participar da cerimônia de posse do senhor José Antonio Kast Rist, Presidente
eleito da República do Chile.";2026-03-09;Sim;Não;
FLAVIO_BOLSONARO;171933;8968311;PEC 47/2025;PEC;47;2025;Altera o art. 52 da Constituição Federal para dispor sobre a legitimidade para propor denúncia por crime de responsabilidade contra Ministros do Supremo Tribunal Federal, restabelecendo a legitimidade cidadã.;2025-12-03;Não;;
FLAVIO_BOLSONARO;175586;9100266;PL 5196/2026;PL;5196;2026;Altera os art. 61, 62 e 65 do Decreto-Lei nº 2.848, de 7 de dezembro de 1940 (Código Penal), para estabelecer as frações para as circunstâncias agravantes e atenuantes, bem como para prever patamar superior de agravamento em caso de multirreincidência.;2026-08-27;Sim;Não;
FLAVIO_BOLSONARO;175273;9088636;REQ 293/2026 - CDIR;REQ;293;2026;"Requer licença para desempenhar missão política ou cultural de interesse parlamentar, sem ônus
para o Senado Federal.";2026-07-27;Sim;Não;
FLAVIO_BOLSONARO;135155;7717123;PEC 3/2019;PEC;3;2019;Altera a redação do art. 201 da Constituição Federal, para extinguir o auxílio-reclusão.;2019-02-12;Não;;
FLAVIO_BOLSONARO;136764;7752587;PLP 132/2019;PLP;132;2019;Altera a Lei Complementar nº 159, de 19 de maio de 2017, que institui o Regime de Recuperação Fiscal dos Estados e do Distrito Federal, para dispor sobre a renúncia de receita em caso de comprovação de benefício fiscal futuro.;2019-05-13;Sim;Não;
FLAVIO_BOLSONARO;137699;7778476;PEC 110/2019;PEC;110;2019;Altera o Sistema Tributário Nacional e dá outras providências.;2019-07-09;Não;;
FLAVIO_BOLSONARO;139039;7817347;PRS 95/2019;PRS;95;2019;Institui, no âmbito do Senado Federal, a Frente Parlamentar de apoio ao Mercado de Varejo e E-commerce;2019-10-01;Não;;
FLAVIO_BOLSONARO;142534;7924915;RQS 731/2020;RQS;731;2020;Realização de Sessão Especial em homenagem ao centenário do nascimento de Nilo de Souza Coelho.;2020-06-09;Não;;
FLAVIO_BOLSONARO;152627;8238396;PL 829/2022;PL;829;2022;Altera o art. 129 do Decreto-Lei nº 2.848, de 7 de dezembro de 1940 (Código Penal), e o art. 1º da Lei nº 8.072, de 25 de julho de 1990, para incluir o parentesco civil na causa de aumento de pena de lesão corporal praticada contra autoridade ou agente descrito nos arts. 142 e 144 da Constituição Federal, integrantes do sistema prisional ou da Força Nacional de Segurança Pública, bem como para incluir no rol dos crimes hediondos a lesão corporal dolosa de natureza gravíssima e lesão corporal seguida de morte quando praticadas contra parentes por afinidade dos referidos agentes ou autoridades.;2022-04-05;Sim;Não;
FLAVIO_BOLSONARO;155365;8326112;RQS 791/2022;RQS;791;2022;Destaque para votação em separado do Art. 121, caput e parágrafo único, acrescido ao Art. 2º da Emenda nº 53-CCJ (substitutivo) à PEC 32/2022.;2022-12-07;Sim;Não;
FLAVIO_BOLSONARO;156437;8394951;PEC 11/2023;PEC;11;2023;Altera o art. 62 da Constituição Federal, para estabelecer que as medidas provisórias terão a sua tramitação iniciada, alternadamente, na Câmara dos Deputados e no Senado Federal e para extinguir as comissões mistas encarregadas de seu exame.;2023-03-17;Não;;
FLAVIO_BOLSONARO;171592;8953273;RQS 838/2025;RQS;838;2025;Requer urgência para o Projeto de Lei nº 1546/2024, nos termos dos arts. 336, III, e 338, III, do Regimento Interno do Senado Federal.;2025-11-11;Não;;
FLAVIO_BOLSONARO;171429;8946936;REQ 27/2025 - CSP;REQ;27;2025;"Requer, nos termos do art. 40 do Regimento Interno do Senado Federal, visita institucional ao Presidente da República de El Salvador,
Senhor Nayib Bukele, com o objetivo de promover intercâmbio de experiências e informações sobre políticas de segurança pública, sistema penitenciário e legislação penal.";2025-11-04;Sim;Não;
FLAVIO_BOLSONARO;148048;8060726;PCE 4/2021;PCE;4;2021;Requer a abertura de procedimento disciplinar c/c inquérito em face do Senador Jorge Kajuru, com fundamento nos arts. 25 e 32 do Regimento Interno do Senado Federal e no art. 20 da Resolução do Senado Federal nº 20, de 1993.;2021-04-12;Sim;Não;
FLAVIO_BOLSONARO;160194;8550424;PDL 343/2023;PDL;343;2023;Dispõe sobre a realização de plebiscito para decidir sobre a legalização do aborto.;2023-09-26;Não;;
FLAVIO_BOLSONARO;165704;8735431;PEC 37/2024;PEC;37;2024;Altera a Constituição Federal para dispor sobre a instauração de inquérito nos casos de infração à lei penal na sede ou dependência do Supremo Tribunal Federal e dos Tribunais ou em prejuízo de seus membros.;2024-10-09;Não;;
FLAVIO_BOLSONARO;167913;8811569;RQS 249/2025;RQS;249;2025;Requer voto de censura ao Senhor Ministro Flávio Dino, pelas declarações ofensivas proferidas em detrimento dos membros das Forças Armadas do Brasil durante o julgamento da denúncia da PGR pelos atos de 08 de janeiro de 2023.;2025-04-03;Não;;
FLAVIO_BOLSONARO;167511;8800932;PLP 61/2025;PLP;61;2025;Altera a Lei Complementar nº 75, de 20 de maio de 1993, para incluir a proteção dos nascituros nas funções institucionais do Ministério Público da União.;2025-03-12;Não;;
FLAVIO_BOLSONARO;163592;8662436;RQS 331/2024;RQS;331;2024;Requer o adiamento da discussão do Projeto de Lei nº 4129/2021, para oitiva da Comissão de Constituição, Justiça e Cidadania.;2024-05-14;Sim;Não;
FLAVIO_BOLSONARO;137241;7763370;PL 3462/2019;PL;3462;2019;Altera o Decreto Lei nº 2.848, de 07 de dezembro de 1940 (Código Penal) para incluir como causa de aumento de pena na denunciação caluniosa a imputação falsa de crime hediondo.;2019-06-06;Sim;Não;
FLAVIO_BOLSONARO;137080;7759875;R.S 8/2019;R.S;8;2019;Requer, nos termos do art. 58, § 2º, I, da Constituição Federal e do art. 91, § 3º, do Regimento Interno do Senado Federal, que o PL 633/2019, que altera a Lei n° 12.527, de 18 de novembro de 2011, que “Regula o acesso a informações previsto no inciso XXXIII do art. 5o, no inciso II do § 3o do art. 37 e no § 2o do art.216 da Constituição Federal”, para garantir a transparência e privilegiar o princípio da publicidade, deliberado terminativamente pela Comissão de Constituição, Justiça e Cidadania, seja apreciado pelo Plenário do Senado Federal;2019-05-30;Não;;
FLAVIO_BOLSONARO;138227;7791666;PL 4640/2019;PL;4640;2019;Acrescenta o art. 25-A ao Decreto-Lei nº 2.848, de 7 de dezembro de 1940 – Código Penal, para prever a excludente de ilicitude designada por “suicídio por policial”.;2019-08-20;Sim;Não;
FLAVIO_BOLSONARO;139327;7824219;RQS 897/2019;RQS;897;2019;Autorização para desempenho de missão parlamentar, a fim de participar em eventos na área médica, em Israel.;2019-10-15;Sim;Não;
FLAVIO_BOLSONARO;139706;7833788;RQS 994/2019;RQS;994;2019;Criação de Comissão Parlamentar de Inquérito composta de 11 (onze) membros titulares e 7 (sete) membros suplentes, para, no prazo de 180 (cento e oitenta) dias, apurar a situação dos familiares das vítimas da queda do avião que transportava os jogadores, comissão técnica e diretoria da Associação Chapecoense de Futebol assim como os familiares dos jornalistas e convidados que perderam suas vidas naquele terrível acidente aéreo.;2019-09-03;Não;;
FLAVIO_BOLSONARO;152773;8244533;PL 969/2022;PL;969;2022;Altera a Lei nº 13.019, de 31 de julho de 2014, para incluir o esporte dentre as atividades previstas como pressuposto para dispensa de chamamento público.;2022-04-19;Sim;Não;
FLAVIO_BOLSONARO;154105;8289246;RQN 124/2022;RQN;124;2022;Destaque para votação em separado da Emenda nº 41730001, apresentada ao PLN nº 5/2022.;2022-07-12;Sim;Não;
FLAVIO_BOLSONARO;156481;8364372;RQS 225/2023;RQS;225;2023;Desarquivamento do PL nº 2504/2019, que “altera a Lei nº 11.889,de 24 de dezembro de 2008, para estabelecer o piso salarial dos Técnicos em Saúde Bucal – TSB e Auxiliares em Saúde Bucal – ASB, e modifica a competência dos TSB”.;2023-02-07;Não;;
FLAVIO_BOLSONARO;155529;8331318;RQN 144/2022;RQN;144;2022;Destaque para votação em separado referente ao VET nº 46/2021.;2022-12-15;Sim;Não;
FLAVIO_BOLSONARO;159095;8513893;PEC 37/2023;PEC;37;2023;Acrescenta o § 12 ao art. 14, da Constituição Federal, dispondo que, na votação e apuração de eleições seja obrigatória a expedição de cédulas físicas, conferíveis pelo eleitor, a serem depositadas em urnas, para fins de auditoria.;2023-08-10;Não;;
FLAVIO_BOLSONARO;158928;8503443;REQ 1/2023 - CCDD;REQ;1;2023;Requer realização, pela Comissão de Comunicação e Direito Digital, de estudo sobre as atividades de entidade autodenominada Sleeping Giants Brasil, que vem realizando ações de clara interferência na liberdade de imprensa garantida pela Constituição da República Federativa do Brasil, e da proposição de medidas que visem conter essas atividades.;2023-08-03;Não;;
FLAVIO_BOLSONARO;160933;8580579;PEC 56/2023;PEC;56;2023;Altera as regras e o rito das súmulas vinculantes.;2023-11-08;Não;;
FLAVIO_BOLSONARO;163043;8646008;PEC 13/2024;PEC;13;2024;Altera o art. 146, § 3º, II, da Constituição Federal para corrigir o tratamento injusto concedido pela reforma tributária às microempresas, às empresas de pequeno porte e aos microempreendedores individuais.;2024-04-11;Não;;
FLAVIO_BOLSONARO;169835;8877211;RQS 597/2025;RQS;597;2025;Requer a oitiva da Comissão de Segurança Pública sobre o Projeto de Lei nº 2169/2019.;2025-08-12;Sim;Não;
FLAVIO_BOLSONARO;169787;8876377;PET 14/2025;PET;14;2025;Oferece representação contra o Ministro do STF, Alexandre de Moraes, com fundamento na Lei nº 1.079/1950 e no art. 52, II da CF.;2025-08-11;Sim;Não;
FLAVIO_BOLSONARO;162750;8637952;RQS 197/2024;RQS;197;2024;Requer a realização de Sessão Especial destinada a celebrar os 45 anos de regulamentação da Profissão de Biólogo.;2024-03-21;Não;;
RONALDO_CAIADO;120361;584957;PLS 163/2015;PLS;163;2015;Dispõe sobre reserva de recurso do Fundo Constitucional de Financiamento do Centro-Oeste – FCO para o desenvolvimento da Microrregião do Entorno do Distrito Federal.;2015-03-25;Sim;Não;
RONALDO_CAIADO;124017;1396402;PEC 147/2015;PEC;147;2015;Dá nova redação ao § 3º do art. 58 da Constituição Federal, para prever a hipótese de criação de Comissão Parlamentar de Inquérito por meio de iniciativa popular.;2015-11-12;Não;;
RONALDO_CAIADO;126981;1393494;PEC 47/2016;PEC;47;2016;Acrescenta Subseção I à Seção I do Capítulo VII do Título III da Constituição Federal, para regular a atividade de representação de interesses perante a Administração Pública.;2016-09-20;Não;;
RONALDO_CAIADO;125331;1395124;PEC 13/2016;PEC;13;2016;Altera o art. 159 da Constituição Federal, para destinar ao Fundo de Participação dos Municípios parte da arrecadação da União relativa às contribuições sociais previstas nas alíneas b e c do inciso I do art. 195.;2016-03-29;Não;;
RONALDO_CAIADO;120262;585365;PLS 144/2015;PLS;144;2015;"Altera a Lei nº 12.096, de 2009, que ""autoriza a concessão de subvenção econômica ao Banco Nacional de Desenvolvimento Econômico e Social - BNDES"" e dá outras providências.";2015-03-24;Sim;Não;
RONALDO_CAIADO;127686;1392704;PEC 66/2016;PEC;66;2016;Modifica o inciso II do art. 119 da Constituição Federal, para dispor sobre a aprovação pelo Senado Federal dos advogados escolhidos pelo Supremo Tribunal Federal para compor o Tribunal Superior Eleitoral.;2016-11-30;Não;;
RONALDO_CAIADO;124779;1395667;PEC 2/2016;PEC;2;2016;Altera o art. 6º da Constituição da República, para incluir, dentre os direitos sociais, o direito ao saneamento básico.;2016-02-16;Não;;
RONALDO_CAIADO;124176;1396190;PEC 150/2015;PEC;150;2015;Altera o inciso I do § 1º do art. 166 da Constituição Federal, para definir prazo para a manifestação da Comissão Mista de Orçamento – CMO acerca das contas do(a) Presidente da República.;2015-11-24;Não;;
RONALDO_CAIADO;123764;1396758;PEC 137/2015;PEC;137;2015;Altera os arts. 62, 150 e 195, da Constituição Federal, para vedar a edição de medida provisória em matéria tributária e para reforçar o princípio da anterioridade.;2015-10-22;Sim;Sim;
RONALDO_CAIADO;127749;1392600;PEC 67/2016;PEC;67;2016;Dá nova redação ao § 1º do art. 81 da Constituição Federal para determinar a realização de eleição direta aos cargos de Presidente e Vice-Presidente da República, na hipótese de vacância desses cargos nos três primeiros anos do mandato presidencial.;2016-12-08;Não;;
RONALDO_CAIADO;123834;1396598;PEC 140/2015;PEC;140;2015;"Altera o Título VIII, Capítulo II, Seção II - ""Da Saúde"" - da Constituição da República Federativa do Brasil de 1988.";2015-10-28;Sim;Não;
RONALDO_CAIADO;124840;1395491;PEC 6/2016;PEC;6;2016;Altera o inciso II do § 2º do art. 177 da Constituição Federal para determinar o regime de partilha na exploração de petróleo e acrescenta o art. 251 às Disposições Constitucionais Gerais para determinar a participação da Petrobras como operadora na exploração do petróleo em águas profundas.;2016-02-18;Não;;
RONALDO_CAIADO;121704;1399529;PEC 73/2015;PEC;73;2015;Altera o art. 103 da Constituição Federal, para permitir que entidade de representação de municípios de âmbito nacional possa propor ação direta de inconstitucionalidade e ação declaratória de constitucionalidade.;2015-06-10;Não;;
RONALDO_CAIADO;120162;1401518;PEC 30/2015;PEC;30;2015;Altera a Constituição Federal, para estabelecer o mandato de cinco anos dos Chefes do Poder Executivo e proibir a reeleição.;2015-03-18;Não;;
RONALDO_CAIADO;121994;1399048;PEC 83/2015;PEC;83;2015;Acrescenta o art. 166-A à Constituição Federal, para dispor sobre a Autoridade Fiscal Independente.;2015-06-25;Não;;
RONALDO_CAIADO;122879;1397629;PEC 117/2015;PEC;117;2015;Acrescenta o § 2º ao art. 101 da Constituição Federal, e renomeia o parágrafo único para tratar da vacância no Supremo Tribunal Federal.;2015-08-26;Não;;
RONALDO_CAIADO;120071;1401900;PEC 26/2015;PEC;26;2015;Altera os arts. 119 e 120 da Constituição Federal para suprimir a participação de advogados na composição do Tribunal Superior Eleitoral e dos Tribunais Regionais Eleitorais.;2015-03-12;Não;;
RONALDO_CAIADO;122110;1398683;PEC 91/2015;PEC;91;2015;Altera o art. 101 da Constituição Federal, para estabelecer o prazo máximo de três meses para a indicação de ministro do Supremo Tribunal Federal por parte do Presidente da República, sob pena de crime de responsabilidade.;2015-07-02;Não;;
RONALDO_CAIADO;120242;1401465;PEC 32/2015;PEC;32;2015;Institui o Sistema Parlamentar de Governo e dá outras providências.;2015-03-23;Não;;
RONALDO_CAIADO;121797;2024927;RRE 48/2015;RRE;48;2015;Requeiro, nos termos do arts. 50, caput, e 58, § 2º, III, da Constituição Federal e do art. 397, § 1º, do Regimento Interno do Senado Federal, a convocação do Exmo. Sr. Ministro de Estado das Relações Exteriores, Embaixador Mauro Vieira, para que compareça à Comissão, a fim de prestar informações sobre a omissão do Estado brasileiro diante da negativa, por parte do governo venezuelano, de autorização para aeronave da Força Aérea Brasileira, com comitiva de Senadores em missão aprovada por esta Casa, aterrissar em Caracas.;2015-06-16;Sim;Não;
RONALDO_CAIADO;124929;2000335;RMA 5/2016;RMA;5;2016;"Nos termos do inciso II do § 2º do art. 58 da Constituição Federal, combinado com o inciso II do art. 90 e o inciso II do art. 93 do Regimento Interno do Senado Federal, requeiro a realização de audiência pública, no âmbito da Comissão de Meio Ambiente, Defesa do Consumidor e Fiscalização e Controle (CMA), para debater a atual situação da Empresa Brasileira de Hemoderivados e Biotecnologia (HEMOBRÁS), com a participação dos convidados abaixo relacionados:
-	Ministro de Estado da Saúde, Dr. Marcelo Castro;
-	Presidente da Empresa Brasileira de Hemoderivados e Biotecnologia (HEMOBRÁS), Dr. Marcos Arraes;
-	Representante da Associação Brasileira de Hematologia, Hemoterapia e Terapia Celular (ABHH);
-	Representante do Tribunal de Contas da União;
-	Representante do Ministério Público Federal.
";2016-02-25;Sim;Sim;
RONALDO_CAIADO;124395;2000420;RMA 115/2015;RMA;115;2015;"Requer, nos termos do artigo 50 da Constituição Federal combinado com o artigo 90, inciso III, do Regimento Interno do Senado Federal, seja convocado a prestar esclarecimentos nesta Comissão de Meio Ambiente, Defesa Do Consumidor e Fiscalização e Controle o Sr. Antônio Edinho da Silva, Ministro-Chefe da Secretaria de Comunicação Social, acerca do conteúdo do programa ""Voz do Brasil"", veiculado em 4/12/2015 , tendo em vista a competência dessa Comissão para ""exercer a fiscalização e o controle dos atos do Poder Executivo, incluídos os da administração indireta"".";2015-12-10;Sim;Não;
RONALDO_CAIADO;121550;2001100;RMA 48/2015;RMA;48;2015;Nos termos da Constituição Federal, combinado com o Regimento Interno do Senado Federal, solicita que seja convocado o Ministro Edinho Silva, da Secretaria de Comunicação da Presidência da República, na Comissão de Meio Ambiente, Defesa do Consumidor e Fiscalização e Controle (CMA), para prestar esclarecimentos a respeito do aprofundamento da crise econômica e social.;2015-06-02;Sim;Não;
RONALDO_CAIADO;121559;2001079;RMA 49/2015;RMA;49;2015;Nos termos da Constituição Federal, combinado com o Regimento Interno do Senado Federal, solicita que seja convocado o Ministro Edinho Silva, da Secretaria de Comunicação da Presidência da República, na Comissão de Meio Ambiente, Defesa do Consumidor e Fiscalização e Controle (CMA).;2015-06-02;Sim;Não;
RONALDO_CAIADO;123823;898692;PDS 381/2015;PDS;381;2015;Susta a Resolução da Agência Nacional de Transportes Terrestres nº 4.777, de 06 de julho de 2015, que dispõe sobre a regulamentação da prestação do serviço de transporte rodoviário coletivo interestadual e internacional de passageiros em regime de fretamento.;2015-10-28;Sim;Não;
RONALDO_CAIADO;125334;898364;PDS 13/2016;PDS;13;2016;Susta o Decreto nº 8.515, de 3 de setembro de 2015, da Presidente da República, que delega competência ao Ministro de Estado da Defesa para a edição de atos relativos a pessoal militar.;2016-03-29;Não;;
RONALDO_CAIADO;128412;5126905;RQS 161/2017;RQS;161;2017;Requerem, nos termos do art. 58, §3º, da Constituição Federal, e dos arts. 145 a 153 do Regimento Interno do Senado Federal, a criação de uma Comissão Parlamentar de Inquérito, composta de sete membros titulares e cinco suplentes, para, no prazo de cento e vinte dias, com limite de despesas de R$ 100.000,00 ( cem mil reais), investigar a contabilidade da previdência social, esclarecendo com precisão as receitas e as despesas do sistema, bem como todos os desvios de recursos, sejam anistias, desonerações, desvinculações, sonegação ou qualquer outro meio que propicie a retirada de fontes da previdência, focando não somente nos valores, mas também nos beneficiários desses desvios.;2017-03-21;Não;;
RONALDO_CAIADO;125527;3265900;RQJ 17/2016;RQJ;17;2016;Nos termos do inciso II do art. 312, requeiro destaque para votação em separado da Emenda nº 3, apresentada à PEC nº 113A, de 2015.;2016-04-13;Sim;Não;
RONALDO_CAIADO;126271;3264810;RRA 42/2016;RRA;42;2016;Requer, em aditamento aos Requerimentos nº 15, 17 e 21, de 2016, a inclusão da Dra. Fabíola do Nascimento Correa, atual Responsável Técnica pelo Exame Western Blotting (WB) no Laboratório Nacional Agropecuário de Pernambuco (LANAGRO-PE) - exame confirmatório de mormo, que enseja o sacrifício dos animais.;2016-06-24;Sim;Não;
RONALDO_CAIADO;125448;3266062;RMA 12/2016;RMA;12;2016;Requer, em aditamento ao Requerimento nº 11/2016 – CMA, a inclusão do nome abaixo relacionado para participar da Audiência Pública que irá debater e instruir o Projeto de Lei nº 541, de 2015, que altera a Lei nº 7.802, de 11 de julho de 1989, para restringir o registro e uso de agrotóxicos. O nome indicado como debatedor, além dos citados no requerimento é o seguinte: Nelson Antônio Paim – Presidente do Sindag – Sindicato Nacional das Empresas de Aviação Agrícola.;2016-04-06;Não;;
RONALDO_CAIADO;124547;3180925;RQS 1438/2015;RQS;1438;2015;Requer, nos termos regimentais, que a votação do requerimento do destaque da Emenda nº 12 ao PLC 186/2015 seja feita pelo processo nominal.;2015-12-15;Sim;Não;
RONALDO_CAIADO;124198;3182801;RQS 1337/2015;RQS;1337;2015;Requer, nos termos do art. 294 do RISF, que a votação do RQS de votação de artigo por artigo do PLV 23/2015(proveniente da MPV 688/2015) seja feita pelo processo nominal.;2015-11-24;Sim;Não;
RONALDO_CAIADO;124545;3180963;RQS 1437/2015;RQS;1437;2015;Requer, nos termos regimentais, destaque para votação em separado da Emenda nº 11 ao PLC 186/2015.;2015-12-15;Sim;Não;
RONALDO_CAIADO;124194;3182858;RQS 1334/2015;RQS;1334;2015;Requer, nos termos do art. 311, IV, do RISF, preferência para votação do PLV 23/2015 de autoria da comissão mista sobre o PLV aprovado pela Câmara dos Deputados.;2015-11-24;Sim;Não;
RONALDO_CAIADO;124750;3179912;RQS 28/2016;RQS;28;2016;Requer, nos termos do art. 256, do RISF, a retirada em caráter definitivo do PDS 184/2015.;2016-02-16;Sim;Não;
RONALDO_CAIADO;124201;3182763;RQS 1339/2015;RQS;1339;2015;Requer, nos termos do art. 294 do RISF, que a votação do RQS solicitando que a votação das emendas à MPV 688/2015 uma a uma, seja feita pelo processo nominal.;2015-11-24;Sim;Não;
RONALDO_CAIADO;124189;3182953;RQS 1329/2015;RQS;1329;2015;Requer, nos termos do art. 294 do RISF, que a votação da impugnação ao art. 7º do PLV 23/2015 (proveniente da MPV 688/2015), seja feita pelo processo nominal.;2015-11-24;Sim;Não;
RONALDO_CAIADO;122778;3188023;RQS 942/2015;RQS;942;2015;Requer, nos termos do art. 294 do RISF, que a votação do Requerimento nº 941, de 2015 ao PLC 57/2015, seja feita pelo processo nominal.;2015-08-19;Sim;Não;
RONALDO_CAIADO;123182;3186525;RQS 1067/2015;RQS;1067;2015;Requer, nos termos do artigo 255, II, c, 12, do RISF, a oitiva da Comissão de Meio Ambiente, Defesa do Consumidor e Fiscalização e Controle sobre o Projeto de Lei do Senado nº 298, de 2015.;2015-09-16;Sim;Não;
RONALDO_CAIADO;124016;3183906;RQS 1288/2015;RQS;1288;2015;Requerem, nos termos do art. 58, § 3º, da Constituição Federal, combinado com o art. 145 do Regimento Interno do Senado Federal, a prorrogação, por 180 (cento e oitenta) dias, dos trabalhos da Comissão Parlamentar de Inquérito criada por meio do Requerimento nº 616, de 2015.;2015-11-11;Não;;
RONALDO_CAIADO;123561;3185133;RQS 1161/2015;RQS;1161;2015;Requer, nos termos dos art. 312, 313 e 314 do Regimento Interno do Senado Federal, destaque para votação em separado do art. 11 do PLV 16/2015.;2015-10-07;Sim;Não;
RONALDO_CAIADO;123824;3184481;RQS 1225/2015;RQS;1225;2015;Requer, nos termos do art. 256 do RISF, a retirada em caráter definitivo da PEC 34/2015.;2015-10-28;Sim;Não;
RONALDO_CAIADO;121440;3191718;RQS 560/2015;RQS;560;2015;Requer, nos termos do art 294, do Regimento Interno do Senado Federal, que a votação do Requerimento de Preferência à Medida Provisória nº 665, de 2014, seja feito pelo processo nominal.;2015-05-26;Sim;Não;
RONALDO_CAIADO;121431;3191899;RQS 577/2015;RQS;577;2015;"Requer, nos termos do inciso I, letra ""a"", do art. 314, do RISF, destaque para votação em separado do § 8, do art. 1º, da Lei nº 10.779/03, inserido no art. 2º, do Projeto de Lei de Conversão nº 3, de 2015.";2015-05-26;Sim;Não;
RONALDO_CAIADO;121499;3191071;RQS 616/2015;RQS;616;2015;Requerem, nos termos do art. 58, § 3º, da Constituição da República Federativa do Brasil e do art. 145 do Regimento Interno do Senado Federal, a criação de Comissão Parlamentar de Inquérito, composta por 7 (sete) membros titulares e 7 (sete) suplentes, obedecido o princípio  da proporcionalidade partidária, com a finalidade de, no prazo de 180 (cento e oitenta) dias, com limite de despesa fixado em R$ 100.000,00 (cem mil reais), investigar a Confederação Brasileira de Futebol (CBF) e o Comitê Organizador Local da Copa do Mundo FIFA Brasil 2014 (COL), em especial  quanto a possíveis irregularidades em contratos feitos para a realização de partidas da seleção brasileira e de campeonatos organizados pela CBF, assim como para a realização da Copa das Confederações FIFA 2013 e da Copa do Mundo FIFA 2014.;2015-05-28;Não;;
RONALDO_CAIADO;121481;3191372;RQS 600/2015;RQS;600;2015;Requer, nos termos do art. 294 do RISF, que a votação dos requerimentos de destaque ao PLV nº 4/2015(proveniente da MPV 664/2014) seja feita pelo processo nominal.;2015-05-27;Sim;Não;
RONALDO_CAIADO;121438;3191761;RQS 559/2015;RQS;559;2015;Requer, nos termos do art. 300, VIII, do Regimento Interno do Senado Federal, que a votação das emendas á Medida Provisória nº 665, de 2014 seja feita uma a uma.;2015-05-26;Sim;Não;
RONALDO_CAIADO;119688;3198521;RQS 43/2015;RQS;43;2015;Requer, nos termos do art. 332, § 1º, do RISF, o desarquivamento do PLS 568/2009.;2015-02-11;Não;;
RONALDO_CAIADO;130828;7967672;R.S 11/2017;R.S;11;2017;Requer, nos termos dos §§ 3º e 4º do Regimento Interno do Senado Federal, que o Projeto de Lei do Senado nº 686, de 2015, seja apreciado pelo Plenário do Senado Federal.;2017-09-14;Sim;Não;
RONALDO_CAIADO;130883;7191972;PDS 178/2017;PDS;178;2017;Dispõe sobre a convocação de plebiscito para consultar o povo sobre porte de arma de fogo e munição.;2017-09-19;Não;;
RONALDO_CAIADO;130423;7108050;OFS 63/2017;OFS;63;2017;Submete à apreciação do Senado Federal, nos termos do art. 130-A, inciso VI, da Constituição Federal, e de acordo com a Resolução nº 7, de 2005, do Senado Federal, a indicação do Senhor JOÃO MARCOS AMARAL, para compor o Conselho Nacional do Ministério Público, na vaga destinada ao Senado Federal.;2017-08-16;Sim;Não;
RONALDO_CAIADO;132676;7372076;RQS 146/2018;RQS;146;2018;Requerem, nos termos do art. 199, do Regimento Interno do Senado Federal, a realização de Sessão Especial destinada a celebrar os 45 anos da Empresa Brasileira de Pesquisa Agropecuária. (Embrapa);2018-03-22;Não;;
RONALDO_CAIADO;132660;7371362;RQS 133/2018;RQS;133;2018;Requer a realização de Sessão Temática para debater o tema sobre proteção, tratamento e uso de dados pessoais, referente ao PLS nº 330, de 2013.;2018-03-21;Não;;
RONALDO_CAIADO;133440;7394926;PRS 24/2018;PRS;24;2018;Fixa alíquota máxima para cobrança do Imposto sobre Operações Relativas à Circulação de Mercadorias e sobre Prestações de Serviços de Transporte Interestadual e Intermunicipal e de Comunicação (ICMS) incidente nas operações internas com combustíveis. O SENADO FEDERAL, na forma do art.155, V, “b”, da Constituição Federal, RESOLVE:;2018-05-28;Não;;
RONALDO_CAIADO;135047;7953352;RQS 637/2018;RQS;637;2018;Urgência para o Projeto de Lei do Senado nº 75, de 2018.;2018-07-04;Não;;
RONALDO_CAIADO;124444;1996471;RDR 57/2015;RDR;57;2015;Nos termos do art. 93, II, do Regimento Interno do Senado Federal, requeiro a Vossa Excelência, ouvido o Plenário desta Comissão, sejam convidados, Exmo. Nivaldo Antônio de Melo, Prefeito de Pirenópolis, Sra. Maria Rosa Demarchi, representante dos moradores de Pirenópolis e do Sr. Luis Triers, turismólogo para debaterem a iminente construção de dois empreendimentos imobiliários na cidade de Pirenópolis/GO, que supostamente comprometerá o tombamento do centro histórico daquela cidade.;2015-12-15;Sim;Não;
RONALDO_CAIADO;128023;4984857;PEC 1/2017;PEC;1;2017;Altera a Constituição Federal para estabelecer a aplicação do teto remuneratório a cada cargo público separadamente, no caso de acumulação lícita.;2017-02-08;Não;;
RONALDO_CAIADO;133303;7391043;PEC 7/2018;PEC;7;2018;Altera o art. 31 da Emenda Constitucional nº 19, de 4 de junho de 1998, para prever a inclusão, em quadro em extinção da administração pública federal, de servidor público, de integrante da carreira de policial, civil ou militar, e de pessoa que haja mantido relação ou vínculo funcional, empregatício, estatutário ou de trabalho com a administração pública dos ex-Territórios ou dos Estados do Amapá, de Roraima ou de Rondônia, inclusive suas prefeituras, durante os dez primeiros anos da criação dessas unidades federadas, estabelece o parâmetro remuneratório para a Polícia Militar dos ex-Territórios Federais e dá outras providências.;2018-05-16;Não;;
RONALDO_CAIADO;135056;7708492;RQS 641/2018;RQS;641;2018;Urgência para o Projeto de Lei da Câmara nº 30/2015.;2018-12-20;Não;;
RONALDO_CAIADO;135048;7953353;RQS 638/2018;RQS;638;2018;Urgência para o Projeto de Lei do Senado nº 181, de 2018;2018-12-20;Não;;
RONALDO_CAIADO;124743;573298;PLS 19/2016;PLS;19;2016;Acrescenta parágrafo único ao art. 699 da Lei nº 13.105, de 16 de março de 2015 (Código de Processo Civil), a fim de determinar a prioridade na tramitação de processos, da competência do juízo de família, envolvendo acusação de alienação parental.;2016-02-16;Sim;Não;
RONALDO_CAIADO;124762;1460062;RQS 29/2016;RQS;29;2016;Requer, nos termos do art. 50, § 2º, da Constituição Federal e dos arts. 216 e 217 do Regimento Interno do Senado Federal, informações ao Ministro de Estado de Minas e Energia sobre a redução da dívida da CELG e seus beneficiários.;2016-02-16;Sim;Não;
RONALDO_CAIADO;122688;1466486;RQS 916/2015;RQS;916;2015;Requer, nos termos do art. 50, § 2º, da Constituição Federal  e do art. 216 do Regimento Interno do Senado Federal, informações ao Ministro da Saúde sobre o alcance do contingenciamento realizado pelo Poder Executivo no orçamento daquele Ministério.;2015-08-12;Sim;Não;
RONALDO_CAIADO;123737;1463700;RQS 1203/2015;RQS;1203;2015;Requerem, nos termos do art. 222, § 1º, do Regimento Interno do Senado Federal, moção de repúdio ao Governo da Venezuela em razão dos obstáculos criados pelo Governo venezuelano que levaram à decisão do Tribunal Superior Eleitoral (TSE) de não participar da missão da União das Nações Sul-americanas (UNASUL) das eleições parlamentares venezuelanas em dezembro de 2015.;2015-10-21;Não;;
RONALDO_CAIADO;119875;1475309;RQS 103/2015;RQS;103;2015;Requer, nos termos do art. 50, § 2º, da Constituição Federal, combinado com os arts. 215, I, a, 216 e 217 do Regimento Interno do Senado Federal, que seja o presente Requerimento encaminhado ao Excelentíssimo Sr. Ministro de Estado da Educação, para que este providencie, no estrito prazo constitucional, informações sobre os valores repassados pelo MEC ao custeio do PRONATEC e os motivos do atraso dos pagamentos.;2015-03-03;Sim;Não;
RONALDO_CAIADO;120457;1473734;RQS 237/2015;RQS;237;2015;"Requer, nos termos do art. 50, § 2º, da Constituição Federal, combinado com os arts. 215, I, a; 216 e 217 do Regimento Interno do Senado Federal, informações ao Ministro de Estado de Minas e Energia sobre as tratativas entre a República Federativa do Brasil e o Estado Plurinacional da Bolívia, relativas à usina termelétrica Rio Madeira.";2015-03-31;Sim;Não;
RONALDO_CAIADO;119666;1476398;RQS 29/2015;RQS;29;2015;Requer, nos termos do art. 50, § 2º, da Constituição Federal, combinado com os arts. 215, I, a, 216 e 217 do Regimento Interno do Senado Federal, informações ao Ministro de Estado da Saúde sobre os repasses feitos ao Estado de Goiás no período compreendido entre 2011 e 2014.;2015-02-10;Sim;Não;
RONALDO_CAIADO;120645;1473240;RQS 346/2015;RQS;346;2015;Requer, com fundamento no inciso I, § 1º, do art. 40 do Regimento Interno do Senado Federal, autorização para desempenho de missão na 28º edição do Fórum da Liberdade, a realizar-se no próximo dia 13 de abril de 2015, na cidade de Porto Alegre-RS.;2015-04-09;Sim;Não;
RONALDO_CAIADO;120810;3193577;RQS 380/2015;RQS;380;2015;Requer, nos termos do art. 50, § 2º da Constituição Federal, combiando com os arts. 215, I, a, 216 e 217 do Regimento Interno do Senado Federal, informações ao Ministro de Estado da Relações Exteriores sobre a sindicância/processo administrativo disciplinar em desfavor do diplomata Eduardo Sabóia.;2015-04-22;Sim;Não;
RONALDO_CAIADO;120389;3195713;RQS 228/2015;RQS;228;2015;"Requer, nos termos do disposto no art. 255, II, ""c"", 12, do RISF, que sobre o Projeto de Lei da Câmara nº 42, de 2014, seja ouvida a Comissão de Educação, Cultura e Esporte.";2015-03-25;Sim;Não;
RONALDO_CAIADO;133624;7952711;RQS 360/2018;RQS;360;2018;Requer, nos termos dos artigos 336, II, e 338, II, do Regimento Interno do Senado Federal, urgência para o PDS 61/2018.;2018-06-12;Não;;
RONALDO_CAIADO;125070;3179147;RQS 143/2016;RQS;143;2016;Requer, nos termos do art. 294, do Regimento Interno ldo Senado Federal, destaque para votação em separado da Emenda nº 44, à MPV nº 693/2015, seja feita pelo processo nominal.;2016-03-08;Sim;Não;
RONALDO_CAIADO;126848;566897;PLS 333/2016;PLS;333;2016;Altera a Lei nº 8.078, de 11 de setembro de 1990, para limitar em 1 (um) ano a validade do aval ou da fiança concedidos em favor do fornecedor de crédito ou de financiamento ao consumidor.;2016-09-08;Sim;Não;
RONALDO_CAIADO;121071;3037268;PEC 53/2015;PEC;53;2015;Altera os arts. 73, 101, 104, 111-A, 119 e 123 da Constituição Federal, para instituir a idade mínima de cinquenta e cinco anos como requisito para compor o Supremo Tribunal Federal, o Tribunal de Contas da União e os Tribunais Superiores.;2015-05-06;Não;;
RONALDO_CAIADO;129346;5313946;PEC 20/2017;PEC;20;2017;Altera o art. 197 da Constituição Federal, para dispor sobre a instituição de Plano de Saúde Público para a cobertura financeira de serviços de saúde prestados por instituições e profissionais da rede privada.;2017-05-31;Não;;
RONALDO_CAIADO;121296;582749;PLS 286/2015;PLS;286;2015;Altera o art. 294 da Lei nº 6.404, de 15 de dezembro de 1976, que “Dispõe sobre as Sociedades por Ações.”;2015-05-19;Sim;Não;
RONALDO_CAIADO;120353;2008438;RQE 4/2015;RQE;4;2015;Requer, nos termos da Constituição Federal, combinado com o Regimento Interno do Senado Federal, que seja convidado para Audiência Pública o Ministro de Estado do Trabalho e Emprego, a fim de explicar as modificações legais anunciadas pelo governo que retiram direitos dos trabalhadores.;2015-03-25;Sim;Não;
RONALDO_CAIADO;129887;5377266;PEC 26/2017;PEC;26;2017;Acrescenta o art. 75-A à Constituição Federal, para dispor sobre a criação de um sistema de avaliação de políticas públicas.;2017-06-29;Não;;
RONALDO_CAIADO;130961;7204485;PLS 354/2017;PLS;354;2017;Altera o Decreto-Lei nº 5.844, de 23 de setembro de 1943, para permitir ao contribuinte que tenha sua declaração retida para revisão o direito de apresentar documentação e de comprovar a regularidade das informações a qualquer momento, independentemente de intimação por servidor da Secretaria da Receita Federal do Brasil.;2017-09-21;Sim;Não;
RONALDO_CAIADO;122641;578841;PLS 524/2015;PLS;524;2015;Estabelece parâmetros para a elaboração de políticas públicas para a ovinocaprinocultura no Brasil.;2015-08-11;Sim;Não;
RONALDO_CAIADO;120360;584981;PLS 164/2015;PLS;164;2015;Altera a Lei Complementar nº 105, de 2001, que “dispõe sobre o sigilo das operações de instituições financeiras e dá outras providências”.;2015-03-25;Sim;Não;
RONALDO_CAIADO;119874;1475328;RQS 100/2015;RQS;100;2015;"Requer, nos termos do art. 50, § 2º, da Constituição Federal, combinado com os arts. 215, I, a; 216 e 217 do Regimento Interno do Senado Federal, que sejam solicitadas informações ao Ministro de Estado da Saúde acerca do número de UTIs neonatais nos hospitais vinculados ao SUS no Estado de Goiás, nos termos que especifica.";2015-03-03;Sim;Não;
RONALDO_CAIADO;119671;1476293;RQS 30/2015;RQS;30;2015;Requer, nos termos do art. 50, § 2º, da Constituição Federal, combinado com os arts. 215, I, a, 216 e 217 do Regimento Interno do Senado Federal, informações ao Ministro de Estado do Desenvolvimento, Indústria e Comércio Exterior sobre os beneficiários de empréstimos do Banco Nacional de Desenvolvimento Econômico e Social (BNDES), entre 2011 e 2014, em valores superiores a R$ 10 milhões.;2015-02-10;Sim;Não;
RONALDO_CAIADO;121425;1399941;PEC 65/2015;PEC;65;2015;Altera o art. 21 da Constituição Federal, transferindo para a União a exploração dos serviços de transporte rodoviário de passageiros entre os municípios do Entorno do Distrito Federal e Brasília.;2015-05-26;Sim;Sim;
RONALDO_CAIADO;125305;2024118;RRE 15/2016;RRE;15;2016;Requeremos, nos termos do artigo 50 da Constituição Federal combinado com o artigo 90, inciso III, do Regimento Interno do Senado Federal, seja convocado a prestar esclarecimentos nesta Comissão de Relações Exteriores e Defesa Nacional o Excelentíssimo Ministro das Relações Exteriores, Sr. Mauro Luiz Iecker Vieira, acerca da emissão, pelo Ministério, de telegramas a Embaixadas brasileiras com sede no exterior, alertando sobre um possível golpe político no Brasil.;2016-03-28;Sim;Sim;
RONALDO_CAIADO;123069;1996618;RDR 36/2015;RDR;36;2015;Nos termos do art. 93, II, do Regimento Interno do Senado Federal, requeiro a Vossa Excelência, ouvido o Plenário desta Comissão, sejam convidados o Sr. Roney Sharly Faria Martins, Presidente da Associação dos Moradores do Setor Universitário quadra 88 (ASMO88) e o Sr. Orlando Afonso Valle do Amaral, reitor da Universidade Federal de Goiás (UFG) para debaterem a situação dos moradores da Quadra 88, no Setor Universitário, na Cidade de Goiânia-GO.;2015-09-09;Sim;Não;
RONALDO_CAIADO;124542;3181020;RQS 1440A/2015;RQS;1440A;2015;Requer, nos termos do art. 294 do Regimento Interno do Senado Federal, que o Requerimento que solicita a votação uma a uma das emendas ao PLC nº 186, de 2015, seja feito pelo processo nominal.;2015-12-15;Sim;Não;
RONALDO_CAIADO;119682;3198567;RQS 41/2015;RQS;41;2015;"Requer, nos termos do art. 332 do Regimento Interno do Senado Federal, o desarquivamento das Propostas de Emenda à Constituição nºs 68 e 70, de 2007; e dos Projetos de Lei do Senado nºs 465 e 470, de 2007, todas de autoria do Senador Alvaro Dias.";2015-02-11;Não;;
RONALDO_CAIADO;129211;5297185;RQJ 19/2017;RQJ;19;2017;"Requeiro nos termos do art. 93, II, do Regimento Interno do Senado Federal, a realização de audiência pública no âmbito desta Comissão para debater o PLS n.º 326, de 2016, de autoria do Senador Dario Berger, que institui a Política Nacional de Defesa Agropecuária, com a presença dos seguintes convidados:
1. Luis Rangel, Secretário de Defesa Agropecuário do Ministério da agricultura, Pecuária e Abastecimento;
2. Representante da Frente Parlamentar da Agropecuária; 
3. Maurício Rodrigues Porto, Presidente do Sindicato Nacional dos Fiscais Federais Agropecuários (ANFFA); 
4. Inácio Afonso Kroetz, Diretor-Presidente da Agência de Defesa Agropecuária do Estado do Paraná;
5. Gabriel Amorim, Presidente da Associação Nacional dos Técnicos de Fiscalização Federal Agropecuária - ANTEFFA.";2017-05-17;Sim;Não;
RONALDO_CAIADO;129926;5379610;PLS 216/2017;PLS;216;2017;Acrescenta artigo na Lei nº 11.343, de 2006, para tipificar a conduta de corromper menores para prática de delitos relacionados ao tráfico de drogas, e adequa a redação do inciso VI do art. 40 do mesmo diploma à tipificação do novo crime.;2017-07-04;Sim;Não;
RONALDO_CAIADO;130213;6014587;RAS 118/2017;RAS;118;2017;Requeiro, nos termos regimentais, que seja incluído o Dr. Salmo Raskin como convidado para participar da audiência pública que debaterá o “Direito ao tratamento de pacientes com Doenças Raras”, cujo requerimento RAS 35/2017 já foi aprovado pela comissão.;2017-08-02;Sim;Não;
RONALDO_CAIADO;132562;7368698;RQS 107/2018;RQS;107;2018;Requer, nos termos do art. 58, § 3º da Constituição Federal, combinado com os arts. 145 a 153, do RISF, seja criada Comissão Parlamentar de Inquérito (CPI), composta de 7 (sete) membros titulares e de igual número de suplentes, obedecido o princípio da proporcionalidade partidária, destinada a, no prazo de 180 (cento e oitenta) dias, com limite de despesa fixado em R$ 100.000,00 (cem mil reais), investigar os juros extorsivos cobrados pelas empresas operadoras de cartão de crédito.;2018-02-27;Não;;
RONALDO_CAIADO;124981;572484;PLS 62/2016;PLS;62;2016;Determina que os gastos pessoais realizados pela Presidência da República, bem como as despesas do governo federal realizadas por meio do Cartão de Pagamento do Governo Federal sejam listados e publicados na Internet, vedando a classificação de parte desses gastos como sigilosos.;2016-03-01;Sim;Não;
RONALDO_CAIADO;120202;585509;PLS 138/2015;PLS;138;2015;Altera a Lei nº 9.250, de 1995, que “altera a legislação do imposto de renda das pessoas físicas e dá outras providências”.;2015-03-19;Sim;Não;
RONALDO_CAIADO;124978;1458860;RQS 116/2016;RQS;116;2016;Requer, nos termos do inciso IV do art. 71 da Constituição Federal, combinado com o Regimento Interno do Senado Federal, a realização de auditoria pelo Tribunal de Contas da União nas despesas do ex-Presidente da República, Luiz Inácio Lula da Silva, pagas com recursos do Orçamento Geral da União, nos exercícios financeiros de 2011 a 2014.;2016-03-01;Sim;Não;
RONALDO_CAIADO;123763;1396809;PEC 136/2015;PEC;136;2015;Altera a parcela do produto da arrecadação do imposto sobre produtos industrializados a ser entregue pela União aos Estados e ao Distrito Federal, bem como os respectivos critérios de rateio de que tratam o inciso II e o § 2º do art. 159 da Constituição.;2015-10-22;Sim;Sim;
RONALDO_CAIADO;124543;3181001;RQS 1435/2015;RQS;1435;2015;Requer, nos termos regimentais, que a votação do PLC 186/2015 seja feita artigo por artigo.;2015-12-15;Sim;Não;
RONALDO_CAIADO;121435;3191818;RQS 579/2015;RQS;579;2015;Requer, , nos termos do art. 294 do Regimento Interno do Senado Federal, votação nominal para o Requerimento nº 578, de 2015, que solicita a votação em  globo dos Requerimentos de destaque ao PLV nº  3, de 2015.;2015-05-26;Não;;
RONALDO_CAIADO;120939;3193243;RQS 407/2015;RQS;407;2015;"Requerem, nos termos do art. 58, § 3º, da Constituição Federal e dos arts 74, III, e 145 do Regimento Interno do Senado Federal, a constituição de uma Comissão Parlamentar de Inquérito composta de 11 (onze) membros titulares e 7 (sete) membros suplentes, para, no prazo de 120 (cento e vinte) dias, com limite de despesas de R$ 100.000,00 (cem mil reais), apurar as denúncias de que julgamentos realizados no âmbito do CARF - Conselho Administrativo de Recursos Fiscais foram manipulados para, em descompasso com a lei, anular autuações fiscais ou reduzir substancialmente os tributos cobrados, resultando em sonegação fiscal da ordem de até R$ 19.000.000.000,00 (dezenove bilhões de reais).


";2015-04-28;Não;;
RONALDO_CAIADO;128523;5205098;RQJ 5/2017;RQJ;5;2017;Requeiro, nos termos do art. 93 do Regimento Interno do Senado Federal, seja realizada audiência pública com a finalidade de instruir e debater o Projeto de Lei do Senado (PLS) nº 280, de 2016, para a qual indico, como convidado, o Exmo. Procurador-Geral da República, Dr. Rodrigo Janot Monteiro de Barros.;2017-03-29;Sim;Não;
RONALDO_CAIADO;128563;5210703;PEC 13/2017;PEC;13;2017;Altera os artigos 73 e 92 da Constituição para estabelecer critérios para a nomeação de ministros do Tribunal de Contas da União e tribunais superiores do Poder Judiciário, e assegurar a alternância de sexo nessa nomeação.;2017-03-30;Não;;
RONALDO_CAIADO;124206;1461790;RQS 1346/2015;RQS;1346;2015;Requer, com base nos art. 49, inciso X, e art. 50, § 2º, da Constituição Federal, combinado com os art. 215, inciso I, e art. 216, do Regimento Interno, do Senado Federal, e no Ato da Mesa nº 1, de 2001, que sejam prestadas pelo Ministro de Estado de Minas e Energia informações a respeito de barragens de rejeitos cadastradas no Departamento Nacional de Produção Mineral, bem como, da fiscalização, do risco de rompimento e dos planos de contingência.;2015-11-25;Sim;Não;
RONALDO_CAIADO;120635;1473259;RQS 345/2015;RQS;345;2015;Requer, nos termos do art. 4º da Lei Complementar nº 105, de 10 de janeiro de 2001, combinado com o art. 8º do Ato da Mesa do Senado Federal nº 1, de 2001, que sejam solicitadas ao Ministro de Estado do Desenvolvimento, Indústria e Comércio (MDIC) informações acerca dos financiamento realizados pelo Banco Nacional de Desenvolvimento Econômico e Social - BNDES.;2015-04-09;Não;;
RONALDO_CAIADO;125060;1395336;PEC 9/2016;PEC;9;2016;Altera a Constituição Federal para instituir o Sistema Parlamentar de Governo.;2016-03-08;Não;;
RONALDO_CAIADO;122964;1397578;PEC 118/2015;PEC;118;2015;Acrescenta o art. 88-A à Constituição Federal, para estabelecer a obrigação de elaboração de plano anual de metas e de relatório anual de avaliação pelos órgãos subordinados diretamente à Presidência da República.;2015-09-01;Não;;
RONALDO_CAIADO;122046;1398944;PEC 86/2015;PEC;86;2015;Acrescenta o parágrafo único ao art. 49 da Constituição Federal para fixar prazo para a apreciação das contas prestadas pelo Presidente da República e determinar o sobrestamento de todas as deliberações do Congresso Nacional, no caso de sua inobservância.;2015-06-30;Não;;
RONALDO_CAIADO;120772;1400631;PEC 49/2015;PEC;49;2015;Altera os arts. 14, 27, 28, 29, 44, 46 e 82 da Constituição Federal, para unificar os mandatos de chefe do Poder Executivo e os mandatos parlamentares em cinco anos, vedando a reeleição para os cargos de Presidente da República, Governadores e Prefeitos.;2015-04-16;Não;;
RONALDO_CAIADO;124655;2000399;RMA 1/2016;RMA;1;2016;Requer, nos termos do arts. 50, caput, e 58, § 2º, III, da Constituição Federal e do art. 397, § 1º, do Regimento Interno do Senado Federal, a convocação do Senhor Ministro de Estado da Saúde, Marcelo Castro, para que compareça à Comissão, a fim de prestar informações sobre a situação alarmante do crescimento de casos de microcefalias relacionados ao zika vírus.;2016-02-01;Sim;Não;
RONALDO_CAIADO;121488;3191239;RQS 592/2015;RQS;592;2015;Requer, nos termos do inciso I, letra a, do art. 314 do RISF, destaque para votação em separado do art. 77, constante do art. 1º do PLV 4/2015.;2015-05-27;Sim;Não;
RONALDO_CAIADO;121436;3191799;RQS 558/2015;RQS;558;2015;requer, nos termos do art. 311, do regimento Interno, a preferência para votação do Medida Provisória nº 665 em relação ao PLV aprovado pela Câmara dos Deputados.;2015-05-26;Sim;Não;
RONALDO_CAIADO;125057;1458510;RQS 137/2016;RQS;137;2016;Requer, nos termos do inciso IV, do art. 71, da Constituição Federal, combinado com o Regimento Interno do Senado Federal, seja encaminhado ao Tribunal de Contas da União solicitação para realizar auditoria patrimonial nos Palácios do Planalto e Alvorada para averiguar possível desvio ou desaparecimento de bens pertencentes à União.;2016-03-08;Sim;Não;
RONALDO_CAIADO;121399;1470644;RQS 550/2015;RQS;550;2015;Requer, nos termos do art. 222 do Regimento Interno do Senado Federal, Moção de Solidariedade ao povo armênio pelo transcurso do Centenário da Campanha de extermínio de sua população, nos seguintes termos: inserção em ata de voto de solidariedade e apresentação de solidariedade à Embaixada da Armênia, além de dar conhecimento à Presidência da República e ao Ministério das Relações Exteriores.;2015-05-26;Não;;
RONALDO_CAIADO;121041;1471969;RQS 444/2015;RQS;444;2015;Requer, nos termos do art. 222 do Regimento Interno do Senado Federal, a inserção em ata de voto de congratulações e aplauso a Claudia Lyra Nascimento, pelos anos de valoroso e dedicado serviço prestado ao Congresso Nacional e ao exercício da democracia brasileira.;2015-05-05;Não;;
RONALDO_CAIADO;124454;1330357;PRS 62/2015;PRS;62;2015;Altera o Regimento Interno para estabelecer regras para o horário de funcionamento das Comissões.;2015-12-15;Sim;Não;
RONALDO_CAIADO;125969;1329939;PRS 37/2016;PRS;37;2016;Altera o Regimento Interno relativamente à inclusão de matérias não constantes da pauta dos trabalhos previamente distribuída no âmbito das Comissões.;2016-05-31;Sim;Não;
RONALDO_CAIADO;120518;2921359;PLS 191/2015;PLS;191;2015;Altera dispositivos da Lei nº 8.069, de 13 de julho de 1990, que ‘Dispõe sobre o Estatuto da Criança e do Adolescente, e dá outras providências’;2015-04-01;Sim;Não;
RONALDO_CAIADO;135043;7953444;RQS 628/2018;RQS;628;2018;Urgência para o Projeto de Decreto Legislativo nº 21, de 2018.;2018-08-08;Não;;
RONALDO_CAIADO;129616;5343802;RQS 432/2017;RQS;432;2017;"Requer, nos termos das alíneas ""d"" e ""e"", do inciso III, e do inciso II, ambos do art. 218 do RISF, que seja consignado nos anais do Senado Federal voto de pesar e condolências  à família do jornalista Jorge Bastos Moreno, falecido hoje.";2017-06-14;Não;;
RONALDO_CAIADO;122082;902754;PDS 270/2015;PDS;270;2015;Convoca plebiscito sobre a redução da maioridade penal, de dezoito para dezesseis anos, nos casos de crimes hediondos.;2015-07-01;Não;;
RONALDO_CAIADO;121020;909356;PDS 86/2015;PDS;86;2015;Susta a aplicação do art. 8º da Resolução nº 3, de 16 de setembro de 2011, da Comissão Nacional de Residência Médica da Secretaria de Educação Superior, que dispõe sobre o processo de seleção pública dos candidatos aos Programas de Residência Médica.;2015-05-05;Sim;Não;
RONALDO_CAIADO;122995;3270998;RDR 34/2015;RDR;34;2015;"Nos termos do art. 58, § 2º, II e V, da Constituição Federal e dos arts. 90, II, e 93, II, do Regimento Interno do Senado Federal, requeiro a realização de audiência pública da Comissão de Desenvolvimento Regional e Turismo (CDR), no próximo dia 16.09.2015, com o objetivo de discutir as consequências, para a economia das regiões menos desenvolvidas do País, e, portanto, para o aprimoramento do equilíbrio federativo, da eventual aprovação do Projeto de Resolução do Senado (PRS) nº 1, de 2013, da Presidência da República, à luz do Relatório e do Substitutivo apresentados nesta Comissão pelo Senador Wellington Fagundes, além de demais assuntos correlatos, com os seguintes convidados:•	Secretário de Fazenda do Estado do Amazonas, Sr. Afonso Lobo Moraes;•	Secretário-Adjunto de Fazenda do Estado de Mato Grosso do Sul, Jader Rieffe Julianelli Afonso;•	Secretário de Fazenda do Estado de Pernambuco, Márcio Stefanni Monteiro Morais. 
";2015-09-02;Não;;
RONALDO_CAIADO;121637;3012836;PDS 184/2015;PDS;184;2015;Susta a Portaria nº 444, de 17 de dezembro de 2014, do Ministério do Meio Ambiente (MMA), que reconhece como espécies da fauna brasileira ameaçadas de extinção aquelas constantes da “Lista Nacional Oficial de Espécies da Fauna Ameaçadas de Extinção”, conforme o Anexo I da Portaria.;2015-06-09;Sim;Não;
RONALDO_CAIADO;121581;3012884;PDS 158/2015;PDS;158;2015;Susta a Portaria nº 443, de 17 de dezembro de 2014, do Ministério do Meio Ambiente (MMA), que reconhece como espécies da flora brasileira ameaçadas de extinção aquelas constantes da “Lista Nacional Oficial de Espécies da Flora Ameaçadas de Extinção”, conforme Anexo à Portaria.;2015-06-03;Sim;Não;
RONALDO_CAIADO;121081;1471698;RQS 478/2015;RQS;478;2015;"Requer, nos termos do § 3º do art. 58, da Constituição Federal, c/c arts. 74, inciso III; 145 e seguintes, do Regimento Interno do Senado Federal, a criação de Comissão Parlamentar de Inquérito, composta por 13 (treze) Senadores titulares e 7 (sete) suplentes, para, no prazo de até 180 (cento e oitenta) dias, prorrogável nos termos regimentais, investigar irregularidades e prejuízos na administração de recursos financeiros em entidades fechadas de previdência complementar (Fundos de Pensão) nas sociedades de economia mista e empresas controladas direta ou indiretamente pela União, ocorridas a partir de 2003, envolvendo os Fundos de Pensão PREVI, PETROS, FUNCEF E POSTALIS.";2015-05-06;Não;;
RONALDO_CAIADO;124456;1330336;PRS 63/2015;PRS;63;2015;Revoga o § 3º do art. 108 do Regimento Interno do Senado Federal.;2015-12-15;Sim;Não;
RONALDO_CAIADO;121129;2025143;RRE 35/2015;RRE;35;2015;"Nos termos da Constituição Federal, combinado com o Regimento Interno do Senado Federal, solicito que sejam convidados a prestar depoimento, na Comissão de Relações Exteriores e Defesa Nacional (CRE), o Excelentíssimo Senhor José Mujica, ex-Presidente da República Oriental da Uruguai, assim como o ex-vice-Presidente uruguaio, Danilo Astori.
";2015-05-12;Sim;Não;
RONALDO_CAIADO;124197;3182820;RQS 1336/2015;RQS;1336;2015;Requer, nos termos do art. 300, II, do RISF, que a votação do PLV 23/2015 (proveniente da MPV 688/2015) seja feita artigo por artigo.;2015-11-24;Sim;Não;
RONALDO_CAIADO;124192;3182896;RQS 1332/2015;RQS;1332;2015;Requer, nos termos do art. 311, II, do RISF, preferência para votação do MPV 688/2015 sobre o PLV 23/2015.;2015-11-24;Sim;Não;
RONALDO_CAIADO;122734;3036661;PEC 111/2015;PEC;111;2015;Altera o Artigo 62, § 1°, da Constituição Federal, que dispõe sobre as vedações à edição de medidas provisórias.;2015-08-18;Não;;
RONALDO_CAIADO;135055;7953358;RQS 640/2018;RQS;640;2018;Urgência para o Projeto de Lei da Câmara nº 37, de 2013.;2018-12-20;Não;;
RONALDO_CAIADO;125093;572004;PLS 84/2016;PLS;84;2016;Dispõe sobre o uso dos cartões de pagamentos pela administração pública direta da União.;2016-03-09;Sim;Não;
RONALDO_CAIADO;120462;1401169;PEC 39/2015;PEC;39;2015;Altera o art. 175 Constituição Federal, para determinar que as concessões e permissões de serviços públicos sejam normatizados por lei complementar.;2015-03-31;Não;;
RONALDO_CAIADO;124151;2000441;RMA 112/2015;RMA;112;2015;Nos termos da Constituição Federal, combinado com o Regimento Interno do Senado Federal, solicito que seja convocado a prestar depoimento nesta Comissão de Meio Ambiente, Defesa do Consumidor e Fiscalização o Ministro das Minas e Energia, bem como convidados, o Superintendente da ANEEL, a Promotora do Ministério Público de Goiás, Senhora Alice de Almeida Freire, o Senhor José Fernando Navarretti Pena, representado a CELGPAR, assim como Marcelo Heleno Coelho de Souza, Maria Lúcia Caciano e Lys Alcântara (ou seu representante), a fim de explicarem a passagem de linha de alta tensão por bairros de Goiânia.;2015-11-24;Sim;Não;
RONALDO_CAIADO;124200;3182782;RQS 1338/2015;RQS;1338;2015;Requer, nos termos do art. 300, VIII, que a votação das emendas à MPV 688/2015 seja feita uma a uma.;2015-11-24;Sim;Não;
RONALDO_CAIADO;121483;3191334;RQS 597/2015;RQS;597;2015;"Requer, nos termos do art. 311 do RISF, preferência para votação do PLV - texto da Comissão,  em relação ao PLV - texto aprovado pela Câmara dos Deputados;";2015-05-27;Sim;Não;
RONALDO_CAIADO;121310;3192104;RQS 536/2015;RQS;536;2015;"Requer, nos termos do inciso I, letra ""a"", do art. 314, RISF, destaque para votação em separado do § 1º do art. 1º da Lei nº 12.096, de 2009, alterado pelo art. 1º do PLV 5/2015, proveniente da MPV 663/2014.";2015-05-19;Sim;Não;
RONALDO_CAIADO;129615;5342817;RQS 434/2017;RQS;434;2017;Requer, nos termos regimentais, inserção em ata de Voto de Pesar pelo falecimento do jornalista Jorge Bastos Moreno, bem como apresentação de condolências à família.;2017-06-14;Não;;
RONALDO_CAIADO;130039;5393423;PLS 226/2017;PLS;226;2017;Altera a Lei nº 9.503, de 23 de setembro de 1997, que institui o Código de Trânsito Brasileiro, de forma a determinar que a autoridade de trânsito alerte o condutor sempre que este atinja a contagem de 16 pontos em sua Carteira Nacional de Habilitação.;2017-07-12;Sim;Não;
RONALDO_CAIADO;134063;7621134;RQS 431/2018;RQS;431;2018;Requer, nos termos do artigo 76, § 1º combinado com o artigo 152, do Regimento Interno do Senado Federal, a prorrogação por mais 150 (cento e cinquenta) dias da duração da Comissão Parlamentar de Inquérito Destinada a Investigar Maus-Tratos de Crianças e Adolescentes no país, criado nos termos do Requerimento nº 277 de 2017, composta por 7 (sete) membros titulares e 5 (cinco) suplentes, para que concluam, nesse prazo, as investigações referentes aos maus-tratos de crianças e adolescentes no Brasil.;2018-08-08;Não;;
RONALDO_CAIADO;134453;7693893;RQS 496/2018;RQS;496;2018;Urgência para o PLC 78 de 2018.;2018-10-30;Não;;
RONALDO_CAIADO;120641;584141;PLS 209/2015;PLS;209;2015;Altera a Lei nº 9.427, de 26 de dezembro de 1996, estabelecendo multa a ser paga aos usuários do serviço de energia elétrica aos usuários.;2015-04-09;Sim;Não;
RONALDO_CAIADO;124180;1461891;RQS 1343/2015;RQS;1343;2015;Requerem, nos termos do art. 58, § 3º, da Constituição Federal, c/c o art. 145 do Regimento Interno do Senado Federal, que seja criada Comissão Parlamentar de Inquérito (CPI), composta por 11 membros titulares e 7 suplentes, destinada a, no prazo de 120 dias, com limite de despesas de R$ 50.000,00, apurar e analisar possíveis irregularidades na fiscalização e manutenção das barragens da Samarco Mineradora S.A., no município de Mariana-MG, bem como para investigar as responsabilidades pelo desastre ambiental causado pelo rompimento dessas barragens, ocorrido em 5 de novembro de 2015, além de averiguar a situação atual de outros locais de mineração em que haja risco de desastres semelhantes.;2015-11-24;Não;;
RONALDO_CAIADO;122890;1465961;RQS 981/2015;RQS;981;2015;Requer realização de auditoria na Empresa Brasileira de Serviços Hospitalares (EBSERH) pelo Tribunal de Contas da União (TCU).;2015-08-27;Sim;Não;
RONALDO_CAIADO;120255;1474344;RQS 184/2015;RQS;184;2015;Nos termos do art. 50, § 2, da Constituição Federal, combinado com os arts. 215, I, a, 216 e 217 do Regimento Interno do Senado Federal, solicita informações ao Senhor Ministro da Previdência Social acerca do fundo de pensão POSTALIS.;2015-03-24;Sim;Não;
RONALDO_CAIADO;119876;1475290;RQS 102/2015;RQS;102;2015;Requer, nos termos do art. 50, § 2º, da Constituição Federal, combinado com os arts. 215, I, a, 216 e 217 do Regimento Interno do Senado Federal, ao Excelentíssimo Sr. Ministro de Estado da Saúde, informações sobre a HEMOBRAS.;2015-03-03;Sim;Não;
RONALDO_CAIADO;127101;1393391;PEC 49/2016;PEC;49;2016;Acrescenta as alíneas c e d ao inciso II do art. 10 do Ato das Disposições Constitucionais Transitórias, para dispor sobre a estabilidade provisória da empregada ou empregado que adotar ou obtiver guarda judicial para fins de adoção, bem como estabelecer que, no caso de falecimento do adotante, a estabilidade provisória no emprego será assegurada a quem detiver a guarda do seu filho.;2016-10-10;Não;;
RONALDO_CAIADO;121684;1399579;PEC 70/2015;PEC;70;2015;Altera o arts. 119, 120 e 121 da Constituição Federal, para vedar o exercício da advocacia dos juízes eleitorais oriundos da advocacia e ampliar o tempo do respectivo mandato, vedando a recondução.;2015-06-10;Não;;
RONALDO_CAIADO;120557;1400903;PEC 44/2015;PEC;44;2015;Altera os arts. 52 e 71 da Constituição Federal, para determinar a aprovação prévia pelo Senado Federal da escolha de dirigentes brasileiros de pessoas jurídicas de direito internacional que exerçam atividade econômica ou prestem serviço público, de cujo capital social a União participe, de forma direta ou indireta, bem como para exigir, de forma expressa, a necessidade de que os tratados internacionais que constituam essas pessoas jurídicas contenham dispositivo que garanta a fiscalização das respectivas contas nacionais pelo Tribunal de Contas da União.;2015-04-07;Não;;
RONALDO_CAIADO;125401;3266148;RRA 21/2016;RRA;21;2016;"Requer, nos termos regimentais, a inclusão dos seguintes convidados na audiência pública aprovada pelo Requerimento RRA nº 15, de 2016, destinada a debater sobre o Mormo, doença bacteriana e contagiosa que atinge o plantel de equídeos brasileiro: Dr. Rui Carlos Vincenzi, Presidente da Associação Brasileira dos Médicos Veterinários de Equídeos (ABRAVEQ); e Dra. Vânia Lúcia de Assis Santana, Responsável Técnica pelo exame Western Blotting (WB) – exame confirmatório de mormo, que enseja o sacrifício dos animais – no Laboratório Nacional Agropecuário de Pernambuco (LANAGRO-PE).";2016-04-01;Sim;Sim;
RONALDO_CAIADO;128290;5082074;RQS 110/2017;RQS;110;2017;Requerem, nos termos dos arts. 154, III e 199 do Regimento Interno do Senado Federal, que seja realizada Sessão Especial do Senado Federal no dia 8 de maio de 2017, a fim de celebrar a passagem do Ducentésimo Ano da Revolução Pernambucana de 1817.;2017-03-14;Não;;
RONALDO_CAIADO;125777;3176767;RQS 350/2016;RQS;350;2016;Requer, nos termos do art. 255, inciso II, alínea c, item 12, combinado com o inciso VII do art. 99, ambos do Regimento Interno do Senado Federal, que sobre o Projeto de Lei do senado nº 428, de 2015, seja  ouvida também a Comissão de Agricultura e Reforma Agrária,;2016-05-17;Sim;Não;
RONALDO_CAIADO;125684;3176933;RQS 320/2016;RQS;320;2016;Requer que seja feita a retirada, em caráter definitivo, do Requerimento nº 380/2015.;2016-05-05;Sim;Não;
RONALDO_CAIADO;124193;3182877;RQS 1333/2015;RQS;1333;2015;Requer, nos termos do art. 294 do RISF, que a votação do requerimento de preferência da MPV 688/2015 sobre o PLV 23/2015, seja feita pelo processo nominal.;2015-11-24;Sim;Não;
RONALDO_CAIADO;120942;3193224;RQS 409/2015;RQS;409;2015;Requer, nos termos do art. 312, inciso II, RISF, destaque para votação em separado da Emenda nº 01 ao Projeto de Lei da Câmara nº 15, de 2015.;2015-04-28;Sim;Não;
RONALDO_CAIADO;120510;3195011;RQS 271/2015;RQS;271;2015;Requer, nos termos do art. 332 do RISF, o desarquivamento do Projeto de Lei da Câmara nº 315, de 2009.;2015-04-01;Não;;
RONALDO_CAIADO;130217;6015062;PLS 248/2017;PLS;248;2017;Destina dois por cento da arrecadação bruta mensal das loterias federais aos fundos de segurança pública dos Estados e do Distrito Federal.;2017-08-01;Sim;Não;
RONALDO_CAIADO;130695;7159617;PDS 175/2017;PDS;175;2017;Convoca plebiscito sobre a revogação do Estatuto do Desarmamento.;2017-09-05;Não;;
RONALDO_CAIADO;132525;7367678;RQS 99/2018;RQS;99;2018;Requerem, nos termos do art. 199 do Regimento Interno do Senado Federal, a realização de Sessão Especial, no dia 4 de maio próximo, destinada a homenagear o centenário de nascimento do ex-Senador, ex-Deputado Federal, Advogado e Jornalista, o Sr. EMIVAL RAMOS CAIADO.;2018-03-13;Não;;
RONALDO_CAIADO;133477;7396280;RQS 342/2018;RQS;342;2018;Requerem, nos termos do art. 199 do Regimento Interno do Senado Federal, a realização de sessão especial do Plenário do Senado Federal em comemoração aos 30 anos de fundação do Sindicato dos Servidores do Poder Legislativo e do Tribunal de Contas da União – SINDILEGIS.;2018-05-30;Não;;
RONALDO_CAIADO;133749;7405106;RQE 42/2018;RQE;42;2018;Requeiro, nos termos do artigo 50 da Constituição Federal combinado com o artigo 90, inciso III, do Regimento Interno do Senado Federal, seja convidado a prestar esclarecimentos nesta Comissão de Assuntos Econômicos o Sr. Eduardo Refinetti Guardia, Ministro da Fazenda, bem como o Sr. Nelson Antônio de Souza, Presidente da Caixa Econômica Federal, para prestarem esclarecimentos sobre as operações de crédito contratadas entre o Estado de Goiás e aquela instituição financeira.;2018-06-26;Sim;Não;
RONALDO_CAIADO;123965;575122;PLS 725/2015;PLS;725;2015;Dispõe sobre a eleição, pelo Congresso Nacional, do Presidente e do Vice-Presidente da República, na hipótese do art. 81, § 1º, da Constituição Federal.;2015-11-10;Sim;Não;
RONALDO_CAIADO;120812;583709;PLS 234/2015;PLS;234;2015;Acrescenta o artigo 4º-A na Lei 12.232, de 29 de abril de 2010.;2015-04-22;Sim;Não;
RONALDO_CAIADO;124764;1460020;RQS 31/2016;RQS;31;2016;Requer, em conformidade com as disposições do § 2º do art. 50 da Constituição Federal, conjugadas com os termos do art. 215, inciso I, alínea a, e do art. 216 do Regimento Interno do Senado Federal, sejam solicitadas ao Ministro de Estado do Desenvolvimento Agrário (MDA) informações sobre o Programa Nacional de Reforma Agrária (PNRA), nos termos que especifica.;2016-02-16;Sim;Não;
RONALDO_CAIADO;123916;1462924;RQS 1261/2015;RQS;1261;2015;Requerem, na forma do disposto no art. 222, § 1º do Regimento Interno do Senado Federal, que seja incluída nos anais desta Casa e encaminhada ao destinatário carta endereçada ao Presidente da República Bolivariana da Venezuela, Nicolás Maduro. A carta é uma iniciativa de parlamentares de vários países, que têm o compromisso com os princípios democráticos.;2015-11-04;Não;;
RONALDO_CAIADO;121570;1469975;RQS 642/2015;RQS;642;2015;"Requer, nos termos do art. 50, § 2º, da Constituição Federal, combinado com os arts. 215, I, a; 216 e 217 do Regimento Interno do Senado Federal, informações ao Ministro do Desenvolvimento Social sobre os repasses do programa Bolsa Família.";2015-06-02;Sim;Não;
RONALDO_CAIADO;121203;1400474;PEC 54/2015;PEC;54;2015;Altera os arts. 73, 101, 104, 107, 111-A, 115, 119, 120, 123 e 125 da Constituição Federal, para elevar a idade mínima requerida para a investidura no Supremo Tribunal Federal, no Tribunal de Contas da União, nos Tribunais Superiores, nos Tribunais Regionais Federais, nos Tribunais Regionais do Trabalho, nos Tribunais Regionais Eleitorais e nos Tribunais de Justiça dos Estados.;2015-05-13;Não;;
RONALDO_CAIADO;120419;2025316;RRE 24/2015;RRE;24;2015;"Nos termos do art. 50 da Constituição Federal, combinado com o Regimento Interno do Senado Federal, solicito que seja convocado a prestar depoimento nesta Comissão Relações Exteriores e Defesa Nacional o Senhor Ministro de Minas e Energia, a fim de explicar o por que de o governo brasileiro doar termelétrica para a Bolívia.

";2015-03-31;Sim;Não;
RONALDO_CAIADO;119952;2025715;RRE 4/2015;RRE;4;2015;Nos termos do art. 50 da Constituição Federal, combinado com o Regimento Interno do Senado Federal, solicito que seja convocado a prestar depoimento na Comissão de Relações Exteriores, o Exmo. Sr Embaixador Mauro Vieira, Ministro de Estado das Relações Exteriores, a fim de explicar o posicionamento do governo brasileiro em relação aos fatos que estão ocorrendo na Venezuela em função das ações ditatoriais do governo Nicolas Maduro.;2015-03-06;Sim;Não;
RONALDO_CAIADO;129565;5333775;PEC 22/2017;PEC;22;2017;Altera o artigo 22, altera o inciso III do art. 52, altera o artigo 73, acrescenta o artigo 73-A, altera o parágrafo único do art. 75, altera a alínea “r” do inciso I do artigo 102, todos da Constituição Federal, e acrescenta os artigos 29-A e 115 ao Ato das Disposições Constitucionais Transitórias, para modificar a forma de composição dos Tribunais de Contas, criar o Conselho Nacional dos Tribunais de Contas e adotar outras providências.;2017-06-07;Não;;
RONALDO_CAIADO;131089;7215863;PEC 34/2017;PEC;34;2017;Acrescenta dispositivos ao art. 159 da Constituição Federal, para prever a destinação ao Fundo de Participação dos Estados e ao Fundo de Participação dos Municípios o equivalente a dez por cento dos rendimentos mensais das aplicações financeiras de fundos públicos federais.;2017-10-03;Não;;
RONALDO_CAIADO;132566;7368766;RQS 105/2018;RQS;105;2018;"(REQUERIMENTO APRESENTADO E POSTERIORMENTE INVIABILIZADO EM VIRTUDE DA RETIRADA DE ASSINATURA)
Requerem, nos termos do art. 336, inciso II, do RISF, urgência para o Projeto de Lei da Câmara nº 1, de 2018.";2018-03-14;Não;;
RONALDO_CAIADO;121419;582439;PLS 310/2015;PLS;310;2015;"Altera o art. 11 da Lei nº 9.504, de 30 de setembro de 1997, que ""estabelece normas para as eleições.""";2015-05-26;Sim;Não;
RONALDO_CAIADO;119870;1475366;RQS 101/2015;RQS;101;2015;Requer, nos termos do art. 50, § 2º, da Constituição Federal, combinado com os arts. 215, I, a, 216 e 217 do Regimento Interno do Senado Federal, informações ao Ministro de Estado da Saúde listagem completa de qualquer tipo de imóvel alugado pela ANS em qualquer região do Brasil.;2015-03-03;Sim;Não;
RONALDO_CAIADO;121678;1399632;PEC 72/2015;PEC;72;2015;Altera o art. 146 da Constituição Federal e acrescenta o art. 88-A ao Ato das Disposições Constitucionais Transitórias, para introduzir regramento para o imposto de que trata o art. 156, III, aplicável sobre serviços que especifica.;2015-06-10;Não;;
RONALDO_CAIADO;120352;2008457;RQE 3/2015;RQE;3;2015;Requer, nos termos da Constituição Federal, combinado com o Regimento Interno do Senado Federal, que seja convidado para Audiência Pública o Ministro de Estado da Previdência Social, a fim de explicar as modificações legais anunciadas pelo governo que retiram direitos dos trabalhadores.;2015-03-25;Sim;Não;
RONALDO_CAIADO;125207;3266457;RAS 9/2016;RAS;9;2016;Nos termos dos artigos 336, inciso II, e 338, inciso IV, combinados com o artigo 92, do Regimento Interno do Senado Federal, requeiro urgência para o PROJETO DE LEI DA CÂMARA Nº 179, DE 2015.;2016-03-16;Sim;Não;
RONALDO_CAIADO;128516;7948588;RQS 190/2017;RQS;190;2017;Requer, nos termos do art. 344 do RISF, a retirada de pauta do RQS nº 68, de 2017, de urgência para o PLS nº 406, de 2016.;2017-03-28;Sim;Não;
RONALDO_CAIADO;128853;5236329;RQI 20/2017;RQI;20;2017;Requer a realização de audiência pública, com o objetivo de debater a implementação de obras de intervenção urbanística em trechos da BR-040, contemplando os municípios da Região Sul, com acesso ao Distrito Federal.;2017-04-19;Sim;Não;
RONALDO_CAIADO;130407;7950285;RQS 647/2017;RQS;647;2017;Requer, nos termos do art. 76, § 1º, I, c/c art. 152, do RISF, a prorrogação por 120 (cento e vinte) dias da duração da CPI da Previdência (CPIPREV), e o aumento do limite de despesa em mais R$ 100.000,00 (cem mil reais).;2017-08-09;Não;;
RONALDO_CAIADO;122349;1467679;RQS 841/2015;RQS;841;2015;Requerem, nos termos do art. 199 do Regimento Interno do Senado Federal, a realização de Sessão Especial, no dia 13 de agosto de 2015, às 9 hrs, pela passagem de 1 ano da morte de Eduardo Campos, ex-governador de Pernambuco e Presidente do PSB.;2015-07-14;Não;;
RONALDO_CAIADO;121779;1469527;RQS 683/2015;RQS;683;2015;Requer, com fundamento no art. 50, § 2º, da Constituição Federal, combinado com o art. 216, I, do Regimento Interno do Senado Federal, que seja encaminhado ao Ministro de Estado da Defesa pedido de informações sobre o estado da arte das negociações de uma suposta Força Militar Sul-Americana, no âmbito da UNASUL, nos termos que especifica.;2015-06-16;Sim;Não;
RONALDO_CAIADO;133471;7396169;PRS 25/2018;PRS;25;2018;Fixa a alíquota máxima para a cobrança do Imposto sobre Operações Relativas à Circulação de Mercadorias e sobre Prestações de Serviços de Transporte Interestadual e Intermunicipal e de Comunicação (ICMS) incidente nas operações internas com Gás Liquefeito de Petróleo – GLP.;2018-05-30;Sim;Não;
RONALDO_CAIADO;122911;2024587;RRE 69/2015;RRE;69;2015;Requeiro, com fundamento no art. 58, § 2°, III, da Constituição (CF), e nos termos do art. 90, III, do Regimento Interno do Senado Federal (RISF), que seja convocado o Senhor Ministro de Estado da Defesa e que sejam convidados, com base, no art. 58, § 2°, V, da CF, e nos termos do art. 90, V, do RISF, os Senhores Comandantes das Forças Armadas (Marinha, Exército e Aeronáutica), para que, em audiência pública, prestem esclarecimentos sobre as declarações do Senhor Presidente do Estado Plurinacional da Bolívia, Evo Morales, que faz ameaças à democracia brasileira, sob o pretexto de defender a Presidente Dilma, o ex-Presidente Lula e o Partido dos Trabalhadores (PT), e anunciou a possibilidade de haver ações de forças armadas para defender seus “companheiros”.;2015-08-27;Sim;Não;
RONALDO_CAIADO;122312;2000974;RMA 59/2015;RMA;59;2015;Requeiro, nos termos regimentais, seja convidado a prestar esclarecimentos nesta Comissão de Meio Ambiente, Defesa do Consumidor e Fiscalização e Controle, o Senhor Herton Araújo, ex-Diretor do Instituto de Pesquisa Econômica Aplicada (IPEA), a fim de explicar as suspeitas de possível ingerência na não divulgação, durante a campanha de 2014, de dados do PNAD (Pesquisa Nacional por Amostra de Domicílios) 2013, que mostravam aumento da extrema pobreza no Brasil.;2015-07-14;Sim;Não;
RONALDO_CAIADO;121482;3191353;RQS 599/2015;RQS;599;2015;Requer, nos termos do art. 294 do RISF, votação nominal para o PLV nº 4/2015.;2015-05-27;Sim;Não;
RONALDO_CAIADO;127845;3166516;RQS 973/2016;RQS;973;2016;Requer, nos termos do art. 352, inciso II, c/c parágrafo único, inciso II, do mesmo artigo, RISF, a extinção da urgência do PLS 280/2016.;2016-12-14;Não;;
RONALDO_CAIADO;129807;5374147;PEC 25/2017;PEC;25;2017;Altera os arts. 7º, 23, 24, 37, 40, 201, 203, 208, 227 e 244 da Constituição Federal para incorporar-lhes a nomenclatura “pessoa com deficiência”, utilizada pela Convenção Internacional sobre o Direito das Pessoas com Deficiência.;2017-06-28;Não;;
RONALDO_CAIADO;119890;2021370;RRA 3/2015;RRA;3;2015;Requerem, nos termos do art. 58, § 2°, lI, da Constituição Federal e do art.93 , lI, do Regimento Interno do Senado Federal, a realização de audiência pública no Plenário desta Comissão, com o objetivo de debater sobre o Movimento Nacional dos Caminhoneiros e seu impacto no setor produtivo, em especial sobre o agronegócio brasileiro, convidando o Ministro-Chefe da Secretaria-Geral da Presidência, Sr. Miguel Soldatelli Rossetto, o Presidente da Confederação da Agricultura e Pecuária do Brasil - CNA, Sr. João Martins da Silva Júnior e o Presidente da Organização das Cooperativas do Brasil - OCB, Sr. Márcio Lopes de Freitas e representantes do Movimento dos Caminhoneiros.;2015-03-04;Não;;
RONALDO_CAIADO;134633;7953303;RQS 535/2018;RQS;535;2018;Extinção da urgência para o PLS 396/2017.;2018-11-20;Não;;
RONALDO_CAIADO;124722;3131534;R.S 2/2016;R.S;2;2016;Requer, nos termos do art. 91, § 3º, do Regimento Interno, que o Projeto de Lei do Senado nº 186, de 2014, seja apreciado pelo Plenário do Senado Federal.;2016-02-12;Não;;
RONALDO_CAIADO;124815;3035730;PEC 3/2016;PEC;3;2016;Altera o art. 31 da Emenda Constitucional nº 19, de 4 de junho de 1998, para prever a inclusão, em quadro, em extinção, da administração pública federal, da pessoa que haja mantido vínculo ou relação de trabalho, empregatícia, estatutária ou funcional, com o Estado ou o ex-Território do Amapá ou o de Roraima, na fase de instalação dessas unidades federadas, sem prejuízo das demais providências dadas.;2016-02-17;Não;;
RONALDO_CAIADO;119659;3198614;RQS 26/2015;RQS;26;2015;Requer, nos termos do art. 322, § 1º do RISF, o desarquivamento do PRS nº 84, de 2007.;2015-02-10;Não;;
RONALDO_CAIADO;119678;1476169;RQS 34/2015;RQS;34;2015;Requer, nos termos do art. 50, § 2º, da Constituição Federal, combinado com os arts. 215, I, a, 216 e 217 do Regimento Interno do Senado Federal, informações ao Ministro de Estado de Minas e Energia sobre o aumento percentual da conta de luz (mês a mês) devido ao repasse para os consumidores dos custos do sistema e a real situação do sistema energético brasileiro.;2015-02-10;Sim;Não;
RONALDO_CAIADO;125808;1394436;PEC 26/2016;PEC;26;2016;Acrescenta o parágrafo único ao art. 80 da Constituição Federal para prever que o parlamentar que seja réu em ação penal fica impedido de substituir o Presidente da República.;2016-05-18;Não;;
RONALDO_CAIADO;122296;1398377;PEC 97/2015;PEC;97;2015;Confere nova redação ao inc. II, do § 1º, do art. 40, da Constituição Federal, para dispor sobre o limite de idade para aposentadoria compulsória do servidor público em geral e dá outras providências.;2015-07-13;Não;;
RONALDO_CAIADO;122703;2000889;RMA 76/2015;RMA;76;2015;Requer, nos termos do art. 50 da Constituição Federal combinado com o art. 90, inciso III, e o art. 102-A, I, “d”, do Regimento Interno do Senado Federal, seja convocado a comparecer perante o Plenário desta Comissão o Ministro de Estado de Minas e Energia, Sr. Carlos Eduardo de Souza Braga, para explicar a venda da Celg Distribuição S.A.;2015-08-18;Sim;Não;
RONALDO_CAIADO;121098;909332;PDS 87/2015;PDS;87;2015;Susta o § 5º do art. 9º e o inciso III do § 2º do art. 10, ambos do Decreto nº 4.449, de 30 de outubro de 2002, com redação dada pelo Decreto nº 5.570, de 31 de outubro de 2005.;2015-05-07;Sim;Não;
RONALDO_CAIADO;123893;3268458;RRA 76/2015;RRA;76;2015;"Requer, nos termos do art. 58, § 2º, II, da Constituição Federal, e do art. 93, II, do Regimento Interno do Senado Federal, a realização de audiência pública com o objetivo de tratar sobre a implementação de políticas públicas para controle de suposta zoonose – Mormo, com a presença dos seguintes convidados: Joaquim de Souza Leão; Nivea Cristina Ribeiro de Paula; Simone Matheus Pongitore; Sophia R. M. Baptista de Oliveira; Um representante do Ministério da Agricultura, Pecuária e Abastecimento.";2015-11-04;Sim;Não;
RONALDO_CAIADO;129064;5277488;PLS 132/2017;PLS;132;2017;Concede remissão e anistia totais para os produtores rurais pessoas físicas em relação às contribuições sobre a comercialização da produção rural, inclusive juros de mora, multas de mora e de ofício.;2017-05-02;Sim;Não;
RONALDO_CAIADO;124517;1395771;PEC 162/2015;PEC;162;2015;Altera o art. 31 da Emenda Constitucional n.º 19, de 4 de junho de 1988, para estabelecer o parâmetro remuneratório dos militares dos extintos Territórios Federais incluídos em Quadro em Extinção da Administração Federal e dá outras providências.;2015-12-17;Não;;
RONALDO_CAIADO;124118;1396245;PEC 149/2015;PEC;149;2015;Altera a Constituição Federal, para vedar a edição de medida provisória ou a apresentação, pelo Presidente da República, de projeto de lei sobre matéria objeto de projeto de lei vetado, cujo veto esteja pendente da apreciação.;2015-11-19;Não;;
RONALDO_CAIADO;121565;1399787;PEC 68/2015;PEC;68;2015;Altera o art. 159 da Constituição Federal para introduzir compensação aos Estados, Distrito Federal e Municípios em razão da desoneração de ICMS nas exportações de produtos primários e semi-elaborados e nas aquisições destinadas ao ativo permanente.;2015-06-02;Não;;
RONALDO_CAIADO;121099;1331049;PRS 23/2015;PRS;23;2015;Altera o arts. 224 e revoga o inciso II do 225 do Regimento Interno do Senado Federal, a fim de permitir o envio de indicação a outro Poder para que proponha projeto de lei sobre matéria de sua competência.;2015-05-07;Sim;Não;
RONALDO_CAIADO;120166;2025457;RRE 17/2015;RRE;17;2015;"NOS TERMOS DO ART. 50 DA CONSTITUIÇÃO FEDERAL, COMBINADO COM O REGIMENTO INTERNO DO SENADO FEDERAL, SOLICITO QUE SEJA CONVOCADO A PRESTAR DEPOIMENTO NESTA COMISSÃO DE RELAÇÕES EXTERIORES E DEFESA NACIONAL O SENHOR MINISTRO DE ESTADO DAS RELAÇÕES EXTERIORES, A FIM DE EXPLICAR DENÚNCIAS APRESENTADAS NO “JORNAL DA BANDEIRANTE” REFERENTES AO PROGRAMA “MAIS MÉDICOS”.
";2015-03-19;Sim;Não;
RONALDO_CAIADO;123563;3185095;RQS 1162/2015;RQS;1162;2015;Requer, nos termos do art. 294 do Regimento Interno do Senado Federal, que a votação do Requerimento de destaque do art. 11, seja feita pelo processo nominal.;2015-10-07;Sim;Não;
RONALDO_CAIADO;121491;3191201;RQS 590/2015;RQS;590;2015;Requer, nos termos do inciso III do art. 312 do RISF, destaque para votação em separado do art. 29, §§ 11, 12 e 13 da Lei nº 8.213/1991, constantes do PLV 4/2015.;2015-05-27;Sim;Não;
RONALDO_CAIADO;129288;5306172;RQS 375/2017;RQS;375;2017;Requer, nos termos do § 3º do art. 58 da Constituição Federal e na forma dos arts. 74, III, e 145 e seguintes, do RISF, a criação de Comissão Parlamentar de Inquérito, composta por treze senadores titulares e sete suplentes, para, no prazo de cento e oitenta dias, prorrogável por igual período, investigar irregularidades nos empréstimos concedidos pelo BNDES no âmbito do programa de globalização das companhias nacionais, em especial a linha de financiamento específica à internacionalização de empresas, a partir do ano de 1997.;2017-05-25;Não;;
RONALDO_CAIADO;129541;5328705;RAS 35/2017;RAS;35;2017;"Requeiro, nos termos do art. 58, § 2º, II, da Constituição Federal e do art. 93, II, do Regimento Interno do Senado Federal, a realização de audiência pública, com o intuito de debater o “Direito ao tratamento de pacientes com Doenças Raras”.

Para tanto sugerimos o convite as seguintes autoridades:
•	Ricardo Barros - Ministro da Saúde;
•	Antonio de Souza Prudente - Desembargador do Tribunal Federal da 1° Região;
•	Carlos Eduardo Paes Barbosa – Defensor Público Federal;
•	Carolina Fischinger – Presidente da Sociedade Brasileira de Genética Médica;
•	Maria Cecília Oliveira – Presidente da Associação dos Familiares, Amigos e Portadores de Doenças Raras (AFAG);
•	Antoine Daher – Presidente da Associação Brasileira dos Portadores da Doença Hunter e outras Doenças Raras (Casa Rhanter)
•	Clara Migowski – Fundadora da Associação Carioca de Distrofia Muscular.";2017-06-07;Sim;Não;
RONALDO_CAIADO;130037;5393365;PLS 225/2017;PLS;225;2017;Dispõe sobre a assistência ao paciente com diabetes mellitus no âmbito do Sistema Único de Saúde - SUS.;2017-07-12;Sim;Não;
RONALDO_CAIADO;131036;7950950;RQS 809/2017;RQS;809;2017;Requer, nos termos regimentais, a retirada da Emenda nº 3-PLEN apresentada ao PLS 206/2017.;2017-09-29;Sim;Não;
RONALDO_CAIADO;134918;7705111;RQS 603/2018;RQS;603;2018;Urgência para o Projeto de Resolução nº 50, de 2018.;2018-12-12;Não;;
RONALDO_CAIADO;123203;577043;PLS 624/2015;PLS;624;2015;Altera a Lei nº 11.101, de 9 de fevereiro de 2005, que regula a recuperação judicial, a extrajudicial e a falência do empresário e da sociedade empresária, a fim de estabelecer que os produtores rurais inadimplentes possam vir a se beneficiar da referida lei.;2015-09-17;Sim;Não;
RONALDO_CAIADO;120642;584117;PLS 210/2015;PLS;210;2015;Dispõe sobre obrigatoriedade do treinamento dos alunos de ensino fundamental e médio em técnicas de primeiros socorros.;2015-04-09;Sim;Não;
RONALDO_CAIADO;123108;1465315;RQS 1044/2015;RQS;1044;2015;Requerem, nos termos do art. 154, IV, §§ 7º e 8º, do Regimento Interno do Senado Federal, a realização de sessão de debates temáticos com a finalidade de discutir a Norma Regulamentadora nº 12 do Ministério do Trabalho e Emprego, que trata da Segurança no Trabalho em Máquinas e Equipamentos.;2015-09-09;Não;;
RONALDO_CAIADO;120583;1473321;RQS 337/2015;RQS;337;2015;Requer a criação de Comissão Parlamentar de Inquérito, com a finalidade de investigar irregularidades e prejuízos ocorridos a partir de 2003, na administração de recursos financeiros em entidades fechadas de previdência complementar (Fundos de Pensão) nas Sociedades de Economia Mista e empresas controladas direta ou indiretamente com recursos da União especificadas.;2015-04-08;Não;;
RONALDO_CAIADO;120453;1473797;RQS 238/2015;RQS;238;2015;Requer, nos termos do art. 50, § 2º, da Constituição Federal, combinado com os arts. 215, I, a, 216 e 217 do Regimento Interno do Senado Federal, informações ao Ministro de Estado da Educação sobre os documentos, os atos e decisões que modificaram o FIES (Programa de Financiamento Estudantil) e que estão dificultando aos estudades firmarem novos contratos.;2015-03-31;Sim;Não;
RONALDO_CAIADO;120260;1474323;RQS 185/2015;RQS;185;2015;Requer, nos termos do inciso IV, do art. 71 da Constituição Federal, bem como nos termos regimentais, encaminhamento de Requerimento para a realização de auditoria, pelo Tribunal de Contas da União, junto ao Fundo de Pensão dos Servidores dos Correios (Postalis).;2015-03-24;Sim;Não;
RONALDO_CAIADO;126893;1393546;PEC 46/2016;PEC;46;2016;Modifica o art. 86 da Constituição Federal, para explicitar a possibilidade de responsabilização do Presidente da República por atos praticados em mandato anterior.;2016-09-12;Não;;
RONALDO_CAIADO;124837;2020851;RRA 10/2016;RRA;10;2016;Requer, nos termos do art. 58, § 2º, II, da Constituição Federal, e do art. 93, II, do Regimento Interno do Senado Federal, a realização de audiência pública, com o objetivo de convocar o Ministro do Desenvolvimento Agrário, bem como convidar a Presidente do Instituto Nacional de Colonização e Reforma Agrária (INCRA), além dos senhores Maurício Magalhães de Jesus e José Cecyvaldo Ribeiro, a fim de discutir possível desapropriação para assentamento de alegados remanescentes de Quilombos no município de Manga (MG) e região.;2016-02-17;Sim;Não;
RONALDO_CAIADO;122324;3036928;PEC 99/2015;PEC;99;2015;Altera o inciso XVIII do art. 7º da Constituição Federal, para dispor sobre a licença-maternidade em caso de parto prematuro.;2015-07-14;Não;;
RONALDO_CAIADO;124546;3180944;RQS 1440B/2015;RQS;1440B;2015;Requer, nos termos do art. 294, do Regimento Interno do Senado Federal, que a votação do Requerimento que solicita destaque para a Emenda nº 11, ao PLC nº186, de 2015, seja feita pelo processo nominal.;2015-12-15;Sim;Não;
RONALDO_CAIADO;124541;3181039;RQS 1440/2015;RQS;1440;2015;Requer, nos termos do artigo 294 do Regimento Interno do Senado Federal, que a votação do Requerimento que solicita a votação artigo por artigo ao PLC 186, de 2015, seja feita pelo processo nominal.;2015-12-15;Sim;Sim;
RONALDO_CAIADO;126367;3173979;RQS 517/2016;RQS;517;2016;"Requer, nos termos do art. 58, § 3º, da Constituição Federal, combinado com os arts . 76 e 145 do Regimento Interno do Senado Federal, a prorrogação, por mais 180 (cento e oitenta) dias, dos trabalhos da Comissão Parlamentar de 
Inquérito (CPI DO  FUTEBOL  2015) criada por meio do Requerimento nº 616, de 2015,  ampliando-se,  ainda, para  duzentos e cinquenta mil reais o limite de despesa, inicialmente fixado em cem mil reais.";2016-07-05;Não;;
RONALDO_CAIADO;130218;6015094;RQS 597/2017;RQS;597;2017;Requer, nos  termos  regimentais, a  inserção em ata de voto de pesar pelo falecimento de Belgi Ferreira da Silva, ocorrido nesta terça- feira dia 1º de agosto, em Goiânia.;2017-08-02;Sim;Não;
RONALDO_CAIADO;131110;7217411;RAS 133/2017;RAS;133;2017;"Requeiro, nos termos do art. 93, II, do Regimento Interno do Senado Federal, a realização de audiência pública no âmbito desta Comissão para debater a situação dos Hospitais Públicos Federais no Estado do Rio de Janeiro, com a presença dos seguintes convidados:
1.	Representante do corpo clínico do Hospital Federal de Bonsucesso;
2.	Representante do corpo clínico do Hospital Federal Cardoso Fontes;
3.	Representante do corpo clínico do Hospital Federal do Andaraí;
4.	Presidente do CREMERJ;
5.	Presidente da FENAM;
6.	Representante do Ministério da Saúde;
7.	Dr. Daniel Macedo, Defensor Público da União.";2017-10-04;Sim;Não;
RONALDO_CAIADO;132465;7967690;R.S 1/2018;R.S;1;2018;Requer, nos termos legais, que o PLS 291/2015, seja submetido ao Plenário desta Casa.;2018-02-28;Não;;
RONALDO_CAIADO;133579;7952558;RCE 37/2018;RCE;37;2018;"Requeiro, nos termos do art. 93, I, do Regimento Interno do Senado Federal, a realização de audiência pública no âmbito desta Comissão para debater o PLS nº 165, de 2017, que “Altera a Lei nº 3.268, de 30 de setembro de 1957, que dispõe sobre os Conselhos de Medicina e dá outras providências, para instituir o exame nacional de proficiência em Medicina"".";2018-06-08;Sim;Não;
RONALDO_CAIADO;122429;1397960;PEC 105/2015;PEC;105;2015;Altera a redação do inciso IV do art. 52 da Constituição Federal para determinar que a arguição para a escolha dos chefes de missão diplomática de caráter permanente ocorra em sessão aberta.;2015-07-16;Não;;
RONALDO_CAIADO;120044;2001520;RMA 16/2015;RMA;16;2015;Nos termos do art. 50 da Constituição Federal, combinado com o Regimento Interno do Senado Federal, solicita-se que seja convocado a prestar depoimento nesta Comissão de Meio Ambiente, Defesa do Consumidor e Fiscalização e Controle o Senhor Ministro de Estado da Saúde, a fim de explicar os efeitos deletérios do programa “Mais Médicos” nas cidades do interior.;2015-03-11;Sim;Não;
RONALDO_CAIADO;121799;904242;PDS 228/2015;PDS;228;2015;Susta a tramitação congressual dos atos bilaterais firmados com a Venezuela.;2015-06-16;Sim;Não;
RONALDO_CAIADO;124748;3179954;RQS 26/2016;RQS;26;2016;Requer, nos termos do art. 256, do RISF, a retirada em caráter definitivo do PDS 158/2015.;2016-02-16;Sim;Não;
RONALDO_CAIADO;124190;3182934;RQS 1330/2015;RQS;1330;2015;Requer, nos termos do art. 294 do RISF, que a votação dos pressupostos de admissibilidade da MPV 688/2015 seja feita pelo processo nominal.;2015-11-24;Sim;Não;
RONALDO_CAIADO;121441;3191699;RQS 561/2015;RQS;561;2015;requer, nos termos do art. 294 do Regimento Interno do Senado Federal, que a votação do Requerimento de votação em separado das emendas uma a uma seja feita pelo processo nominal.;2015-05-26;Sim;Não;
RONALDO_CAIADO;120160;3196575;RQS 170/2015;RQS;170;2015;Requer preferência para votação da Proposta de Emenda à Constituição nº 73, de 2011, antes da Emenda nº 1 - CCJ (Substitutivo).;2015-03-18;Não;;
RONALDO_CAIADO;127846;3166481;RQS 973A/2016;RQS;973A;2016;Requer, nos termos do art. 352, II, e parágrafo único, II, RISF, a extinção da urgência do PLS 280/2016.;2016-12-14;Sim;Não;
RONALDO_CAIADO;132949;7952287;RQS 215/2018;RQS;215;2018;Requer, nos termos do art. 336, inciso II, do RISF, urgência para o PLS 51/2015.;2018-04-17;Não;;
RONALDO_CAIADO;135044;7953346;RQS 634/2018;RQS;634;2018;Urgência para o Projeto de Lei do Senado nº 392/2016.;2018-04-24;Não;;
RONALDO_CAIADO;121290;582845;PLS 288/2015;PLS;288;2015;Altera a Lei nº 8.112, de 11 de dezembro de 1990, para estabelecer critérios de valorização do mérito no regime jurídico dos servidores públicos da União, suas autarquias e fundações públicas.;2015-05-19;Sim;Não;
RONALDO_CAIADO;120511;584477;PLS 188/2015;PLS;188;2015;Altera o art. 83 do Decreto-Lei nº 2.848, de 7 de dezembro de 1940 (Código Penal), para “restringir a concessão de livramento condicional”.;2015-04-01;Sim;Não;
RONALDO_CAIADO;124481;1460809;RQS 1448/2015;RQS;1448;2015;Requer, nos termos do art. 50, § 2º, da Constituição federal, combinado com os arts. 215, inciso I, alínea a, e 216 do Regimento Interno do Senado Federal, informações à Ministra de Estado do Meio Ambiente, Sra. Izabella Mônica Vieira Teixeira, concernentes ao rompimento da barragem de Fundão, da mineradora Samarco, ocorrido no mês de novembro de 2015, em Mariana – MG, bem como à fiscalização ambiental e de segurança de barragens, nos termos que especifica.;2015-12-16;Sim;Não;
RONALDO_CAIADO;119889;1475191;RQS 105/2015;RQS;105;2015;Requer, nos termos do art. 222 do Regimento Interno do Senado Federal, Voto de Censura ao governo da Venezuela, representado pela figura do Sr. Nicolas Maduro, o qual impõe ao seu povo a destruição da economia, da paz social e das garantias e liberdades individuais, a partir de ações violentas, saguinárias e ditatoriais.;2015-03-03;Sim;Não;
RONALDO_CAIADO;122308;1398312;PEC 98/2015;PEC;98;2015;Acrescenta artigo ao Ato das Disposições Transitórias da Constituição para reservar vagas para cada gênero na Câmara dos Deputados, nas Assembleias Legislativas, na Câmara Legislativa do Distrito Federal e nas Câmaras Municipais, nas três legislaturas subsequentes.;2015-07-13;Não;;
RONALDO_CAIADO;121883;1399166;PEC 81/2015;PEC;81;2015;Altera o art. 24 da Constituição Federal, para incluir no rol das competências da União, dos Estados e do Distrito Federal legislar concorrentemente sobre proteção ao idoso.;2015-06-19;Não;;
RONALDO_CAIADO;125332;898390;PDS 12/2016;PDS;12;2016;Susta a Portaria Normativa n.º 2.047/MD, de 17 de setembro de 2015, do Ministro de Estado da Defesa, que subdelega competência aos Comandantes da Marinha, do Exército e da Aeronáutica.;2016-03-29;Não;;
RONALDO_CAIADO;125463;3177692;RQS 263/2016;RQS;263;2016;Requer, nos termos do artigo 24, § 3º, da Resolução do Senado Federal nº 43, de 2001, sejam ralizadas as diligências necessárias a instrução do PRS 16/2016 (Mensagem nº 19, de 2016).;2016-04-06;Sim;Não;
RONALDO_CAIADO;122780;3187985;RQS 944/2015;RQS;944;2015;Requer, nos termos do inciso II, do art. 312 do RISF, destaque para votação em separado da Emenda nº 05.;2015-08-19;Sim;Não;
RONALDO_CAIADO;122776;3188061;RQS 940/2015;RQS;940;2015;Requer, nos termos do art. 294 do RISF, que a votação do PLC 57/2015, seja feita pelo processo nominal.;2015-08-19;Sim;Não;
RONALDO_CAIADO;130364;7103288;PEC 27/2017;PEC;27;2017;Altera a alínea “b” do inciso X do § 2º do art. 155 da Constituição Federal e inclui art. 115 no Ato das Disposições Constitucionais Transitórias para excluir a imunidade do Imposto sobre Operações relativas à Circulação de Mercadorias e sobre Prestações de Serviços de Transporte Interestadual e Intermunicipal e de Comunicação (ICMS) nas operações interestaduais relativas à energia elétrica.;2017-08-15;Não;;
RONALDO_CAIADO;123149;577307;PLS 611/2015;PLS;611;2015;Altera a Lei nº 5.172, de 25 de outubro de 1966 (Código Tributário Nacional), para estabelecer limitações à Fazenda Pública e reforçar garantias do contribuinte, e a Lei Complementar nº 87, de 13 de setembro de 1996, para incluir hipótese em que a saída interna de mercadoria é equiparada a operação de exportação.;2015-09-15;Sim;Não;
RONALDO_CAIADO;121016;583205;PLS 263/2015;PLS;263;2015;Altera o art. 19 da Lei nº 9.503, de 23 de setembro de 1997, que “Institui o Código de Trânsito Brasileiro.”;2015-05-05;Sim;Não;
RONALDO_CAIADO;121857;1469106;RQS 697/2015;RQS;697;2015;Requerem, nos termos do art. 218, II, combinado com o art. 221, I, todos do Regimento Interno do Senado Federal, a inserção em ata de voto de pesar pelo falecimento do ex-Deputado Federal Antônio Paes de Andrade.;2015-06-17;Não;;
RONALDO_CAIADO;127320;1393180;PEC 54/2016;PEC;54;2016;Modifica o art. 54 da Constituição Federal, para vedar aos Deputados e Senadores permanecer mais de noventa dias sem filiação partidária, sob pena de perda do mandato.;2016-10-25;Não;;
RONALDO_CAIADO;124021;1396348;PEC 146/2015;PEC;146;2015;Dispõe sobre a aposentadoria compulsória, com proventos proporcionais, nos termos do inciso II do § 1º do art. 40 da Constituição Federal.;2015-11-12;Não;;
RONALDO_CAIADO;123743;1396861;PEC 135/2015;PEC;135;2015;Altera os arts. 28 e 32 da Constituição Federal para dispor que a instauração de processo contra o Governador, o Vice-Governador e os Secretários de Estado dos Estados e do Distrito Federal independe de autorização do Poder Legislativo.;2015-10-21;Não;;
RONALDO_CAIADO;122332;1398260;PEC 101/2015;PEC;101;2015;Modifica o art. 144 da Constituição Federal, para determinar que o Diretor-Geral da Polícia Federal tenha a designação de Delegado-Geral de Polícia Federal, e dá outras providências.;2015-07-14;Não;;
RONALDO_CAIADO;122880;1996637;RDR 31/2015;RDR;31;2015;"Nos termos do art. 93, do Regimento Interno do Senado Federal, requeiro a Vossa Excelência, ouvido o Plenário desta Comissão, sejam convidados os Srs. Alexon Luiz Felix Dos Santos, ex-Prefeito de Planaltina-GO; Padre Getúlio de Alencar, ex-Prefeito de Santo Antônio do Descoberto-GO; Ernesto Roller, Deputado Estadual – GO; Télio Rodrigues de Queiroz, Presidente da Câmara de Vereadores de Luziânia-GO; Fábio Correia, Vereador da Câmara Municipal de Cidade Ocidental-GO; e Cassiano Franco, empresário do ramo imobiliário em Valparaíso-GO, para debaterem a redistribuição do Fundo Constitucional do Centro-Oeste.";2015-08-26;Sim;Não;
RONALDO_CAIADO;120149;2001499;RMA 17/2015;RMA;17;2015;Nos termos do art. 50 da Constituição Federal, combinado com o Regimento Interno do Senado Federal, solicita-se que seja convocado a prestar depoimento nesta Comissão de Meio Ambiente, Defesa do Consumidor e Fiscalização e Controle o Senhor Ministro de Estado da Saúde, bem como convidados os Senhores Alexandre Padilha, Rafael Bonassa, Roberto Kleiman, Jean Kenji Uema, Heider Aurélio Pinto e a Senhora Maria Alice Barbosa Fortunato, a fim de explicar denúncias apresentadas no “Jornal da Bandeirantes” referentes ao Programa “Mais Médicos”.;2015-03-18;Sim;Não;
RONALDO_CAIADO;123094;3270854;RRA 64/2015;RRA;64;2015;"Requer, nos termos do art. 93, inciso II do Regimento Interno do Senado Federal, a realização de audiência pública para debater a possível fraude no Processo Administrativo INCRA nº 54370000952/2006-48, da Superintendência de Sergipe. Para tanto, sugere que sejam convidados: Sra. Rosivan Machado da Silva, magistrada; Sr. José Fausto Santos, pescador; Sr. Manfredo Goes Martins, produtor rural.";2015-09-09;Sim;Não;
RONALDO_CAIADO;121634;3012860;PDS 183/2015;PDS;183;2015;Susta a Portaria nº 445, de 17 de dezembro de 2014, alterada pela Portaria nº 98, de 28 de abril de 2015, do Ministério do Meio Ambiente (MMA), que reconhece como espécies de peixes e invertebrados aquáticos da fauna brasileira ameaçadas de extinção aquelas constantes da “Lista Nacional Oficial de Espécies da Fauna Ameaçadas de Extinção – Peixes e Invertebrados Aquáticos”, conforme o Anexo I da Portaria.;2015-06-09;Sim;Não;
RONALDO_CAIADO;122779;3188004;RQS 943/2015;RQS;943;2015;Requer, nos termos do art. 294 do RISF, que a votação do Requerimento nº 939, de 2015 ao PLC 57/2015, seja feita pelo processo nominal.;2015-08-19;Sim;Não;
RONALDO_CAIADO;122777;3188042;RQS 941/2015;RQS;941;2015;Requer, nos termos do art. 300, VIII, que a votação das emendas ao PLC 57/2015 seja feita uma a uma.;2015-08-19;Sim;Não;
RONALDO_CAIADO;127844;3166556;RQS 972/2016;RQS;972;2016;Requer, nos termos do inciso II do parágrafo único do art. 352, RISF, a extinção da urgência do PLS 280/2016.;2016-12-14;Não;;
RONALDO_CAIADO;130393;7106270;PLS 276/2017;PLS;276;2017;Altera a Lei nº 12.340, de 1° de dezembro de 2010, para definir prazos para o reconhecimento da situação de emergência ou estado de calamidade pública e para o início do apoio complementar a ser prestado pelo Poder Executivo federal.;2017-08-16;Sim;Não;
RONALDO_CAIADO;130399;7106525;PLS 277/2017;PLS;277;2017;Institui o “Dia Nacional de Conscientização sobre o Câncer de Estômago”, a realizar-se, anualmente, no dia 28 de setembro.;2017-08-16;Sim;Não;
RONALDO_CAIADO;123732;575722;PLS 695/2015;PLS;695;2015;Altera a Lei nº 8.666, de 21 de junho de 1993, que regulamenta o art. 37, inciso XXI, da Constituição Federal, institui normas para licitações e contratos da Administração Pública e dá outras providências, para incluir a condenação pela prática de crime de violação de direito autoral, descaminho ou contrabando como causa da aplicação das sanções administrativas de suspensão temporária de participação em licitação e impedimento de contratar com a Administração.;2015-10-21;Sim;Não;
RONALDO_CAIADO;121015;583229;PLS 262/2015;PLS;262;2015;Acrescenta artigo a Lei nº 8.692, de 28 de julho de 1993, que “Define planos de reajustamento dos encargos mensais e dos saldos devedores nos contratos de financiamentos habitacionais no âmbito do Sistema Financeiro da Habitação e dá outras providências”.;2015-05-05;Sim;Não;
RONALDO_CAIADO;120937;1472436;RQS 417/2015;RQS;417;2015;Requerem, nos termos do disposto no art. 222 do Regimento Interno do Senado Federal, a aprovação de voto de censura e repúdio ao governo venezuelano em razão da não observância, por aquele país, da cláusula democrática contida no Protocolo de Ushuaia sobre Compromisso Democrático no Mercosul.;2015-04-28;Não;;
RONALDO_CAIADO;119677;1476190;RQS 32/2015;RQS;32;2015;Requer, nos termos do art. 50, § 2º da Constituição Federal, combinado com os arts. 215, I, a, 216 e 217 do Regimento Interno do Senado Federal, que seja o presente requerimento encaminhado ao Excelentíssimo Senhor Ministro de Estado da Saúde para que este providencie, no estrito prazo constitucional, informações sobre os repasses feitos a todos os Estados brasileiros no período compreendido, entre 2011 e 2014.;2015-02-10;Sim;Não;
RONALDO_CAIADO;125276;1395224;PEC 11/2016;PEC;11;2016;Altera a Constituição Federal para vedar, nas infrações comuns, a instituição de foro por prerrogativa da função para agentes públicos não eleitos, ressalvados os membros da magistratura e do Ministério Público e outras providências.;2016-03-22;Não;;
RONALDO_CAIADO;121677;1399685;PEC 71/2015;PEC;71;2015;Altera o art. 175 da Constituição Federal, para estabelecer a obrigação do prestador de serviços públicos de disponibilizar informações, metas e indicadores sobre a qualidade do serviço.;2015-06-10;Não;;
RONALDO_CAIADO;120501;1401057;PEC 41/2015;PEC;41;2015;Altera a Constituição Federal para ampliar a duração da licença-maternidade e licença-paternidade.;2015-04-01;Não;;
RONALDO_CAIADO;119933;1402055;PEC 20/2015;PEC;20;2015;Altera o art. 46 da Constituição Federal, para reduzir de dois para um o número de suplentes de Senador, e proíbe a eleição de suplente que seja cônjuge, companheiro ou parente do titular.;2015-03-05;Não;;
RONALDO_CAIADO;124760;2000378;RMA 2/2016;RMA;2;2016;Com amparo no art. 58, § 2º, II, da Constituição Federal, e no art. 90, V, do Regimento Interno do Senado Federal, requer a convocação do Ministro Ricardo Berzoini e o convite a pessoas relacionadas a Cooperativa Habitacional dos Bancários de São Paulo (Bancoop), para comparecer à audiência pública a ser realizada na Comissão de Meio Ambiente, Defesa do Consumidor e Fiscalização e Controle (CMA), a fim de discutir as fraudes contábeis que culminaram no encerramento das atividades da Cooperativa.;2016-02-16;Sim;Não;
RONALDO_CAIADO;121498;2001121;RMA 47/2015;RMA;47;2015;"Nos termos da Constituição Federal, combinado com o Regimento Interno do Senado Federal, requer que seja convocado o Ministro de Estado das Minas e Energia, bem como sejam convidados a prestar depoimento nesta Comissão de Meio Ambiente, Defesa do Consumidor e Fiscalização o Presidente da ELETROBRÁS, o Superintendente da ANEEL, a Promotora do Ministério Público de Goiás, Senhora Alice de Almeida Freire, o Senhor José Fernando Navarretti Pena, representado a CELGPAR, bem como Marcelo Heleno Coelho de Souza, Maria Lúcia Caciano e Lys Alcântara, a fim de explicarem  a passagem de linha de alta tensão por bairros de Goiânia.


";2015-05-28;Sim;Não;
RONALDO_CAIADO;123841;3268623;RRA 75/2015;RRA;75;2015;Requer, nos termos do artigo nº 93 do Regimento Interno do Senado Federal, em aditamento ao Requerimento n° 71/2015-CRA, para que seja incluído o nome do Deputado Luiz Garibalde de Mendonça (PMDB-SE).;2015-10-29;Sim;Não;
RONALDO_CAIADO;122690;3036731;PEC 110/2015;PEC;110;2015;Altera o art. 37 da Constituição Federal, para restringir a quantidade de cargos em comissão na administração pública e estabelecer processo seletivo público.;2015-08-13;Não;;
RONALDO_CAIADO;120247;2025335;RRE 23/2015;RRE;23;2015;"Nos termos do art. 50 da Constituição Federal, combinado com o Regimento Interno do Senado Federal, solicito que seja convocado a prestar depoimento na Comissão de Relações Exteriores e Defesa Nacional a Ministra da Secretaria de Direitos Humanos, Ideli Salvatti, a fim de explicar a situação dos médicos cubanos inscritos no programa “Mais Médicos”. 
";2015-03-24;Sim;Não;
RONALDO_CAIADO;123150;577283;PLS 610/2015;PLS;610;2015;Altera o Decreto nº 70.235, de 6 de março de 1972, a Lei nº 6.830, de 15 de dezembro de 1980, a Lei nº 8.666, de 21 de junho de 1993, e a Lei nº 9.430, de 27 de dezembro de 1996, e dá outras providências.;2015-09-15;Sim;Não;
RONALDO_CAIADO;121759;3273481;RMA 53/2015;RMA;53;2015;Nos termos da Constituição Federal, combinado com o Regimento Interno do Senado Federal, solicita que sejam convocados para prestarem depoimento na Comissão de Meio Ambiente, Defesa do Consumidor e Fiscalização e Controle (CMA) os Ministros de Estado do Planejamento e o Ministro de Estado das Minas e Energia, bem como convidados o atual presidente da ANEEL, os ex-presidentes da Celg dos últimos quatro anos, além dos presidentes do Conselho Fiscal da referida empresa no mesmo período, a fim de explicarem o processo de deterioração da Celg que acabou culminando com sua federalização e possível privatização.;2015-06-15;Sim;Não;
RONALDO_CAIADO;127774;3167057;RQS 939/2016;RQS;939;2016;Requer, nos termos do art. 258, do RISF, a tramitação conjunta dos Projetos de Lei do Senado nºs 133 e 5, de 2016, por tratarem da mesma matéria.;2016-12-13;Sim;Não;
RONALDO_CAIADO;129581;5338017;PLS 189/2017;PLS;189;2017;Acrescenta o art.23-A à Lei nº 9.504, de 30 de setembro de 1997, para permitir doações eleitorais pela internet.;2017-06-08;Sim;Não;
RONALDO_CAIADO;132720;7373131;RQS 151/2018;RQS;151;2018;Requer, nos termos do art. 336, inciso II, do Regimento Interno, urgência para o PLS 90/2007.;2018-03-27;Não;;
RONALDO_CAIADO;120258;585389;PLS 145/2015;PLS;145;2015;Altera a Lei nº 12.096, de 2009, que “autoriza a concessão de subvenção econômica ao Banco nacional de Desenvolvimento Econômico e Social – BNDES” e dá outras providências.;2015-03-24;Sim;Não;
RONALDO_CAIADO;125022;1458573;RQS 131/2016;RQS;131;2016;Requer, nos termos regimentais, a criação de Comissão Especial, composta por 14 (quatorze) membros titulares e igual número de suplentes, para formular proposta de adoção de sistema de governo de matriz parlamentarista.;2016-03-02;Não;;
RONALDO_CAIADO;123740;1463628;RQS 1204/2015;RQS;1204;2015;Requer, na forma do disposto no art. 222, do Regimento Interno do Senado Federal e, de acordo com as tradições da Casa, voto de solidariedade ao pedido de Cuba na Assembleia Geral da ONU pelo fim imediata do bloqueio econômico àquele País.;2015-10-21;Não;;
RONALDO_CAIADO;119676;1476211;RQS 31/2015;RQS;31;2015;Requer, nos termos do art. 50, § 2º da Constituição Federal, combinado com os arts. 215, I, a, 216 e 217 do Regimento Interno do Senado Federal, que seja o presente requerimento encaminhado ao Excelentíssimo Senhor Ministro de Estado da Saúde para que este providencie, no estrito prazo constitucional, informações sobre os repasses feitos aos municípios do Estado de Goiás no período compreendido, entre 2011 e 2014.;2015-02-10;Sim;Não;
RONALDO_CAIADO;127681;1392756;PEC 64/2016;PEC;64;2016;Altera o inciso XLII do art. 5º da Constituição Federal, para tornar imprescritíveis os crimes de estupro.;2016-11-29;Não;;
RONALDO_CAIADO;127629;1392807;PEC 63/2016;PEC;63;2016;Modifica o art. 37 da Constituição Federal para vedar o recebimento de qualquer valor pago pelos cofres públicos acima do subsídio mensal dos Ministros do Supremo Tribunal Federal e para estabelecer período máximo de trinta (30) dias de férias no setor público.;2016-11-23;Não;;
RONALDO_CAIADO;126383;1394077;PEC 34/2016;PEC;34;2016;Acrescenta o art. 101 ao Ato das Disposições Constitucionais Transitórias para reservar cadeiras parlamentares para pessoas com deficiência na Câmara dos Deputados, nas assembleias legislativas e na Câmara Legislativa do Distrito Federal e nas câmaras municipais nas quatro legislaturas subsequentes.;2016-07-06;Não;;
RONALDO_CAIADO;122738;1397794;PEC 112/2015;PEC;112;2015;Determina a edição de Lei Complementar para regular o contencioso administrativo fiscal.;2015-08-18;Não;;
RONALDO_CAIADO;120499;1401108;PEC 40/2015;PEC;40;2015;Altera os artigos 52 e 84 da Constituição Federal, para dispor sobre a indicação de dirigentes de Agências Reguladoras.;2015-04-01;Não;;
RONALDO_CAIADO;121798;2024906;RRE 49/2015;RRE;49;2015;Requeiro, nos termos do arts. 50, caput, e 58, § 2º, III, da Constituição Federal e do art. 397, § 1º, do Regimento Interno do Senado Federal, a convocação do Exmo. Sr. Ministro de Estado da Defesa, Jaques Wagner, para que compareça à Comissão, a fim de prestar informações sobre a omissão do Estado brasileiro diante da negativa, por parte do governo venezuelano, de autorização para aeronave da Força Aérea Brasileira, com comitiva de Senadores em missão aprovada por esta Casa, aterrissar em Caracas.;2015-06-16;Sim;Não;
RONALDO_CAIADO;121107;2025162;RRE 34/2015;RRE;34;2015;Requeiro, nos termos do art. 90, inciso III, do Regimento Interno do Senado Federal, que seja convocado o Senhor Mauro Luiz Icker Vieira, Ministro de Estado do Ministério de Relações Exteriores, para que compareça em audiência pública à Comissão de Relações Exteriores desta Casa, a fim de prestar esclarecimentos sobre a decisão do Itamaraty de se abster na votação sobre as violações de direitos humanos na Síria e no Irã.;2015-05-07;Não;;
RONALDO_CAIADO;123202;3270548;RDR 41/2015;RDR;41;2015;Requer aditamento ao Requerimento (RDR) nº 33, de 2015, para convidar os Srs. José Alves Filho e Herculano Anghinetti, representantes da Associação Brasileira Pró-Desenvolvimento Regional Sustentável (ADIAL BRASIL), a comparecerem em audiência pública a ser realizada nesta Comissão.;2015-09-17;Sim;Não;
RONALDO_CAIADO;119762;3198186;RQS 78/2015;RQS;78;2015;"Requer, nos termos do art. 332, § 1º, do RISF, a continuidade da tramitação dos seguintes projetos: PECs nºs 34, de 2010; 5 e 18, de 2009; 10, 19 e 36, de 2008; 22, 36 e 49, de 2007; e 24 e 47, de 2003; PLSs nºs 89, 147, 155, 158, 201, 214 e 226, de 2010; 40, 112, 153, 191, 219, 434, 464 e 488, de 2009; 113, 173, 174, 214, 234, 261, 271, 294 e 376, de 2008; 17, 83, 84, 86, 89, 178, 181, 226, 229, 230, 240, 246, 261, 299, 345, 365, 511, 512, 513, 514, 565, 721 e 722, de 2007; 193, de 2005; 152 e 300, de 2004; 233, 274, 391 e 487, de 2003; PRSs nºs 24 e 30, de 2007; e PLCs nºs 57, de 2010.";2015-02-25;Não;;
RONALDO_CAIADO;128795;5232914;RRA 9/2017;RRA;9;2017;Requer a realização de Audiência Pública para debater sobre o Fundo de Assistência ao Trabalhador Rural (FUNRURAL).;2017-04-12;Sim;Não;
RONALDO_CAIADO;125525;570349;PLS 167/2016;PLS;167;2016;Altera as Leis nº 9.504, de 30 de setembro de 1997, que estabelece normas para as eleições, e 9.096, de 19 de setembro, que dispõe sobre partidos políticos, para dispor sobre a redistribuição do tempo de propaganda partidária e eleitoral no rádio e na televisão na hipótese de perda de mandato do parlamentar por força de decisão definitiva da Justiça Eleitoral.;2016-04-13;Sim;Não;
RONALDO_CAIADO;126102;1455564;RQS 425/2016;RQS;425;2016;Requer ao Ministro de Estado de Minas e Energia informações sobre a geração, o consumo e a exportação de energia elétrica no Brasil, nos termos que especifica.;2016-06-09;Sim;Não;
RONALDO_CAIADO;124944;1458963;RQS 106/2016;RQS;106;2016;Requer, com fundamento no art. 50, § 2º, da Constituição Federal, e nos termos do art. 216 do Regimento Interno do Senado Federal, que sejam prestadas pelo Ministro Chefe da Casa Civil informações relativas aos gastos efetuados, direta ou indiretamente, a qualquer título, para o atendimento do ex-Presidente Luiz Inácio Lula da Silva, entre os anos de 2011 e 2014.;2016-02-25;Sim;Não;
RONALDO_CAIADO;124452;1460871;RQS 1430/2015;RQS;1430;2015;Requer, nos termos do art. 199 do Regimento Interno do Senado Federal, a realização de sessão especial no dia 9 de maio de 2016, para comemoração dos 50 anos de criação da Revista Dados, do IESP - Instituto de Estudos Sociais e Políticos da Universidade do Estado do Rio de Janeiro.;2015-12-15;Não;;
RONALDO_CAIADO;126708;1393764;PEC 42/2016;PEC;42;2016;Altera o art. 159 da Constituição Federal para aumentar a entrega de recursos pela União ao Fundo de Participação dos Estados.;2016-08-17;Não;;
RONALDO_CAIADO;121844;1399267;PEC 79/2015;PEC;79;2015;Acrescenta parágrafo único ao art. 49 da Constituição Federal, para prever a obstrução da pauta do Congresso Nacional, no caso de não haver manifestação, no prazo fixado, sobre as contas prestadas pelo Presidente da República.;2015-06-17;Não;;
RONALDO_CAIADO;125291;2024140;RRE 14/2016;RRE;14;2016;Solicita a convocação do Excelentíssimo Ministro das Relações Exteriores, Sr. MAURO LUIZ IECKER VIEIRA, acerca da emissão, pelo Ministério, de telegramas a Embaixadas brasileiras com sede no exterior, alertando sobre um possível golpe político no Brasil.;2016-03-23;Sim;Sim;
RONALDO_CAIADO;121784;2024948;RRE 47/2015;RRE;47;2015;Requeremos a Vossa Excelência, nos termos do artigo 315 do Regimento Interno do Senado Federal, o adiamento da votação do(a) Mensagem nº 18, de 2015 e Mensagem nº 37 de 2015, por 7 dias.;2015-06-16;Sim;Não;
RONALDO_CAIADO;120198;2001478;RMA 18/2015;RMA;18;2015;Nos termos do art. 50 da Constituição Federal, combinado com o Regimento Interno do Senado Federal, solicito que seja convocado a prestar depoimento nesta Comissão de Meio Ambiente, Defesa do Consumidor e Fiscalização e Controle o Exmo. Sr Ministro de Estado dos Transportes e convidado o Diretor–Presidente da Agência Nacional de Transportes Terrestres (ANTT), a fim de explicar a situação caótica do setor de transportes nos municípios do entorno de Brasília.;2015-03-19;Sim;Não;
RONALDO_CAIADO;124749;3179933;RQS 27/2016;RQS;27;2016;Requer, nos termos do art. 256, do RISF, a retirada em caráter definitivo do PDS 183/2015.;2016-02-16;Sim;Não;
RONALDO_CAIADO;121432;3191880;RQS 562/2015;RQS;562;2015;Requer, nos termos do art. 294 do RISF, que o PLV nº 3, de 2015 (proveniente da MPV 665/2014), seja votado pelo processo nominal.;2015-05-26;Sim;Não;
RONALDO_CAIADO;128536;5207152;PEC 11/2017;PEC;11;2017;Altera o § 2º do art. 239 da Constituição Federal, para determinar que o trabalhador, o servidor público e o militar que preencham os requisitos para se aposentar ou passar para a reserva remunerada, mas que optem por permanecer em atividade, possam sacar os valores depositados nas suas contas individuais do Programa de Integração Social (PIS) e do Programa de Formação do Patrimônio do Servidor Público (PASEP).;2017-03-29;Não;;
RONALDO_CAIADO;130420;7107935;OFS 61/2017;OFS;61;2017;Submete à apreciação do Senado Federal, nos termos do art. 130-A, inciso VI, da Constituição Federal, e de acordo com a Resolução nº 7, de 2005, do Senado Federal, a indicação do Senhor EMMANUEL CAMPELO DE SOUZA PAREIRA, para compor o Conselho Nacional do Ministério Público, na vaga destinada ao Senado Federal.;2017-08-16;Não;;
RONALDO_CAIADO;132946;7952282;RQS 214/2018;RQS;214;2018;Requerem, nos termos do art. 336, inciso II do RISF, urgência para o PDS nº 29, de 2018.;2018-04-17;Não;;
RONALDO_CAIADO;121701;1469775;RQS 667/2015;RQS;667;2015;"Requer, nos termos do art. 222 do Regimento Interno do Senado Federal, voto de repúdio à atitude antissemita da reitoria da Universidade Federal de Santa Maria (USFM), formalizada por meio de memorando-circular subscrito pelo Prof. Dr. José Fernando Schlosser,onde solicita informações sobre ""a presença ou perspectiva de discentes e/ou docentes israelenses"".";2015-06-10;Não;;
RONALDO_CAIADO;121078;1471743;RQS 459/2015;RQS;459;2015;Requer, nos termos do art. 199 do Regimento Interno do Senado Federal, a realização de Sessão Especial, no próximo dia 9 de junho, destinada a comemorar o cinquentenário das atividades da TV Globo.;2015-05-06;Sim;Sim;
RONALDO_CAIADO;120356;1474083;RQS 213/2015;RQS;213;2015;Requer, nos termos do art. 50, § 2º da Constituição Federal, combinado com os arts. 215, I, a, 216 e 217 do Regimento Interno do Senado Federal, seja o presente Requerimento encaminhado ao Ministro de Estado da Fazenda, para que este providencie informações acerca de informações sobre a Postalis, nos termos que especifica.;2015-03-25;Sim;Não;
RONALDO_CAIADO;119935;1402002;PEC 19/2015;PEC;19;2015;Altera a Constituição Federal para extinguir a reeleição dos cargos do Poder Executivo.;2015-03-05;Não;;
RONALDO_CAIADO;121676;3273564;RQJ 3/2015;RQJ;3;2015;Requeiro, nos termos do artigo 338 inciso IV, do Regimento Interno do Senado Federal, urgência para o Projeto de Lei da Câmara nº 32, de 2015.;2015-06-10;Sim;Não;
RONALDO_CAIADO;122575;3036781;PEC 107/2015;PEC;107;2015;"Altera a alínea ""a"" do inciso IX do § 2º do art. 155 da Constituição Federal, para dispor que incide o Imposto sobre Operações Relativas à Circulação de Mercadorias e sobre Prestações de Serviços de Transporte Interestadual e Intermunicipal e de Comunicação na entrada de bem proveniente do exterior, ainda que a importação seja relativa à operação de arrendamento mercantil com ou sem possibilidade de transferência ulterior de propriedade.";2015-08-05;Não;;
RONALDO_CAIADO;119882;3013297;PRS 12/2015;PRS;12;2015;Altera o art. 312 do Regimento Interno do Senado Federal.;2015-03-03;Sim;Não;
RONALDO_CAIADO;130216;6014833;PLS 247/2017;PLS;247;2017;Altera a Lei Complementar nº 101, de 4 de maio de 2000, para desburocratizar a realização de transferências voluntárias aos entes da Federação.;2017-08-01;Sim;Não;
RONALDO_CAIADO;130477;7113219;PEC 28/2017;PEC;28;2017;Altera o inciso XLII do art. 5º da Constituição Federal, para prever a inafiançabilidade e a imprescritibilidade dos crimes de peculato, concussão e corrupção.;2017-08-22;Não;;
RONALDO_CAIADO;130946;7967678;R.S 14/2017;R.S;14;2017;Requer, nos termos do art. 58, § 2º, I, da Constituição Federal e do art. 91, §§ 3º e 4º do RISF, que o PLS 366/2015 seja submetido ao Plenário para apreciação.;2017-09-21;Não;;
RONALDO_CAIADO;131160;7951043;RQS 847/2017;RQS;847;2017;Requer calendário especial para apreciação, nesta data, da PEC 33/2017.;2017-10-03;Não;;
RONALDO_CAIADO;133053;7384195;RQJ 15/2018;RQJ;15;2018;"Requeiro, nos termos do art. 93, I, do Regimento Interno do Senado Federal, a realização de audiência pública no âmbito desta Comissão para debater o PLS nº 580, de 2015, que “altera a Lei nº 7.210, de 11 de julho de 1984 – Lei de Execução Penal, para estabelecer a obrigação de o preso ressarcir o Estado das despesas com a sua manutenção”, com a presença dos seguintes convidados:
1. Representante do Ministério Extraordinário da Segurança Pública;
2. Representante do Departamento Penitenciário Nacional;
3. Representante do Conselho Nacional de Justiça;
4. Representante da Ordem dos Advogados do Brasil;
5. Representante do Ministério Público do Trabalho; e
6. Representante do Conselho Nacional do Ministério Público.";2018-04-25;Sim;Não;
RONALDO_CAIADO;134920;7705209;PEC 20/2018;PEC;20;2018;Dá nova redação ao art. 102 da Constituição Federal para determinar a utilização do Preâmbulo como elemento de interpretação.;2018-12-12;Não;;
RONALDO_CAIADO;121695;1469849;RQS 662/2015;RQS;662;2015;Requer, nos termos do art. 50, § 2º, da Constituição Federal, combinado com os arts. 215, I, a, 216 e 217 do Regimento Interno do Senado Federal, informações ao Ministro de Estado de Relações Exteriores referentes à quantidade de haitianos que entraram no Brasil desde 2003 e o perfil demográfico desses imigrantes, nos termos que especifica.;2015-06-10;Sim;Não;
RONALDO_CAIADO;127318;1393284;PEC 52/2016;PEC;52;2016;Altera o art. 22, parágrafo único, da Constituição Federal, para incluir expressa referência ao Distrito Federal.;2016-10-25;Não;;
RONALDO_CAIADO;132074;7967676;R.S 12/2017;R.S;12;2017;Retiradas 7 assinaturas, restando 6 assinaturas válidas.;2017-09-19;Sim;Não;
RONALDO_CAIADO;121495;3191144;RQS 598/2015;RQS;598;2015;Requer, nos termos do art. 300, VIII, que a votação das emendas apresentadas à  MPV 664/201414 seja feita uma a uma.;2015-05-27;Sim;Não;
RONALDO_CAIADO;126644;1453629;RQS 601/2016;RQS;601;2016;Requer, nos termos do art. 222, § 1º, do Regimento Interno do Senado Federal, inserção em ata de voto de aplauso ao governo brasileiro e ao Ministério de Relações Exteriores, pela decisão de não reconhecer a presidência pro tempore da Venezuela no Mercosul.;2016-08-10;Não;;
RONALDO_CAIADO;127425;1964605;RAS 31/2016;RAS;31;2016;Requeiro, nos termos do art. 58, § 2º, II, da Constituição Federal e do art. 93, II, do Regimento Interno do Senado Federal, a realização de audiência pública, com o objetivo de debater a gravidade da situação da diabetes entre a população brasileira, bem como das medidas que podem ser tomadas no sentido de minorar as consequências daquela doença em nosso país.;2016-11-09;Sim;Sim;
RONALDO_CAIADO;124783;1459927;RQS 38/2016;RQS;38;2016;Requer, nos termos do inciso IV do § 7º do art. 154 do Regimento Interno do Senado Federal, a realização de sessão de debate temático para avaliar as reais dimensões da epidemia do vírus zika no Brasil, bem como averiguar os meios para conter a propagação do mosquito Aedes aegypti em território nacional.;2016-02-16;Não;;
RONALDO_CAIADO;125040;1395387;PEC 8/2016;PEC;8;2016;Acrescenta o § 3º ao art. 61 da Constituição Federal para aplicar aos projetos de lei de iniciativa popular o célere rito de tramitação das Medidas Provisórias.;2016-03-07;Não;;
RONALDO_CAIADO;124014;1396455;PEC 145/2015;PEC;145;2015;Altera o art. 73 da Constituição Federal, para estabelecer a obrigatoriedade de os servidores da área fim dos tribunais e conselhos de contas realizarem estágio em atividades de planejamento e gestão de obras públicas como condição para aprovação no estágio probatório.;2015-11-11;Não;;
RONALDO_CAIADO;124046;3268211;RRA 77/2015;RRA;77;2015;Requer, nos termos regimentais, que seja aditado o Requerimento Nº 76, de 2015, desta Comissão, o qual trata da realização de audiência pública com o objetivo de debater sobre a implementação de políticas públicas para controle de suposta zoonose – Mormo, para incluir o nome da especialista no tema Carla Macedo Amorim, a fim de compor a lista de convidados.;2015-11-11;Sim;Não;
RONALDO_CAIADO;130392;7106255;PLS 275/2017;PLS;275;2017;Altera a Lei nº 8.987, de 13 de fevereiro de 1995, para fixar prazo do prévio aviso para fins de interrupção do fornecimento de serviço, em caso de inadimplemento.;2017-08-16;Sim;Não;
RONALDO_CAIADO;133214;7388622;PDS 53/2018;PDS;53;2018;Dispõe sobre a convocação de plebiscito para consulta pública quanto à extinção integral do foro privilegiado.;2018-05-09;Não;;
RONALDO_CAIADO;133944;7411048;PEC 13/2018;PEC;13;2018;Altera o § 2º e revoga os § 3º, § 4º e § 5º, todos do art. 53 da Constituição Federal para legitimar constitucionalmente a prisão após condenação em segundo grau, acabar com a competência da Câmara e do Senado de deliberar sobre a manutenção ou não de prisão em flagrante de parlamentar, bem como eliminar a competência da Câmara e do Senado sustar o andamento de processos contra parlamentares por crimes ocorridos após a diplomação.;2018-07-11;Não;;
RONALDO_CAIADO;125012;1458712;RQS 127/2016;RQS;127;2016;Requer, com base no art. 71, inciso IV, da Constituição Federal e nos termos regimentais, seja solicitada ao Tribunal de Contas da União (TCU) auditoria relativa à eventual transferência de recursos federais (oriundos da Caixa Econômica Federal e dos fundos de pensões estatais) para a Cooperativa Habitacional dos Bancários de São Paulo (Bancoop).;2016-03-02;Sim;Não;
RONALDO_CAIADO;119674;1476251;RQS 35/2015;RQS;35;2015;Requer, nos termos do inciso IV do art. 71 da Constituição Federal, bem como noss termos regimentais, seja o presente requerimento encaminhado ao Tribunal de Contas da União (TCU) para realização de auditoria destinada a apurar as causas e as consequências do aumento da dívida interna brasileira no período entre 2011 e 2014.;2015-02-10;Sim;Não;
RONALDO_CAIADO;123166;1397201;PEC 125/2015;PEC;125;2015;Fixa os critérios para escolha do Advogado-Geral da União, bem como o procedimento para a sua nomeação.;2015-09-15;Não;;
RONALDO_CAIADO;128293;5082529;PLS 48/2017;PLS;48;2017;Altera o art. 387, inciso IV, do Decreto-Lei nº 3.689 de 3 de outubro de 1941, a fim de estabelecer que o Juiz, ao proferir a sentença penal condenatória, fixará o valor mínimo para a reparação dos danos materiais e morais causados pela infração, independentemente de pedido específico.;2017-03-09;Sim;Não;
RONALDO_CAIADO;122841;3271534;RQE 33/2015;RQE;33;2015;Requer seja convidado a comparecer perante o Plenário desta Comissão o Ministro de Estado de Minas e Energia, Sr. Carlos Eduardo de Souza Braga, para explicar a venda da Celg Distribuição S.A.;2015-08-25;Sim;Não;
RONALDO_CAIADO;128350;5090013;PLS 61/2017;PLS;61;2017;Altera o inciso XIV da Lei nº 7.713, de 22 de dezembro de 1988, com a redação dada pela Lei nº 8.541, de 23 de dezembro de 1992, para incluir entre os rendimentos isentos do imposto de renda os proventos recebidos por portadores do mal de Alzheimer.;2017-03-16;Sim;Não;
RONALDO_CAIADO;120477;3195321;RQS 260/2015;RQS;260;2015;"Requerem, nos termos do art. 332, § 1º, o desarquivamento e a continuidade de tramitação dos Projetos de Lei do Senado nºs 492 e 674, de 1999; 39, 65 e 194, de 2001; 8, 11 e 218, de 2002; 45, de 2006; 190 e 279, de 2007; 112 e 231, de 2010.";2015-03-31;Não;;
RONALDO_CAIADO;119945;3197204;RQS 128/2015;RQS;128;2015;Requer, nos termos do art. 332, § 1º, do RISF, o desarquivamento do PLS 375/2009.;2015-03-05;Não;;
RONALDO_CAIADO;127843;3166597;RQS 971/2016;RQS;971;2016;Requer, nos termos do inciso II do parágrafo único do art. 352, RISF, a extinção da urgência do PLS 280/2016.;2016-12-14;Não;;
RONALDO_CAIADO;128524;5205120;RQJ 6/2017;RQJ;6;2017;Requeremos a Vossa Excelência, nos termos do art(s). 279, III do Regimento Interno do Senado Federal, adiamento da discussão por 30 dias do PLS nº 280, de 2016.;2017-03-29;Sim;Não;
RONALDO_CAIADO;131039;7950953;RQS 808/2017;RQS;808;2017;Requer, nos termos do art. 312, parágrafo único, do RISF, destaque para votação em separado da Emenda nº 19 apresentada ao PLS 206/2017.;2017-09-29;Sim;Não;
RONALDO_CAIADO;132374;7952012;RQS 66/2018;RQS;66;2018;Solicita, nos termos regimentais, a prorrogação do prazo de duração da CPI do BNDES até o dia 23/03, sem custos adicionais.;2018-02-28;Não;;
RONALDO_CAIADO;133527;7397901;PLS 275/2018;PLS;275;2018;Altera a Lei nº 9.503, de 23 de setembro de 1997, que institui o Código de Trânsito Brasileiro, para tornar obrigatória a abordagem do condutor pela autoridade ou pelo agente da autoridade de trânsito na autuação das infrações de trânsito.;2018-06-01;Sim;Não;
RONALDO_CAIADO;124072;1462299;RQS 1306/2015;RQS;1306;2015;"Requerem, nos termos regimentais, a realização de Sessão Temática no Plenário do Senado Federal com intuito de debater o desastre ambiental ocorrido no município de Mariana no Estado de Minas Gerais, a partir do rompimento das barragens de Fundão e Santarém, ambas de responsabilidade da Mineradora Samarco, que provocaram a perda de inúmeras vidas e prejuízos inestimáveis à bacia hidrográfica do Rio Doce e meio ambiente daquela região; sugerindo o convite das autoridades que menciona.";2015-11-17;Não;;
RONALDO_CAIADO;121966;1468823;RQS 726/2015;RQS;726;2015;"Requerem, com fundamento no art. 223 do Regimento Interno do Senado Federal, manifestação de repúdio às demonstrações de desrespeito realizadas durante a 19ª ""Parada Gay"" ocorrido no domingo, dia 07 de junho de 2015, na Avenida Paulista, em São Paulo/SP.";2015-06-24;Não;;
RONALDO_CAIADO;119668;1476356;RQS 33/2015;RQS;33;2015;Requer, nos termos do art. 50, § 2º, da Constituição Federal, combinado com os arts. 215, I, a, 216 e 217 do Regimento Interno do Senado Federal, seja encaminhado ao Senhor Ministro de Estado da Fazenda requerimento de informações acerca da evolução da Dívida Interna Pública, nos termos que especifica.;2015-02-10;Sim;Não;
RONALDO_CAIADO;121320;1400311;PEC 57/2015;PEC;57;2015;Acrescenta os §§ 2º, 3º, 4º e 5º ao art. 52 da Constituição Federal, para estabelecer prazos para a escolha e nomeação das autoridades definidas no inciso III e tornar crime de responsabilidade o seu descumprimento.;2015-05-20;Não;;
RONALDO_CAIADO;121220;1400421;PEC 55/2015;PEC;55;2015;Altera os arts. 52 e 153 da Constituição Federal, para estabelecer condições para o exercício da faculdade do Poder Executivo de alterar a alíquota do Imposto sobre Produtos Industrializados.;2015-05-14;Não;;
RONALDO_CAIADO;128242;5067457;RQS 91/2017;RQS;91;2017;"Requer, nos termos do art. 55, III, da Constituição Federal e arts. 13 e
40 do Regimento Interno do Senado Federal, licença para desempenhar missão no
exterior, com ônus para o Senado Federal, em Pennsylvania, Filadélfia (EUA), no
período de 31/03/2017 a 01/04/2017, a fim de participar do evento “IV BrazUSC –
Brazilian Undergraduate Student Conference”, promovido pela Brazilian Student
Association (BRASA).
Comunica, nos termos do art. 39, I, do Regimento Interno do Senado
Federal, que estará ausente do País no período de 30/03/2017 a 03/04/2017, para
desempenho desta missão.";2017-03-07;Sim;Não;
RONALDO_CAIADO;130033;5392915;RQS 570/2017;RQS;570;2017;Requer, nos termos do art. 199, do Regimento Interno do Senado Federal, a realização de sessão especial do Senado Federal em homenagem aos 75 anos do Banco da Amazônia S/A.;2017-07-12;Não;;
RONALDO_CAIADO;120875;583565;PLS 241/2015;PLS;241;2015;Modifica o disposto no art. 5º, caput, e revoga o parágrafo único do art. 9º da Lei nº 9.986, de 18 de julho de 2000, visando fixar regras para a nomeação de diretor de agência reguladora.;2015-04-23;Sim;Não;
RONALDO_CAIADO;119872;1475347;RQS 104/2015;RQS;104;2015;Requer, nos termos do art. 222 do Regimento Interno do Senado Federal, voto de solidariedade ao povo da Venezuela em face dos recentes fatos violentos ocorridos envolvendo seus cidadãos e agentes do governo.;2015-03-03;Sim;Não;
RONALDO_CAIADO;119741;1402422;PEC 12/2015;PEC;12;2015;Altera a Constituição Federal para extinguir as Mesas das Casas Legislativas.;2015-02-24;Não;;
RONALDO_CAIADO;119690;1402479;PEC 11/2015;PEC;11;2015;Altera os §§ 1º e 2º do art. 14 da Constituição Federal, para tornar o voto facultativo.;2015-02-12;Não;;
RONALDO_CAIADO;120420;2006708;RMC 2/2015;RMC;2;2015;Requer, nos termos regimentais, que os temas abaixo relacionados passem a compor a agenda de trabalho desta Comissão Mista de Mudanças Climáticas no presente exercício, para discutir a questão das mudanças climáticas e seu impacto nas cidades brasileiras, bem como as estratégias de mitigação e adaptação perante os possíveis cenários para o meio urbano.;2015-03-31;Sim;Não;
RONALDO_CAIADO;120950;2018204;RQJ 1/2015;RQJ;1;2015;Nos termos do Art. 93 do Regimento Interno do Senado Federal, requeiro a Vossa Excelência, ouvido o Plenário desta Comissão, sejam convidados os Srs. Ubirajara Ayres Gasparin, Procurador-Geral do Estado do Paraná, e Juliano José Breda, Presidente da OAB Paraná, para auxiliar o processo de sabatina do candidato à vaga de Ministro do Supremo Tribunal Federal, Sr. Luiz Edson Fachin, por indicação da Presidente Dilma Vana Rousseff.;2015-04-29;Sim;Não;
RONALDO_CAIADO;122666;900483;PDS 328/2015;PDS;328;2015;Determina a sustação do Decreto nº 8.497, de 4 de julho de 2015, do Poder Executivo, que “regulamenta a formação do Cadastro Nacional de Especialistas de que tratam o § 4º e o § 5º do art. 1º da Lei nº 6.932, de 7 de julho de 1981, e o art. 35 da Lei nº 12.871, de 22 de outubro de 2013.”;2015-08-12;Sim;Não;
RONALDO_CAIADO;125080;3266751;RRA 16/2016;RRA;16;2016;Requer, nos termos do art. 58, § 2º, II, da Constituição Federal, e do art. 93, II, do Regimento Interno do Senado Federal, que na Audiência Pública, objeto do RRA 12/2016, seja substituído o nome do Sr. José Cordeiro Araújo pelo nome do Sr. Eng. Agr. Eduardo Cordeiro de Araújo – Especialista em Aviação Agrícola e Consultor Técnico do Sindag.;2016-03-09;Sim;Não;
RONALDO_CAIADO;125068;3179185;RQS 142/2016;RQS;142;2016;Requer, nos termos do art. 294, do Regimento Interno do Senado Federal, que a votaçao do PLV nº 2, de 20116, seja feita pelo processo nominal.;2016-03-08;Sim;Não;
RONALDO_CAIADO;124544;3180982;RQS 1436/2015;RQS;1436;2015;Requer, nos termos regimentais, que a votação das emendas ao PLC 186/2015 sejam feitas uma a uma.;2015-12-15;Sim;Não;
RONALDO_CAIADO;121492;3191182;RQS 589/2015;RQS;589;2015;Requer, nos termos do inciso I, letra a, do art. 314, do RISF, destaque para votação em separado do § 10 do art. 29 da Lei nº 8.213/1991, constante do PLV 4/2015.;2015-05-27;Sim;Não;
RONALDO_CAIADO;121433;3191861;RQS 564/2015;RQS;564;2015;Requer, nos termos regimentais, destaque para votação em separado do inciso VI do art. 3º da Lei nº 7.998/90, que consta do PLV 3/2015(proveniente da MPV 665/2014).;2015-05-26;Sim;Não;
RONALDO_CAIADO;134042;7952918;RQS 426/2018;RQS;426;2018;Requer, nos termos do art. 336, inciso III, do RISF, urgência para o PLC 70/2014.;2018-05-10;Não;;
RONALDO_CAIADO;125078;3266772;RRA 15/2016;RRA;15;2016;Requer, nos termos regimentais, que seja convidada a comparecer em audiência pública perante esta Comissão de Agricultura e Reforma Agrária, a Sra. Monique Éloit - Diretora Geral da World Organisation for Animal Health – OIE, com sede em Paris (França), a fim de debater sobre o Mormo, doença contagiosa causada pela bactéria Burkholderia mallei, que atinge o plantel de equídeos brasileiro.;2016-03-09;Sim;Não;
RONALDO_CAIADO;122699;2013722;RQI 50/2015;RQI;50;2015;Requeiro, nos termos do artigo 50 da Constituição Federal combinado com o artigo 90, inciso III, do Regimento Interno do Federal, seja convocado a comparecer perante o Plenário desta Comissão o Ministro de Estado de Minas e Energia, Sr. Carlos Eduardo de Souza Braga, para explicar a venda da Celg Distribuição S.A.;2015-08-14;Sim;Não;
RONALDO_CAIADO;128936;5242406;PDS 101/2017;PDS;101;2017;Dispõe sobre a convocação de plebiscito para que a população brasileira escolha o melhor sistema eleitoral para o país.;2017-04-25;Não;;
RONALDO_CAIADO;129591;7949258;RQS 428/2017;RQS;428;2017;Requer, na forma do art. 256, inciso I, e § 2º, inciso II, a retirada do PLS 132/2017.;2017-06-07;Sim;Não;
RONALDO_CAIADO;120201;585533;PLS 139/2015;PLS;139;2015;Altera a Lei nº 9.250, de 1995, que “altera a legislação do imposto de renda das pessoas físicas e dá outras providências”.;2015-03-19;Sim;Não;
RONALDO_CAIADO;124120;1462065;RQS 1314/2015;RQS;1314;2015;Requerem, na forma do disposto do art. 222 do Regimento Interno do Senado Federal, voto de solidariedade ao povo francês pelos ataques terroristas ocorridos no último dia 13 de novembro.;2015-11-19;Não;;
RONALDO_CAIADO;122078;1398891;PEC 87/2015;PEC;87;2015;Altera o art. 5º e o inciso I do art. 49 da Constituição Federal, para alterar as competências do Congresso Nacional no que concerne à denúncia de tratados internacionais.;2015-07-01;Não;;
RONALDO_CAIADO;121326;1400257;PEC 58/2015;PEC;58;2015;Altera o § 9º do art. 144 da Constituição Federal, para instituir adicional de periculosidade para os servidores policiais.;2015-05-20;Não;;
RONALDO_CAIADO;121496;3273853;RMA 46/2015;RMA;46;2015;"Nos termos da Constituição Federal, combinado com o Regimento Interno do Senado Federal, requer que sejam convidados a prestar depoimento nesta Comissão de Meio Ambiente, Defesa do Consumidor e Fiscalização o Presidente da ELETROBRÁS, o Superintendente da ANEEL, a Promotora do Ministério Público de Goiás, Senhora Alice de Almeida Freire, o Senhor José Fernando Navarretti Pena, representado a CELGPAR, bem como Marcelo Heleno Coelho de Souza, Maria Lúcia Caciano e Lys Alcântara, a fim de explicarem  a passagem de linha de alta tensão por bairros de Goiânia.

";2015-05-28;Sim;Não;
RONALDO_CAIADO;125069;3179166;RQS 141/2016;RQS;141;2016;Requer, nos termos do artigo 294, do Regimento Interno do Senado Federal, que a votação do Requerimento de preferência da MPV nº 693, de 2015, do PLV 2/2016, seja feita pelo processo nominal;2016-03-08;Sim;Não;
RONALDO_CAIADO;124498;3181140;RQS 1453/2015;RQS;1453;2015;Requer, nos termos do art. 275, inciso II, do Regimento Interno, o encerramento da discussão do Projeto de Lei do Senado nº 477, de 2011 - Complementar.;2015-12-16;Sim;Não;
RONALDO_CAIADO;122999;3187319;RQS 1020/2015;RQS;1020;2015;Requer, nos termos do inciso II, do art. 336, do RISF, urgência para o PDS nº 43, de 2015.;2015-09-02;Não;;
RONALDO_CAIADO;122775;3188080;RQS 939/2015;RQS;939;2015;Requer, nos termos do art. 300, II, do Regimento Inrterno do Senado Federal, que a votação do PLC 57/2015 seja feita artigo por artigo.;2015-08-19;Sim;Não;
RONALDO_CAIADO;129782;5372114;PLS 206/2017;PLS;206;2017;Altera as Leis nºs 9.096, de 19 de setembro de 1995, e 9.504, de 30 de setembro de 1997, para instituir o Fundo Especial de Financiamento de Campanha, permitir a propaganda eleitoral paga no rádio e na televisão, e restringir o horário eleitoral gratuito aos canais de rádio e de televisão de responsabilidade do poder público.;2017-06-27;Sim;Não;
RONALDO_CAIADO;135049;7953354;RQS 644/2018;RQS;644;2018;Urgência para o Projeto de Lei do Senado nº 147/2016.;2017-03-07;Não;;
RONALDO_CAIADO;125532;1457118;RQS 295/2016;RQS;295;2016;Requer, na forma do disposto no art. 222, § 1º, do Regimento Interno do Senado Federal, seja incluída nos anais da Casa Voto de Censura ao Secretário-Geral da União de Nações Sul-Americanas, Ernesto Samper, por ter afirmado que o Bloco é contra o processo de impeachment e que a presidente tem legitimidade para terminar o mandato.;2016-04-13;Não;;
RONALDO_CAIADO;121023;1472213;RQS 434/2015;RQS;434;2015;Requer, nos termos do art. 50, § 2º da Constituião Federal, combinado com os arts. 215, I, a, 216 e 217 do Regimento Interno do Senado Federal, informações ao Ministro de Estado das Minas e Energia, para que este providencie, junto à PETROBRÁS, cópia integral, em meio magnético, dos processos que resultaram nos contratos de empréstimos tomados junto a instituições financeiras (nacionais ou não) no presente exercício, destacando-se os empréstimos junto ao Banco de Desenvolvimento da China, ao Banco do Brasil, à Caixa Econômica Federal e ao Bradesco.;2015-05-05;Sim;Não;
RONALDO_CAIADO;126519;1393922;PEC 39/2016;PEC;39;2016;Altera o art. 159 da Constituição Federal para ampliar a repartição de receitas tributárias da União com os Estados, o Distrito Federal e os Municípios.;2016-07-13;Não;;
RONALDO_CAIADO;124460;1395927;PEC 158/2015;PEC;158;2015;Altera o § 6º do art. 225 da Constituição Federal, para condicionar a instalação de usinas nucleares à aprovação do Estado diretamente afetado.;2015-12-15;Não;;
RONALDO_CAIADO;123158;1397318;PEC 123/2015;PEC;123;2015;Inclui o art. 101 no Ato das Disposições Constitucionais Transitórias para vedar a instituição e o aumento de tributo por um período de 4 (quatro) anos;2015-09-15;Sim;Sim;
RONALDO_CAIADO;121423;1399992;PEC 64/2015;PEC;64;2015;Altera o “caput” do artigo 93 da Constituição Federal, para estabelecer iniciativa parlamentar concorrente na propositura de lei complementar que institui o Estatuto da Magistratura.;2015-05-26;Não;;
RONALDO_CAIADO;120565;1400849;PEC 46/2015;PEC;46;2015;Altera os art. 101, 104, 111-A e 123 da Constituição Federal, para estabelecer critérios de nomeação para ministros dos Tribunais Superiores.;2015-04-07;Não;;
RONALDO_CAIADO;119878;1331236;PRS 11/2015;PRS;11;2015;Altera o art. 216 do Regimento Interno do Senado Federal.;2015-03-03;Sim;Não;
RONALDO_CAIADO;120269;2001415;RMA 22/2015;RMA;22;2015;"Nos termos da Constituição Federal, combinado com o Regimento Interno do Senado Federal, solicita-se que seja convocado a prestar depoimento nesta Comissão de Meio Ambiente, Defesa do Consumidor e Fiscalização o Senhor Ministro de Estado das Comunicações, bem como convidados o Diretor-Presidente dos Correios, o Superintendente da Superintendência Nacional de Previdência Complementar (Previc) e o atual gestor do Fundo Postalis, a fim de explicarem o ""rombo"" de 5,6 bilhões no fundo de pensão dos trabalhadores dos Correios.";2015-03-24;Sim;Não;
RONALDO_CAIADO;125011;3266997;RRA 12/2016;RRA;12;2016;"Requer, nos termos do art. 58, § 2º, II, da Constituição Federal, e do art. 93, II, do Regimento Interno do Senado Federal, a realização de audiência pública com o objetivo de avaliar o protocolo visando ao controle de vetores de doenças mediante aplicação aérea de inseticidas, com a presença dos seguintes convidados: Diretor de Gestão da Secretaria de Vigilância em Saúde do Ministério da Saúde; Sr. Nelson Antônio Paim - Presidente do Sindicato Nacional das Empresas de Aviação Agrícola; Sr. José Cordeiro de Araújo - Consultor de Política Agrícola.";2016-03-02;Sim;Não;
RONALDO_CAIADO;120289;3037421;PEC 34/2015;PEC;34;2015;"Altera o Título VIII, Capítulo II, Seção II, - ""Da Saúde"" -, da Constituição da República Federativa do Brasil de 1988, a fim de acrescentar o art. 198-A à Constituição Federal para instituir, no âmbito da administração pública federal, a carreira de Médico de Estado.";2015-03-24;Sim;Sim;
RONALDO_CAIADO;124548;3180906;RQS 1439/2015;RQS;1439;2015;Requer, nos termos regimentais, que a votação de destaque da Emenda nº 12 ao PLC 186/2015 (RQS 1438/2015) seja feita pelo processo nominal.;2015-12-15;Sim;Não;
RONALDO_CAIADO;124195;3182839;RQS 1335/2015;RQS;1335;2015;Requer, nos termos do art. 294 do RISF, que a votação do RQS de preferência do PLV 23/2015 da comissão sobre o PLV da Câmara dos Deputados seja feita pelo processo nominal.;2015-11-24;Sim;Não;
RONALDO_CAIADO;129063;5277473;RQS 300/2017;RQS;300;2017;Requer, nos termos do artigo 218, do RISF, a inserção em ata de VOTO DE PESAR pelo falecimento do cantor e compositor cearense Antônio Carlos Gomes Belchior Fontenelle Fernandes, também conhecido por Belchior, falecido aos setenta anos, no dia 30 de abril de 2017, em Santa Cruz do Sul - RS, e a apresentação de condolências a seus familiares.;2017-05-02;Não;;
RONALDO_CAIADO;127222;565984;PLS 376/2016;PLS;376;2016;Acrescenta inciso ao art. 20 da Leiº 8.039, de 1990, para “possibilitar a movimentação da conta vinculada do trabalhador no FGTS para pagamento ou ressarcimento de despesas com pagamento de plano privado de assistência à saúde.”;2016-10-19;Sim;Não;
RONALDO_CAIADO;127226;565936;PLS 380/2016;PLS;380;2016;Altera o Decreto-Lei n.º 5.452, de 1º de maio de 1943, que aprova a Consolidação das Leis do Trabalho, e a Lei nº 11.347, de 27 de setembro de 2006, que dispõe sobre a distribuição gratuita de medicamentos e materiais necessários à sua aplicação e à monitoração da glicemia capilar aos portadores de diabetes inscritos em programas de educação para diabéticos, para ampliar o acesso a exames de rastreamento do diabetes mellitus.;2016-10-19;Sim;Não;
RONALDO_CAIADO;130672;7156908;PEC 29/2017;PEC;29;2017;Altera o art. 159 da Constituição Federal para disciplinar a distribuição de recursos pela União ao Fundo de Participação dos Municípios (FPM).;2017-08-31;Não;;
RONALDO_CAIADO;125429;1395073;PEC 14/2016;PEC;14;2016;Cria as polícias penitenciárias federal, estaduais e distrital.;2016-04-05;Não;;
