idProposicao;idDeputadoAutor;nomeAutor;siglaPartidoAutor;siglaUFAutor;ordemAssinatura;proponente;ano_x;candidato;siglaTipo;numero;ano_y;descricaoTipo;ementa;ementaDetalhada;keywords;dataApresentacao;urlInteiroTeor;ultimoStatus_dataHora;ultimoStatus_descricaoTramitacao;ultimoStatus_descricaoSituacao;ultimoStatus_apreciacao;ultimoStatus_url;tema_principal;temas;situacao;tramitacao;aprovado
25635;74813.0;Ronaldo Caiado;PFL;GO;1;1;1993;RONALDO CAIADO;PL;4171;1993;Projeto de Lei;Dispõe sobre a vacinação dos rebanhos bovino , ovino e bubalino contra a febre aftosa , e dá outras providências;BLOCO 01.;"OBRIGATORIEDADE, VACINAÇÃO, FEBRE AFTOSA, REBANHO, GADO, BOVINO, OVINO, BUFALO, TERRITORIO NACIONAL, PREVISÃO, MINISTÉRIO DA AGRICULTURA, DO ABASTECIMENTO E DA REFORMA AGRÁRIA (1992-1998), FORNECIMENTO, VACINA, CONVENIO, SECRETARIA DE AGRICULTURA, ESTADO, MUNICIPIO,
DISTRITO FEDERAL, FEDERAÇÃO, PRODUTOR RURAL, DISTRIBUIÇÃO, PREÇO,
PRODUTOR, GRATUIDADE, PEQUENO PRODUTOR RURAL, DESCONTO,
MEDIO PRODUTOR RURAL, EXIGENCIA, CADASTRAMENTO, MINISTERIO, CLASSIFICAÇÃO, BANCO CENTRAL DO BRASIL.";1993-09-15T00:00:00;https://www.camara.leg.br/proposicoesWeb/prop_mostrarintegra?codteor=74895;1996-10-09T00:00:00;Declaração de Prejudicialidade;Arquivada;Indefinida;;Agricultura, Pecuária, Pesca e Extrativismo;Agricultura, Pecuária, Pesca e Extrativismo;Arquivada;Declaração de Prejudicialidade;False
41111;74813.0;RONALDO RAMOS CAIADO;PFL;GO;1;1;1999;RONALDO CAIADO;PL;356;1999;Projeto de Lei;Projeto de lei que dispõe sobre a indisponibilidade dos bens de vítimas de seqüestro e seus familiares, a criminalização de campanhas para arrecadação de dinheiro para pagamento de resgate e dá outras providências.;;Competência, justiça, determinação, indisponibilidade, bens, patrimônio, família, parente, vítima, seqüestro, autoridade policial, notificação, juiz, solução, levantamento, bens móveis, bens imóveis, ativo financeiro, fixação, valor, necessidade, extorsão, caracterização, crime organizdo, divulgação, campanha, destinação, recolhimento, dinheiro, empréstimo, pagamento, resgate, pena de reclusão, multa, suspensão, funcionamento, pessoa jurídica.;1999-03-23T00:00:00;https://www.camara.leg.br/proposicoesWeb/prop_mostrarintegra?codteor=25246;1999-09-20T00:00:00;Não Informado;Arquivada;Indefinida;;Defesa e Segurança;Defesa e Segurança;Arquivada;Não Informado;False
97576;74813.0;Ronaldo Caiado;PFL;GO;1;1;2002;RONALDO CAIADO;PL;7339;2002;Projeto de Lei;Modifica dispositivos da Lei nº 8.629, de 25 de fevereiro de 1993, que dispõe sobre a Reforma Agrária.;;Alteração, Lei da Reforma Agrária, aviso, proprietário, representante, ingresso, imóvel rural, propriedade particular, publicação, edital, jornal, aumento, área, módulo fiscal, pequena propriedade, média propriedade, cálculo, eficiência, exploração, terras, agricultura, pecuária, proibição, desapropriação, propriedade rural, implantação, projeto, aprovação, órgão público, critérios, informações, fixação, índice, produtividade, região, aprovação, Congresso Nacional.;2002-11-13T17:16:43;https://www.camara.leg.br/proposicoesWeb/prop_mostrarintegra?codteor=103231;2015-08-26T00:00:00;Devolução à CCP;Arquivada;Indefinida;;Estrutura Fundiária;Estrutura Fundiária;Arquivada;Devolução à CCP;False
114931;74813.0;Ronaldo Caiado;PFL;GO;1;1;2002;RONALDO CAIADO;PLV;33;2002;Projeto de Lei de Conversão;"Altera as Leis nºs 10.464, de 24 de maio de 2002, 10.177, de 12 de janeiro de 2001, e 10.437, de 25 de abril de 2002; autoriza a concessão de crédito, com recursos dos Fundos Constitucionais de Financiamento do Norte, Nordeste e Centro-Oeste, para aquisição dos títulos do Tesouro Nacional necessários à contratação de operação na forma da Resolução nº 2.471, de 26 de fevereiro de 1968, do Conselho Monetário Nacional, relacionada com dívidas contraídas com recursos de outras fontes; dispõe sobre reconversão de atividades de mutuários com dívidas junto a bancos oficiais federais; e dá outras providências.";;;2002-12-18T10:31:00;https://www.camara.leg.br/proposicoesWeb/prop_mostrarintegra?codteor=227776;2003-03-28T00:00:00;Transformação em Norma Jurídica;Transformado em Norma Jurídica;Indefinida;;Economia;Economia;Transformado em Norma Jurídica;Transformação em Norma Jurídica;True
124931;74813.0;Ronaldo Caiado;PFL;GO;45;0;2003;RONALDO CAIADO;PEC;117;2003;Proposta de Emenda à Constituição;Acrescenta o inciso VI e o § 10º ao Art. 144 da Constituição Federal, criando as polícias da Câmara dos Deputados e do Senado Federal, e dá outras providências.;Altera a Constituição Federal de 1988.;Alteração, Constituição Federal, Segurança Pública, criação, Polícia, Câmara dos Deputados, Senado, competência, policiamento, Legislativo, direção, servidor, cargo de carreira.;2003-07-17T00:00:00;https://www.camara.leg.br/proposicoesWeb/prop_mostrarintegra?codteor=148835;2015-03-19T09:46:00;Desarquivamento a Pedido;Arquivada;Proposição Sujeita à Apreciação do Plenário;https://www.camara.leg.br/proposicoesWeb/prop_mostrarintegra?codteor=1310903;Administração Pública;Administração Pública;Arquivada;Desarquivamento a Pedido;False
124969;74813.0;Ronaldo Caiado;PFL;GO;47;0;2003;RONALDO CAIADO;PEC;118;2003;Proposta de Emenda à Constituição;Acrescenta o § 8º ao art. 150, da Constituição Federal, estabelecendo limites para as alíquotas do imposto de renda incidentes sobre a remuneração dos trabalhadores, empregados ou autônomos.;Altera a Constituição Federal de 1988.;Constituição Federal (1988), Sistema Tributário Nacional, limitação, alíquota, Imposto sobre a Renda da Pessoa Física (IRPF), empregado, trabalhador autônomo, incidência, remuneração, tributação.;2003-07-21T00:00:00;https://www.camara.leg.br/proposicoesWeb/prop_mostrarintegra?codteor=148988;2015-03-19T09:46:00;Desarquivamento a Pedido;Arquivada;Proposição Sujeita à Apreciação do Plenário;https://www.camara.leg.br/proposicoesWeb/prop_mostrarintegra?codteor=1310903;Finanças Públicas e Orçamento;Finanças Públicas e Orçamento;Arquivada;Desarquivamento a Pedido;False
127344;74813.0;Ronaldo Caiado;PFL;GO;42;0;2003;RONALDO CAIADO;PEC;131;2003;Proposta de Emenda à Constituição;Inclui o Cerrado e a Caatinga nos biomas considerados patrimônio nacional, dando nova redação ao §4º do art. 225 da Constituição Federal.;;Inclusão, cerrado, caatinga, patrimônio da União.;2003-08-07T00:00:00;https://www.camara.leg.br/proposicoesWeb/prop_mostrarintegra?codteor=152940;2023-01-31T00:00:00;Despacho de Apensação;Tramitando em Conjunto;Proposição Sujeita à Apreciação do Plenário;;Meio Ambiente e Desenvolvimento Sustentável;Meio Ambiente e Desenvolvimento Sustentável;Tramitando em Conjunto;Despacho de Apensação;False
130462;74813.0;Ronaldo Caiado;PFL;GO;56;0;2003;RONALDO CAIADO;PEC;146;2003;Proposta de Emenda à Constituição;Acrescenta o parágrafo 5º ao art. 125 da Constituição Federal.;Dispõe sobre a formação do Conselho da Magistratura dos Tribunais de Justiça e a escolha de seus membros.;Tribunal de Justiça, Conselho de Magistratura, composição, presidente, vice-presidente, corregedor geral, juiz vitalício, representante, Ministério Público Estadual, Ordem dos Advogados do Brasil (OAB), Assembléia Legislativa, supervisão, Justiça Estadual.;2003-08-28T00:00:00;https://www.camara.leg.br/proposicoesWeb/prop_mostrarintegra?codteor=158483;2022-11-09T00:00:00;Arquivamento;Arquivada;Proposição Sujeita à Apreciação do Plenário;;Administração Pública;Administração Pública | Direito e Justiça;Arquivada;Arquivamento;False
131896;74813.0;Ronaldo Caiado;PFL;GO;38;0;2003;RONALDO CAIADO;PEC;157;2003;Proposta de Emenda à Constituição;Convoca Assembléia de Revisão Constitucional e dá outras providências.;Convoca Assembléia de Revisão Constitucioal em 1º de fevereiro de 2007.;Fixação, data, convocação, Assembléia Constituinte, Revisão, Reforma Constitucional, membros, Câmara dos Deputados, Senado, prazo máximo, extinção.;2003-09-04T00:00:00;https://www.camara.leg.br/proposicoesWeb/prop_mostrarintegra?codteor=160966;2023-01-31T00:00:00;Parecer do(a) Relator(a);Pronta para Pauta;Proposição Sujeita à Apreciação do Plenário;;Processo Legislativo e Atuação Parlamentar;Processo Legislativo e Atuação Parlamentar;Pronta para Pauta;Parecer do(a) Relator(a);False
132195;74813.0;Ronaldo Caiado;PFL;GO;49;0;2003;RONALDO CAIADO;PEC;158;2003;Proposta de Emenda à Constituição;Altera o art. 62 da Constituição Federal, para disciplinar sobre as Medidas Provisórias.;Altera a Constituição Federal de 1988.;Alteração, Constituição Federal, Disposições Constitucionais Transitórias, normas, utilização, edição, Medida Provisória, exclusividade, finanças públicas, criação, extinção, órgão público, Administração Pública, função pública, cargo público, aumento, prazo, validade, publicação, critérios, rejeição, ausência, deliberação, Congresso Nacional, proibição, reedição, disciplinamento, tramitação, Regimento Comum.;2003-09-09T00:00:00;https://www.camara.leg.br/proposicoesWeb/prop_mostrarintegra?codteor=161695;2015-03-19T09:46:00;Desarquivamento a Pedido;Arquivada;Proposição Sujeita à Apreciação do Plenário;https://www.camara.leg.br/proposicoesWeb/prop_mostrarintegra?codteor=1310903;Processo Legislativo e Atuação Parlamentar;Processo Legislativo e Atuação Parlamentar;Arquivada;Desarquivamento a Pedido;False
133686;74813.0;Ronaldo Caiado;PFL;GO;43;0;2003;RONALDO CAIADO;PEC;165;2003;Proposta de Emenda à Constituição;Acrescenta dispositivos aos arts. 4º, 14, 16, 49, 53, 57, 59 e 102 da Constituição Federal, visando instituir o voto direto para eleição de parlamentares latino-americanos.;Estabelece critérios para eleição de candidatos para mandato eletivo em organização supranacional, cujos parlamentares terão  competência para celebrar tratado e aprovar lei supranacional.;Constituição Federal (1988), critério, elegibilidade, voto, eleição, candidato, parlamentar, representante, participação, País, Brasil, Parlamento Latino-Americano, garantia, imunidade parlamentar, prerrogativa, competência, celebração, ato internacional, tratado, vigência, eficácia, legislação, norma jurídica.;2003-09-17T00:00:00;https://www.camara.leg.br/proposicoesWeb/prop_mostrarintegra?codteor=164440;2015-03-19T09:46:00;Desarquivamento a Pedido;Arquivada;Proposição Sujeita à Apreciação do Plenário;https://www.camara.leg.br/proposicoesWeb/prop_mostrarintegra?codteor=1310903;Política, Partidos e Eleições;Política, Partidos e Eleições | Relações Internacionais e Comércio Exterior;Arquivada;Desarquivamento a Pedido;False
134956;74813.0;Ronaldo Caiado;PFL;GO;148;0;2003;RONALDO CAIADO;PEC;172;2003;Proposta de Emenda à Constituição;Modifica a data da posse do Presidente da República, dos Governadores de Estado e Prefeitos Municipais.;Dispõe que a data de posse do Presidente da República, Governadores, e Prefeitos será no primeiro dia útil do mês de janeiro.;Fixação, data, posse, candidato eleito, eleições, Presidente da República, Governador Estadual, Distrito Federal, Prefeito Municipal.;2003-09-24T00:00:00;https://www.camara.leg.br/proposicoesWeb/prop_mostrarintegra?codteor=166720;2019-02-20T20:07:00;Desarquivamento a Pedido;Tramitando em Conjunto;Proposição Sujeita à Apreciação do Plenário;https://www.camara.leg.br/proposicoesWeb/prop_mostrarintegra?codteor=1711943;Administração Pública;Administração Pública | Política, Partidos e Eleições;Tramitando em Conjunto;Desarquivamento a Pedido;False
139624;74813.0;Ronaldo Caiado;PFL;GO;37;0;2003;RONALDO CAIADO;PEC;186;2003;Proposta de Emenda à Constituição;Suprime expressão e dá nova redação ao art. 149 da Constituição Federal.;"Extingue a competência privativa da União para fixar o valor da contribuição social devida aos Conselhos que fiscalizam as categorias profissionais; altera a Constituição Federal de 1988.";Constituição Federal(1988), Sistema Tribuário Nacional, exclusão, competência privativa, União, fixação, valor, contribuição social, anuidade, Conselho Federal, Conselho Regional, categoria profissional, Conselho de Fiscalização Profissional.;2003-10-28T00:00:00;https://www.camara.leg.br/proposicoesWeb/prop_mostrarintegra?codteor=175570;2012-01-27T00:00:00;Notificações;Arquivada;Proposição Sujeita à Apreciação do Plenário;https://www.camara.leg.br/proposicoesWeb/prop_mostrarintegra?codteor=1014625;Trabalho e Emprego;Trabalho e Emprego;Arquivada;Notificações;False
139625;74813.0;Ronaldo Caiado;PFL;GO;42;0;2003;RONALDO CAIADO;PEC;187;2003;Proposta de Emenda à Constituição;"Concede legitimidade ativa ""ad causam"" aos Conselhos Federais de Fiscalização do Exercício Profissional para interpor Ação Direta de Inconstitucionalidade.";Altera o art. 103, inciso VII, da Constituição Federal de 1988.;Alteração, Constituição Federal, Judiciário, concessão, legitimidade ativa, Conselho Federal, Conselho de Fiscalização Profissional, interposição, Ação Direta de Inconstitucionalidade.;2003-10-28T00:00:00;https://www.camara.leg.br/proposicoesWeb/prop_mostrarintegra?codteor=175571;2012-05-18T00:00:00;Notificações;Arquivada;Proposição Sujeita à Apreciação do Plenário;https://www.camara.leg.br/proposicoesWeb/prop_mostrarintegra?codteor=1014627;Administração Pública;Administração Pública | Trabalho e Emprego;Arquivada;Notificações;False
139936;74813.0;Ronaldo Caiado;PFL;GO;44;0;2003;RONALDO CAIADO;PEC;188;2003;Proposta de Emenda à Constituição;Modifica o parágrafo 4º do art. 225 da Constituição Federa, incluindo o Cerrado na lista dos biomas considerados patrimônio nacional.;;Inclusão, Cerrado, Patrimônio da União.;2003-10-29T00:00:00;https://www.camara.leg.br/proposicoesWeb/prop_mostrarintegra?codteor=176062;2023-01-31T00:00:00;Despacho de Apensação;Tramitando em Conjunto;Proposição Sujeita à Apreciação do Plenário;;Meio Ambiente e Desenvolvimento Sustentável;Meio Ambiente e Desenvolvimento Sustentável;Tramitando em Conjunto;Despacho de Apensação;False
140785;74813.0;Ronaldo Caiado;PFL;GO;161;0;2003;RONALDO CAIADO;PEC;190;2003;Proposta de Emenda à Constituição;Modifica o art. 212 da Constituição Federal e acrescenta novo artigo ao Ato das Disposições Constitucionais Transitórias.;"Aumenta para 25% (vinte e cinco por cento) a participação financeira da União em Educação; estabelece o caráter permanente do FUNDEF; cria Fundos para o ensino infantil e médio; altera a Constituição Federal de 1988.";Constituição Federal (1988), Educação, aumento, percentual,  União,  aplicação, recursos, ensino público, , caráter permanente, Fundo de Manutenção e Desenvolvimento do Ensino Fundamental e de Valorização do Magistério (Fundef), criação, Fundos, educação infantil, ensino médio, recursos, receita tributária, Imposto sobre Operações relativas à Circulação de Mercadorias e sobre Prestações de Serviços de Transporte Interestadual e Intermunicipal e de Comunicação (ICMS), Imposto sobre Produtos Industrializados (IPI), Fundo de Participação dos Municípios (FPM), Fundo de Participação dos Estados e do Distrito Federal (FPE), critérios, rateio, complementação, recursos públicos, repasse, Estado (ente federado), Município, tributação.;2003-11-05T00:00:00;https://www.camara.leg.br/proposicoesWeb/prop_mostrarintegra?codteor=177720;2007-04-24T00:00:00;Desarquivamento;Arquivada;Proposição Sujeita à Apreciação do Plenário;https://www.camara.leg.br/proposicoesWeb/prop_mostrarintegra?codteor=541743;Administração Pública;Administração Pública | Educação | Finanças Públicas e Orçamento;Arquivada;Desarquivamento;False
140876;74813.0;Ronaldo Caiado;PFL;GO;41;0;2003;RONALDO CAIADO;PEC;191;2003;Proposta de Emenda à Constituição;Dá nova redação ao art. 142 e acrescenta o inciso I e o §1º ao art. 144 da Constituição Federal.;"Estabelece a competência das Forças Armadas para garantir a Segurança Pública; altera a Constituição Federal de 1988.";Alteração, Constituição Federal, competência, Forças Armadas, manutenção, Segurança Pública, coordenação, órgãos, segurança, recursos humanos, tecnologia.;2003-11-05T00:00:00;https://www.camara.leg.br/proposicoesWeb/prop_mostrarintegra?codteor=177822;2008-02-28T00:00:00;Notificações;Arquivada;Proposição Sujeita à Apreciação do Plenário;https://www.camara.leg.br/proposicoesWeb/prop_mostrarintegra?codteor=540622;Defesa e Segurança;Defesa e Segurança;Arquivada;Notificações;False
141035;74813.0;Ronaldo Caiado;PFL;GO;52;0;2003;RONALDO CAIADO;PEC;192;2003;Proposta de Emenda à Constituição;Estende ao Estado de Roraima incentivos fiscais concedidos à Zona Franca de Manaus.;Altera a Constituição Federal de 1988.;Alteração, Constituição Federal, extensão, incentivo fiscal, Zona Franca de Manaus, Estado, (RR).;2003-11-05T00:00:00;https://www.camara.leg.br/proposicoesWeb/prop_mostrarintegra?codteor=178059;2015-03-19T09:46:00;Desarquivamento a Pedido;Arquivada;Proposição Sujeita à Apreciação do Plenário;https://www.camara.leg.br/proposicoesWeb/prop_mostrarintegra?codteor=1310903;Economia;Economia;Arquivada;Desarquivamento a Pedido;False
143578;74813.0;Ronaldo Caiado;PFL;GO;182;0;2003;RONALDO CAIADO;PDC;1002;2003;Projeto de Decreto Legislativo de Referendo ou Plebiscito;"Convoca Plebiscito para consulta popular da redução ou não da maioridade.
.";;Convocação, população, plebiscito, consulta, redução, maioridade, responsabilidade penal, organização, Tribunal Superior Eleitoral (TSE), Tribunal Regional Eleitoral (TRE).;2003-11-19T00:00:00;https://www.camara.leg.br/proposicoesWeb/prop_mostrarintegra?codteor=1279647;2026-02-10T11:00:00;Saída de Relator(a) da Comissão - Com Parecer Apresentado;Aguardando Designação de Relator(a);Proposição Sujeita à Apreciação do Plenário;;Direito Penal e Processual Penal;Direito Penal e Processual Penal | Política, Partidos e Eleições;Aguardando Designação de Relator(a);Saída de Relator(a) da Comissão - Com Parecer Apresentado;False
145216;74813.0;Ronaldo Caiado;PFL;GO;153;0;2003;RONALDO CAIADO;PDC;1028;2003;Projeto de Decreto Legislativo de Referendo ou Plebiscito;Dispõe sobre a realização de plebiscito acerca da alteração da maioridade penal para dezesseis anos.;;Convocação, população, plebiscito, consulta, eleitorado, alteração, redução, maioridade, responsabilidade penal, organização, Justiça Eleitoral, realização, simultaneidade, eleição municipal.;2003-11-25T00:00:00;https://www.camara.leg.br/proposicoesWeb/prop_mostrarintegra?codteor=184263;2024-06-05T00:00:00;Notificações;Tramitando em Conjunto;Proposição Sujeita à Apreciação do Plenário;;Administração Pública;Administração Pública | Política, Partidos e Eleições;Tramitando em Conjunto;Notificações;False
150002;74813.0;Ronaldo Caiado;PFL;GO;53;0;2003;RONALDO CAIADO;PEC;223;2003;Proposta de Emenda à Constituição;Acrescenta inciso II e parágrafo único ao art. 49 da Constituição Federal.;Inclui como competência exclusiva do Congresso Nacional a autorização para operações financeiras garantidas pela União.;Competência privativa, Congresso Nacional, autorização, empréstimo externo, operação financeira, Estados, Distrito Federal, Municípios, administração indireta, empresa estatal, garantia, pagamento, dívida, União Federal, exigência, aprovação, Decreto Legislativo, proibição, concessão, antecipação, aprovação, ato internacional, acordo internacional, contrato, competência, exercício financeiro seguinte, revogação, competência, Senado.;2003-12-18T00:00:00;https://www.camara.leg.br/proposicoesWeb/prop_mostrarintegra?codteor=191590;2019-02-20T20:15:00;Desarquivamento a Pedido;Aguardando Criação de Comissão Temporária;Proposição Sujeita à Apreciação do Plenário;https://www.camara.leg.br/proposicoesWeb/prop_mostrarintegra?codteor=1711978;Economia;Economia;Aguardando Criação de Comissão Temporária;Desarquivamento a Pedido;False
150037;74813.0;Ronaldo Caiado;PFL;GO;59;0;2003;RONALDO CAIADO;PEC;224;2003;Proposta de Emenda à Constituição;Acrescenta, no Ato das Disposições Constitucionais Transitórias, artigo que incorpora à União os Agentes Comunitários de Saúde que exercem essa função desde antes de 10 de julho de 2002, e dá outras providências.;Altera a Constituição Federal de 1988.;Alteração, Constituição Federal, Disposições Constitucionais Transitórias, incorporação, organização administrativa, União Federal, equiparação, servidor público civil, trabalhador, Agente Comunitário de Saúde, prazo determinado, atividade profissional, exigência, aprovação, concurso público.;2003-12-18T00:00:00;https://www.camara.leg.br/proposicoesWeb/prop_mostrarintegra?codteor=191651;2015-03-19T09:46:00;Desarquivamento a Pedido;Arquivada;Proposição Sujeita à Apreciação do Plenário;https://www.camara.leg.br/proposicoesWeb/prop_mostrarintegra?codteor=1310903;Administração Pública;Administração Pública | Saúde;Arquivada;Desarquivamento a Pedido;False
156072;74813.0;Ronaldo Caiado;PFL;GO;38;0;2004;RONALDO CAIADO;PEC;249;2004;Proposta de Emenda à Constituição;"Dá nova redação ao § 5º do art. 14, ao ""caput"" do art. 28, ao inciso II do art. 29 e ao ""caput"" do art. 77 da Constituição Federal.";"Proibe a reeleição para o período subseqüente do Presidente da República, Governadores e Prefeitos; substitui a expressão ""do ano anterior ao do término do mandato"" para ""do último ano de mandato"", em relação a realização das eleições em todas as esferas de Governo.";Direitos Políticos, proibição, reeleição, Presidente da República, Governador, Prefeito, realização, eleições, último período, ano, mandato eletivo, antecessor.;2004-03-11T00:00:00;https://www.camara.leg.br/proposicoesWeb/prop_mostrarintegra?codteor=202086;2015-06-17T00:00:00;Declaração de Prejudicialidade;Arquivada;Proposição Sujeita à Apreciação do Plenário;;Política, Partidos e Eleições;Política, Partidos e Eleições;Arquivada;Declaração de Prejudicialidade;False
182438;139289.0;LUIZ INACIO LULA DA SILVA;PT;SP;1;1;1988;LUIZ INÁCIO LULA DA SILVA;PL;788;1988;Projeto de Lei;DISPÕE SOBRE A TRANSFERENCIA DE IMOVEIS FINANCIADOS PELO SISTEMA FINANCEIRO DA HABITAÇÃO, E DA OUTRAS PROVIDENCIAS.;DEVENDO O NOVO ADQUIRENTE ASSUMIR, NAS MESMAS CONDIÇÕES DO CONTRATO ORIGINARIO, O DEBITO NA SITUAÇÃO EM QUE SE ENCONTRAR A EPOCA DA TRANSFERENCIA).;NORMAS, TRANSFERENCIA, IMOVEL, MUTUARIO, (SFH), MANUTENÇÃO, DEBITOS, SALDO DEVEDOR. TRANSFERENCIA, DEBITOS, PRESTAÇÕES VENCIDAS, MUTUARIO, (SFH), CONCLUSÃO, PRAZO, FINANCIAMENTO, HIPOTESE, DOENÇA, DESEMPREGO. APLICAÇÃO, CODIGO DE PROCESSO CIVIL, PROCESSO, COBRANÇA, CREDITO HIPOTECARIO, VINCULAÇÃO, (SFH).;1988-06-28T00:00:00;;1989-04-05T00:00:00;Não Informado;Arquivada;Indefinida;;Sem classificação temática;Sem classificação temática;Arquivada;Não Informado;False
186976;74813.0;RONALDO CAIADO;PSD;GO;1;1;1991;RONALDO CAIADO;PL;1077;1991;Projeto de Lei;INSTITUI ISENÇÃO DO IPI PARA MATERIAIS BASICOS EMPREGADOS NA CONSTRUÇÃO DE CASAS POPULARES, ESCOLAS, SILOS E ARMAZENS DE PRODUTOS AGRICOLAS.;;ISENÇÃO, IMPOSTO SOBRE PRODUTOS INDUSTRIALIZADOS (IPI), MATERIAL, CONSTRUÇÃO CIVIL, HABITAÇÃO POPULAR, ESTABELECIMENTO DE ENSINO, SILO, ARMAZEM, PRODUTO AGRICOLA, BENEFÍCIO FISCAL, TRIBUTAÇÃO.;1991-06-26T00:00:00;;1995-03-09T00:00:00;Não Informado;Arquivada;Indefinida;;Agricultura, Pecuária, Pesca e Extrativismo;Agricultura, Pecuária, Pesca e Extrativismo | Finanças Públicas e Orçamento;Arquivada;Não Informado;False
188147;74813.0;RONALDO CAIADO;;;1;1;1991;RONALDO CAIADO;PL;1151;1991;Projeto de Lei;DISPÕE SOBRE A CRIAÇÃO DE ESCOLA TECNICA FEDERAL EM ANAPOLIS, ESTADO DE GOIAS.;;AUTORIZAÇÃO, EXECUTIVO, CRIAÇÃO, ESCOLA AGROTECNICA FEDERAL, ESTABELECIMENTO DE ENSINO, MUNICIPIO, ANAPOLIS, (GO), ENSINO AGRICOLA, ENSINO DE SEGUNDO GRAU, NIVEL MEDIO.;1991-06-24T00:00:00;;1991-11-21T00:00:00;Não Informado;Arquivada;Indefinida;;Sem classificação temática;Sem classificação temática;Arquivada;Não Informado;False
190092;74813.0;RONALDO CAIADO;;;1;1;1991;RONALDO CAIADO;PL;1283;1991;Projeto de Lei;DISPÕE SOBRE A CRIAÇÃO DA ESCOLA TECNICA FEDERAL DE QUIRINOPOLIS, NO ESTADO DE GOIAS.;;AUTORIZAÇÃO, EXECUTIVO, CRIAÇÃO, ESCOLA TECNICA FEDERAL, ESCOLA AGROTECNICA, ESTABELECIMENTO DE ENSINO, MUNICIPIO, QUIRINOPOLIS, (GO), ENSINO AGRICOLA, TECNICO AGRICOLA, ENSINO DE SEGUNDO GRAU, NIVEL MEDIO.;1991-08-02T00:00:00;;1991-11-21T00:00:00;Não Informado;Arquivada;Indefinida;;Sem classificação temática;Sem classificação temática;Arquivada;Não Informado;False
190106;74813.0;RONALDO CAIADO;;;1;1;1991;RONALDO CAIADO;PL;1284;1991;Projeto de Lei;DISPÕE SOBRE A CRIAÇÃO DA ESCOLA TECNICA FEDERAL DE LUZIANIA, ESTADO DE GOIAS.;;AUTORIZAÇÃO, EXECUTIVO, CRIAÇÃO, ESCOLA TECNICA FEDERAL, ESTABELECIMENTO DE ENSINO, MUNICIPIO, LUZIANIA, (GO), ENSINO DE SEGUNDO GRAU, NIVEL MEDIO.;1991-08-02T00:00:00;;1991-11-21T00:00:00;Não Informado;Arquivada;Indefinida;;Sem classificação temática;Sem classificação temática;Arquivada;Não Informado;False
190120;74813.0;RONALDO CAIADO;;;1;1;1991;RONALDO CAIADO;PL;1285;1991;Projeto de Lei;EQUIPARA O PEÃO DE RODEIO AO ARTISTA PROFISSIONAL E DA OUTRAS PROVIDENCIAS.;;REGULAMENTAÇÃO, PROFISSÃO, ATIVIDADE PROFISSIONAL, EXERCICIO PROFISSIONAL, EMPREGADO, RODEIO, CAVALO, EQUINO, BOVINO, VAQUEIRO, OBRIGATORIEDADE, SEGURO DE VIDA, GRUPO, PARTICIPANTE, ESPETACULO, COBERTURA, INVALIDEZ, PERMANENCIA.;1991-08-02T00:00:00;;1995-02-02T00:00:00;Não Informado;Arquivada;Indefinida;;Sem classificação temática;Sem classificação temática;Arquivada;Não Informado;False
198452;74813.0;RONALDO CAIADO;;;1;1;1991;RONALDO CAIADO;PL;1986;1991;Projeto de Lei;DEFINE A 'MEDIA E PEQUENA' PROPRIEDADE RURAL, A FUNÇÃO SOCIAL DE PROPRIEDADE E O TRATAMENTO ESPECIAL A SER DADO A PROPRIEDADE PRODUTIVA, REGULAMENTANDO OS ARTIGOS 185 E 186 DA CONSTITUIÇÃO FEDERAL.;REGULAMENTANDO DISPOSITIVOS DA Constituição Federal de 1988).;REGULAMENTAÇÃO, DISPOSITIVOS, POLITICA FUNDIARIA, REFORMA AGRARIA, CONSTITUIÇÃO FEDERAL, DEFINIÇÃO, PEQUENA PROPRIEDADE, PROPRIEDADE RURAL, LIMITAÇÃO, AREA, CUMPRIMENTO, FUNÇÃO SOCIAL DA PROPRIEDADE, ATENDIMENTO, APROVEITAMENTO, UTILIZAÇÃO, RECURSOS NATURAIS, PRESERVAÇÃO, MEIO AMBIENTE, RELAÇÃO DE TRABALHO, BEM ESTAR SOCIAL, TRABALHADOR, PROPRIETARIO RURAL, PEQUENO PRODUTOR RURAL, MEDIO PRODUTOR RURAL. DEFINIÇÃO, PROPRIEDADE RURAL, PEQUENA PROPRIEDADE, APRESENTAÇÃO, PRODUTIVIDADE, CUMPRIMENTO, FUNÇÃO SOCIAL, IMOVEL RURAL, EXPLORAÇÃO, AREA, AGRICULTURA, ATIVIDADE AGRICOLA, PASTAGEM, FLORESTA, AGUA, BENFEITORIA, PRODUTO MINERAL, EXTRATIVISMO, PRODUTO VEGETAL, PRODUTO FLORESTAL, IMPLANTAÇÃO, PROJETO AGROPECUARIO, PROJETO, UTILIZAÇÃO, INCENTIVO FISCAL, FINANCIAMENTO AGRICOLA, COLONIZAÇÃO, REDUÇÃO, IMPOSTO TERRITORIAL RURAL, TRATAMENTO ESPECIAL, PROPRIEDADE, ATENDIMENTO, REQUISITOS. NORMAS, APLICAÇÃO, ESTATUTO DA TERRA.;1991-02-17T00:00:00;;1992-06-26T00:00:00;Não Informado;Arquivada;Indefinida;;Sem classificação temática;Sem classificação temática;Arquivada;Não Informado;False
202054;139289.0;LUIZ INACIO LULA DA SILVA;PT;SP;1;1;1989;LUIZ INÁCIO LULA DA SILVA;PL;2303;1989;Projeto de Lei;DISPÕE SOBRE A TRANSFERENCIA DE IMOVEIS FINANCIADOS PELO SISTEMA FINANCEIRO DA HABITAÇÃO, E DA OUTRAS PROVIDENCIAS.;GARANTINDO AO MUTUARIO O DIREITO DE TRANSFERIR A TERCEIROS O SEU CONTRATO DE FINANCIAMENTO, MANTENDO PARA O NOVO COMPRADOR AS MESMAS CONDIÇÕES DO CONTRATO ORIGINAL, DESDE QUE O MESMO NÃO EXCEDA O LIMITE DE 3500 OTN'S).;NORMAS, GARANTIA, MUTUARIO, (SFH), DIREITOS, TRANSFERENCIA, TERCEIROS, CONTRATO, FINANCIAMENTO, IMOVEL, MANUTENÇÃO, CRITERIOS, INICIO, CONTRATO IMOBILIARIO, VALOR, PRESTAÇÕES, SALDO DEVEDOR, ADQUIRENTE, ABRANGENCIA, LIMITE DE FINANCIAMENTO, INEXISTENCIA, EXCESSO, (OTN), EXIGENCIA, BENEFICIARIO, PREENCHIMENTO, REQUISITOS, CADASTRO, AGENTE FINANCEIRO, AQUISIÇÃO, CASA PROPRIA, SUB ROGAÇÃO. NORMAS, PROCESSO, COBRANÇA, CREDITO HIPOTECARIO, VINCULAÇÃO, (SFH), OBEDIENCIA, CODIGO DE PROCESSO CIVIL.;1989-05-24T00:00:00;;1991-03-08T00:00:00;Não Informado;Arquivada;Indefinida;;Sem classificação temática;Sem classificação temática;Arquivada;Não Informado;False
205247;139289.0;LUIZ INACIO LULA DA SILVA;PT;SP;1;1;1989;LUIZ INÁCIO LULA DA SILVA;PL;2627;1989;Projeto de Lei;DISPÕE SOBRE A RECUPERAÇÃO DAS PERDAS SALARIAIS DOS TRABALHADORES E DA OUTRAS PROVIDENCIAS.;;NORMAS, REAJUSTAMENTO, SALARIO, VENCIMENTOS, SOLDO, RECUPERAÇÃO, PERDA, POLITICA SALARIAL, PLANO CRUZADO, BASE DE CALCULO, PERCENTAGEM, VARIAÇÃO, INDICE DE PREÇOS AO CONSUMIDOR, DATA BASE, CATEGORIA PROFISSIONAL, TRABALHADOR, NEGOCIAÇÃO COLETIVA DE TRABALHO, EMPREGADO, EMPREGADOR.;1989-06-15T00:00:00;;1990-06-29T00:00:00;Não Informado;Arquivada;Indefinida;;Sem classificação temática;Sem classificação temática;Arquivada;Não Informado;False
210040;139289.0;LUIZ INACIO LULA DA SILVA;PT;SP;1;1;1989;LUIZ INÁCIO LULA DA SILVA;PL;3144;1989;Projeto de Lei;REGULAMENTA O FUNDO DE GARANTIA DO TEMPO DE SERVIÇO E DA OUTRAS PROVIDENCIAS.;EXIGINDO REPASSE AUTOMATICO DOS DEPOSITOS A CEF, CORRIGINDO MONETARIAMENTE DE ACORDO COM A CADERNETA DE POUPANÇA, CRIANDO CADASTRO UNICO, FIXANDO PRAZO PARA O TERMINO DAS CONTAS INATIVAS, FACILITANDO O SAQUE INCLUSIVE NA DEMISSÃO POR JUSTA CAUSA, ALTERANDO A COMPOSIÇÃO DO CONSELHO CURADOR, DESTINANDO PARTE DOS RECURSOS A HABITAÇÃO POPULAR, CRIANDO UM FUNDO AUXILIAR PARA SUBSIDIAR A AQUISIÇÃO DE CASA PROPRIA POR PARTE DO TRABALHADOR QUE GANHA ATE 05 SALARIOS MINIMOS E CABENDO AO IAPAS E AO SINDICATO DOS TRABALHADORES A FISCALIZAÇÃO DO SISTEMA.;REGULAMENTAÇÃO, FUNDO DE GARANTIA DO TEMPO DE SERVIÇO (FGTS), OBRIGATORIEDADE, EMPREGADOR, DEPOSITO, TRABALHADOR OPTANTE PELO FGTS, CONTA VINCULADA DO FGTS, BANCO OFICIAL, CAIXA ECONÔMICA FEDERAL (CEF), EXIGENCIA, TAXAS, JUROS, CORREÇÃO MONETARIA, EQUIPARAÇÃO, CADERNETA DE POUPANÇA, PRAZO, UNIFICAÇÃO, CADASTRO, PREVENÇÃO, FRAUDE, FACILITAÇÃO, SAQUE, RESCISSÃO, CONTRATO DE TRABALHO, JUSTA CAUSA, FALTA DE JUSTA CAUSA, DESPEDIDA INJUSTA, APLICAÇÃO FINANCEIRA, ATIVIDADE COMERCIAL, AQUISIÇÃO, CASA PROPRIA, EQUIPAMENTOS, PROFISSIONAL AUTONOMO, CASAMENTO, NASCIMENTO, ADOÇÃO, FILHO, TRATAMENTO MEDICO, DOENÇA, QUITAÇÃO, CASA PROPRIA, SISTEMA FINANCEIRO DE HABITAÇÃO (SFH), NECESSIDADE, COMPOSIÇÃO, CONSELHO CURADOR, PRESIDENTE, CAIXA ECONÔMICA FEDERAL (CEF), TRABALHADOR, REPRESENTANTE, CENTRAL SINDICAL, CONGRESSO NACIONAL, EMPREGADOR, EMPRESARIO, CONFEDERAÇÃO NACIONAL DA INDÚSTRIA (CNI), ASSOCIAÇÃO NACIONAL, MUTUARIO, COMPETENCIA, CONSELHO CURADOR, APROVAÇÃO, PROGRAMA, APLICAÇÃO FINANCEIRA, OBJETIVO, REDUÇÃO, DEFICIT, HABITAÇÃO, CONSTRUÇÃO, HABITAÇÃO POPULAR, CRIAÇÃO, FUNDO DE APOIO, ORGÃO AUXILIAR, AUXILIO FINANCEIRO, OBJTIVO, SUBSIDIOS, APLICAÇÃO, ATENDIMENTO, TRABALHADOR, BAIXA RENDA. COMPETENCIA, INSTITUTO DE ADMINISTRAÇÃO FINANCEIRA DA PREVIDÊNCIA E ASSITÊNCIA SOCIAL (IAPAS)(1977-1990), SINDICATO, FISCALIZAÇÃO, RECOLHIMENTO, FUNDO DE GARANTIA DO TEMPO DE SERVIÇO (FGTS), EMPRESA.;1989-08-04T00:00:00;;1989-10-26T00:00:00;Não Informado;Arquivada;Indefinida;;Trabalho e Emprego;Trabalho e Emprego;Arquivada;Não Informado;False
213469;139289.0;LUIZ INACIO LULA DA SILVA;PT;SP;1;1;1989;LUIZ INÁCIO LULA DA SILVA;PL;3519;1989;Projeto de Lei;DISPÕE SOBRE A CORREÇÃO MONETARIA DOS BENEFICIOS DA PREVIDENCIA E DA OUTRAS PROVIDENCIAS.;ASSEGURANDO O CUMPRIMENTO DO DISPOSTO NO PARAGRAFO TERCEIRO DO ARTIGO 201 DA Constituição Federal de 1988).;NORMAS, CUMPRIMENTO, DISPOSITIVOS, PREVIDENCIA SOCIAL, CONSTITUIÇÃO FEDERAL, CORREÇÃO MONETARIA, BENEFICIO PREVIDENCIARIO, INCIDENCIA, INDICE DA ATUALIZAÇÃO MONETARIA, SALARIO DE CONTRIBUIÇÃO, BASE DE CALCULO, SALARIO BENEFICIO, AUXILIO DOENÇA, APOSENTADORIA POR INVALIDEZ, PENSÃO PREVIDENCIARIA, AUXILIO RECLUSÃO, SEGURADO, INDICAÇÃO, FONTE CUSTEIO. APLICAÇÃO, NORMAS, CONCESSÃO, PENSÃO PREVIDENCIARIA, MARIDO, COMPANHEIRO, IGUALDADE, MULHER, COMPANHEIRA. FIXAÇÃO, VALOR, DECIMO TERCEIRO SALARIO, BENEFICIARIO, EQUIPARAÇÃO, RENDA, DEZEMBRO. PRAZO, PREVIDENCIA SOCIAL, REVISÃO, BENEFICIO PREVIDENCIARIO, PROVENTOS, APOSENTADORIA, PENSÕES, INDICE, CORREÇÃO MONETARIA. OBRIGATORIEDADE, MINISTÉRIO DA PREVIDÊNCIA E ASSISTÊNCIA SOCIAL (1974-1990), PUBLICAÇÃO, DIÁRIO OFICIAL, INDICE, CORREÇÃO MONETARIA, SALARIO DE CONTRIBUIÇÃO, REAJUSTAMENTO, BENEFICIO PREVIDENCIARIO. COMPETENCIA, TRIBUNAL DE CONTAS DA UNIÃO (TCU), AUDITORIA, APURAÇÃO, DIVIDA, UNIÃO FEDERAL, PREVIDENCIA SOCIAL. RESPONSABILIDADE, MINISTRO DE ESTADO, (MPAS), CONTROLE, PRAZO, CONCESSÃO, BENEFICIO PREVIDENCIARIO, INCLUSÃO, JUROS, CORREÇÃO MONETARIA, ATRASO, PAGAMENTO.;1989-08-28T00:00:00;;1990-06-20T00:00:00;Não Informado;Arquivada;Indefinida;;Administração Pública;Administração Pública | Previdência e Assistência Social;Arquivada;Não Informado;False
215151;139289.0;LUIZ INACIO LULA DA SILVA;PT;SP;1;1;1989;LUIZ INÁCIO LULA DA SILVA;PL;3700;1989;Projeto de Lei;DISPÕE SOBRE OS PLANOS DE BENEFICIOS E CUSTEIO DA PREVIDENCIA SOCIAL E DA OUTRAS PROVIDENCIAS.;REGULAMENTANDO O DISPOSTO NOS ARTIGOS 201 E 202 DA CONSTITUIÇÃO FEDERAL DE 1988.;"REGULAMENTAÇÃO, CONSTITUIÇÃO FEDERAL, ORGANIZAÇÃO, PLANO DE BENEFICIOS, CUSTEIO, PREVIDENCIA SOCIAL, SAUDE, ASSISTENCIA SOCIAL, PARTICIPAÇÃO, TRABALHADOR, APOSENTADO, GESTÃO, ORGÃOS, SEGURIDADE SOCIAL, COBERTURA, DOENÇA, INVALIDEZ, TEMPO DE SERVIÇO, ACIDENTE DO TRABALHO, DESEMPREGO, MANUTENÇÃO, DEPENDENTE, SEGURADO, BAIXA RENDA, PROTEÇÃO, MATERNIDADE, AUXILIO, PRISÃO, MORTE, PENSÕES, ADMINISTRAÇÃO, SISTEMA NACIONAL DE PREVIDÊNCIA E ASSISTÊNCIA SOCIAL (SINPAS).  
_DEFINIÇÃO, BENEFICIARIO, SEGURADO OBRIGATORIO, EMPREGADO, EMPREGADO RURAL, TRABALHADOR TEMPORARIO, ATIVIDADE SAZONAL, BRASILEIROS, ESTRANGEIRO, CONTRATAÇÃO, EMPRESA NACIONAL, EXTERIOR, PRESTAÇÃO DE SERVIÇO, MISSÃO DIPLOMATICA PERMANENTE, REPARTIÇÃO CONSULAR, GOVERNO ESTRANGEIRO, ORGANISMO INTERNACIONAL, EMBAIXADA DO BRASIL, EMBAIXADA ESTRANGEIRA, BOLSISTA, ESTAGIARIO, EMPREGADO DOMESTICO, EMPREGADOR, TITULAR, EMPRESA INDIVIDUAL, DIRETOR, SOCIO, TRABALHADOR AUTONOMO, SACERDOTE, GRUPO RELIGIOSO, MEMBROS, INSTITUIÇÃO RELIGIOSA, TRABALHADOR AVULSO, ESTIVADOR, CONFERENTE DE CARGA, PRODUTOR RURAL, PARCEIRO, MEEIRO, ARRENDATARIO RURAL, GARIMPEIRO, PESCADOR ARTESANAL, AGRICULTOR, GARIMPEIRO, CONJUGE, COMPANHEIRA, COMPANHEIRO, FILHO, MAIOR, IDADE, SEGURADO FACULTATIVO.  
_DEFINIÇÃO, DEPENDENTE, SEGURADO, CONJUGE, COMPANHEIRO, COMPANHEIRA, FILHO MENOR, FILHO INVALIDO, DESIGNAÇÃO, PESSOAS, PAIS, IRMÃO, ENTEADO, MENOR, GUARDA, TUTELA, DEPENDENCIA ECONOMICA. _DEFINIÇÃO, BENEFICIO PREVIDENCIARIO, APOSENTADORIA POR INVALIDEZ, APOSENTADORIA POR VELHICE, APOSENTADORIA POR TEMPO DE SERVIÇO, ABONO DE PERMANENCIA EM SERVIÇO, APOSENTADORIA ESPECIAL, AUXILIO DOENÇA, AUXILIO NATALIDADE, SALARIO FAMILIA, SALARIO MATERNIDADE, DEPENDENTE, PENSÃO PREVIDENCIARIA, AUXILIO RECLUSÃO, AUXILIO FUNERAL, PECULIO, SERVIÇO SOCIAL, REABILITAÇÃO PROFISSIONAL, SEGURO DE ACIDENTE, ACIDENTE DO TRABALHO, DOENÇA PROFISSIONAL, RENDA VITALICIA, RENDA MENSAL, PESSOA PORTADORA DE DEFICIENCIA, IDOSO.  _FIXAÇÃO, PERIODO, CARENCIA, CONCESSÃO, BENEFICIO PREVIDENCIARIO, CALCULO, VALOR, BENEFICIO, SALARIO BENEFICIO, APLICAÇÃO, INDICE, REAJUSTAMENTO, POLITICA SALARIAL, PRAZO, PRESCRIÇÃO, PERICIA. NORMAS, AÇÃO CIVIL PUBLICA, PROTEÇÃO, MEIO AMBIENTE, TRABALHO, INTERESSE, TRABALHADOR, MINISTERIO PUBLICO, SINDICATO, ASSOCIAÇÃO DE CLASSE.  
_DEFINIÇÃO, TRATAMENTO ESPECIAL, CONCESSÃO, BENEFICIO PREVIDENCIARIO, SEGURADO, AERONAUTA, JORNALISTA PROFISSIONAL, EX-COMBATENTE.  
_NORMAS, CONTAGEM RECIPROCA, TEMPO DE SERVIÇO, ADMINISTRAÇÃO PUBLICA, ATIVIDADE PRIVADA, ATIVIDADE RURAL, PREVIDENCIA SOCIAL URBANA, PREVIDENCIA SOCIAL RURAL, PREVIDENCIA PRIVADA, COMPENSAÇÃO FINANCEIRA. 
_PROIBIÇÃO, CRIAÇÃO, AUMENTO, VALOR, BENEFICIO PREVIDENCIARIO, INEXISTENCIA, INDICAÇÃO, CUSTEIO, ORÇAMENTO, SEGURIDADE SOCIAL. _PROIBIÇÃO, PENHORA, ARRESTO, SEQUESTRO, BENEFICIO PREVIDENCIARIO, RESSALVA, SENTENÇA JUDICIAL, PRESTAÇÃO DE ALIMENTOS. NORMAS, PAGAMENTO, BENEFICIO PREVIDENCIARIO, SEGURADO, DEFICIENTE MENTAL, EXCEPCIONAL, CONJUGE, PAI, MÃE, TUTOR, CURADOR.  
_NORMAS, DEPOSITO, CONTA CORRENTE, BANCOS, VALOR, BENEFICIO PREVIDENCIARIO, BENEFICIARIO, IDENTIFICAÇÃO. PROIBIÇÃO, RECUSA, RECEBIMENTO, REQUERIMENTO, BENEFICIO PREVIDENCIARIO, FALTA, DOCUMENTO.  
_AUTORIZAÇÃO, CONVENIO, SINDICATO, PREVIDENCIA SOCIAL, REPRESENTAÇÃO, SEGURADO, DEFINIÇÃO, FONTE, CUSTEIO, SEGURIDADE SOCIAL, FINANCIAMENTO, PREVIDENCIA SOCIAL, RECURSOS FINANCEIROS, UNIÃO, ESTADO (ENTE FEDERADO), DISTRITO FEDERAL, MUNICIPIO, CONTRIBUIÇÃO SOCIAL, CONTRIBUIÇÃO PREVIDENCIARIA, EMPREGADOR, TRABALHADOR, FATURAMENTO, LUCRO, EMPRESA, TRABALHADOR AUTONOMO, SEGURADO FACULTATIVO, SALARIO DE CONTRIBUIÇÃO, FOLHA DE PAGAMENTO, DECIMO TERCEIRO SALARIO, RESGATE, DIVIDA, DEBITO PREVIDENCIARIO, RECEITA, CONCURSO DE PROGNOSTICO, LOTERIA, MULTA, CORREÇÃO MONETARIA, JUROS DE MORA, REMUNERAÇÃO, PRESTAÇÃO DE SERVIÇO, ARRECADAÇÃO, FISCALIZAÇÃO, COBRANÇA, TERCEIROS, FORNECIMENTO, ARRENDAMENTO, BENS, PATRIMONIO, DOAÇÃO, SUBVENÇÃO, PERCENTUAL, PREÇO, REFINARIA, GASOLINA, COMBUSTIVEL.  
_DEFINIÇÃO, SALARIO DE CONTRIBUIÇÃO, EXCLUSÃO, SALARIO FAMILIA, AJUDA DE CUSTO, ADICIONAIS, AERONAUTA, PARCELA, PRODUTO IN NATURA, ABONO, FERIAS, INDENIZAÇÃO, AVISO PREVIO, TEMPO DE SERVIÇO, VALE TRANSPORTE, AUXILIO FINANCEIRO, TRANSFERENCIA, LOCAL, TRABALHO, DIARIAS, VIAGEM, PARTICIPAÇÃO NOS LUCROS, BASE DE CALCULO, SALARIO BASE.  
_DEFINIÇÃO, INFRAÇÃO, LEGISLAÇÃO PREVIDENCIARIA, CRIME, SONEGAÇÃO FISCAL, APROPRIAÇÃO INDEBITA, FALSIDADE IDEOLOGICA, ESTELIONATO, CIRCUNSTANCIA AGRAVANTE, INFRATOR, FUNCIONARIO PUBLICO.  
_NORMAS, ARRECADAÇÃO, RECOLHIMENTO, CONTRIBUIÇÃO PREVIDENCIARIA, SEGURIDADE SOCIAL. EXIGENCIA, COMPROVAÇÃO, INEXISTENCIA, DEBITO PREVIDENCIARIO,EMPRESA, CONTRATAÇÃO, PODER PUBLICO, RECEBIMENTO, BENEFICIO FISCAL, INCENTIVO FISCAL, ALIENAÇÃO, BENS IMOVEIS, BENS MOVEIS, REGISTRO, ARQUIVAMENTO, ATO, REDUÇÃO, CAPITAL SOCIAL, EXTINÇÃO, ENTIDADE, EXPEDIÇÃO, ADJUDICAÇÃO, ARREMATAÇÃO, BENS, EXECUÇÃO, CONSTRUÇÃO CIVIL, AVERBAÇÃO, REGISTRO DE IMOVEIS. 
_PRAZO, MINISTÉRIO DA PREVIDÊNCIA E ASSISTÊNCIA SOCIAL (1974-1990), ELABORAÇÃO, PLANO, ALIENAÇÃO, IMOVEL, PREVIDENCIA SOCIAL, APLICAÇÃO, RECURSOS FINANCEIROS, INVESTIMENTO, MELHORIA, INSTALAÇÕES, EQUIPAMENTOS, SEGURIDADE SOCIAL. 
_ISENÇÃO,CONTRIBUIÇÃO PREVIDENCIARIA, COTA PATRONAL, ENTIDADE FILANTROPICA, INSTITUIÇÃO BENEFICENTE, ASSISTENCIA SOCIAL, UTILIDADE PUBLICA. 
_ OBRIGATORIEDADE, PESSOA JURIDICA, DIREITO PUBLICO, ADMINISTRAÇÃO INDIRETA, CONSIGNAÇÃO, ORÇAMENTO, DOTAÇÃO ORÇAMENTARIA, PAGAMENTO, CONTRIBUIÇÃO PREVIDENCIARIA. AUTORIZAÇÃO, DESCONTO, BENEFICIO PREVIDENCIARIO, IMPOSTO DE RENDA NA FONTE, PENSÃO ALIMENTICIA.  
_EXTINÇÃO, REGIME, PREVIDENCIA SOCIAL, EMPREGADOR RURAL, PRODUTOR RURAL, NORMAS, REVISÃO, PROVENTOS, APOSENTADORIA, PENSÃO PREVIDENCIARIA, BENEFICIO PREVIDENCIARIO, PAGAMENTO, DECIMO TERCEIRO SALARIO.";1989-09-28T00:00:00;;1990-06-20T00:00:00;Não Informado;Arquivada;Indefinida;;Previdência e Assistência Social;Previdência e Assistência Social;Arquivada;Não Informado;False
218255;74813.0;RONALDO CAIADO;PFL;GO;1;1;1993;RONALDO CAIADO;PL;4042;1993;Projeto de Lei;INTRODUZ ALTERAÇÕES NO ARTIGO 22, DA LEI 8460, DE 17 DE SETEMBRO DE 1992, ESTENDENDO O DIREITO AO AUXILIO-ALIMENTAÇÃO PARA OS SERVIDORES INATIVOS E OS MILITARES, E DA OUTRAS PROVIDENCIAS.;BLOCO 1.;ALTERAÇÃO, LEI FEDERAL, CONCESSÃO, EXTENSÃO, AUXILIO, ALIMENTAÇÃO, SERVIDOR, APOSENTADO, INATIVIDADE, MILITAR INATIVO, MILITAR REFORMADO, CREDITAMENTO, PROVENTOS, APOSENTADORIA, SOLDO.;1993-08-11T00:00:00;;1995-02-02T00:00:00;Não Informado;Arquivada;Indefinida;;Sem classificação temática;Sem classificação temática;Arquivada;Não Informado;False
218264;74813.0;RONALDO CAIADO;PFL;GO;1;1;1993;RONALDO CAIADO;PL;4043;1993;Projeto de Lei;CONCEDE FE PUBLICA, EM TODO O TERRITORIO NACIONAL, AS CEDULAS DE IDENTIDADE FUNCIONAL DE MINISTROS DE QUAISQUER CONFISSÕES RELIGIOSAS, EXPEDIDAS PELAS RESPECTIVAS ENTIDADES.;BLOCO 1.;DECLARAÇÃO, FE PUBLICA, VALIDADE, TERRITORIO NACIONAL, CARTEIRA DE IDENTIDADE FUNCIONAL, AUTORIDADE RELIGIOSA, SACERDOTE, CRENÇA RELIGIOSA, SEITA RELIGIOSA, EXIGENCIA, INSTITUIÇÃO RELIGIOSA, PERSONALIDADE JURIDICA, POSSIBILIDADE, CANCELAMENTO, DIVULGAÇÃO, EDITAL, (DO), JORNAL, CIRCULAÇÃO, AMBITO NACIONAL.;1993-08-11T00:00:00;;1995-02-02T00:00:00;Não Informado;Arquivada;Indefinida;;Sem classificação temática;Sem classificação temática;Arquivada;Não Informado;False
218273;74813.0;RONALDO CAIADO;PFL;GO;1;1;1993;RONALDO CAIADO;PL;4044;1993;Projeto de Lei;ALTERA O ARTIGO 14 DA LEI 8212, DE 24 DE JULHO DE 1991, QUE 'DISPÕE SOBRE A ORGANIZAÇÃO DA SEGURIDADE SOCIAL, INSTITUI PLANO DE CUSTEIO E DA OUTRAS PROVIDENCIAS'.;INCLUINDO DENTRE O SEGURADO FACULTATIVO DA PREVIDENCIA SOCIAL A DONA DE CASA QUE NÃO EXERÇA ATIVIDADE REMUNERADA). - PODER CONCLUSIVO DAS COMISSÕES - ARTIGO 24, INCISO II. BLOCO 1.;ALTERAÇÃO, LEI ORGANICA DA SEGURIDADE SOCIAL. INCLUSÃO, SEGURADO FACULTATIVO, PREVIDENCIA SOCIAL, DONA DE CASA, INEXISTENCIA, EXERCICIO PROFISSIONAL, ATIVIDADE REMUNERADA, EXIGENCIA, CONTRIBUIÇÃO PREVIDENCIARIA, CONTRIBUINTE FACULTATIVO, PREVIDENCIA SOCIAL.;1993-08-11T00:00:00;;1995-02-02T00:00:00;Não Informado;Arquivada;Indefinida;;Sem classificação temática;Sem classificação temática;Arquivada;Não Informado;False
219761;74813.0;RONALDO CAIADO;PFL;GO;1;1;1993;RONALDO CAIADO;PL;4220;1993;Projeto de Lei;DA NOVA DENOMINAÇÃO AO HOSPITAL GERAL DE GOIANIA, ESTADO DE GOIAS.;BLOCO 1.;ALTERAÇÃO, DENOMINAÇÃO, HOSPITAL, MUNICIPIO, GOIANIA, (GO).;1993-10-14T00:00:00;;1995-02-03T00:00:00;Não Informado;Arquivada;Indefinida;;Sem classificação temática;Sem classificação temática;Arquivada;Não Informado;False
219769;74813.0;RONALDO CAIADO;PFL;GO;1;1;1993;RONALDO CAIADO;PL;4221;1993;Projeto de Lei;DISPÕE SOBRE A CRIAÇÃO DO CENTRO NACIONAL DE IDENTIFICAÇÃO DATILOSCOPICA, MODIFICA A LEI DOS REGISTROS PUBLICOS E DA OUTRAS PROVIDENCIAS.;BLOCO 1.;CRIAÇÃO, CENTRO NACIONAL, IDENTIFICAÇÃO DATILOSCOPICA, MINISTÉRIO DA JUSTIÇA (1967-2016), MANUTENÇÃO, CADASTRO, REGISTRO DE NASCIMENTO, INDICIAMENTO, CRIME DOLOSO, REMESSA, MATERIAL, ORGÃOS, ESTADOS, CADASTRAMENTO. ALTERAÇÃO, LEI FEDERAL, REGISTRO PUBLICO, NECESSIDADE, APRESENTAÇÃO, FICHA, IDENTIFICAÇÃO, EMISSÃO, DELEGACIA DE POLICIA, CERTIDÃO NEGATIVA, CENTRO NACIONAL, IDENTIFICAÇÃO DATILOSCOPICA, PAGAMENTO, MULTA, UNIDADE FISCAL DE REFERÊNCIA (UFIR), NECESSIDADE, JUSTIFICAÇÃO, DECISÃO JUDICIAL, HIPOTESE, AUSENCIA, IMPRESSÃO DIGITAL, MUTILAÇÃO, OCORRENCIA, RETIRADA, DECLAÇÃO, REGISTRO DE NASCIMENTO, POSTERIORIDADE, DECURSO DE PRAZO. OBRIGATORIEDADE, HOSPITAL, MATERNIDADE, COLETA, MATERIAL, IDENTIFICAÇÃO DATILOSCOPICA, CRIANÇA, NASCIMENTO, REMESSA, DELEGACIA DE POLICIA, PRAZO, SEMANA, PREVISÃO, MULTA, HIPOTESE, DESCUMPRIMENTO. OBRIGATORIEDADE, CARTORIO CIVEL, REGISTRO CIVIL, EXIGENCIA, CERTIDÃO NEGATIVA, FORNECIMENTO, CADASTRO, IDENTIFICAÇÃO, OBJETIVO, LAVRATURA, REGISTRO DE NASCIMENTO, CRIANÇA, ADOLESCENTE, ADULTO.;1993-10-14T00:00:00;;1995-02-02T00:00:00;Não Informado;Arquivada;Indefinida;;Direito Civil e Processual Civil;Direito Civil e Processual Civil | Finanças Públicas e Orçamento;Arquivada;Não Informado;False
233645;74813.0;RONALDO CAIADO;;;1;1;1991;RONALDO CAIADO;PLP;69;1991;Projeto de Lei Complementar;DISPÕE SOBRE O PROCESSO DE DESAPROPRIAÇÃO DE IMOVEL RURAL PARA FINS DE REFORMA AGRARIA E DA OUTRAS PROVIDENCIAS.;REGULAMENTANDO O DISPOSTO NO ARTIGO 184, PARAGRAFO TERCEIRO DA Constituição Federal de 1988).;REGULAMENTAÇÃO, DISPOSTIVOS, POLITICA AGRICOLA, POLITICA AGRARIA, REFORMA AGRARIA, CONSTITUIÇÃO FEDERAL. NORMAS, PROCESSO JUDICIAL, RITO SUMARIO, DESAPROPRIAÇÃO, IMOVEL RURAL, REFORMA AGRARIA, ATO, PRESIDENTE DA REPUBLICA, DECLARAÇÃO, INTERESSE SOCIAL, AÇÃO DE DESAPROPRIAÇÃO, INSTITUTO NACIONAL DE COLONIZAÇÃO E REFORMA AGRÁRIA (INCRA), PETIÇÃO INICIAL, DEPOSITO, INDENIZAÇÃO, BENFEITORIA, INDICAÇÃO, VALOR, PREÇO, TITULO DA DIVIDA AGRARIA, IMOVEL DESAPROPRIADO, PRAZO, DEFERIMENTO, CONTESTAÇÃO, AUDIENCIA, PARTES PROCESSUAIS, DEPOIMENTO, SENTENÇA JUDICIAL, IMISSÃO DE POSSE, TRANSCRIÇÃO, REGISTRO DE IMOVEIS, APLICAÇÃO, CODIGO DE PROCESSO CIVIL, POSSIBILIDADE, RETROCESSÃO, DESCUMPRIMENTO, OBJETIVO, DISTRIBUIÇÃO, LOTE, AGRICULTOR, ATIVIDADE AGRICOLA, BENEFICIARIO. PROIBIÇÃO, DESAPROPRIAÇÃO, IMOVEL RURAL, INTERESSE SOCIAL, REFORMA AGRARIA, PEQUENA PROPRIEDADE, PEQUENO PRODUTOR RURAL, PROPRIEDADE, APRESENTAÇÃO, PRODUÇÃO, PRODUTIVIDADE.;1991-11-14T00:00:00;;1992-06-30T00:00:00;Não Informado;Arquivada;Proposição Sujeita à Apreciação do Plenário;;Estrutura Fundiária;Estrutura Fundiária;Arquivada;Não Informado;False
249707;74813.0;Ronaldo Caiado;PFL;GO;41;0;2004;RONALDO CAIADO;PEC;261;2004;Proposta de Emenda à Constituição;Modifica o artigo 62 da Constituição Federal.;"Estabelece novo prazo para tramitação de Medidas Provisórias, iguala-as aos projetos de lei com vigência constitucional; altera a Constituição Federal de 1988.";"Alteração, Constituição Federal, fixação, prazo, tramitação, Medida Provisória, apreciação, discussão, Comissões, equiparação, urgência, projeto de lei, proibição, prorrogação, reedição, matéria, rejeição, perda, eficácia, decurso de prazo, promulagação, decreto legislativo, Comissão de Constituição, Justiça e Cidadania, Câmara  dos Deputados, Senado, aumento, peródo, sobrestamento.  
_ Alteração, Disposições Constitucionais Transitórias, normas, apreciação, medida provisória.";2004-04-15T00:00:00;https://www.camara.leg.br/proposicoesWeb/prop_mostrarintegra?codteor=211485;2015-03-19T09:46:00;Desarquivamento a Pedido;Arquivada;Proposição Sujeita à Apreciação do Plenário;https://www.camara.leg.br/proposicoesWeb/prop_mostrarintegra?codteor=1310903;Processo Legislativo e Atuação Parlamentar;Processo Legislativo e Atuação Parlamentar;Arquivada;Desarquivamento a Pedido;False
250992;74813.0;Ronaldo Caiado;PFL;GO;157;0;2004;RONALDO CAIADO;PEC;267;2004;Proposta de Emenda à Constituição;Dá nova redação ao Inciso VI do Art. 206 da Constituição Federal.;Inclui como princípio educacional a gestão democrática da educação, e não apenas do ensino público.;Princípio constitucional, gestão, Educação, inclusão, ensino particular, ampliação, escola pública, escola particular.;2004-04-29T00:00:00;https://www.camara.leg.br/proposicoesWeb/prop_mostrarintegra?codteor=214211;2021-03-10T09:00:00;Saída de Relator(a) da Comissão - Com Parecer Apresentado;Aguardando Designação de Relator(a);Proposição Sujeita à Apreciação do Plenário;;Educação;Educação;Aguardando Designação de Relator(a);Saída de Relator(a) da Comissão - Com Parecer Apresentado;False
251943;74813.0;Ronaldo Caiado;PFL;GO;46;0;2004;RONALDO CAIADO;PEC;269;2004;Proposta de Emenda à Constituição;Acrescenta alínea ao inciso XVI do art. 37 da Constituição Federal, para permitir a acumulação remunerada, nas condições do referido artigo, de dois cargos de pedagogo.;;Autorização, acumulação de cargos, Pedagogo, fixação, jornada especial de trabalho.;2004-05-05T00:00:00;https://www.camara.leg.br/proposicoesWeb/prop_mostrarintegra?codteor=215788;2015-01-31T00:00:00;Arquivamento;Arquivada;Proposição Sujeita à Apreciação do Plenário;;Administração Pública;Administração Pública;Arquivada;Arquivamento;False
253218;74813.0;Ronaldo Caiado;PFL;GO;44;0;2004;RONALDO CAIADO;PRC;147;2004;Projeto de Resolução de Criação de CPI;Requer a criação de Comissão Parlamentar de Inquérito para investigar fatos determinados, ocorridos nos anos de 2003 e 2004, referente à possível extração ilegal de minerais na Reserva Indígena Roosevelt localizada na Região de Espigão do Oeste no Estado de Rondônia, bem como investigar o contrabando dessa lavra.;;Criação, (CPI), investigação, ilegalidade, exploração, extração, recursos minerais, mineração, Reserva Indígena Roosevelt,  terras indígenas, contrabando, lavra de minério, diamante, município, Espigão D' Oeste, (RO).;2004-05-12T00:00:00;https://www.camara.leg.br/proposicoesWeb/prop_mostrarintegra?codteor=217797;2015-03-19T09:46:00;Desarquivamento a Pedido;Arquivada;Proposição Sujeita à Apreciação do Plenário;https://www.camara.leg.br/proposicoesWeb/prop_mostrarintegra?codteor=1310903;Processo Legislativo e Atuação Parlamentar;Processo Legislativo e Atuação Parlamentar;Arquivada;Desarquivamento a Pedido;False
253389;74813.0;Ronaldo Caiado;PFL;GO;51;0;2004;RONALDO CAIADO;PEC;274;2004;Proposta de Emenda à Constituição;Dá nova redação ao art. 150, inciso IV, da Constituição Federal.;"Proibe a União, os Estados, o Distrito Federal e os Municípios de instituir contribuições sobre patrimônio, renda ou serviços dos entes sujeitos à imunidade tributária; altera a Constituição Federal de 1988.";Constituição Federal (1988), Sistema Tributário Nacional, limitação, tributação, proibição, criação, contribuição social, incidência, patrimônio, renda, serviços, Administração Pública, templo,  Organização religiosa, igreja, partido político, sindicato, instituição educacional, entidade sem fins lucrativos, entidade filantrópica, Papel de impressão, livro, jornal, periódico, imunidade tributária.;2004-05-13T00:00:00;https://www.camara.leg.br/proposicoesWeb/prop_mostrarintegra?codteor=218076;2015-03-19T09:46:00;Desarquivamento a Pedido;Arquivada;Proposição Sujeita à Apreciação do Plenário;https://www.camara.leg.br/proposicoesWeb/prop_mostrarintegra?codteor=1310903;Administração Pública;Administração Pública | Finanças Públicas e Orçamento;Arquivada;Desarquivamento a Pedido;False
258473;74813.0;Ronaldo Caiado;PFL;GO;52;0;2004;RONALDO CAIADO;PEC;290;2004;Proposta de Emenda à Constituição;Acrescenta parágrafos ao art. 100 da Constituição, para admitir a penhora de bens públicos quando do descumprimento das normas referentes a precatórios.;Altera a Constituição Federal de 1988.;Alteração, Constituição Federal, Judiciário, autorização, penhora, bens públicos, obrigatoriedade, intervenção, Ministério Público, expedição, carta de arrematação, requerimento, Presidente, Tribunais, quantia, pagamento, débitos, precatório, Fazenda Pública.;2004-06-17T00:00:00;https://www.camara.leg.br/proposicoesWeb/prop_mostrarintegra?codteor=235153;2011-02-16T13:20:00;Desarquivamento a Pedido;Arquivada;Proposição Sujeita à Apreciação do Plenário;https://www.camara.leg.br/proposicoesWeb/prop_mostrarintegra?codteor=840137;Administração Pública;Administração Pública;Arquivada;Desarquivamento a Pedido;False
258846;74813.0;Ronaldo Caiado;PFL;GO;52;0;2004;RONALDO CAIADO;PEC;291;2004;Proposta de Emenda à Constituição;Modifica o art. 171 da Constituição Federal, revogado pela Emenda Constitucional nº 6 / 95, prevendo tratamento específico para as empresas que desenvolvam atividades consideradas estratégicas para a defesa nacional, bem como  proteção e benefícios para as empresas que promovam atividades de produção tecnológica imprescindíveis ao desenvolvimento do País.;Altera a Constituição Federal de 1988.;Alteração, Constituição Federal, normas, elaboração, estatuto, empresa, atividade, área estrantégica, defesa nacional, concessão, proteção, benefício, produção, bens, serviço, tecnologia, desenvolvimento tecnológico, País, facilidade, importação, matéria prima, exportação, controle, comercialização, produto, lei federal, facultatividade, tratamento especial, empresa brasileira.;2004-06-23T00:00:00;https://www.camara.leg.br/proposicoesWeb/prop_mostrarintegra?codteor=229688;2015-03-19T09:46:00;Desarquivamento a Pedido;Arquivada;Proposição Sujeita à Apreciação do Plenário;https://www.camara.leg.br/proposicoesWeb/prop_mostrarintegra?codteor=1310903;Ciência, Tecnologia e Inovação;Ciência, Tecnologia e Inovação | Defesa e Segurança | Indústria, Comércio e Serviços;Arquivada;Desarquivamento a Pedido;False
259170;74813.0;Ronaldo Caiado;PFL;GO;48;0;2004;RONALDO CAIADO;PEC;294;2004;Proposta de Emenda à Constituição;Acrescenta os §§ 2º e 3º ao art. 89 do ADCT.;"Altera a Constituição Federal de 1988. Considera concretizada a transformação do extinto Território de Rondônia em Estado a partir da posse do governador, ocorrida em março de 1987; disciplina a situação funcional dos servidores civis, admitidos por força de lei federal, que ingressaram no Serviço Público após a posse do governador até o ano de 1991.";Alteração, Constituição Federal, Disposições Constitucionais Transitórias, definição, data, transformação, Território Federal de Rondônia, Estado, prazo, posse, governador, disponibilidade, policial militar, servidor público civil,  quadro extinto, custeio, pagamento, remuneração, União Federal, Governo Federal.;2004-06-24T00:00:00;https://www.camara.leg.br/proposicoesWeb/prop_mostrarintegra?codteor=230327;2009-09-16T00:00:00;Prejudicado;;Proposição Sujeita à Apreciação do Plenário;;Administração Pública;Administração Pública;;Prejudicado;False
259171;74813.0;Ronaldo Caiado;PFL;GO;49;0;2004;RONALDO CAIADO;PEC;295;2004;Proposta de Emenda à Constituição;Acrescenta os §§ 2º e 3º ao art. 89 do Ato das Disposições Constitucionais Transitórias.;"Considera concretizada a transformação do extinto Território de Rondônia em Estado a partir da posse do governador, ocorrida em março de 1987; disciplina a situação funcional dos servidores civis, admitidos por força de lei federal, que ingressaram no Serviço Público após a posse do governador até o ano de 1991. Altera a Constituição Federal de 1988.";Alteração, Constituição Federal, Disposições Constitucionais Transitórias, definição, data, transformação, Território Federal de Rondônia, Estado, posse, governador, disponibilidade, policial militar, servidor público civil, quadro extinto, custeio, pagamento, remuneração, União Federal, Governo Federal.;2004-06-24T00:00:00;https://www.camara.leg.br/proposicoesWeb/prop_mostrarintegra?codteor=230328;2009-09-16T00:00:00;Prejudicado;Arquivada;Proposição Sujeita à Apreciação do Plenário;;Administração Pública;Administração Pública;Arquivada;Prejudicado;False
260547;74813.0;Ronaldo Caiado;PFL;GO;39;0;2004;RONALDO CAIADO;PEC;305;2004;Proposta de Emenda à Constituição;Proíbe a edição de Medida Provisória em  matéria tributária.;Altera o artigo 62 da Constituição Federal de 1988.;Alteração, Constituição Federal, Processo Legislativo, proibição, Presidente da República, apresentação, edição, Medida Provisória, matéria tributária, legislação tributária, finanças públicas.;2004-07-08T00:00:00;https://www.camara.leg.br/proposicoesWeb/prop_mostrarintegra?codteor=233463;2015-03-19T09:46:00;Desarquivamento a Pedido;Arquivada;Proposição Sujeita à Apreciação do Plenário;https://www.camara.leg.br/proposicoesWeb/prop_mostrarintegra?codteor=1310903;Processo Legislativo e Atuação Parlamentar;Processo Legislativo e Atuação Parlamentar;Arquivada;Desarquivamento a Pedido;False
262860;74813.0;Ronaldo Caiado;PFL;GO;45;0;2004;RONALDO CAIADO;PEC;310;2004;Proposta de Emenda à Constituição;Acrescenta § 3 º ao art. 215 da Constituição Federal, e o art. 90, ao Ato das Disposições Constitucionais Transitórias.;Estabelece que a União Federal destinará,  anualmente o percentual  mínimo de 2% (dois por cento) das receitas tributárias ao financiamento da Política Nacional de Apoio à Cultura.;Ato das Disposições Constitucionais Transitórias, União Federal, destinação, percentual, receita tributária, arrecadação, impostos, financiamento, Política Nacional de Apoio à Cultura,  preservação, patrimônio cultural, divulgação, bens culturais, desenvolvimento, projeto, prazo, aplicação de recursos, limite máximo, recursos públicos.;2004-08-24T00:00:00;https://www.camara.leg.br/proposicoesWeb/prop_mostrarintegra?codteor=238147;2007-04-27T00:00:00;Desarquivamento a Pedido;Tramitando em Conjunto;Proposição Sujeita à Apreciação do Plenário;https://www.camara.leg.br/proposicoesWeb/prop_mostrarintegra?codteor=450967;Arte, Cultura e Religião;Arte, Cultura e Religião;Tramitando em Conjunto;Desarquivamento a Pedido;False
263015;74813.0;Ronaldo Caiado;PFL;GO;48;0;2004;RONALDO CAIADO;PEC;313;2004;Proposta de Emenda à Constituição;Altera o inciso IV do § 4º do art. 60 da Constituição Federal.;"Dispõe que não será objeto de deliberação a Proposta de Emenda à Constituição tendente a abolir os direitos e garantias fundamentais; altera a Constituição Federal de 1988.";Alteração, Constituição Federal, Processo Legislativo, proibição, deliberação, aprovação, Proposta,  Emenda Constitucional, extinção, direitos e garantias fundamentais, inclusão, direitos sociais, trabalhador.;2004-08-25T00:00:00;https://www.camara.leg.br/proposicoesWeb/prop_mostrarintegra?codteor=238320;2015-03-19T09:46:00;Desarquivamento a Pedido;Arquivada;Proposição Sujeita à Apreciação do Plenário;https://www.camara.leg.br/proposicoesWeb/prop_mostrarintegra?codteor=1310903;Direito Constitucional;Direito Constitucional | Processo Legislativo e Atuação Parlamentar;Arquivada;Desarquivamento a Pedido;False
263327;74813.0;Ronaldo Caiado;PFL;GO;47;0;2004;RONALDO CAIADO;PEC;314;2004;Proposta de Emenda à Constituição;Dispõe sobre a Organização Sindical e dá outras providências.;Altera os artigos 7º, 8º, 9º, 11, 37, 103 e 114 da Constituição Federal de 1988.;"Organização Sindical, direitos, trabalhador, trabalhador rural, reconhecimento, contrato coletivo de trabalho, registro, sindicato, equiparação, pessoa jurídica, revogação, proibição, criação, quantidade, entidades sindicais,  igualdade, base territorial, garantia, estabilidade sindical, organização, local de trabalho, normas, eleição sindical, representante, supressão, penalidade, abuso responsável, greve.  
_ Garantia, servidor público civil, celebração, contrato coletivo de trabalho, negociação coletiva de trabalho, direito de greve, equiparação, trabalhador, inciativa privada,  competência, central sindical, proposição, ação de inconstitucionalidade, Justiça do Trabalho, julgamento, ação trabalhista, servidor, Administração Pública, prazo, vigência, contrato, acordo coletivo de trabalho, proibição, livre negociação, redução, direitos trabalhistas, garantia constitucional.";2004-08-25T00:00:00;https://www.camara.leg.br/proposicoesWeb/prop_mostrarintegra?codteor=238700;2025-04-03T10:09:00;Designação de Relator(a);Aguardando Parecer;Proposição Sujeita à Apreciação do Plenário;;Trabalho e Emprego;Trabalho e Emprego;Aguardando Parecer;Designação de Relator(a);False
263557;74813.0;Ronaldo Caiado;PFL;GO;43;0;2004;RONALDO CAIADO;PEC;316;2004;Proposta de Emenda à Constituição;Acrescenta o art. 95 ao Ato das Disposições Constitucionais Transitórias.;"Autoriza os Deputados Federais eleitos em 2006 a modificarem a Constituição no que diz respeito a partilha de recursos públicos (Pacto Federativo); altera a Constituição Federal de 1988.";Alteração, Constituição Federal, Disposições Constitucionais Transitórias, inclusão, competência, Deputado Federal, revisão, matéria constitucional, responsabilidade, União Federal, Estados, Municípios, partilha, descentralização, recursos públicos.;2004-08-25T00:00:00;https://www.camara.leg.br/proposicoesWeb/prop_mostrarintegra?codteor=239094;2015-03-19T09:46:00;Desarquivamento a Pedido;Arquivada;Proposição Sujeita à Apreciação do Plenário;https://www.camara.leg.br/proposicoesWeb/prop_mostrarintegra?codteor=1310903;Finanças Públicas e Orçamento;Finanças Públicas e Orçamento | Processo Legislativo e Atuação Parlamentar;Arquivada;Desarquivamento a Pedido;False
264825;74813.0;Ronaldo Caiado;PFL;GO;158;0;2004;RONALDO CAIADO;PEC;318;2004;Proposta de Emenda à Constituição;Modifica a Constituição Federal, tornando obrigatório o Serviço Estudantil Social, como contrapartida ao investimento público, a todos os estudantes de instituições públicas de ensino superior.;Altera os artigos 206, 207, 208 e 212 da Constituição Federal de 1988.;Educação, obrigatoriedade, estudante universitário, Universidade Pública, prestação de serviço, realização, estágio supervisionado, serviço social, inexistência, remuneração, horário, critérios, avaliação de desempenho, formando, curso de graduação.;2004-09-15T19:15:00;https://www.camara.leg.br/proposicoesWeb/prop_mostrarintegra?codteor=241590;2019-01-31T00:00:00;Arquivamento;Arquivada;Proposição Sujeita à Apreciação do Plenário;;Educação;Educação;Arquivada;Arquivamento;False
266904;74813.0;Ronaldo Caiado;PFL;GO;41;0;2004;RONALDO CAIADO;PEC;323;2004;Proposta de Emenda à Constituição;Altera o art. 62 da Constituição Federal, estabelecendo como condição para a entrada em vigor de Medidas Provisórias a aprovação de Parecer de Comissão Mista sobre os pressupostos de urgência e relevância.;Altera a Constituição Federal de 1988.;Alteração, Constituição Federal, Legislativo, critérios, entrada, vigência, eficácia, Medida Provisória, posterioridade, Comissão Mista, Deputado Federal, Senador, aprovação, emissão, parecer, apreciação preliminar, reconhecimento, urgência, relevância.;2004-10-19T17:51:00;https://www.camara.leg.br/proposicoesWeb/prop_mostrarintegra?codteor=245361;2015-03-19T09:46:00;Desarquivamento a Pedido;Arquivada;Proposição Sujeita à Apreciação do Plenário;https://www.camara.leg.br/proposicoesWeb/prop_mostrarintegra?codteor=1310903;Processo Legislativo e Atuação Parlamentar;Processo Legislativo e Atuação Parlamentar;Arquivada;Desarquivamento a Pedido;False
267239;74813.0;Ronaldo Caiado;PFL;GO;40;0;2004;RONALDO CAIADO;PEC;324;2004;Proposta de Emenda à Constituição;Dá nova redação à alínea f do inciso III do art. 52, renomeando a atual alínea f para alínea g, dá nova redação ao inciso XIV do art. 84 e acrescenta §10 ao artigo 144 da Constituição Federal.;Inclui na competência privativa do Senado e do Presidente da República a aprovação prévia e a nomeação do Diretor-Geral das Polícias Federais, respectivamente. Altera a Constituição Federal de 1988.;Alteração, Constituição Federal, inclusão, competência privativa, aprovação, Senado, nomeação, Presidência da República, cargo público, Diretor-Geral, Polícia Federal.;2004-10-20T16:58:00;https://www.camara.leg.br/proposicoesWeb/prop_mostrarintegra?codteor=245834;2015-03-19T09:46:00;Desarquivamento a Pedido;Arquivada;Proposição Sujeita à Apreciação do Plenário;https://www.camara.leg.br/proposicoesWeb/prop_mostrarintegra?codteor=1310903;Administração Pública;Administração Pública | Processo Legislativo e Atuação Parlamentar;Arquivada;Desarquivamento a Pedido;False
268087;74813.0;Ronaldo Caiado;PFL;GO;154;0;2004;RONALDO CAIADO;PEC;328;2004;Proposta de Emenda à Constituição;Dá nova redação ao art. 62 da Constituição Federal, dispondo sobre as medidas provisórias.;Altera a Constituição Federal de 1988.;"Alteração, Constituição Federal, Processo Legislativo, obrigatoriedade, Presidente da República, remessa, proposta, Medida Provisória, Congresso Nacional, realização, análise prévia, urgência, relevância, matéria, prazo, Parecer, Comissão Mista Permanente.  
_ Normas, tramitação, Medida Provisória, apreciação, votação, Sessão Conjunta, Congresso Nacional, posterioridade, Comissão Mista Permanente, oferecimento, Parecer, exame, mérito.";2004-10-27T16:58:00;https://www.camara.leg.br/proposicoesWeb/prop_mostrarintegra?codteor=247345;2008-12-17T00:00:00;Arquivamento;Arquivada;Proposição Sujeita à Apreciação do Plenário;;Processo Legislativo e Atuação Parlamentar;Processo Legislativo e Atuação Parlamentar;Arquivada;Arquivamento;False
268963;74813.0;Ronaldo Caiado;PFL;GO;47;0;2004;RONALDO CAIADO;PEC;329;2004;Proposta de Emenda à Constituição;Dispõe sobre a aplicação de pena de perda de direitos políticos a Presidente da República, Governador e Prefeitos pelo não pagamento de precatório alimentar e sobre a ampliação das hipóteses de seqüestro de quantia necessária para pagamentos desses débitos.;Altera o art. 100 da Constituição Federal de 1988.;Alteração, Constituição Federal, Judiciário, perda, direitos políticos, improbidade administrativa, Presidente da República, Governador, Prefeito Municipal, ausência, atraso, pagamento, precatório, natureza alimentar, exigência, quitação, parcela única, garantia de prioridade, prazo, descumprimento, exercício financeiro, quebra, direitos, precedência, sequestro, quantia, débitos.;2004-11-09T19:53:00;https://www.camara.leg.br/proposicoesWeb/prop_mostrarintegra?codteor=249323;2015-03-19T09:46:00;Desarquivamento a Pedido;Arquivada;Proposição Sujeita à Apreciação do Plenário;https://www.camara.leg.br/proposicoesWeb/prop_mostrarintegra?codteor=1310903;Administração Pública;Administração Pública;Arquivada;Desarquivamento a Pedido;False
269604;74813.0;Ronaldo Caiado;PFL;GO;47;0;2004;RONALDO CAIADO;PEC;331;2004;Proposta de Emenda à Constituição;Dá nova redação aos §§ 3º e seguintes do Art. 62 da Constituição Federal, instituindo comissão mista permanente de parlamentares para oferecer parecer preliminar sobre os requisitos de relevância e urgência das medidas provisórias.;Altera a Constituição Federal de 1988.;Alteração, Constituição Federal, Legislativo, criação, Comissão Mista Permanente, Deputado Federal, Senador, parecer, apreciação preliminar, requisitos, urgência, relevância, Medida Provisória, emissão, proposição, Decreto Legislativo, disciplinamento, relação jurídica.;2004-11-11T16:08:00;https://www.camara.leg.br/proposicoesWeb/prop_mostrarintegra?codteor=250292;2015-03-19T09:46:00;Desarquivamento a Pedido;Arquivada;Proposição Sujeita à Apreciação do Plenário;https://www.camara.leg.br/proposicoesWeb/prop_mostrarintegra?codteor=1310903;Processo Legislativo e Atuação Parlamentar;Processo Legislativo e Atuação Parlamentar;Arquivada;Desarquivamento a Pedido;False
269949;74813.0;Ronaldo Caiado;PFL;GO;45;0;2004;RONALDO CAIADO;PEC;334;2004;Proposta de Emenda à Constituição;Dá nova redação ao art. 14, § 6º, da Constituição Federal, para tornar obrigatório o afastamento prévio do Presidente da República, de Governadores de Estado ou do Distrito Federal e de Prefeitos candidatos à reeleição.;Obriga a desincompatibilização do candidato à reeleição.;Alteração, Constituição Federal, direitos políticos, obrigatoriedade, candidato, reeleição, Presidente da República, Governador, Prefeito, afastamento, renúncia, cargo eletivo, fixação, prazo, desincompatibilização, mandato eletivo, anterioridade, eleições.;2004-11-17T10:23:00;https://www.camara.leg.br/proposicoesWeb/prop_mostrarintegra?codteor=251226;2007-01-31T00:00:00;Arquivamento;Arquivada;Proposição Sujeita à Apreciação do Plenário;https://www.camara.leg.br/proposicoesWeb/prop_mostrarintegra?codteor=471558;Política, Partidos e Eleições;Política, Partidos e Eleições;Arquivada;Arquivamento;False
270939;74813.0;Ronaldo Caiado;PFL;GO;55;1;2004;RONALDO CAIADO;PL;4514;2004;Projeto de Lei;Dispõe sobre a repactuação de dívidas oriundas de operações de crédito rural na área de atuação  da Agência de Desenvolvimento do Nordeste (ADENE), e dá outras providências.;;Autorização, renegociação, dívida, crédito rural, recursos  financeiros, Fundo Constitucional de Financiamento do Nordeste (FNE), Fundo de Amparo ao Trabalhador (FAT), Banco Nacional de Desenvolvimento Econômico e Social (BNDES), fixação, valor, encargos financeiros, prazo, critérios, mutuário, pagamento.;2004-11-24T17:33:00;https://www.camara.leg.br/proposicoesWeb/prop_mostrarintegra?codteor=253391;2009-05-15T00:00:00;Não Informado;Vetado totalmente;Proposição Sujeita à Apreciação Conclusiva pelas Comissões - Art. 24 II;;Estrutura Fundiária;Estrutura Fundiária | Finanças Públicas e Orçamento;Vetado totalmente;Não Informado;True
270986;74813.0;Ronaldo Caiado;PFL;GO;140;0;2004;RONALDO CAIADO;PEC;340;2004;Proposta de Emenda à Constituição;Dá nova redação ao § 18 do art. 40 do Texto Constitucional, isentando os aposentados e pensionistas, portadores de moléstias incapacitantes, da contribuição previdenciária.;;Constituição Federal (1988),Administração Pública, concessão, isenção,  contribuição previdenciária, servidor público, aposentado, pensionista, doença grave, doença incurável.;2004-11-24T19:14:00;https://www.camara.leg.br/proposicoesWeb/prop_mostrarintegra?codteor=253481;2020-02-28T00:00:00;Devolução à CCP;Arquivada;Proposição Sujeita à Apreciação do Plenário;;Previdência e Assistência Social;Previdência e Assistência Social;Arquivada;Devolução à CCP;False
271935;74813.0;Ronaldo Caiado;PFL;GO;176;1;2004;RONALDO CAIADO;PL;4554;2004;Projeto de Lei;Regulamenta o Art. 8º da Constituição Federal, que dispõe sobre a organização sindical, e dá outras providências.;Altera e revoga dispositivos da CLT - Decreto-lei nº 5.452, de 1943.  Regulamenta o artigo oitavo da Constituição Federal.;Regulamentação, Constituição Federal (1988), Direitos Sociais, normatização, liberdade sindical, autonomia, sindicato, proibição, Poder Público, intervenção, ação sindical, responsabilidade, sindicato, defesa, interesse, direitos e garantias individuais, direitos coletivos, associado, assistência sindical, substituição processual, negociação coletiva de trabalho, representação, órgão colegiado, critérios, filiação, entidades sindicais, enquadramento sindical, sindicalização, trabalhador, empregador, profissional liberal, servidor público civil, trabalhador rural, trabalhador avulso, trabalhador autônomo, aposentado, pensionista, garantia, princípio da unicidade, registro, estatuto, competência, Sindicato, Federação Sindical, Confederação Sindical, Central Sindical, criação, Conselho Sindical Nacional, representação sindical, custeio, contribuição sindical, contribuição compulsória, inaplicação, direitos, oposição, desconto, rateio, recursos financeiros, entidade, administração sindical, Caixa Econômica Federal (CEF), relatório, movimentação, extinção, Conta de Emprego e Salário, Governo, gestão, dirigente sindical, fixação, número, limite máximo, limite mínimo, diretor, dirigente sindical, eleição sindical, Comissão, competência eleitoral, duração, mandato, quorum, votação, assembléia geral, representante, categoria profissional, local de trabalho, instalação, Comissão Sindical de Base, quantidade, comissário, trabalhador sindicalizado, empregado sindicalizado, investidura sindical. _Alteração, Consolidação das Leis do Trabalho (CLT), revogação, dispositivos, organização sindical, extinção, competência, sindicato, âmbito interestadual, caráter excepcional, âmbito nacional, pedido, registro, entidades sindicais, Conselho Sindical Nacional, estatuto, relação, diretoria, designação, delegado sindical, aumento, prazo máximo, eleição sindical, renovação, cargo, dirigente sindical, membros, Conselho Fiscal, fixação, prazo, posse, candidato eleito, direitos, associado, sindicato, aposentado, trabalhador, desempregado, convocação, serviço militar, votação, candidato, investidura sindical, ocorrência, ato lesivo, recurso administrativo, Assembléia Geral, Conselho de Representantes, critérios, recolhimento, contribuição sindical, inexistência, Confederação Sindical, destinação, recursos financeiros, Federação Sindical, Central Sindical.;2004-12-02T15:39:00;https://www.camara.leg.br/proposicoesWeb/prop_mostrarintegra?codteor=255602;2015-03-19T09:46:00;Desarquivamento a Pedido;Arquivada;Proposição Sujeita à Apreciação do Plenário;https://www.camara.leg.br/proposicoesWeb/prop_mostrarintegra?codteor=1310903;Trabalho e Emprego;Trabalho e Emprego;Arquivada;Desarquivamento a Pedido;False
273368;74813.0;Ronaldo Caiado;PFL;GO;157;0;2004;RONALDO CAIADO;PEC;352;2004;Proposta de Emenda à Constituição;Dá nova redação ao inciso V do art. 203  da Constituição Federal.;"Aumenta para 2 (dois) salários mínimo o benefício mensal concedido à pessoa portadora de necessidade especial e ao idoso com 65 (sessenta e cinco) anos ou mais; altera a Constituição Federal de 1988.";Alteração, Constituição Federal, Assistência Social, aumento, quantidade, salário mínimo, benefício de prestação continuada, pessoa portadora de deficiência, pessoa deficiente, idoso, limite de idade, pessoa carente.;2004-12-14T20:41:00;https://www.camara.leg.br/proposicoesWeb/prop_mostrarintegra?codteor=258678;2008-02-28T00:00:00;Notificações;Arquivada;Proposição Sujeita à Apreciação do Plenário;https://www.camara.leg.br/proposicoesWeb/prop_mostrarintegra?codteor=540622;Direitos Humanos e Minorias;Direitos Humanos e Minorias | Previdência e Assistência Social;Arquivada;Notificações;False
273665;74813.0;Ronaldo Caiado;PFL;GO;135;0;2004;RONALDO CAIADO;PEC;353;2004;Proposta de Emenda à Constituição;Acrescenta os artigos 217-A, 217-B e 217-C à Constituição Federal, vinculando recursos para o desporto e o lazer, definindo competências e atribuições aos entes federados nesta área e instituindo o Plano Nacional de Esporte e Lazer.;Altera a Constituição Federal de 1988.;"Alteração, Constituição Federal, competência, União, Estado (ente federado), Distrito Federal, Município, aplicação de recursos, vinculação, receita tributária, impostos, transferência, recursos públicos, manutenção, políticas públicas, esporte, lazer, proibição, contingenciamento, recursos orçamentários, destinação, desporto educacional, escola pública, ensino básico. _Competência, União, Estado (ente federado), Distrito Federal, Município, apoio, incentivo, desporto de rendimento, desporto educacional, desporto de participação.
- Lei Federal, criação, Plano Nacional do Desporto e Lazer, execução, políticas públicas, esporte, lazer.";2004-12-15T17:04:15;https://www.camara.leg.br/proposicoesWeb/prop_mostrarintegra?codteor=259137;2015-03-19T09:46:00;Desarquivamento a Pedido;Arquivada;Proposição Sujeita à Apreciação do Plenário;https://www.camara.leg.br/proposicoesWeb/prop_mostrarintegra?codteor=1310903;Esporte e Lazer;Esporte e Lazer | Finanças Públicas e Orçamento;Arquivada;Desarquivamento a Pedido;False
274976;74813.0;Ronaldo Caiado;PFL;GO;330;0;2005;RONALDO CAIADO;PRC;189;2005;Projeto de Resolução;Institui Comissão Parlamentar de Inquérito destinada a investigar as organizações criminosas, do tráfico de armas.;;Criação, (CPI), investigação, organização criminosa, tráfico, arma de fogo, crime organizado.;2005-02-16T15:35:00;https://www.camara.leg.br/proposicoesWeb/prop_mostrarintegra?codteor=270605;2018-09-17T00:00:00;Notificações;Transformado em Norma Jurídica;Proposição Sujeita à Apreciação do Plenário;;Administração Pública;Administração Pública | Defesa e Segurança;Transformado em Norma Jurídica;Notificações;True
278757;74813.0;Ronaldo Caiado;PFL;GO;44;0;2005;RONALDO CAIADO;PDC;1573;2005;Projeto de Decreto Legislativo de Referendo ou Plebiscito;Autoriza referendo acerca da comercialização de arma de fogo e munição em Território Nacional, a se realizar no primeiro domingo do mês de outubro de 2006.;Aplica a Lei nº 10.826, de 2003.;Autorização,Tribunal Superior Eleitoral  (TSE),   referendo, comercialização, arma de fogo, munição.   aprovação, eleitor, aplicação, Estatuto do Desarmamento.;2005-03-16T21:05:00;https://www.camara.leg.br/proposicoesWeb/prop_mostrarintegra?codteor=285960;2005-07-07T00:00:00;Arquivamento;Arquivada;Proposição Sujeita à Apreciação do Plenário;;Defesa e Segurança;Defesa e Segurança | Direito Constitucional | Política, Partidos e Eleições;Arquivada;Arquivamento;False
279859;74813.0;Ronaldo Caiado;PFL;GO;225;0;2005;RONALDO CAIADO;PRC;223;2005;Projeto de Resolução;Institui a Comissão Parlamentar de Inquérito destinada a investigar e apurar a arrecadação e destinação de verbas referentes a direitos autorais principalmente no que se refere à atuação do Escritório Central de Arrecadação e Distribuição - ECAD.;;Criação, (CPI), investigação, arrecadação, destinação, verba, recursos financeiros, direito autoral, atuação, (ECAD).;2005-03-30T14:51:39;https://www.camara.leg.br/proposicoesWeb/prop_mostrarintegra?codteor=289619;2015-03-19T09:46:00;Desarquivamento a Pedido;Arquivada;Proposição Sujeita à Apreciação do Plenário;https://www.camara.leg.br/proposicoesWeb/prop_mostrarintegra?codteor=1310903;Arte, Cultura e Religião;Arte, Cultura e Religião | Indústria, Comércio e Serviços;Arquivada;Desarquivamento a Pedido;False
281086;74813.0;Ronaldo Caiado;PFL;GO;59;0;2005;RONALDO CAIADO;PEC;384;2005;Proposta de Emenda à Constituição;Acrescenta o art. 62-A ao texto constitucional, limitando a três o número de Medidas Provisórias que poderão tramitar conjuntamente no Congresso Nacional.;Altera a Constituição Federal de 1988.;Alteração, Constituição Federal, Processo Legislativo, proibição, Presidente da República, remessa, Congresso Nacional, edição, Medida Provisória, ausência, conclusão, apreciação, limite máximo, quantidade, tramitação, ressalva, guerra, calamidade pública.;2005-04-07T17:18:13;https://www.camara.leg.br/proposicoesWeb/prop_mostrarintegra?codteor=293328;2015-03-19T09:46:00;Desarquivamento a Pedido;Arquivada;Proposição Sujeita à Apreciação do Plenário;https://www.camara.leg.br/proposicoesWeb/prop_mostrarintegra?codteor=1310903;Processo Legislativo e Atuação Parlamentar;Processo Legislativo e Atuação Parlamentar;Arquivada;Desarquivamento a Pedido;False
284319;74813.0;Ronaldo Caiado;PFL;GO;46;0;2005;RONALDO CAIADO;PEC;394;2005;Proposta de Emenda à Constituição;Inclui a expressão jovem na denominação do Capítulo VII, e dá nova redação ao art. 227.;"Inclui o termo ""jovem"" no artigo 227 da Constituição Federal de 1988; incentiva  a criação de unidades de referência juvenil, com pessoal especializado na área de Hebiatria, dentre outras políticas públicas para a juventude.";Alteração, Constituição Federal, inclusão, deveres, sociedade, Estado, políticas públicas, proteção, garantia, acesso, jovem, trabalhador, escola pública, criação, unidade de saúde, assistência médica, tratamento médico, viciado em drogas, portador, vírus, (AIDS).;2005-05-04T14:25:00;https://www.camara.leg.br/proposicoesWeb/prop_mostrarintegra?codteor=303609;2015-03-19T09:46:00;Desarquivamento a Pedido;Arquivada;Proposição Sujeita à Apreciação do Plenário;https://www.camara.leg.br/proposicoesWeb/prop_mostrarintegra?codteor=1310903;Direitos Humanos e Minorias;Direitos Humanos e Minorias;Arquivada;Desarquivamento a Pedido;False
284988;74813.0;Ronaldo Caiado;PFL;GO;1;1;2005;RONALDO CAIADO;PL;5193;2005;Projeto de Lei;Altera as Leis nº 1.283, de 18 de dezembro de 1950, tornando obrigatória a renovação semestral do registro de inspeção sanitária de estabelecimentos industriais e nº 8.212, de 24 de julho de 1991, tornando obrigatória a apresentação de Certidão Negativa de Débito, para renovação do registro.;;"Alteração, lei federal, inspeção sanitária, inspeção industrial, produto animal, obrigatoriedade, estabelecimento industrial, entreposto, renovação, revalidação, registro, período, semestre.  
_ Alteração, Lei Orgânica da Seguridade Social, obrigatoriedade, apresentação, Certidão Negativa, Débito Previdenciário, revalidação, renovação, registro, inspeção sanitária, empresa, estabelecimento industrial, entreposto, produto animal.";2005-05-11T14:38:09;https://www.camara.leg.br/proposicoesWeb/prop_mostrarintegra?codteor=305204;2015-08-31T00:00:00;Devolução à CCP;Arquivada;Proposição Sujeita à Apreciação Conclusiva pelas Comissões - Art. 24 II;;Previdência e Assistência Social;Previdência e Assistência Social | Saúde;Arquivada;Devolução à CCP;False
284989;74813.0;Ronaldo Caiado;PFL;GO;1;1;2005;RONALDO CAIADO;PL;5194;2005;Projeto de Lei;Determina que frigoríficos com registro no Serviço de Inspeção Federal (SIF) informem, diariamente, ao Ministério da Agricultura, Pecuária e Abastecimento os preços, quantidades e outras características dos bovinos adquiridos para abate.;;Obrigatoriedade, frigorífico, informações, Ministério da Agricultura, Pecuária e Abastecimento, comercialização, compra e venda, gado de corte, rebanho, bovino, preço, arroba, peso, quantidade, data, venda, animal, identificação, vendedor, garantia, sigilo, penalidade, infrator.;2005-05-11T14:39:28;https://www.camara.leg.br/proposicoesWeb/prop_mostrarintegra?codteor=305205;2019-01-31T23:59:59;Saída de Relator(a) da Comissão - Com Parecer Apresentado;Aguardando Designação de Relator(a);Proposição Sujeita à Apreciação Conclusiva pelas Comissões - Art. 24 II;;Indústria, Comércio e Serviços;Indústria, Comércio e Serviços | Estrutura Fundiária;Aguardando Designação de Relator(a);Saída de Relator(a) da Comissão - Com Parecer Apresentado;False
287082;74813.0;Ronaldo Caiado;PFL;GO;51;0;2005;RONALDO CAIADO;PEC;400;2005;Proposta de Emenda à Constituição;Revoga o § 6º do art. 62 da Constituição Federal, que dispõe sobre o regime de urgência na apreciação de Medidas Provisórias.;Extingue o regime de urgência na tramitação das Medidas Provisórias, especialmente no que concerne ao trancamento da pauta de deliberações do Congresso Nacional. Altera a Constituição Federal de 1988.;Alteração, Constituição Federal, Processo Legislativo, revogação, dispositivos, sobrestamento, pauta, Plenário, Câmara dos Deputados, Senado, apreciação, Medida Provisória, regime de urgência.;2005-05-25T15:30:00;https://www.camara.leg.br/proposicoesWeb/prop_mostrarintegra?codteor=309309;2015-03-19T09:46:00;Desarquivamento a Pedido;Arquivada;Proposição Sujeita à Apreciação do Plenário;https://www.camara.leg.br/proposicoesWeb/prop_mostrarintegra?codteor=1310903;Processo Legislativo e Atuação Parlamentar;Processo Legislativo e Atuação Parlamentar;Arquivada;Desarquivamento a Pedido;False
291906;74813.0;Ronaldo Caiado;PFL;GO;1;1;2005;RONALDO CAIADO;PL;5507;2005;Projeto de Lei;Dispõe sobre a repactuação e o alongamento de dívidas originárias de operações de crédito rural, altera a Lei nº 10.437, de 25 de abril de 2002, e dá outras providências.;Incluindo como beneficiário da renegociação de dívidas das operações de crédito rural o produtor rural amparado pelo Programa de Revitalização de Cooperativas de Produção Agropecuária,  FUNCAFÉ, PRODECER II, PROGER RURAL, PESA, e outros.;"Critérios, prorrogação, prazo, pagamento, prestações vencidas, prestações vincendas, repactuação, dívida, crédito rural, produtor rural, atualização monetária, saldo devedor,  manutenção, bônus, adimplência, fixação, percentual, desconto, autorização, instituição financeira, bancos, Sistema Nacional de Crédito Rural, financiamento, aquisição, título, certificado, Tesouro Nacional, securitização.  
_ Alteração, lei federal, redução, limite máximo, taxas, juros, autorização, prorrogação, prestações vincendas, prestações vencidas, contrato, Programa de Revitalização de Cooperativas de Produção Agropecuária, (FUNCAFÉ), agente financeiro, Sistema Nacional de Crédito Rural, Programa de Desenvolvimento dos Cerrados, recursos públicos, (FNO), (FCO), renegociação, dívida, crédito rural, agricultor familiar, pequeno produtor rural, mini produtor rural, cooperativa rural, associações, autorização, reavaliação, substituição, garantia, titularidade, transferência, imóvel rural, solicitação, mutuário, desconto, pagamento antecipado, parcela.";2005-06-27T14:28:00;https://www.camara.leg.br/proposicoesWeb/prop_mostrarintegra?codteor=319077;2017-11-23T00:00:00;Arquivamento;Arquivada;Proposição Sujeita à Apreciação Conclusiva pelas Comissões - Art. 24 II;https://www.camara.leg.br/proposicoesWeb/prop_mostrarintegra?codteor=1633563;Estrutura Fundiária;Estrutura Fundiária;Arquivada;Arquivamento;False
292416;74813.0;Ronaldo Caiado;PFL;GO;42;0;2005;RONALDO CAIADO;PEC;429;2005;Proposta de Emenda à Constituição;Dá nova redação ao § 3º do art. 77 da Constituição Federal;"Estabelece que em caso de diferença de voto igual ou superior a 20% (vinte por cento) dos votos válidos entre os candidatos será considerado eleito o candidato mais votado, dispensa a convocação do eleitor para o segundo turno de votação; altera a Constituição Federal de 1988.";Alteração, Constituição Federal, Executivo, normas, critérios, eleições, Presidente da República, Vice-Presidente da República, Governador, Prefeito, processo eleitoral, sistema majoritário, eleição, inexistência, maioria absoluta, votação, candidato, primeiro turno, dispensa, convocação, realização, segundo turno, existência, percentagem, superioridade, diferença, voto válido.;2005-06-29T18:16:08;https://www.camara.leg.br/proposicoesWeb/prop_mostrarintegra?codteor=320223;2008-02-28T00:00:00;Notificações;Arquivada;Proposição Sujeita à Apreciação do Plenário;https://www.camara.leg.br/proposicoesWeb/prop_mostrarintegra?codteor=540622;Administração Pública;Administração Pública | Processo Legislativo e Atuação Parlamentar;Arquivada;Notificações;False
292608;74813.0;Ronaldo Caiado;PFL;GO;65;0;2005;RONALDO CAIADO;PEC;436;2005;Proposta de Emenda à Constituição;Dá nova redação aos dispositivos que menciona, estabelecendo a idade de setenta e cinco anos para a aposentadoria compulsória no serviço público.;Estabelece  a idade máxima de 70 (setenta) anos para o ingresso de Ministros nos Tribunais Superiores, (STF, STJ e TST).;Administração Pública, aumento, limite de idade, concessão, aposentadoria compulsória, servidor público civil, limite máximo, idade, escolha, ingresso, Ministros, Supremo Tribunal Federal (STF), Superior Tribunal de Justiça (STJ), Tribunal Superior do Trabalho (TST), Tribunais Superiores.;2005-06-30T16:23:21;https://www.camara.leg.br/proposicoesWeb/prop_mostrarintegra?codteor=320571;2015-03-19T09:46:00;Desarquivamento a Pedido;Arquivada;Proposição Sujeita à Apreciação do Plenário;https://www.camara.leg.br/proposicoesWeb/prop_mostrarintegra?codteor=1310903;Administração Pública;Administração Pública;Arquivada;Desarquivamento a Pedido;False
298051;74813.0;Ronaldo Caiado;PFL;GO;59;0;2005;RONALDO CAIADO;PEC;450;2005;Proposta de Emenda à Constituição;Dá nova redação ao art. 144, criando a Polícia Portuária Federal.;Estabelece  que os Guardas Portuários poderão integrar a Polícia Portuária Federal. Altera a Constituição Federal de 1988.;Alteração, Constituição Federal,  Disposições Constitucionais Transitórias, inclusão, Polícia Portuária Federal, órgãos, Segurança Pública, patrulha, policiamento ostensivo, porto organizado, possibilidade, Guarda Portuário, vinculação, Ministério dos Transportes (1992-2016), limitação, data, nomeação, regulamentação, lei federal, opção, lotação, Polícia.;2005-08-24T17:53:21;https://www.camara.leg.br/proposicoesWeb/prop_mostrarintegra?codteor=335418;2008-02-28T00:00:00;Notificações;Arquivada;Proposição Sujeita à Apreciação do Plenário;https://www.camara.leg.br/proposicoesWeb/prop_mostrarintegra?codteor=540622;Defesa e Segurança;Defesa e Segurança | Viação, Transporte e Mobilidade;Arquivada;Notificações;False
298247;74813.0;Ronaldo Caiado;PFL;GO;45;0;2005;RONALDO CAIADO;PEC;452;2005;Proposta de Emenda à Constituição;Acrescenta parágrafo ao art. 14 e altera a redação do § 4º do art. 55 da Constituição Federal, para dispor sobre a inelegibilidade dos mandatários que tiverem renunciado.;Torna inelegíveis por 8 (oito) anos aqueles que renunciarem a seus mandatos por suspeita ou investigação de atos que ensejem a perda do mandato eletivo. Altera a Constituição Federal de 1988.;Alteração, Constituição Federal, Direitos Políticos, inelegibilidade, cargo eletivo, limite mínimo, prazo, Parlamentar, Deputado Federal, Senador, renúncia, mandato eletivo, investigação, suspeita, denúncia, perda, mandato, falta, quebra, decoro parlamentar, proibição, elegibilidade, candidatura, eleição.;2005-08-25T18:55:48;https://www.camara.leg.br/proposicoesWeb/prop_mostrarintegra?codteor=335876;2008-02-28T00:00:00;Notificações;Arquivada;Proposição Sujeita à Apreciação do Plenário;https://www.camara.leg.br/proposicoesWeb/prop_mostrarintegra?codteor=540622;Administração Pública;Administração Pública | Processo Legislativo e Atuação Parlamentar;Arquivada;Notificações;False
304008;74813.0;Ronaldo Caiado;PFL;GO;145;0;2005;RONALDO CAIADO;PEC;471;2005;Proposta de Emenda à Constituição;Dá nova redação ao parágrafo 3º do art. 236 da Constituição Federal.;"Estabelece a efetivação para os atuais responsáveis e substitutos pelos serviços notariais, investidos na forma da lei.  Conhecida como ""PEC dos Cartórios"".";Efetivação, inexigibilidade, dispensa, concurso público, vacância, serviço notarial, responsável, substituto, manutenção, atuação, serviço notarial, cartório, delegação de competência, Poder Público.;2005-10-20T14:07:00;https://www.camara.leg.br/proposicoesWeb/prop_mostrarintegra?codteor=349599;2021-05-05T17:36:00;Apresentação de Requerimento;Pronta para Pauta;Proposição Sujeita à Apreciação do Plenário;https://www.camara.leg.br/proposicoesWeb/prop_mostrarintegra?codteor=2004896;Administração Pública;Administração Pública;Pronta para Pauta;Apresentação de Requerimento;False
308870;74813.0;Ronaldo Caiado;PFL;GO;57;0;2005;RONALDO CAIADO;PEC;487;2005;Proposta de Emenda à Constituição;Dispõe sobre a Defensoria Pública, suas atribuições, garantias, vedações e dá outras providências.;;"Definição, Defensoria Pública, competência, critérios, funcionamento, atuação, composição, vitaliciedade, inamovibilidade, irredutibilidade, subsídio, foro especial, Defensor Público, Advogado.  
_ Retirada, competência, União Federal, organização, manutenção, Defensoria Pública do Distrito Federal.  
_ Competência, Defensor Público-Geral da União, inaplicabilidade, Medida Provisória, Lei Delegada, organização, Defensoria Pública, legitimidade, proposição, ação declaratória de constitucionalidade, ação direta de inconstitucionalidade, defesa, direitos coletivos, autonomia administrativa, crime de responsabilidade, Presidente da República, impedimento, exercício funcional.";2005-12-06T17:57:35;https://www.camara.leg.br/proposicoesWeb/prop_mostrarintegra?codteor=362085;2013-06-04T00:00:00;Publicação de Proposição;Pronta para Pauta;Proposição Sujeita à Apreciação do Plenário;;Administração Pública;Administração Pública;Pronta para Pauta;Publicação de Proposição;False
309257;74813.0;Ronaldo Caiado;PFL;GO;148;0;2005;RONALDO CAIADO;PEC;489;2005;Proposta de Emenda à Constituição;Dá nova redação ao art. 228 da Constituição Federal.;Submete o menor de 18 (dezoito) anos acusado da prática de delito penal à prévia avaliação psicológica para que o juiz conclua sobre sua inimputabilidade.;Critérios, inimputabilidade penal, adolescente, menor, infração penal, avaliação psicológica.;2005-12-07T19:32:00;https://www.camara.leg.br/proposicoesWeb/prop_mostrarintegra?codteor=362819;2015-07-01T00:00:00;Desapensação;Arquivada;Proposição Sujeita à Apreciação do Plenário;;Direito Penal e Processual Penal;Direito Penal e Processual Penal;Arquivada;Desapensação;False
310459;74813.0;Ronaldo Caiado;PFL;GO;69;0;2005;RONALDO CAIADO;PEC;491;2005;Proposta de Emenda à Constituição;Altera o art. 62 da Constituição Federal.;Altera critérios e prazos para edição e tramitação de Medida Provisória. Altera a Constituição Federal de 1988.;Alteração, Constituição Federal, Processo Legislativo, prazo, Câmara dos Deputados, Senado, apreciação, tramitação, critérios, edição, Medida Provisória, exigência, admissibilidade, relevância, urgência, transformação, projeto de lei, Presidente da República, sobrestamento, exceção, matéria, competência privativa, Congresso Nacional, Senado, aprovação, escolha, magistrado, ministro, presidente, Banco Central do Brasil (Bacen), chefe, missão diplomática.;2005-12-15T11:31:38;https://www.camara.leg.br/proposicoesWeb/prop_mostrarintegra?codteor=365169;2008-12-17T00:00:00;Arquivamento;Arquivada;Proposição Sujeita à Apreciação do Plenário;;Processo Legislativo e Atuação Parlamentar;Processo Legislativo e Atuação Parlamentar;Arquivada;Arquivamento;False
312485;74813.0;Ronaldo Caiado;PFL;GO;36;0;2006;RONALDO CAIADO;PEC;496;2006;Proposta de Emenda à Constituição;Dá nova redação ao art. 149 da Constituição Federal e dá outras providências.;Estabelece que os Estados, o Distrito Federal e os Municípios fixarão alíquota de contribuição para financiar o Regime Próprio de Previdência Social de seus servidores, que atenderá ao objetivo de equilíbrio atuarial e financeiro do respectivo regime previdenciário. Alterando a Constituição Federal de 1988.;Constituição Federal (1988), Estado (ente federado), Distrito Federal (Brasil), Município, alíquota, contribuição previdenciária, servidor público, Regime Próprio de Previdência Social (RPPS), Poder Público, contribuição social, cota patronal, tributação.;2006-01-25T16:32:07;https://www.camara.leg.br/proposicoesWeb/prop_mostrarintegra?codteor=370849;2008-02-28T00:00:00;Notificações;Arquivada;Proposição Sujeita à Apreciação do Plenário;https://www.camara.leg.br/proposicoesWeb/prop_mostrarintegra?codteor=540664;Finanças Públicas e Orçamento;Finanças Públicas e Orçamento | Previdência e Assistência Social;Arquivada;Notificações;False
312687;74813.0;Ronaldo Caiado;PFL;GO;1;1;2006;RONALDO CAIADO;PRC;281;2006;Projeto de Resolução de Criação de CPI;Institui Comissão Parlamentar de Inquérito destinada a investigar as causas da crise por que passa o setor produtivo de carnes no Brasil,  a formação de cartel, concentração de unidades frigoríficas,  manipulação de preços no mercado de carnes,  benefícios fiscais e empréstimos de bancos oficiais recebidos por frigoríficos,  e a compra do frigorífico argentino Swift Armour S/A com recursos do BNDES.;Investigação sobre a compra do frigorífico Swift Armour S.A pelo grupo Friboi com recursos do BNDES.  Cria a CPI da Carne Bovina.;Criação, Comissão Parlamentar de Inquérito (CPI), investigação, crise, setor produtivo, carne bovina, agronegócio, formação, cartel, manipulação, preço, benefício fiscal, Banco Nacional de Desenvolvimento Econômico e Social (BNDES), empréstimo, recursos públicos, aquisição, frigorífico, País Estrangeiro, Argentina.;2006-01-26T14:43:00;https://www.camara.leg.br/proposicoesWeb/prop_mostrarintegra?codteor=371139;2010-05-06T00:00:00;Notificações;Arquivada;Proposição Sujeita à Apreciação do Plenário;https://www.camara.leg.br/proposicoesWeb/prop_mostrarintegra?codteor=764946;Estrutura Fundiária;Estrutura Fundiária | Processo Legislativo e Atuação Parlamentar;Arquivada;Notificações;False
313440;74813.0;Ronaldo Caiado;PFL;GO;44;0;2006;RONALDO CAIADO;PRC;286;2006;Projeto de Resolução;Institui Comissão Parlamentar de Inquérito destinada a investigar a veracidade ou não das recentes denúncias de fraudes praticadas por empresas instaladas na Zona Franca de Manaus e em oito áreas de livre comércio da Região Norte.;;Criação, (CPI), investigação, denúncia, fraude, ilícito fiscal, benefício fiscal, isenção fiscal, tributos, empresa, Zona Franca de Manaus, Área de Livre Comércio, Estado, (AM), (AC), (RO), (RR), (AP), Região Norte.;2006-02-02T18:49:00;https://www.camara.leg.br/proposicoesWeb/prop_mostrarintegra?codteor=373446;2015-03-19T09:46:00;Desarquivamento a Pedido;Arquivada;Proposição Sujeita à Apreciação do Plenário;https://www.camara.leg.br/proposicoesWeb/prop_mostrarintegra?codteor=1310903;Economia;Economia | Processo Legislativo e Atuação Parlamentar | Finanças Públicas e Orçamento;Arquivada;Desarquivamento a Pedido;False
314372;74813.0;Ronaldo Caiado;PFL;GO;48;0;2006;RONALDO CAIADO;PEC;512;2006;Proposta de Emenda à Constituição;Dá nova redação ao inciso VIII do art. 49, acrescenta os arts. 56-A e 87-A e revoga o inciso VII do art. 49 da Constituição Federal para atribuir ao Supremo Tribunal Federal a iniciativa de lei para fixar subsídios para seus Ministros, Deputados Federais, Senadores e Ministros de Estado.;Altera a Constituição Federal de 1988.;Alteração, Constituição Federal, Legislativo, equiparação, isonomia salarial, Ministro de Estado, Deputado Federal, Senador, Ministro, Supremo Tribunal Federal (STF),  competência, fixação, subsídios.;2006-02-14T17:20:00;https://www.camara.leg.br/proposicoesWeb/prop_mostrarintegra?codteor=375684;2008-02-28T00:00:00;Notificações;Arquivada;Proposição Sujeita à Apreciação do Plenário;https://www.camara.leg.br/proposicoesWeb/prop_mostrarintegra?codteor=540664;Administração Pública;Administração Pública;Arquivada;Notificações;False
314373;74813.0;Ronaldo Caiado;PFL;GO;49;0;2006;RONALDO CAIADO;PEC;513;2006;Proposta de Emenda à Constituição;Altera os arts. 51, IV, e 52, XIII, da Constituição Federal.;Dispõe sobre a competência privativa do Senado e da Câmara dos Deputados para fixar a respectiva remuneração. Altera a Constituição Federal de 1988.;Alteração, Constituição Federal, Legislativo, competência privativa, Senado, Câmara dos Deputados, fixação, remuneração, Senador, Deputado Federal, Parlamentar.;2006-02-14T17:24:06;https://www.camara.leg.br/proposicoesWeb/prop_mostrarintegra?codteor=375686;2008-02-28T00:00:00;Notificações;Arquivada;Proposição Sujeita à Apreciação do Plenário;https://www.camara.leg.br/proposicoesWeb/prop_mostrarintegra?codteor=540664;Administração Pública;Administração Pública;Arquivada;Notificações;False
320708;74813.0;Ronaldo Caiado;PFL;GO;53;0;2006;RONALDO CAIADO;PEC;537;2006;Proposta de Emenda à Constituição;Altera o § 8º do art. 144 da Constituição Federal.;Autoriza as Guardas Municipais a realizarem policiamento ostensivo, mediante convênio firmado com o Estado-Membro.;Segurança Pública, lei estadual, normas, possibilidade, Guarda Municipal, execução, policiamento ostensivo, coordenação, Polícia Militar, convênio, Estados.;2006-04-12T15:34:34;https://www.camara.leg.br/proposicoesWeb/prop_mostrarintegra?codteor=387754;2026-02-10T11:00:00;Saída de Relator(a) da Comissão - Sem Parecer Apresentado;Aguardando Designação - Aguardando Devolução de Relator(a) que deixou de ser Membro;Proposição Sujeita à Apreciação do Plenário;;Defesa e Segurança;Defesa e Segurança;Aguardando Designação - Aguardando Devolução de Relator(a) que deixou de ser Membro;Saída de Relator(a) da Comissão - Sem Parecer Apresentado;False
326914;74813.0;Ronaldo Caiado;PFL;GO;50;0;2006;RONALDO CAIADO;PEC;551;2006;Proposta de Emenda à Constituição;Acrescenta inciso ao art. 55 da Constituição Federal, estabelecendo perda de mandato ao Deputado que durante o  seu exercício  transferir  seu domicílio eleitoral.;;Constituição Federal (1988) , Poder  Legislativo, perda de mandato parlamentar, Deputado Federal, transferência, domicílio eleitoral, exercício, mandato eletivo.;2006-06-06T19:03:59;https://www.camara.leg.br/proposicoesWeb/prop_mostrarintegra?codteor=401571;2011-01-31T00:00:00;Arquivamento;Arquivada;Proposição Sujeita à Apreciação do Plenário;https://www.camara.leg.br/proposicoesWeb/prop_mostrarintegra?codteor=850547;Processo Legislativo e Atuação Parlamentar;Processo Legislativo e Atuação Parlamentar;Arquivada;Arquivamento;False
327990;74813.0;Ronaldo Caiado;PFL;GO;45;0;2006;RONALDO CAIADO;PEC;553;2006;Proposta de Emenda à Constituição;Institui o Sistema de Controle Interno do Poder Executivo.;;Constituição Federal (1988), criação,   controle interno, Poder Executivo, composição, órgão central, administração financeira, Secretaria do Tesouro Nacional, Ministério da Fazenda, orçamento, Secretaria de Orçamento Federal, Ministério do Planejamento, Orçamento e Gestão, contabilidade, auditoria, Controladoria Geral da União, competência, membros, titular, nomeação, Presidente da República, critérios, cargo de confiança, transferência, organização administrativa, (CISET), assessoria especial.;2006-06-21T10:07:50;https://www.camara.leg.br/proposicoesWeb/prop_mostrarintegra?codteor=404224;2007-01-31T00:00:00;Arquivamento;Arquivada;Proposição Sujeita à Apreciação do Plenário;https://www.camara.leg.br/proposicoesWeb/prop_mostrarintegra?codteor=473071;Administração Pública;Administração Pública | Finanças Públicas e Orçamento;Arquivada;Arquivamento;False
327991;74813.0;Ronaldo Caiado;PFL;GO;44;0;2006;RONALDO CAIADO;PEC;554;2006;Proposta de Emenda à Constituição;Altera  o art. 131 da Constituição Federal.;Subordina a Advocacia - Geral diretamento à Presidência da República, transfere - lhe a cobrança da dívida ativa da União Federal e o controle interno dos atos e supervisão dos serviços jurídicos da Administração Federal.;"Constituição Federal (1988), Advocacia-Geral da União, representação judicial, consultoria jurídica, União Federal, vinculação, Presidente da República, competência privativa, cobrança judicial, ato extra-judicial, dívida ativa, controle interno, supervisão, serviços jurídicos, Executivo, realização, concurso público, concurso de provas e  títulos, ingresso, cargo de carreira, cargo em comissão, exclusividade, advogado, participação, (OAB).
- Regulamentação, lei complementar, organização, funcionamento, Advocacia - Geral da União, carreira, regime jurídico, advogado.";2006-06-21T10:09:02;https://www.camara.leg.br/proposicoesWeb/prop_mostrarintegra?codteor=404225;2006-09-20T00:00:00;Arquivamento;Arquivada;Proposição Sujeita à Apreciação do Plenário;https://www.camara.leg.br/proposicoesWeb/prop_mostrarintegra?codteor=418067;Administração Pública;Administração Pública;Arquivada;Arquivamento;False
328683;74813.0;Ronaldo Caiado;PFL;GO;1;1;2006;RONALDO CAIADO;PL;7254;2006;Projeto de Lei;Altera a exigibilidade bancária para aplicação em crédito rural;Eleva para 30% (trinta por cento) a aplicação em crédito rural incidente sobre a média diária dos depósitos à vista das instituições financeiras.;Alteração, aumento, exigibilidade, aplicação, crédito rural, depósito à vista, instituição financeira, bancos, obrigatoriedade, prorrogação, operação financeira, financiamento rural, autorização, Conselho Monetário Nacional.;2006-06-28T12:26:09;https://www.camara.leg.br/proposicoesWeb/prop_mostrarintegra?codteor=405753;2015-01-31T00:00:00;Arquivamento;Arquivada;Proposição Sujeita à Apreciação Conclusiva pelas Comissões - Art. 24 II;;Estrutura Fundiária;Estrutura Fundiária;Arquivada;Arquivamento;False
330324;74813.0;Ronaldo Caiado;PFL;GO;39;0;2006;RONALDO CAIADO;PEC;557;2006;Proposta de Emenda à Constituição;Dá nova redação ao inciso VI do art. 29 da Constituição da República.;Autoriza os Vereadores a reajustar seus subsídios na legislatura atual, em andamento. Altera a Constituição Federal de 1988.;Alteração, Constituição Federal, autorização, Câmara Municipal, fixação, reajuste, aumento, subsídio, Vereador, legislatura, andamento.;2006-07-12T12:40:12;https://www.camara.leg.br/proposicoesWeb/prop_mostrarintegra?codteor=409224;2015-03-19T09:46:00;Desarquivamento a Pedido;Arquivada;Proposição Sujeita à Apreciação do Plenário;https://www.camara.leg.br/proposicoesWeb/prop_mostrarintegra?codteor=1310903;Política, Partidos e Eleições;Política, Partidos e Eleições;Arquivada;Desarquivamento a Pedido;False
337906;74813.0;Ronaldo Caiado;PFL;GO;48;0;2006;RONALDO CAIADO;PEC;587;2006;Proposta de Emenda à Constituição;Dá nova redação ao art. 45 da Constituição Federal.;Reduz a composição da Câmara dos Deputados para 342 (trezentos e quarenta e dois) deputados federais, com mínimo de 5 (cinco) e o máximo de 65 (sessenta e cinco) Deputados por Estado, e 01 (um) por Território.;Legislativo, redução, quantidade, Deputado Federal, composição, Câmara dos Deputados, eleição proporcional, população, Estados, Distrito Federal, Territórios Federais.;2006-12-07T17:15:03;https://www.camara.leg.br/proposicoesWeb/prop_mostrarintegra?codteor=429224;2015-06-17T00:00:00;Declaração de Prejudicialidade;Arquivada;Proposição Sujeita à Apreciação do Plenário;;Política, Partidos e Eleições;Política, Partidos e Eleições;Arquivada;Declaração de Prejudicialidade;False
339287;74813.0;Ronaldo Caiado;PFL;GO;147;0;2015;RONALDO CAIADO;PEC;38;2015;Proposta de Emenda à Constituição;"Dá nova redação ao parágrafo 1º do art. 58  da Constituição Federal.

NOVA EMENTA: Dá nova redação ao § 1º do art. 58 da Constituição Federal, para garantir a representação proporcional de cada sexo na composição das Mesas e Comissões do Congresso Nacional, da Câmara dos Deputados e do Senado Federal.";Garante a representação proporcional de cada sexo na composição das Mesas Diretoras da Câmara dos Deputados e do Senado e de cada Comissão, assegurando, ao menos, uma vaga para cada sexo.;Poder Legislativo, composição, Mesa Diretora, Comissão, Câmara dos Deputados, Senado, Congresso Nacional, garantia, representação proporcional, sexo masculino, sexo feminino, mulher, ocupação, vaga.;2006-12-21T14:29:00;https://www.camara.leg.br/proposicoesWeb/prop_mostrarintegra?codteor=432013;2015-03-26T00:00:00;Remessa ao Senado Federal;Aguardando Apreciação pelo Senado Federal;Proposição Sujeita à Apreciação do Plenário;https://www.camara.leg.br/proposicoesWeb/prop_mostrarintegra?codteor=1314677;Processo Legislativo e Atuação Parlamentar;Processo Legislativo e Atuação Parlamentar;Aguardando Apreciação pelo Senado Federal;Remessa ao Senado Federal;False
340029;74813.0;Ronaldo Caiado;PFL;GO;41;0;2007;RONALDO CAIADO;PEC;1;2007;Proposta de Emenda à Constituição;Revoga o § 5º do art. 14 da Constituição Federal, que autoriza a reeleição do Presidente da República, dos Governadores de Estado e do Distrito Federal e dos Prefeitos.;Altera a Constituição Federal de 1988.;Alteração, Constituição Federal, Direitos Políticos, proibição, reeleição, Presidente da República, Governador, Estado (ente federado), Distrito Federal, Prefeito Municipal.;2007-02-06T14:08:00;https://www.camara.leg.br/proposicoesWeb/prop_mostrarintegra?codteor=433869;2015-03-27T11:52:00;Desarquivamento a Pedido;Arquivada;Proposição Sujeita à Apreciação do Plenário;https://www.camara.leg.br/proposicoesWeb/prop_mostrarintegra?codteor=1315051;Política, Partidos e Eleições;Política, Partidos e Eleições;Arquivada;Desarquivamento a Pedido;False
340893;74813.0;Ronaldo Caiado;PFL;GO;27;0;2007;RONALDO CAIADO;PEC;7;2007;Proposta de Emenda à Constituição;Altera os  arts. 98 e 144 da Constituição Federal.;"Institui Juizado de Instrução Criminal para investigar infração de maior potencial ofensivo; dá poder de investigação à polícia militar, que ficará responsável pelos boletins de ocorrência; inclui as Guardas Municipais entre os órgãos de Segurança Pública, atribuindo-lhes competência para investigar infrações criminais, nas cidades com mais de dois milhões de habitantes.";Constituição Federal (1988),   criação, Juizado de  Instrução Criminal,   investigação, infração penal, competência, Polícia Militar, lavratura, Termo Circunstanciado de Ocorrência (TCO),  infração penal de menor potencial ofensivo,  inclusão, Guarda Municipal, Órgão de segurança pública.;2007-02-14T22:06:00;https://www.camara.leg.br/proposicoesWeb/prop_mostrarintegra?codteor=435294;2023-01-31T00:00:00;Despacho de Apensação;Tramitando em Conjunto;Proposição Sujeita à Apreciação do Plenário;;Administração Pública;Administração Pública | Defesa e Segurança;Tramitando em Conjunto;Despacho de Apensação;False
343224;74813.0;Ronaldo Caiado;PFL;GO;38;0;2007;RONALDO CAIADO;PEC;9;2007;Proposta de Emenda à Constituição;Acrescenta alínea ao inciso XLVI  do art. 5º da Constituição Federal, determinando o cumprimento da pena em regime disciplinar diferenciado, por parte de integrantes de organizações criminosas.;;Alteração, Direitos e Garantias Fundamentais, cumprimento, pena,  regime disciplinar diferenciado, preso, criminoso, organização criminosa.;2007-03-01T16:44:14;https://www.camara.leg.br/proposicoesWeb/prop_mostrarintegra?codteor=438639;2019-08-22T00:00:00;Devolução à CCP;Arquivada;Proposição Sujeita à Apreciação do Plenário;;Defesa e Segurança;Defesa e Segurança;Arquivada;Devolução à CCP;False
343431;74813.0;Ronaldo Caiado;PFL;GO;37;0;2007;RONALDO CAIADO;PEC;10;2007;Proposta de Emenda à Constituição;Acresce parágrafo ao art. 217 da Constituição Federal.;Dispõe que lei específica definirá a destinação e a redistribuição dos recursos financeiros de origem pública que são administrados por entidade de prática desportiva, incluindo os repassados à CBF. Altera a Constituição Federal de 1988.;Alteração, Constituição Federal, Desporto, lei federal, definição, distribuição, recursos públicos, entidade de prática desportiva, clube, confederação, futebol, contrato, convênio, órgão público,  Administração Pública, concessionária, permissionária, serviços públicos.;2007-03-05T17:00:18;https://www.camara.leg.br/proposicoesWeb/prop_mostrarintegra?codteor=439246;2012-05-18T00:00:00;Notificações;Arquivada;Proposição Sujeita à Apreciação do Plenário;https://www.camara.leg.br/proposicoesWeb/prop_mostrarintegra?codteor=1014627;Esporte e Lazer;Esporte e Lazer;Arquivada;Notificações;False
344176;74813.0;Ronaldo Caiado;DEM;GO;31;0;2007;RONALDO CAIADO;PEC;14;2007;Proposta de Emenda à Constituição;Dá nova redação ao  § 5º do art. 40 e ao § 8º do art. 201 da Constituição Federal.;Inclui todos os profissionais da educação escolar que comprove exclusivamente tempo de efetivo exercício nas funções de magistério de docência ou de suporte pedagógico à docência como beneficiário da aposentadoria especial, com redução de 5 (cinco) anos no tempo de contribuição e na idade.;Constituição Federal (1988), Redução, Tempo de contribuição, requisito, aposentadoria voluntária, aposentadoria especial, profissional de educação, comprovação, exclusividade, atividade, magistério, professor, Especialista em educação, Orientador educacional.;2007-03-08T17:03:25;https://www.camara.leg.br/proposicoesWeb/prop_mostrarintegra?codteor=440789;2024-03-14T00:00:00;Notificações;Tramitando em Conjunto;Proposição Sujeita à Apreciação do Plenário;;Administração Pública;Administração Pública | Previdência e Assistência Social;Tramitando em Conjunto;Notificações;False
344626;74813.0;Ronaldo Caiado;PFL;GO;35;0;2007;RONALDO CAIADO;PEC;19;2007;Proposta de Emenda à Constituição;Modifica a redação do art. 50 e acrescenta incisos VII ao art. 55 e VII ao parágrafo 2º do art. 58 da Constituição Federal.;Inclui competência às Comissões das Casas do Congresso Nacional para que aprovem Relatório de Acompanhamento e Avaliação periódica do desempenho dos órgãos da Administração Pública Federal, contendo recomendações para a melhoria da qualidade do serviço de cada órgão. Altera a Constituição Federal de 1988.;Alteração, Constituição Federal, Legislativo, autorização, Câmara dos Deputados, Senado, Comissão, convocação, cidadão,  informações, competência, Comissão Permanente, Comissão Temporária, (CPI), elaboração, aprovação, Relatório, Acompanhamento, Avaliação, atuação, órgão público, Administração Pública Federal, qualidade, prestação de serviço, serviço público, gestão, fiscalização, desvio, arrecadação, aplicação de recursos, recursos públicos, Comissões, investigação, informação reservada, perda, mandato parlamentar, Deputado Federal, Senador, divulgação, dados, conclusão, recomendação, anterioridade, publicação oficial.;2007-03-14T14:57:45;https://www.camara.leg.br/proposicoesWeb/prop_mostrarintegra?codteor=442189;2012-05-18T00:00:00;Notificações;Arquivada;Proposição Sujeita à Apreciação do Plenário;https://www.camara.leg.br/proposicoesWeb/prop_mostrarintegra?codteor=1014627;Administração Pública;Administração Pública;Arquivada;Notificações;False
347707;74813.0;Ronaldo Caiado;PFL;GO;33;0;2007;RONALDO CAIADO;PEC;33;2007;Proposta de Emenda à Constituição;Altera o § 6º do art. 226 da Constituição Federal, para supressão do instituto da separação judicial.;Estabelece que o casamento civil será dissolvido pelo divórcio consensual ou litigioso. Altera a Constituição Federal de 1988.;Alteração, Constituição Federal, Família, supressão, separação judicial, dissolução, casamento civil, utilização, divórcio.;2007-04-10T21:05:00;https://www.camara.leg.br/proposicoesWeb/prop_mostrarintegra?codteor=450217;2009-05-20T00:00:00;Desapensação;Arquivada;Proposição Sujeita à Apreciação do Plenário;;Direito Civil e Processual Civil;Direito Civil e Processual Civil;Arquivada;Desapensação;False
347718;74813.0;Ronaldo Caiado;DEM;GO;28;0;2007;RONALDO CAIADO;PEC;34;2007;Proposta de Emenda à Constituição;Dá nova redação ao art. 37 da Constituição Federal.;Estabelece critérios para realização de concurso interno para ascensão funcional na Administração Pública.;Administração Pública, critérios, realização, concurso interno, concurso de provas, ascensão funcional, servidor público civil, cargo efetivo, competência, Judiciário, declaração, nulidade.;2007-04-10T22:06:30;https://www.camara.leg.br/proposicoesWeb/prop_mostrarintegra?codteor=450232;2019-01-31T00:00:00;Arquivamento;Arquivada;Proposição Sujeita à Apreciação do Plenário;;Administração Pública;Administração Pública;Arquivada;Arquivamento;False
348066;74813.0;Ronaldo Caiado;DEM;GO;21;0;2007;RONALDO CAIADO;PEC;41;2007;Proposta de Emenda à Constituição;Altera o § 1º do Art. 27 da Constituição Federal  e acrescenta artigo ao Ato das Disposições Constitucionais Transitórias para possibilitar aos Estados Federados alterarem o início do mandato dos Deputados Estaduais.;Para os Deputados Estaduais da Legislatura de 2011 a 2015, para o fim de alteração da data de início da Legislatura de 2016.;Alteração, Ato das Disposições Constitucionais Transitórias, autorização, Estados, redução, duração, mandato eletivo, Deputado Estadual, data, posse, Assembléia Legislativa.;2007-04-12T17:09:00;https://www.camara.leg.br/proposicoesWeb/prop_mostrarintegra?codteor=451103;2015-06-17T00:00:00;Declaração de Prejudicialidade;Arquivada;Proposição Sujeita à Apreciação do Plenário;;Administração Pública;Administração Pública;Arquivada;Declaração de Prejudicialidade;False
348719;74813.0;Ronaldo Caiado;DEM;GO;30;0;2007;RONALDO CAIADO;PEC;45;2007;Proposta de Emenda à Constituição;Altera o Sistema Tributário Nacional e dá outras providências.;"Introduz os impostos seletivos na competência federal e estadual, pago ao Estado consumidor, através da substituição tributária, sem oneração para as exportações; estabelece na competência da União a criação do imposto sobre movimentação financeira, com alíquota máxima de 0,76% e retira a CSLL; extingue o imposto sobre grandes fortunas; entrega aos Municípios o IPVA, o imposto sobre propriedade territorial rural e o imposto sobre transmissão ""causa mortis"".";"Constituição Federal (1988), Reforma Tributária, criação, imposto seletivo, competência, União,Estado (ente federado), incidência, importação, petróleo, combustível, lubrificante, cigarro, fumo, energia elétrica, bebidas, bebida alcóolica, veículo automotor, telecomunicações, aparelho eletrônico, aparelho eletrodoméstico, produto supérfluo, devolução, exportador, valor, aumento, aquisição, produto exportado.  
_ Competência União,   imposto,  movimentação financeira,  alíquota,  Imposto sobre Produtos Industrializados (IPI), Imposto sobre Operações de Crédito, Câmbio e Seguro ou Relativas a Títulos ou Valores Mobiliários (IOF), Contribuição Social sobre o Lucro Líquido (CSLL), Imposto sobre Grandes Fortunas (IGF).
_ Competência, Município,  Imposto sobre a Propriedade Territorial Rural (ITR), Imposto sobre Transmissão Causa Mortis e Doação de Quaisquer Bens ou Direitos (ITCD), Imposto sobre a Propriedade de Veículos Automotores (IPVA), retirada, Imposto sobre Serviços de Qualquer Natureza (ISS), percentual, participação, imposto seletivo, Estado (ente federado).  
_ Percentual, repasse, imposto de renda, Imposto Provisório sobre Movimentação Financeira (IPMF), imposto seletivo, Fundo de Participação dos Estados e do Distrito Federal (FPE), Fundo de Participação dos Municípios (FPM), Fundos Constitucionais, revogação, dispositivo legal, tributação.";2007-04-19T11:59:20;https://www.camara.leg.br/proposicoesWeb/prop_mostrarintegra?codteor=453067;2024-12-19T00:00:00;Desapensação;Arquivada;Proposição Sujeita à Apreciação do Plenário;;Finanças Públicas e Orçamento;Finanças Públicas e Orçamento;Arquivada;Desapensação;False
348776;74813.0;Ronaldo Caiado;DEM;GO;146;0;2007;RONALDO CAIADO;PEC;48;2007;Proposta de Emenda à Constituição;Altera o art. 228 da Constituição Federal.;Reduz a idade penal para 16 (dezesseis) anos, considerando os maiores de dezesseis anos imputáveis penalmente.;Ordem Social, redução, limite de idade, imputabilidade penal, adolescente, menor.;2007-04-19T15:50:00;https://www.camara.leg.br/proposicoesWeb/prop_mostrarintegra?codteor=453192;2015-07-01T00:00:00;Desapensação;Arquivada;Proposição Sujeita à Apreciação do Plenário;;Direito Penal e Processual Penal;Direito Penal e Processual Penal;Arquivada;Desapensação;False
349661;74813.0;Ronaldo Caiado;DEM;GO;1;1;2007;RONALDO CAIADO;PRC;46;2007;Projeto de Resolução de Alteração do Regimento e outros;Altera a redação dos arts. 9º e 102 do Regimento Interno da Câmara dos Deputados para determinar que a representação dos Líderes se refere ao número de Deputados Federais eleitos pela legenda partidária.;;Alteração, Regimento Interno, Câmara dos Deputados, ampliação, legitimidade, Líder, Bancada, autorização, subscrição, proposição, representante, número, Deputado Federal, candidato eleito, legenda partidária, representação partidária, partido político, eleição.;2007-04-26T15:39:00;https://www.camara.leg.br/proposicoesWeb/prop_mostrarintegra?codteor=455354;2023-01-31T00:00:00;Despacho de Apensação;Tramitando em Conjunto;Proposição Sujeita à Apreciação do Plenário;;Processo Legislativo e Atuação Parlamentar;Processo Legislativo e Atuação Parlamentar;Tramitando em Conjunto;Despacho de Apensação;False
351828;74813.0;Ronaldo Caiado;DEM;GO;1;1;2007;RONALDO CAIADO;PDC;43;2007;Projeto de Decreto Legislativo;"Susta a aplicação do art. 13 do Decreto n° 5.820, de 29 de junho de 2006, que ""dispõe sobre a implantação do SBTVD-T, estabelece diretrizes para a transição do sistema de transmissão analógica para o sistema de transmissão digital do serviço de radiodifusão de sons e imagens e do serviço de retransmissão de televisão, e dá outras providências.""";Dispositivos que autoriza a Administração Federal a explorar o serviço de radiodifusão de sons e imagens em tecnologia digital.;Sustação, dispositivos, decreto federal, implantação, Sistema Brasileiro de Televisão Digital, Administração Pública Federal, exploração, serviço, radiodifusão, tecnologia digital, emissora, televisão pública, Executivo, Educação, Cultura, Cidadania.;2007-05-16T16:44:00;https://www.camara.leg.br/proposicoesWeb/prop_mostrarintegra?codteor=460583;2008-08-12T00:00:00;Arquivamento;Arquivada;Proposição Sujeita à Apreciação do Plenário;https://www.camara.leg.br/proposicoesWeb/prop_mostrarintegra?codteor=590844;Comunicações;Comunicações;Arquivada;Arquivamento;False
353351;74813.0;Ronaldo Caiado;DEM;GO;38;0;2007;RONALDO CAIADO;PEC;72;2007;Proposta de Emenda à Constituição;Dá nova redação ao parágrafo 5º do art. 14 da Constituição Federal e acrescenta artigo ao Ato das Disposições Transitórias.;Proíbe a reeleição do Presidente da República, dos Governadores e Prefeitos para mandato subseqüente, ressalvado os atuais titulares dos cargos mencionados.;Alteração, Ato das Disposições Constitucionais Transitórias, proibição, reeleição, Presidente da República, Governador, Prefeito.;2007-05-29T16:22:00;https://www.camara.leg.br/proposicoesWeb/prop_mostrarintegra?codteor=464587;2015-06-17T00:00:00;Declaração de Prejudicialidade;Arquivada;Proposição Sujeita à Apreciação do Plenário;;Administração Pública;Administração Pública;Arquivada;Declaração de Prejudicialidade;False
383343;74813.0;Ronaldo Caiado;DEM;GO;1;1;2008;RONALDO CAIADO;PDC;476;2008;Projeto de Decreto Legislativo;Susta a tramitação congressual de acordos bilaterais celebrados entre a República Federativa do Brasil e os países que compõem a  União Européia.;;Sustação, tramitação, Congresso Nacional, ato internacional, acordo internacional, País, Brasil, Governo Estrangeiro, União Européia, inclusão, País Estrangeiro, Inglaterra, Irlanda, negociação, embargos, exportação, carne bovina, prejuízo, pecuária.;2008-02-14T11:16:13;https://www.camara.leg.br/proposicoesWeb/prop_mostrarintegra?codteor=537877;2009-12-24T00:00:00;Notificações;Retirado pelo(a) Autor(a);Proposição Sujeita à Apreciação do Plenário;https://www.camara.leg.br/proposicoesWeb/prop_mostrarintegra?codteor=728266;Estrutura Fundiária;Estrutura Fundiária | Relações Internacionais e Comércio Exterior;Retirado pelo(a) Autor(a);Notificações;False
383344;74813.0;Ronaldo Caiado;DEM;GO;1;1;2008;RONALDO CAIADO;PDC;477;2008;Projeto de Decreto Legislativo;Susta a  Instrução Normativa nº 017, de 13 de julho de 2006,  do Ministro de Estado da Agricultura, Pecuária e Abastecimento.;Instrução que estabelece a Norma Operacional do Serviço de Rastreabilidade da Cadeia Produtiva de Bovinos e Bubalinos (SISBOV), aplicável a todas as fases da produção, transformação, distribuição e dos serviços agropecuários.;Sustação, Instrução Normativa, Ministério da Agricultura, Pecuária e Abastecimento, procedimento, rastreamento, produção, transformação, atividade pecuária, bovino, búfalo, condições sanitárias, inspeção fitossanitária, distribuição, embargos, exportação, carne bovina.;2008-02-14T11:18:20;https://www.camara.leg.br/proposicoesWeb/prop_mostrarintegra?codteor=537878;2012-05-18T00:00:00;Notificações;Arquivada;Proposição Sujeita à Apreciação do Plenário;https://www.camara.leg.br/proposicoesWeb/prop_mostrarintegra?codteor=1014627;Estrutura Fundiária;Estrutura Fundiária;Arquivada;Notificações;False
384218;74813.0;Ronaldo Caiado;DEM;GO;1;1;2008;RONALDO CAIADO;PDC;479;2008;Projeto de Decreto Legislativo;Susta o PARECER/CONJUR/MPS/nº 10/2008, aprovado por despacho do Ministro de Estado da Previdência Social, de 17 de janeiro de 2008 (D.O.U. de 18.01.2008).;;Sustação, Parecer, aprovação, Ministro de Estado, Ministério da Previdência Social, inclusão, beneficiário, Previdência Social, trabalhador rural, invasão, ocupação, irregularidade, terras, agricultura.;2008-02-21T16:18:12;https://www.camara.leg.br/proposicoesWeb/prop_mostrarintegra?codteor=539378;2012-05-18T00:00:00;Notificações;Arquivada;Proposição Sujeita à Apreciação do Plenário;https://www.camara.leg.br/proposicoesWeb/prop_mostrarintegra?codteor=1014627;Previdência e Assistência Social;Previdência e Assistência Social;Arquivada;Notificações;False
395076;74813.0;Ronaldo Caiado;DEM;GO;1;1;2008;RONALDO CAIADO;PRC;131;2008;Projeto de Resolução;Disciplina a tramitação de mensagens relativas a tratados e convenções internacionais sobre direitos humanos a serem aprovadas com eficácia de emenda constitucional.;Aplica o disposto no § 3º do art. 5º da Constituição Federal de 1988.;Aplicação, Constituição Federal, Direitos e Garantias Fundamentais, regime de tramitação, proposição, Mensagem, ato internacional, tratado, convenção internacional, matéria, direitos humanos, aprovação, eficácia, Emenda Constitucional, competência, plenário, Câmara dos Deputados, deliberação, maioria absoluta, voto, indicação, Comissão de Relações Exteriores e de Defesa Nacional.;2008-05-15T15:39:15;https://www.camara.leg.br/proposicoesWeb/prop_mostrarintegra?codteor=564351;2011-01-31T00:00:00;Arquivamento;Arquivada;Proposição Sujeita à Apreciação do Plenário;https://www.camara.leg.br/proposicoesWeb/prop_mostrarintegra?codteor=850547;Relações Internacionais e Comércio Exterior;Relações Internacionais e Comércio Exterior;Arquivada;Arquivamento;False
415654;74813.0;Ronaldo Caiado;DEM;GO;93;0;2008;RONALDO CAIADO;PRN;3;2008;Projeto de Resolução do Congresso Nacional;"Altera os arts. 26, 44 e 47 da Resolução nº 1, de 2006-CN, bem como o seu anexo, que ""dispõe sobre a Comissão Mista Permanente a que se refere o § 1º do art. 166 da Constituição Federal, bem como a tramitação das matérias a que se refere o mesmo artigo e dá outras providências.";Dispensa a confecção de ata da reunião da bancada que decidir pela apresentação de emendas ao projeto de lei orçamentária, substituindo-a pela obrigatoriedade de assinatura dos membros da bancada na emenda apresentada à Comissão Mista de Orçamento.;Alteração, Resolução do Congresso Nacional, Comissão Mista Permanente, dispensa, ata, reunião, bancada parlamentar, apresentação, emenda coletiva de bancada estadual, Projeto de Lei Orçamentária Anual, obrigatoriedade, assinatura, membros, bancada, texto, entrega, Comissão Mista de Planos, Orçamentos Públicos e Fiscalização.;2008-11-12T15:44:00;https://www.camara.leg.br/proposicoesWeb/prop_mostrarintegra?codteor=613400;2025-01-21T00:00:00;Arquivamento;Arquivada;Proposição Sujeita à Apreciação do Plenário;;Economia;Economia | Processo Legislativo e Atuação Parlamentar;Arquivada;Arquivamento;False
426800;74813.0;Ronaldo Caiado;DEM;GO;2;1;2009;RONALDO CAIADO;PL;4864;2009;Projeto de Lei;Amplia o benefício do seguro-desemprego ao trabalhador desempregado.;Altera a Lei nº 8.900, de 1994, para ampliar o período máximo variável de concessão do seguro-desemprego para seis a doze meses.;Alteração, legislação trabalhista, aumento, prazo, concessão, seguro-desemprego, trabalhador, desempregado.;2009-03-17T16:47:00;https://www.camara.leg.br/proposicoesWeb/prop_mostrarintegra?codteor=638903;2015-09-04T00:00:00;Arquivamento;Arquivada;Proposição Sujeita à Apreciação do Plenário;;Trabalho e Emprego;Trabalho e Emprego;Arquivada;Arquivamento;False
429259;74813.0;Ronaldo Caiado;DEM;GO;2;1;2009;RONALDO CAIADO;PL;5001;2009;Projeto de Lei;Altera a Lei nº 11.887, de 24 de dezembro de 2008, que cria o Fundo Soberano do Brasil e dá outras providências.;"Destina recursos do Fundo Soberano do Brasil para a compensação financeira aos estados, Distrito Federal e municípios, quando as transferências de receita tributária previstas do FPE e FPM acumulados em um trimestre forem inferiores a cinco por cento ao verificado no ano anterior; define que no exercício de 2009 e 2010, pelo menos oitenta por cento dos recursos do FSB serão destinados a  esta compensação financeira.";Alteração, Lei do Fundo Soberano do Brasil, inclusão, compensação financeira, Estado (ente federado), Distrito Federal (Brasil), município, valor, transferência, receita tributária, Fundo de Participação dos Estados e do Distrito Federal (FPE), Fundo de Participação dos Municípios (FPM), recursos públicos, inferioridade, percentual, trimestre, exercício financeiro anterior, ocorrência, redução, arrecadação, crise, atividade econômica, dispensa, assinatura, convênio, União Federal, tributação.;2009-04-07T16:28:00;https://www.camara.leg.br/proposicoesWeb/prop_mostrarintegra?codteor=644833;2010-06-18T00:00:00;Notificações;Arquivada;Proposição Sujeita à Apreciação Conclusiva pelas Comissões - Art. 24 II;https://www.camara.leg.br/proposicoesWeb/prop_mostrarintegra?codteor=781698;Economia;Economia | Finanças Públicas e Orçamento;Arquivada;Notificações;False
429260;74813.0;Ronaldo Caiado;DEM;GO;2;1;2009;RONALDO CAIADO;PL;5002;2009;Projeto de Lei;Autoriza a União a suplementar as transferências a Estados, Distrito Federal e Municípios, de que tratam os incisos I e II do art. 159, da Constituição Federal e dá outras providências.;Autoriza a suplementação dos repasses constitucionais do Fundo de Participação dos Estados (FPE) e do Fundo de Participação dos Municípios (FPM) devido à queda da arrecadação do imposto de renda e IPI.;Autorização, União, complementação, Fundo de Participação dos Municípios (FPM), Fundo de Participação dos Estados e do Distrito Federal (FPE), compensação financeira, transferência, receita tributária, Estado (ente federado), Município, Distrito Federal (Brasil), redução, arrecadação,Imposto sobre a Renda e Proventos de Qualquer Natureza (IR),  Imposto sobre Produtos Industrializados (IPI),  Crise econômica, atualização, Índice Nacional de Preços ao Consumidor Amplo (IPCA), aplicação, parcela, produto, Desvinculação de Receitas da União (DRU), emissão, título da dívida pública, dívida pública mobiliária, dispensa, aplicação, Lei de Responsabilidade Fiscal, benefício fiscal, tributação..;2009-04-07T16:29:00;https://www.camara.leg.br/proposicoesWeb/prop_mostrarintegra?codteor=644834;2011-09-09T00:00:00;Notificações;Arquivada;Proposição Sujeita à Apreciação Conclusiva pelas Comissões - Art. 24 II;https://www.camara.leg.br/proposicoesWeb/prop_mostrarintegra?codteor=917999;Economia;Economia | Finanças Públicas e Orçamento;Arquivada;Notificações;False
429262;74813.0;Ronaldo Caiado;DEM;GO;2;1;2009;RONALDO CAIADO;PLP;460;2009;Projeto de Lei Complementar;Dispõe sobre a contratação de  operações de crédito por municípios e dá outras providências.;;Proibição, Conselho Monetário Nacional, fixação, limite máximo, dívida, município, autorização, prefeitura, contratação, operação de crédito, financiamento, dívida consolidada, determinação, Senado, Lei de Responsabilidade Fiscal.;2009-04-07T16:30:00;https://www.camara.leg.br/proposicoesWeb/prop_mostrarintegra?codteor=644836;2012-07-31T00:00:00;Notificações;Arquivada;Proposição Sujeita à Apreciação do Plenário;https://www.camara.leg.br/proposicoesWeb/prop_mostrarintegra?codteor=1030005;Economia;Economia;Arquivada;Notificações;False
431023;74813.0;Ronaldo Caiado;DEM;GO;1;1;2009;RONALDO CAIADO;PRC;176;2009;Projeto de Resolução de Alteração do Regimento e outros;Altera o inciso II do art. 34 do Regimento Interno da Câmara dos Deputados.;Estabelece que será constituída Comissão Especial quando a proposição versar sobre matéria de mais de 5 (cinco) comissões.;Alteração, Regimento Interno, Câmara dos Deputados, critérios, instalação, limitação, criação, Comissão Especial, proposição, matéria, indicação, tramitação, quantidade, Comissão Permanente.;2009-04-16T13:03:00;https://www.camara.leg.br/proposicoesWeb/prop_mostrarintegra?codteor=647743;2019-02-21T17:50:00;Desarquivamento a Pedido;Tramitando em Conjunto;Proposição Sujeita à Apreciação do Plenário;https://www.camara.leg.br/proposicoesWeb/prop_mostrarintegra?codteor=1713282;Processo Legislativo e Atuação Parlamentar;Processo Legislativo e Atuação Parlamentar;Tramitando em Conjunto;Desarquivamento a Pedido;False
431470;74813.0;Ronaldo Caiado;DEM;GO;1;1;2009;RONALDO CAIADO;PL;5089;2009;Projeto de Lei;"Altera o art. 49 da Lei nº 11.101, de 9 de fevereiro de 2005, que ""regula a recuperação judicial, a extrajudicial e a falência do empresário e da sociedade empresária.""";Somente permite a inclusão na recuperação judicial das dívidas com vencimento superior a 30 (trinta) dias, contados da data do pedido.;Alteração, Nova Lei de Falências, critérios, recuperação judicial, empresário, prazo mínimo, vencimento, dívida.;2009-04-22T17:38:07;https://www.camara.leg.br/proposicoesWeb/prop_mostrarintegra?codteor=649151;2020-08-26T00:00:00;Arquivamento;Arquivada;Proposição Sujeita à Apreciação Conclusiva pelas Comissões - Art. 24 II;;Indústria, Comércio e Serviços;Indústria, Comércio e Serviços;Arquivada;Arquivamento;False
437370;74813.0;Ronaldo Caiado;DEM;GO;34;1;2009;RONALDO CAIADO;PL;5367;2009;Projeto de Lei;"Institui o Código Ambiental Brasileiro, estabelece a Política Nacional de Meio Ambiente, definindo os bens que pretende proteger e criando os instrumentos para essa proteção; cria a política geral de meio ambiente urbano; revoga o Decreto-Lei nº 1.413, de 14 de agosto de 1975, o Decreto nº 4.297, de 10 de julho de 2002, as Leis nºs 6.938, de 31 de agosto de 1981 e 4.771, de 15 de setembro de 1965, o art. 7º da Lei nº 9.605, de 12 de fevereiro de 1998, e o art. 22 da Lei nº 9.985, de 18 de julho de 2000.";;"Criação, Código Ambiental Brasileiro, fixação, diretrizes, Política Nacional do Meio Ambiente, organização administrativa, Sistema Nacional de Meio Ambiente, Instituto Brasileiro do Meio Ambiente e dos Recursos Naturais Renováveis (Ibama), Instituto Chico Mendes, Conselho Nacional do Meio Ambiente, proteção, sociedade, água, solo, ar, biodiversidade, flora, fauna, zoneamento ecológico-econômico, licenciamento ambiental, área de proteção ambiental, vegetação, mata ciliar, reserva florestal, remuneração, serviços, recursos ambientais, sistema de informação, matéria ambiental, critérios, parcelamento, solo urbano.  
_Alteração, Lei do SNUC, criação, unidade de conservação da natureza, aprovação, Legislativo, elaboração, estudo técnico, equipe interdisciplinar, prazo determinado, caducidade, ação de indenização, propositura, ação  de desapropriação, propriedade particular, recursos orçamentários, regularização fundiária, direitos, permanência, propriedade rural, prazo, recebimento, indenização, população tradicional, continuação, utilização, recursos ambientais, período, implementação, dispensa, averbação, reserva legal, demarcação, área de preservação permanente.
_Alteração, Lei dos Crimes Ambientais, gradação, penalidade, crime ambiental, substituição, pena restritiva de direitos, pena privativa de liberdade, reparação, dano ambiental, melhoria, qualidade, meio ambiente, revogação, Lei da Política Nacional do Meio Ambiente, Código Florestal.
_ Executivo, prazo, levantamento, terra devoluta, critérios, elaboração, Plano de Gerenciamento de Resíduos Sólidos, relação, espécie, controle ambiental, flora, fauna, ameaça, extinção.
_ Poder Público, subsídio, adaptação, veículo usado, redução, poluição atmosférica.";2009-06-03T19:45:00;https://www.camara.leg.br/proposicoesWeb/prop_mostrarintegra?codteor=662045;2019-02-07T09:46:00;Apresentação de Requerimento;Arquivada;Proposição Sujeita à Apreciação do Plenário;https://www.camara.leg.br/proposicoesWeb/prop_mostrarintegra?codteor=1708352;Meio Ambiente e Desenvolvimento Sustentável;Meio Ambiente e Desenvolvimento Sustentável;Arquivada;Apresentação de Requerimento;False
440269;74813.0;Ronaldo Caiado;DEM;GO;4;1;2009;RONALDO CAIADO;PL;5498;2009;Projeto de Lei;"Altera a Lei nº 9.096, de 19 de setembro de 1995 (Lei dos Partidos Políticos) e a Lei nº 9.504, de 30 de setembro de 1997, que ""estabelece normas para as eleições"".";"Projeto de Reforma Eleitoral (Minirreforma Eleitoral), que autoriza o uso da internet nas campanhas eleitorais e o recebimento de doação de recursos por este meio (web); define critérios para propaganda eleitoral antecipada e o horário eleitoral gratuito, proibindo o uso de trucagem ou montagem; institui o voto impresso para conferência com os da urna eletrônica.";Alteração, Lei Orgânica dos Partidos Políticos, Reforma Eleitoral, assunção de dívida, débito, despesa, campanha eleitoral, diretório, partido político, prestação de contas, Tribunal Superior Eleitoral (TSE), desaprovação,  proporcionalidade, suspensão, repasse, cota, Fundo Partidário, cabimento, recurso judicial, Tribunal Regional Eleitoral (TRE), rejeição, contas, autorização, candidato, arrecadação, recursos financeiros, doação, pessoa física, pessoa jurídica, ano eleitoral, aplicação de recursos,  propaganda partidária, horário gratuito, rádio, televisão, difusão, participação, política, mulher, proibição, pagamento. _Alteração, Lei das Eleições, legitimidade, coligação partidária, anulação, deliberação, partido político, convenção partidária, proposta, solicitação, registro, Justiça Eleitoral, prioridade, prazo, julgamento, preferência, candidatura, acesso, documento, gozo, direitos políticos, certidão de quitação eleitoral, multa, condição, elegibilidade, inelegibilidade, exigência, denominação, coligação, igualdade, nome, candidato, escolha, substituto, autorização, pessoa física, pessoa jurídica, doação, campanha eleitoral, formulário, Internet, meio eletrônico, dispensa, assinatura, doador, identificação, documentação, prestação de contas, regularidade, rejeição, publicação, Diário Oficial, representação, recurso judicial, prazo, representação, ato ilícito, captação de sufrágio, compra, voto, gastos, agente público, abuso de autoridade, comparecimento, inaguração, obra pública, anterioridade, eleições. _Divulgação, Justiça Eleitoral, resultado, pesquisa eleitoral, opinião pública, autorização,  antecipação, propaganda eleitoral, (Internet), mensagem eletrônica, candidato, partido político, inclusão, nome, vice-candidato, suplente, Senador, propaganda, bens particulares, gratuidade, definição, bens comuns, proibição, fixação, cartaz, árvore, jardim, autorização, utilização, via pública, divulgação, horário, dados, empresa, valor, pagamento, panfleto, material gráfico, possibilidade, eleitor, uso pessoal, adesivo, bandeira, dia, eleição, proibição, empresa, fornecimento, venda, dados, cadastro, endereço eletrônico, propaganda eleitoral gratuita, emissora, rádio, televisão, utilização, Língua Brasileira de Sinais (Libras), legenda, restrição, promoção, produto, propaganda comercial, facultatividade, transmissão, debate, eleição majoritária, eleição proporcional, reserva, horário, direito de resposta, abuso de autoridade, perda, registro, diploma, preferência, tramitação, processo judicial, obrigatoriedade, Ministério Público, fiscalização, legislação. _Manutenção, direitos, candidato, registro, sub judice, inclusão, utilização, horário eleitoral gratuito, validade, voto, escolha, representante, partido político. _Criação, impressão, voto, máquinas, urna eletrônica, conferência, eleitor, eleição proporcional, eleição majoritária, identificação, assinatura digital.;2009-06-30T16:03:00;https://www.camara.leg.br/proposicoesWeb/prop_mostrarintegra?codteor=668202;2025-06-25T00:00:00;Notificações;Transformado em Norma Jurídica;Indefinida;;Política, Partidos e Eleições;Política, Partidos e Eleições;Transformado em Norma Jurídica;Notificações;True
441037;74813.0;Ronaldo Caiado;DEM;GO;1;1;2009;RONALDO CAIADO;PRC;197;2009;Projeto de Resolução;Denomina o Plenário de nº 07 da ala das Comissões Permanentes da Câmara dos Deputados de Deputado Professor Pinotti.;;Denominação, plenário da comissão, Comissão de Seguridade Social e Família, Câmara dos Deputados, homenagem póstuma, Deputado Federal.;2009-07-07T17:20:00;https://www.camara.leg.br/proposicoesWeb/prop_mostrarintegra?codteor=670062;2009-07-16T00:00:00;Publicação de Proposição;Arquivada;Proposição Sujeita à Apreciação do Plenário;https://www.camara.leg.br/proposicoesWeb/prop_mostrarintegra?codteor=706500;Homenagens e Datas Comemorativas;Homenagens e Datas Comemorativas;Arquivada;Publicação de Proposição;False
464909;74813.0;Ronaldo Caiado;DEM;GO;1;1;2009;RONALDO CAIADO;PEC;454;2009;Proposta de Emenda à Constituição;"Altera o Título VIII, Capítulo II, Seção II - ""Da Saúde"" -, da Constituição da República Federativa do Brasil de 1988.";Estabelece diretrizes para a organização da carreira única de Médico de Estado.;Saúde, criação, cargo de carreira, Médico, competência privativa, exercício profissional, medicina, serviço público, servidor público, União Federal, Estados, Municípios, cargo efetivo, exigência, concurso público, ascensão funcional, inclusão, Ato das Disposições Constitucionais Transitórias, exigência, lei federal, fixação, valor, reajuste, remuneração, início, carreira.;2009-12-16T19:33:00;https://www.camara.leg.br/proposicoesWeb/prop_mostrarintegra?codteor=727136;2025-07-02T17:46:13;Apresentação de Requerimento;Pronta para Pauta;Proposição Sujeita à Apreciação do Plenário;https://www.camara.leg.br/proposicoesWeb/prop_mostrarintegra?codteor=2948253;Administração Pública;Administração Pública | Saúde;Pronta para Pauta;Apresentação de Requerimento;False
467637;74813.0;Ronaldo Caiado;DEM;GO;1;1;2010;RONALDO CAIADO;PRC;222;2010;Projeto de Resolução de Alteração do Regimento e outros;"Acresce inciso VI no art. 105 e altera a redação da alínea ""a"" do inciso II do art. 151 da Resolução nº 17 de 1989, que dispõe sobre o Regimento Interno da Câmara dos Deputados (RICD).";Estabelece que não mais serão arquivados, ao fim da legislatura, os projetos de iniciativa de Comissão Parlamentar de Inquérito e fixa regime de tramitação com prioridade.;Alteração, Regimento Interno da Câmara dos Deputados, arquivamento, proposição, término, legislatura, exceção, iniciativa legislativa, (CPI), regime de tramitação, regime de prioridade.;2010-03-02T20:26:00;https://www.camara.leg.br/proposicoesWeb/prop_mostrarintegra?codteor=738935;2022-12-05T00:00:00;Notificações;Arquivada;Proposição Sujeita à Apreciação do Plenário;;Processo Legislativo e Atuação Parlamentar;Processo Legislativo e Atuação Parlamentar;Arquivada;Notificações;False
468589;74813.0;Ronaldo Caiado;DEM;GO;1;1;2010;RONALDO CAIADO;PL;6926;2010;Projeto de Lei;Dispõe sobre reserva de recurso do Fundo Constitucional de Financiamento do  Centro-Oeste - FCO para o desenvolvimento da Microrregião do  Entorno do Distrito Federal.;Altera a Lei nº 7.827, de setembro de 1989.;Alteração, Lei dos Fundos Constitucionais, aplicação de recursos, Centro-Oeste, inclusão, Região Integrada de Desenvolvimento, Distrito Federal, Entorno, reserva, percentual, recursos financeiros, Fundo Constitucional de Financiamento do Centro-Oeste (FCO).;2010-03-09T18:33:48;https://www.camara.leg.br/proposicoesWeb/prop_mostrarintegra?codteor=741366;2015-02-12T10:02:00;Desarquivamento a Pedido;Arquivada;Proposição Sujeita à Apreciação Conclusiva pelas Comissões - Art. 24 II;https://www.camara.leg.br/proposicoesWeb/prop_mostrarintegra?codteor=1300303;Economia;Economia;Arquivada;Desarquivamento a Pedido;False
484551;74813.0;Ronaldo Caiado;DEM;GO;1;1;2010;RONALDO CAIADO;PL;7746;2010;Projeto de Lei;Inclui-se o inciso V ao art. 36 da Lei nº 9.394, de 20 de dezembro de 1996, que estabelece as diretrizes e bases da educação nacional, para dispor sobre a obrigatoriedade do ensino de noções técnicas, não partidárias, de Ciência Política no ensino médio.;;Alteração, Lei de Diretrizes e Bases da Educação Nacional, Lei Darcy Ribeiro, inclusão, disciplina escolar, Ciência Política, disciplina obrigatória, ensino médio.;2010-08-04T19:45:57;https://www.camara.leg.br/proposicoesWeb/prop_mostrarintegra?codteor=793061;2014-12-26T00:00:00;Notificações;Arquivada;Proposição Sujeita à Apreciação Conclusiva pelas Comissões - Art. 24 II;;Educação;Educação;Arquivada;Notificações;False
491640;74813.0;Ronaldo Caiado;DEM;GO;1;1;2011;RONALDO CAIADO;PEC;2;2011;Proposta de Emenda à Constituição;Acrescenta o parágrafo 4º do art. 56 da Constituição Federal.;Estabelece que serão convocados os suplentes de Deputados e Senadores mais votados sob a mesma legenda ou mesma coligação partidária.;Critérios, convocação, suplente, Deputado Federal, Senador, quantidade, voto, legenda partidária, coligação partidária.;2011-02-09T16:19:58;https://www.camara.leg.br/proposicoesWeb/prop_mostrarintegra?codteor=838601;2015-01-31T00:00:00;Arquivamento;Arquivada;Proposição Sujeita à Apreciação do Plenário;;Política, Partidos e Eleições;Política, Partidos e Eleições;Arquivada;Arquivamento;False
494982;74813.0;Ronaldo Caiado;DEM;GO;9;0;2011;RONALDO CAIADO;PL;742;2011;Projeto de Lei;"Altera dispositivos da Consolidação das Leis do Trabalho (CLT), aprovada pelo Decreto-lei nº 5.452, de 1º de maio de 1943 e da Lei nº 8.742, de 7 de dezembro de 1993, para incentivar a formação técnico-profissional de adolescentes e jovens em áreas relacionadas à gestão e prática de atividades desportivas e à prestação de serviços relacionados à infra-estrutura, organização e promoção de eventos esportivos e dá outras providências. 

NOVA EMENTA: Altera dispositivos da Consolidação das Leis do Trabalho - CLT, aprovada pelo Decreto-Lei nº 5.452, de 1º de maio de 1943, para incentivar a formação técnico-profissional de adolescentes e jovens em áreas relacionadas à gestão e prática de atividades desportivas e à prestação de serviços relacionados à infraestrutura, à organização e à promoção de eventos esportivos e dá outras providências.";A remuneração de aprendizes portadores de deficiência não acarreta a suspensão do benefício de prestação continuada.;"Alteração, Consolidação das Leis do Trabalho (CLT), destinação, cota, aprendiz, formação profissional, área, atividade desportiva, infra-estrutura, construção, ampliação, recuperação, manutenção, instalações, organização, promoção, evento, desporto.  
_ Alteração, Lei Orgânica da Assistência Social,  manutenção, benefício de prestação continuada, aprendiz, pessoa portadora de deficiência.";2011-03-17T09:30:00;https://www.camara.leg.br/proposicoesWeb/prop_mostrarintegra?codteor=849642;2017-09-12T00:00:00;Recebimento de autógrafos;Transformado em Norma Jurídica;Proposição Sujeita à Apreciação do Plenário;;Direitos Humanos e Minorias;Direitos Humanos e Minorias | Trabalho e Emprego;Transformado em Norma Jurídica;Recebimento de autógrafos;True
506781;74813.0;Ronaldo Caiado;DEM;GO;1;1;2011;RONALDO CAIADO;PL;1530;2011;Projeto de Lei;Obriga os estabelecimentos de ensino básico do país a divulgarem o índice IDEB.;;Obrigatoriedade, estabelecimento de ensino, educação básica, divulgação, nota, média, município, estado, Índice de Desenvolvimento da Educação Básica (Ideb).;2011-06-07T17:31:53;https://www.camara.leg.br/proposicoesWeb/prop_mostrarintegra?codteor=883836;2023-04-03T00:00:00;Arquivamento;Arquivada;Proposição Sujeita à Apreciação Conclusiva pelas Comissões - Art. 24 II;https://www.camara.leg.br/proposicoesWeb/prop_mostrarintegra?codteor=2254344;Educação;Educação;Arquivada;Arquivamento;False
511883;74813.0;Ronaldo Caiado;DEM;GO;1;1;2011;RONALDO CAIADO;PL;1801;2011;Projeto de Lei;Altera a Lei nº 10.308, de 20 de novembro de 2001, estabelecendo que a construção de depósito intermediário ou final de rejeitos radioativos deverá ser aprovada, previamente, por meio de plebiscito.;;Alteração,  rejeito radioativo, construção, depósito, aprovação, plebiscito;2011-07-07T15:35:41;https://www.camara.leg.br/proposicoesWeb/prop_mostrarintegra?codteor=897552;2015-09-04T00:00:00;Devolução à CCP;Arquivada;Proposição Sujeita à Apreciação Conclusiva pelas Comissões - Art. 24 II;;Energia, Recursos Hídricos e Minerais;Energia, Recursos Hídricos e Minerais;Arquivada;Devolução à CCP;False
544247;74813.0;Ronaldo Caiado;DEM;GO;3;1;2012;RONALDO CAIADO;PL;3846;2012;Projeto de Lei;Estabelece regras para a recuperação das áreas de preservação permanente (APPs).;;Área de preservação permanente, critérios, recuperação, zona rural, zona urbana, imóvel rural, Programa de regularização ambiental.;2012-05-10T11:08:00;https://www.camara.leg.br/proposicoesWeb/prop_mostrarintegra?codteor=992717;2015-12-02T00:00:00;Notificação de Despacho;Arquivada;Proposição Sujeita à Apreciação Conclusiva pelas Comissões - Art. 24 II;;Meio Ambiente e Desenvolvimento Sustentável;Meio Ambiente e Desenvolvimento Sustentável;Arquivada;Notificação de Despacho;False
565930;74813.0;Ronaldo Caiado;DEM;GO;1;1;2013;RONALDO CAIADO;PL;5076;2013;Projeto de Lei;Acrescenta o art. 4º-A na Lei nº 12.232, de 29 de abril de 2010.;;Alteração, lei federal, obrigatoriedade, administração pública, divulgação, custo, publicidade institucional.;2013-02-28T10:59:45;https://www.camara.leg.br/proposicoesWeb/prop_mostrarintegra?codteor=1061256;2025-04-15T17:34:00;Notificacao para Publicação Intermediária;;Proposição Sujeita à Apreciação do Plenário;;Administração Pública;Administração Pública;;Notificacao para Publicação Intermediária;False
567833;74813.0;Ronaldo Caiado;DEM;GO;1;1;2013;RONALDO CAIADO;PL;5160;2013;Projeto de Lei;Acrescenta dispositivo à Lei nº 9.503 de 23 de setembro de 1997.;Isenta do IPI os equipamentos de segurança para motociclistas: protetores de motor mata-cachorro, aparadores de linha corta-pipas e os coletes de segurança com dispositivos retrorrefletivos.;Alteração, Código de Trânsito Brasileiro, isenção, Imposto sobre Produtos Industrializados (IPI), equipamento de segurança, motocilista, motoboy, mototaxista, benefício fiscal, tributação.;2013-03-14T17:11:16;https://www.camara.leg.br/proposicoesWeb/prop_mostrarintegra?codteor=1065808;2013-04-08T17:05:00;Recebimento;Tramitando em Conjunto;Proposição Sujeita à Apreciação Conclusiva pelas Comissões - Art. 24 II;;Cidades e Desenvolvimento Urbano;Cidades e Desenvolvimento Urbano | Finanças Públicas e Orçamento | Trabalho e Emprego;Tramitando em Conjunto;Recebimento;False
567835;74813.0;Ronaldo Caiado;DEM;GO;1;1;2013;RONALDO CAIADO;PL;5161;2013;Projeto de Lei;Altera a Lei nº 11.340, de 7 de agosto de 2006, dando nova redação aos arts. 20, caput, e 22, § 3º, com a finalidade de monitorar e assegurar o cumprimento de medidas protetivas de urgência que determinem o afastamento físico entre agressor, vítima e testemunhas nos casos de prática de violência doméstica e familiar contra a mulher.;;Alteração, Lei Maria da Penha, medida protetiva de urgência, agressor, monitoramento eletrônico, violência contra a mulher.;2013-03-14T17:12:14;https://www.camara.leg.br/proposicoesWeb/prop_mostrarintegra?codteor=1065811;2021-12-22T00:00:00;Arquivamento;Arquivada;Proposição Sujeita à Apreciação Conclusiva pelas Comissões - Art. 24 II;;Direito Penal e Processual Penal;Direito Penal e Processual Penal | Direitos Humanos e Minorias;Arquivada;Arquivamento;False
568696;74813.0;Ronaldo Caiado;DEM;GO;4;1;2013;RONALDO CAIADO;PEC;253;2013;Proposta de Emenda à Constituição;Altera o art. 20 da Constituição Federal.;Critérios de distribuição de royalties e de participação especial na produção de petróleo ou gás natural.;Critérios, distribuição, royalties, compensação financeira, exploração, petróleo, gás natural.;2013-03-20T18:51:00;https://www.camara.leg.br/proposicoesWeb/prop_mostrarintegra?codteor=1067846;2019-02-20T21:05:00;Desarquivamento a Pedido;Tramitando em Conjunto;Proposição Sujeita à Apreciação do Plenário;https://www.camara.leg.br/proposicoesWeb/prop_mostrarintegra?codteor=1712450;Administração Pública;Administração Pública | Energia, Recursos Hídricos e Minerais;Tramitando em Conjunto;Desarquivamento a Pedido;False
576808;74813.0;Ronaldo Caiado;DEM;GO;1;1;2013;RONALDO CAIADO;PDC;838;2013;Projeto de Decreto Legislativo de Sustação de Atos Normativos do Poder Executivo;Susta a aplicação do art. 2º do Decreto nº 6.620, de 29 de outubro de 2008.;Que restringe o conceito de carga de terceiros.;Sustação, dispositivo, decreto federal, restrição, carga, terceiros, terminal, porto.;2013-05-14T16:47:00;https://www.camara.leg.br/proposicoesWeb/prop_mostrarintegra?codteor=1088542;2014-02-04T00:00:00;Notificações;Retirado pelo(a) Autor(a);Proposição Sujeita à Apreciação do Plenário;https://www.camara.leg.br/proposicoesWeb/prop_mostrarintegra?codteor=1223961;Viação, Transporte e Mobilidade;Viação, Transporte e Mobilidade;Retirado pelo(a) Autor(a);Notificações;False
579081;74813.0;Ronaldo Caiado;DEM;GO;1;1;2013;RONALDO CAIADO;PDC;913;2013;Projeto de Decreto Legislativo de Sustação de Atos Normativos do Poder Executivo;Susta o § 5º do art. 9º e o inciso III do § 2º do art. 10, ambos do Decreto nº 4.449, de 30 de outubro de 2002, com redação dada pelo Decreto nº 5.570, de 2005.;;Sustação, decreto federal, memorial descritivo, registro de imóveis, apresentação, requerimento, interessado, certificação, imóvel;2013-06-04T11:25:00;https://www.camara.leg.br/proposicoesWeb/prop_mostrarintegra?codteor=1094834;2015-09-15T00:00:00;Devolução à CCP;Arquivada;Proposição Sujeita à Apreciação do Plenário;;Estrutura Fundiária;Estrutura Fundiária;Arquivada;Devolução à CCP;False
582526;74813.0;Ronaldo Caiado;DEM;GO;1;1;2013;RONALDO CAIADO;PLP;290;2013;Projeto de Lei Complementar;Altera o art. 15 e acrescenta art. 15-A à Lei Complementar nº 101, de 4 de maio de 2000, para estabelecer limite ao aumento das Despesas de Custeio.;;Alteração, Lei de Responsabilidade Fiscal, limitação, aumento, despesa de custeio, Poder Executivo, Poder Legislativo, Poder Judiciário, Ministério Público Federal, variação, Indice Nacionaol de Preços ao Consumidor Amplo (IPCA), acréscimo, valor, Produto Interno Bruto (PIB).;2013-07-02T11:51:44;https://www.camara.leg.br/proposicoesWeb/prop_mostrarintegra?codteor=1104412;2015-01-31T00:00:00;Arquivamento;Arquivada;Proposição Sujeita à Apreciação do Plenário;;Finanças Públicas e Orçamento;Finanças Públicas e Orçamento;Arquivada;Arquivamento;False
590885;74813.0;Ronaldo Caiado;DEM;GO;1;1;2013;RONALDO CAIADO;PL;6282;2013;Projeto de Lei;Acrescenta o parágrafo único ao art. 17 da Lei nº 6.815, de 19 de agosto de 1980.;Concede visto permanente aos cubanos que ingressarem no país como refugiados ou amparados por acordos de cooperação técnica internacional.;Alteração, Estatuto do Estrangeiro, concessão, visto permanente, origem, Cuba, refugiado, participação, acordo de cooperação técnica internacional.;2013-09-05T11:26:35;https://www.camara.leg.br/proposicoesWeb/prop_mostrarintegra?codteor=1126514;2015-01-31T00:00:00;Arquivamento;Arquivada;Proposição Sujeita à Apreciação Conclusiva pelas Comissões - Art. 24 II;;Direitos Humanos e Minorias;Direitos Humanos e Minorias | Relações Internacionais e Comércio Exterior;Arquivada;Arquivamento;False
591375;74813.0;Ronaldo Caiado;DEM;GO;100;1;2013;RONALDO CAIADO;PL;6316;2013;Projeto de Lei;Dispõe sobre o financiamento das campanhas eleitorais e o sistema das eleições proporcionais, alterando a Lei nº 4.737, de 15 de julho de 1965 (Código Eleitoral), a Lei nº 9.096, de 19 de setembro de 1995 (Lei dos Partidos Políticos), e a Lei nº 9.504, de 30 de setembro de 1997 (Lei das Eleições), e sobre a forma de subscrição de eleitores a proposições legislativas de iniciativa popular, alterando a Lei nº 9.709, de 18 de novembro de 1998.;;"Alteração, Código Eleitoral, Lei Orgânica dos Partidos Políticos, Lei das Eleições, critérios, transparência, financiamento eleitoral, partido político, campanha eleitoral, eleições proporcionais, fiscalização, controle social, prestação de contas, eleições, proibição, pessoa jurídica, doação, campanha, registro, substituição, candidato, lista preordenada, Fundo Democrático de Campanha, horário eleitoral, autorização, propaganda eleitoral, Internet, Sistema de Informação sobre Orçamento dos Partidos Políticos, registro eletrônico, orçamento, domicilio eleitoral, eleitor. 
_ Alteração, Lei da Soberania Popular, convocação, plebiscito, referendo, proibição, extinção, direitos fundamentais, despesa, campanha, exclusividade, dotação, orçamento da união, projetos, urgência, tramitação, congresso nacional, iniciativa popular, proposição legislativa, câmara dos deputados, percentual, eleitor.";2013-09-10T20:29:00;https://www.camara.leg.br/proposicoesWeb/prop_mostrarintegra?codteor=1129866;2019-03-25T12:15:00;Desarquivamento a Pedido;Tramitando em Conjunto;Proposição Sujeita à Apreciação do Plenário;https://www.camara.leg.br/proposicoesWeb/prop_mostrarintegra?codteor=1721846;Política, Partidos e Eleições;Política, Partidos e Eleições;Tramitando em Conjunto;Desarquivamento a Pedido;False
601525;74813.0;Ronaldo Caiado;DEM;GO;1;1;2013;RONALDO CAIADO;PLP;354;2013;Projeto de Lei Complementar;Altera a Lei Complementar nº 123, de 14 de dezembro de 2006, que institui o Regime Especial Unificado de Arrecadação de Tributos e Contribuições devidos pelas Microempresas e Empresas de Pequeno Porte - Simples Nacional.;;Alteração, Estatuto da Micro e Pequena Empresa, inclusão, Regime Especial Unificado de Arrecadação de Tributos e Contribuições devidos pelas Microempresas e Empresas de Pequeno Porte (SIMPLES NACIONAL), pessoa jurídica, empresa de prestação de serviço, saúde, odontologia, composição, médico, psicólogo, fisioterapeuta, terapeuta ocupacional, dentista, fonoaudiólogos. tributação.;2013-11-20T13:55:55;https://www.camara.leg.br/proposicoesWeb/prop_mostrarintegra?codteor=1192913;2019-02-26T12:01:00;Desarquivamento a Pedido;Tramitando em Conjunto;Proposição Sujeita à Apreciação do Plenário;https://www.camara.leg.br/proposicoesWeb/prop_mostrarintegra?codteor=1714132;Finanças Públicas e Orçamento;Finanças Públicas e Orçamento | Indústria, Comércio e Serviços | Saúde;Tramitando em Conjunto;Desarquivamento a Pedido;False
604156;74813.0;Ronaldo Caiado;DEM;GO;1;1;2013;RONALDO CAIADO;PL;6942;2013;Projeto de Lei;Altera a Lei nº 9.427, de 26 de dezembro de 1996, estabelecendo multa a ser paga aos usuários do serviço de  energia elétrica aos usuários.;;Alteração, Lei da ANEEL, multa indenizatória, Concessionária de Serviço de Energia Elétrica, falha, fornecimento, energia elétrica, usuário.;2013-12-11T17:59:45;https://www.camara.leg.br/proposicoesWeb/prop_mostrarintegra?codteor=1208991;2015-01-31T00:00:00;Arquivamento;Arquivada;Proposição Sujeita à Apreciação Conclusiva pelas Comissões - Art. 24 II;;Energia, Recursos Hídricos e Minerais;Energia, Recursos Hídricos e Minerais;Arquivada;Arquivamento;False
617737;74813.0;Ronaldo Caiado;DEM;GO;2;1;2014;RONALDO CAIADO;PDC;1491;2014;Projeto de Decreto Legislativo de Sustação de Atos Normativos do Poder Executivo;Susta a aplicação do Decreto nº 8.243, de 23 de maio de 2014, que institui a Política Nacional de Participação Social - PNPS e o Sistema Nacional de Participação Social - SNPS, e dá outras providências.;;Sustação, Decreto, inconstitucionalidade, criação, Política Nacional de Participação Social (PNPS), Sistema Nacional de Participação Social (SNPS), debate, políticas públicas.;2014-05-30T14:57:00;https://www.camara.leg.br/proposicoesWeb/prop_mostrarintegra?codteor=1258271;2019-04-30T00:00:00;Arquivamento;Arquivada;Proposição Sujeita à Apreciação do Plenário;https://www.camara.leg.br/proposicoesWeb/prop_mostrarintegra?codteor=1740136;Administração Pública;Administração Pública | Direitos Humanos e Minorias;Arquivada;Arquivamento;False
619101;74813.0;Ronaldo Caiado;DEM;GO;1;1;2014;RONALDO CAIADO;PL;7725;2014;Projeto de Lei;Altera o Decreto-Lei nº 2.848, de 7 de dezembro de 1940 (Código Penal), acrescentando o artigo 157-B, para tipificar o delito de abigeato, suprimindo o artigo 162 do diploma legal, que define a supressão ou alteração de marca em animais.;;Alteração, Código Penal, tipicidade, crime, abigeato, roubo, furto, gado, local, criação, transporte, depósito, pena de reclusão, multa, agravação penal, invasão, propriedade, supressão, marca, concurso de pessoas, existência, violência, ameaça grave, lesão corporal, morte.;2014-06-18T15:52:00;https://www.camara.leg.br/proposicoesWeb/prop_mostrarintegra?codteor=1262021;2015-09-08T00:00:00;Desapensação;Arquivada;Proposição Sujeita à Apreciação do Plenário;;Direito Penal e Processual Penal;Direito Penal e Processual Penal;Arquivada;Desapensação;False
619369;74813.0;Ronaldo Caiado;DEM;GO;1;1;2014;RONALDO CAIADO;PL;7753;2014;Projeto de Lei;Altera dispositivos do Decreto-Lei nº 2.848, de 7 de dezembro de 1940 (Código Penal) sobre furto e roubo, majorando penas e qualificando condutas.;;Alteração, Código Penal, penalidade, autor, roubo, furto, veículo automotor, deslocamento, Estados, federação, objetivo, desmanche, venda, peças, ameaça grave, violência física, pessoa.;2014-07-01T18:57:29;https://www.camara.leg.br/proposicoesWeb/prop_mostrarintegra?codteor=1263380;2015-09-09T00:00:00;Devolução à CCP;Arquivada;Proposição Sujeita à Apreciação do Plenário;;Direito Penal e Processual Penal;Direito Penal e Processual Penal;Arquivada;Devolução à CCP;False
619903;74813.0;Ronaldo Caiado;DEM;GO;1;1;2014;RONALDO CAIADO;PL;7788;2014;Projeto de Lei;Dispõe sobre desoneração tributária incidente sobre bicicletas, suas partes, peças e acessórios, bem como a concessão de crédito para sua aquisição.;Altera as Leis nº 10.925, de 2004 e 12.868, de 2013.;Alteração, Legislação Tributária Federal, isenção, Imposto sobre Produtos Industrializados (IPI), produção, comercialização, bicicleta, motocicleta, ciclomotor, peça, desoneração tributária, financiamento, Caixa Econômica Federal (CEF), aquisição, pessoa  física, Programa Minha Casa  Minha vida, benefício fiscal, tributação.;2014-07-11T11:16:22;https://www.camara.leg.br/proposicoesWeb/prop_mostrarintegra?codteor=1265653;2019-07-05T11:56:00;Notificação de Apensação;Tramitando em Conjunto;Proposição Sujeita à Apreciação Conclusiva pelas Comissões - Art. 24 II;https://www.camara.leg.br/proposicoesWeb/prop_mostrarintegra?codteor=1774651;Finanças Públicas e Orçamento;Finanças Públicas e Orçamento;Tramitando em Conjunto;Notificação de Apensação;False
619906;74813.0;Ronaldo Caiado;DEM;GO;1;1;2014;RONALDO CAIADO;PL;7789;2014;Projeto de Lei;Altera a Lei nº 8.069, de 13 de julho de 1990 (Estatuto da Criança e do Adolescente), disciplinando medidas socioeducativas e ampliando sua aplicação e período máximo de internação, tornando obrigatórias atividades que promovam a reinserção social do infrator, mediante a prática de ações laborais, educacionais e desportivas.;;Alteração, Estatuto da Criança e do Adolescente, período, limite máximo, idade, internação, ação preventiva, privação, liberdade, faixa etária, jovem, menor infrator, criminalidade, liberação compulsória, medida socioeducativa, ato infracional.;2014-07-11T12:51:02;https://www.camara.leg.br/proposicoesWeb/prop_mostrarintegra?codteor=1265684;2026-06-24T10:02:43;Notificação de Apensação;Tramitação Finalizada;Proposição Sujeita à Apreciação do Plenário;https://www.camara.leg.br/proposicoesWeb/prop_mostrarintegra?codteor=3135585;Direitos Humanos e Minorias;Direitos Humanos e Minorias;Tramitação Finalizada;Notificação de Apensação;False
