idProposicao;idDeputadoAutor;nomeAutor;siglaPartidoAutor;siglaUFAutor;ordemAssinatura;proponente;ano_x;candidato;siglaTipo;numero;ano_y;descricaoTipo;ementa;ementaDetalhada;keywords;dataApresentacao;urlInteiroTeor;ultimoStatus_dataHora;ultimoStatus_descricaoTramitacao;ultimoStatus_descricaoSituacao;ultimoStatus_apreciacao;ultimoStatus_url
246705;139289.0;LUIZ INACIO LULA DA SILVA;PT;SP;1;1;1987;LUIZ INÁCIO LULA DA SILVA;RQA;96;1987;Requerimento de Informações da ANC (1987-88);SOLICITA AO PODER EXECUTIVO INFORMAÇÕES SOBRE A VENDA DA SEDE DO BANCO NACIONAL DE HABITAÇÃO - BNH, PREVISTA NO DECRETO-LEI 2291, DE 21 DE NOVEMBRO DE 1986.;;SOLICITAÇÃO, INFORMAÇÃO, EXECUTIVO, VENDA, SEDE, (BNH), MUNICIPIO, RIO DE JANEIRO, (RJ).;1987-08-18T00:00:00;;1987-11-04T00:00:00;Não Informado;;Indefinida;
246663;139289.0;LUIZ INACIO LULA DA SILVA;PT;SP;1;1;1987;LUIZ INÁCIO LULA DA SILVA;RQA;54;1987;Requerimento de Informações da ANC (1987-88);SOLICITA INFORMAÇÕES AO PODER EXECUTIVO ATRAVES DO GABINETE CIVIL DA PRESIDENCIA DA REPUBLICA, SOBRE NOMEAÇÃO DE REPRESENTANTE DOS TRABALHADORES NO CONSELHO MONETARIO NACIONAL.;INFORMAÇÕES).;SOLICITAÇÃO, INFORMAÇÃO, GABINETE CIVIL, PRESIDENCIA DA REPUBLICA, ESCLARECIMENTO, POVO, MOTIVO, RECUSA, PROPOSTA, MOVIMENTO TRABALHISTA, SINDICATO, NOMEAÇÃO, CANDIDATO, REPRESENTANTE, TRABALHADOR, (CMN).;1987-05-07T00:00:00;;1987-09-08T00:00:00;Não Informado;;Indefinida;
246632;139289.0;LUIZ INACIO LULA DA SILVA;PT;SP;1;1;1987;LUIZ INÁCIO LULA DA SILVA;RQA;23;1987;Requerimento de Informações da ANC (1987-88);SOLICITA INFORMAÇÕES AO PODER EXECUTIVO ATRAVES DO GABINETE CIVIL DA PRESIDENCIA DA REPUBLICA SOBRE CRITERIOS ADOTADOS PELO MINISTERIO DAS COMUNICAÇÕES NA CONCESSÃO DE CANAIS DE RADIO E TV.;INFORMAÇÕES).;SOLICITAÇÃO, INFORMAÇÃO, (MC), CRITERIOS, CONCESSÃO, EMISSORA, RADIO, TELEVISÃO.;1987-05-12T00:00:00;;1987-09-08T00:00:00;Não Informado;;Indefinida;
182438;139289.0;LUIZ INACIO LULA DA SILVA;PT;SP;1;1;1988;LUIZ INÁCIO LULA DA SILVA;PL;788;1988;Projeto de Lei;DISPÕE SOBRE A TRANSFERENCIA DE IMOVEIS FINANCIADOS PELO SISTEMA FINANCEIRO DA HABITAÇÃO, E DA OUTRAS PROVIDENCIAS.;DEVENDO O NOVO ADQUIRENTE ASSUMIR, NAS MESMAS CONDIÇÕES DO CONTRATO ORIGINARIO, O DEBITO NA SITUAÇÃO EM QUE SE ENCONTRAR A EPOCA DA TRANSFERENCIA).;NORMAS, TRANSFERENCIA, IMOVEL, MUTUARIO, (SFH), MANUTENÇÃO, DEBITOS, SALDO DEVEDOR. TRANSFERENCIA, DEBITOS, PRESTAÇÕES VENCIDAS, MUTUARIO, (SFH), CONCLUSÃO, PRAZO, FINANCIAMENTO, HIPOTESE, DOENÇA, DESEMPREGO. APLICAÇÃO, CODIGO DE PROCESSO CIVIL, PROCESSO, COBRANÇA, CREDITO HIPOTECARIO, VINCULAÇÃO, (SFH).;1988-06-28T00:00:00;;1989-04-05T00:00:00;Não Informado;Arquivada;Indefinida;
239364;139289.0;LUIZ INACIO LULA DA SILVA;PT;SP;1;1;1989;LUIZ INÁCIO LULA DA SILVA;RIC;316;1989;Requerimento de Informação;SOLICITA INFORMAÇÕES AO MINISTRO DOS TRANSPORTES SOBRE O ENVOLVIMENTO DO GOVERNO, NA CONSTRUÇÃO DA FERROVIA LESTE-OESTE.;MINISTRO JOSE REINALDO TAVARES).;SOLICITAÇÃO, INFORMAÇÃO, (MT), PARTICIPAÇÃO, GOVERNO FEDERAL, FERROVIA, REGIÃO LESTE, REGIÃO CENTRO OESTE, FORMAÇÃO, CONSORCIO DE EMPRESAS, CAPITAL ESTRANGEIRO, INTERESSE, CONSELHO DELIBERATIVO, (SUDAM), FINANCIAMENTO, OBRA PUBLICA, LICITAÇÃO, ORÇAMENTO, MOEDA ESTRANGEIRA, CONCESSÃO, DIREITOS, EXTRAÇÃO, MADEIRA, MINERIO, DOAÇÃO, TERRAS, EMPRESA PRIVADA.;1989-08-16T00:00:00;;1989-11-23T00:00:00;Não Informado;;Indefinida;
215151;139289.0;LUIZ INACIO LULA DA SILVA;PT;SP;1;1;1989;LUIZ INÁCIO LULA DA SILVA;PL;3700;1989;Projeto de Lei;DISPÕE SOBRE OS PLANOS DE BENEFICIOS E CUSTEIO DA PREVIDENCIA SOCIAL E DA OUTRAS PROVIDENCIAS.;REGULAMENTANDO O DISPOSTO NOS ARTIGOS 201 E 202 DA CONSTITUIÇÃO FEDERAL DE 1988.;"REGULAMENTAÇÃO, CONSTITUIÇÃO FEDERAL, ORGANIZAÇÃO, PLANO DE BENEFICIOS, CUSTEIO, PREVIDENCIA SOCIAL, SAUDE, ASSISTENCIA SOCIAL, PARTICIPAÇÃO, TRABALHADOR, APOSENTADO, GESTÃO, ORGÃOS, SEGURIDADE SOCIAL, COBERTURA, DOENÇA, INVALIDEZ, TEMPO DE SERVIÇO, ACIDENTE DO TRABALHO, DESEMPREGO, MANUTENÇÃO, DEPENDENTE, SEGURADO, BAIXA RENDA, PROTEÇÃO, MATERNIDADE, AUXILIO, PRISÃO, MORTE, PENSÕES, ADMINISTRAÇÃO, SISTEMA NACIONAL DE PREVIDÊNCIA E ASSISTÊNCIA SOCIAL (SINPAS).  
_DEFINIÇÃO, BENEFICIARIO, SEGURADO OBRIGATORIO, EMPREGADO, EMPREGADO RURAL, TRABALHADOR TEMPORARIO, ATIVIDADE SAZONAL, BRASILEIROS, ESTRANGEIRO, CONTRATAÇÃO, EMPRESA NACIONAL, EXTERIOR, PRESTAÇÃO DE SERVIÇO, MISSÃO DIPLOMATICA PERMANENTE, REPARTIÇÃO CONSULAR, GOVERNO ESTRANGEIRO, ORGANISMO INTERNACIONAL, EMBAIXADA DO BRASIL, EMBAIXADA ESTRANGEIRA, BOLSISTA, ESTAGIARIO, EMPREGADO DOMESTICO, EMPREGADOR, TITULAR, EMPRESA INDIVIDUAL, DIRETOR, SOCIO, TRABALHADOR AUTONOMO, SACERDOTE, GRUPO RELIGIOSO, MEMBROS, INSTITUIÇÃO RELIGIOSA, TRABALHADOR AVULSO, ESTIVADOR, CONFERENTE DE CARGA, PRODUTOR RURAL, PARCEIRO, MEEIRO, ARRENDATARIO RURAL, GARIMPEIRO, PESCADOR ARTESANAL, AGRICULTOR, GARIMPEIRO, CONJUGE, COMPANHEIRA, COMPANHEIRO, FILHO, MAIOR, IDADE, SEGURADO FACULTATIVO.  
_DEFINIÇÃO, DEPENDENTE, SEGURADO, CONJUGE, COMPANHEIRO, COMPANHEIRA, FILHO MENOR, FILHO INVALIDO, DESIGNAÇÃO, PESSOAS, PAIS, IRMÃO, ENTEADO, MENOR, GUARDA, TUTELA, DEPENDENCIA ECONOMICA. _DEFINIÇÃO, BENEFICIO PREVIDENCIARIO, APOSENTADORIA POR INVALIDEZ, APOSENTADORIA POR VELHICE, APOSENTADORIA POR TEMPO DE SERVIÇO, ABONO DE PERMANENCIA EM SERVIÇO, APOSENTADORIA ESPECIAL, AUXILIO DOENÇA, AUXILIO NATALIDADE, SALARIO FAMILIA, SALARIO MATERNIDADE, DEPENDENTE, PENSÃO PREVIDENCIARIA, AUXILIO RECLUSÃO, AUXILIO FUNERAL, PECULIO, SERVIÇO SOCIAL, REABILITAÇÃO PROFISSIONAL, SEGURO DE ACIDENTE, ACIDENTE DO TRABALHO, DOENÇA PROFISSIONAL, RENDA VITALICIA, RENDA MENSAL, PESSOA PORTADORA DE DEFICIENCIA, IDOSO.  _FIXAÇÃO, PERIODO, CARENCIA, CONCESSÃO, BENEFICIO PREVIDENCIARIO, CALCULO, VALOR, BENEFICIO, SALARIO BENEFICIO, APLICAÇÃO, INDICE, REAJUSTAMENTO, POLITICA SALARIAL, PRAZO, PRESCRIÇÃO, PERICIA. NORMAS, AÇÃO CIVIL PUBLICA, PROTEÇÃO, MEIO AMBIENTE, TRABALHO, INTERESSE, TRABALHADOR, MINISTERIO PUBLICO, SINDICATO, ASSOCIAÇÃO DE CLASSE.  
_DEFINIÇÃO, TRATAMENTO ESPECIAL, CONCESSÃO, BENEFICIO PREVIDENCIARIO, SEGURADO, AERONAUTA, JORNALISTA PROFISSIONAL, EX-COMBATENTE.  
_NORMAS, CONTAGEM RECIPROCA, TEMPO DE SERVIÇO, ADMINISTRAÇÃO PUBLICA, ATIVIDADE PRIVADA, ATIVIDADE RURAL, PREVIDENCIA SOCIAL URBANA, PREVIDENCIA SOCIAL RURAL, PREVIDENCIA PRIVADA, COMPENSAÇÃO FINANCEIRA. 
_PROIBIÇÃO, CRIAÇÃO, AUMENTO, VALOR, BENEFICIO PREVIDENCIARIO, INEXISTENCIA, INDICAÇÃO, CUSTEIO, ORÇAMENTO, SEGURIDADE SOCIAL. _PROIBIÇÃO, PENHORA, ARRESTO, SEQUESTRO, BENEFICIO PREVIDENCIARIO, RESSALVA, SENTENÇA JUDICIAL, PRESTAÇÃO DE ALIMENTOS. NORMAS, PAGAMENTO, BENEFICIO PREVIDENCIARIO, SEGURADO, DEFICIENTE MENTAL, EXCEPCIONAL, CONJUGE, PAI, MÃE, TUTOR, CURADOR.  
_NORMAS, DEPOSITO, CONTA CORRENTE, BANCOS, VALOR, BENEFICIO PREVIDENCIARIO, BENEFICIARIO, IDENTIFICAÇÃO. PROIBIÇÃO, RECUSA, RECEBIMENTO, REQUERIMENTO, BENEFICIO PREVIDENCIARIO, FALTA, DOCUMENTO.  
_AUTORIZAÇÃO, CONVENIO, SINDICATO, PREVIDENCIA SOCIAL, REPRESENTAÇÃO, SEGURADO, DEFINIÇÃO, FONTE, CUSTEIO, SEGURIDADE SOCIAL, FINANCIAMENTO, PREVIDENCIA SOCIAL, RECURSOS FINANCEIROS, UNIÃO, ESTADO (ENTE FEDERADO), DISTRITO FEDERAL, MUNICIPIO, CONTRIBUIÇÃO SOCIAL, CONTRIBUIÇÃO PREVIDENCIARIA, EMPREGADOR, TRABALHADOR, FATURAMENTO, LUCRO, EMPRESA, TRABALHADOR AUTONOMO, SEGURADO FACULTATIVO, SALARIO DE CONTRIBUIÇÃO, FOLHA DE PAGAMENTO, DECIMO TERCEIRO SALARIO, RESGATE, DIVIDA, DEBITO PREVIDENCIARIO, RECEITA, CONCURSO DE PROGNOSTICO, LOTERIA, MULTA, CORREÇÃO MONETARIA, JUROS DE MORA, REMUNERAÇÃO, PRESTAÇÃO DE SERVIÇO, ARRECADAÇÃO, FISCALIZAÇÃO, COBRANÇA, TERCEIROS, FORNECIMENTO, ARRENDAMENTO, BENS, PATRIMONIO, DOAÇÃO, SUBVENÇÃO, PERCENTUAL, PREÇO, REFINARIA, GASOLINA, COMBUSTIVEL.  
_DEFINIÇÃO, SALARIO DE CONTRIBUIÇÃO, EXCLUSÃO, SALARIO FAMILIA, AJUDA DE CUSTO, ADICIONAIS, AERONAUTA, PARCELA, PRODUTO IN NATURA, ABONO, FERIAS, INDENIZAÇÃO, AVISO PREVIO, TEMPO DE SERVIÇO, VALE TRANSPORTE, AUXILIO FINANCEIRO, TRANSFERENCIA, LOCAL, TRABALHO, DIARIAS, VIAGEM, PARTICIPAÇÃO NOS LUCROS, BASE DE CALCULO, SALARIO BASE.  
_DEFINIÇÃO, INFRAÇÃO, LEGISLAÇÃO PREVIDENCIARIA, CRIME, SONEGAÇÃO FISCAL, APROPRIAÇÃO INDEBITA, FALSIDADE IDEOLOGICA, ESTELIONATO, CIRCUNSTANCIA AGRAVANTE, INFRATOR, FUNCIONARIO PUBLICO.  
_NORMAS, ARRECADAÇÃO, RECOLHIMENTO, CONTRIBUIÇÃO PREVIDENCIARIA, SEGURIDADE SOCIAL. EXIGENCIA, COMPROVAÇÃO, INEXISTENCIA, DEBITO PREVIDENCIARIO,EMPRESA, CONTRATAÇÃO, PODER PUBLICO, RECEBIMENTO, BENEFICIO FISCAL, INCENTIVO FISCAL, ALIENAÇÃO, BENS IMOVEIS, BENS MOVEIS, REGISTRO, ARQUIVAMENTO, ATO, REDUÇÃO, CAPITAL SOCIAL, EXTINÇÃO, ENTIDADE, EXPEDIÇÃO, ADJUDICAÇÃO, ARREMATAÇÃO, BENS, EXECUÇÃO, CONSTRUÇÃO CIVIL, AVERBAÇÃO, REGISTRO DE IMOVEIS. 
_PRAZO, MINISTÉRIO DA PREVIDÊNCIA E ASSISTÊNCIA SOCIAL (1974-1990), ELABORAÇÃO, PLANO, ALIENAÇÃO, IMOVEL, PREVIDENCIA SOCIAL, APLICAÇÃO, RECURSOS FINANCEIROS, INVESTIMENTO, MELHORIA, INSTALAÇÕES, EQUIPAMENTOS, SEGURIDADE SOCIAL. 
_ISENÇÃO,CONTRIBUIÇÃO PREVIDENCIARIA, COTA PATRONAL, ENTIDADE FILANTROPICA, INSTITUIÇÃO BENEFICENTE, ASSISTENCIA SOCIAL, UTILIDADE PUBLICA. 
_ OBRIGATORIEDADE, PESSOA JURIDICA, DIREITO PUBLICO, ADMINISTRAÇÃO INDIRETA, CONSIGNAÇÃO, ORÇAMENTO, DOTAÇÃO ORÇAMENTARIA, PAGAMENTO, CONTRIBUIÇÃO PREVIDENCIARIA. AUTORIZAÇÃO, DESCONTO, BENEFICIO PREVIDENCIARIO, IMPOSTO DE RENDA NA FONTE, PENSÃO ALIMENTICIA.  
_EXTINÇÃO, REGIME, PREVIDENCIA SOCIAL, EMPREGADOR RURAL, PRODUTOR RURAL, NORMAS, REVISÃO, PROVENTOS, APOSENTADORIA, PENSÃO PREVIDENCIARIA, BENEFICIO PREVIDENCIARIO, PAGAMENTO, DECIMO TERCEIRO SALARIO.";1989-09-28T00:00:00;;1990-06-20T00:00:00;Não Informado;Arquivada;Indefinida;
213469;139289.0;LUIZ INACIO LULA DA SILVA;PT;SP;1;1;1989;LUIZ INÁCIO LULA DA SILVA;PL;3519;1989;Projeto de Lei;DISPÕE SOBRE A CORREÇÃO MONETARIA DOS BENEFICIOS DA PREVIDENCIA E DA OUTRAS PROVIDENCIAS.;ASSEGURANDO O CUMPRIMENTO DO DISPOSTO NO PARAGRAFO TERCEIRO DO ARTIGO 201 DA Constituição Federal de 1988).;NORMAS, CUMPRIMENTO, DISPOSITIVOS, PREVIDENCIA SOCIAL, CONSTITUIÇÃO FEDERAL, CORREÇÃO MONETARIA, BENEFICIO PREVIDENCIARIO, INCIDENCIA, INDICE DA ATUALIZAÇÃO MONETARIA, SALARIO DE CONTRIBUIÇÃO, BASE DE CALCULO, SALARIO BENEFICIO, AUXILIO DOENÇA, APOSENTADORIA POR INVALIDEZ, PENSÃO PREVIDENCIARIA, AUXILIO RECLUSÃO, SEGURADO, INDICAÇÃO, FONTE CUSTEIO. APLICAÇÃO, NORMAS, CONCESSÃO, PENSÃO PREVIDENCIARIA, MARIDO, COMPANHEIRO, IGUALDADE, MULHER, COMPANHEIRA. FIXAÇÃO, VALOR, DECIMO TERCEIRO SALARIO, BENEFICIARIO, EQUIPARAÇÃO, RENDA, DEZEMBRO. PRAZO, PREVIDENCIA SOCIAL, REVISÃO, BENEFICIO PREVIDENCIARIO, PROVENTOS, APOSENTADORIA, PENSÕES, INDICE, CORREÇÃO MONETARIA. OBRIGATORIEDADE, MINISTÉRIO DA PREVIDÊNCIA E ASSISTÊNCIA SOCIAL (1974-1990), PUBLICAÇÃO, DIÁRIO OFICIAL, INDICE, CORREÇÃO MONETARIA, SALARIO DE CONTRIBUIÇÃO, REAJUSTAMENTO, BENEFICIO PREVIDENCIARIO. COMPETENCIA, TRIBUNAL DE CONTAS DA UNIÃO (TCU), AUDITORIA, APURAÇÃO, DIVIDA, UNIÃO FEDERAL, PREVIDENCIA SOCIAL. RESPONSABILIDADE, MINISTRO DE ESTADO, (MPAS), CONTROLE, PRAZO, CONCESSÃO, BENEFICIO PREVIDENCIARIO, INCLUSÃO, JUROS, CORREÇÃO MONETARIA, ATRASO, PAGAMENTO.;1989-08-28T00:00:00;;1990-06-20T00:00:00;Não Informado;Arquivada;Indefinida;
210040;139289.0;LUIZ INACIO LULA DA SILVA;PT;SP;1;1;1989;LUIZ INÁCIO LULA DA SILVA;PL;3144;1989;Projeto de Lei;REGULAMENTA O FUNDO DE GARANTIA DO TEMPO DE SERVIÇO E DA OUTRAS PROVIDENCIAS.;EXIGINDO REPASSE AUTOMATICO DOS DEPOSITOS A CEF, CORRIGINDO MONETARIAMENTE DE ACORDO COM A CADERNETA DE POUPANÇA, CRIANDO CADASTRO UNICO, FIXANDO PRAZO PARA O TERMINO DAS CONTAS INATIVAS, FACILITANDO O SAQUE INCLUSIVE NA DEMISSÃO POR JUSTA CAUSA, ALTERANDO A COMPOSIÇÃO DO CONSELHO CURADOR, DESTINANDO PARTE DOS RECURSOS A HABITAÇÃO POPULAR, CRIANDO UM FUNDO AUXILIAR PARA SUBSIDIAR A AQUISIÇÃO DE CASA PROPRIA POR PARTE DO TRABALHADOR QUE GANHA ATE 05 SALARIOS MINIMOS E CABENDO AO IAPAS E AO SINDICATO DOS TRABALHADORES A FISCALIZAÇÃO DO SISTEMA.;REGULAMENTAÇÃO, FUNDO DE GARANTIA DO TEMPO DE SERVIÇO (FGTS), OBRIGATORIEDADE, EMPREGADOR, DEPOSITO, TRABALHADOR OPTANTE PELO FGTS, CONTA VINCULADA DO FGTS, BANCO OFICIAL, CAIXA ECONÔMICA FEDERAL (CEF), EXIGENCIA, TAXAS, JUROS, CORREÇÃO MONETARIA, EQUIPARAÇÃO, CADERNETA DE POUPANÇA, PRAZO, UNIFICAÇÃO, CADASTRO, PREVENÇÃO, FRAUDE, FACILITAÇÃO, SAQUE, RESCISSÃO, CONTRATO DE TRABALHO, JUSTA CAUSA, FALTA DE JUSTA CAUSA, DESPEDIDA INJUSTA, APLICAÇÃO FINANCEIRA, ATIVIDADE COMERCIAL, AQUISIÇÃO, CASA PROPRIA, EQUIPAMENTOS, PROFISSIONAL AUTONOMO, CASAMENTO, NASCIMENTO, ADOÇÃO, FILHO, TRATAMENTO MEDICO, DOENÇA, QUITAÇÃO, CASA PROPRIA, SISTEMA FINANCEIRO DE HABITAÇÃO (SFH), NECESSIDADE, COMPOSIÇÃO, CONSELHO CURADOR, PRESIDENTE, CAIXA ECONÔMICA FEDERAL (CEF), TRABALHADOR, REPRESENTANTE, CENTRAL SINDICAL, CONGRESSO NACIONAL, EMPREGADOR, EMPRESARIO, CONFEDERAÇÃO NACIONAL DA INDÚSTRIA (CNI), ASSOCIAÇÃO NACIONAL, MUTUARIO, COMPETENCIA, CONSELHO CURADOR, APROVAÇÃO, PROGRAMA, APLICAÇÃO FINANCEIRA, OBJETIVO, REDUÇÃO, DEFICIT, HABITAÇÃO, CONSTRUÇÃO, HABITAÇÃO POPULAR, CRIAÇÃO, FUNDO DE APOIO, ORGÃO AUXILIAR, AUXILIO FINANCEIRO, OBJTIVO, SUBSIDIOS, APLICAÇÃO, ATENDIMENTO, TRABALHADOR, BAIXA RENDA. COMPETENCIA, INSTITUTO DE ADMINISTRAÇÃO FINANCEIRA DA PREVIDÊNCIA E ASSITÊNCIA SOCIAL (IAPAS)(1977-1990), SINDICATO, FISCALIZAÇÃO, RECOLHIMENTO, FUNDO DE GARANTIA DO TEMPO DE SERVIÇO (FGTS), EMPRESA.;1989-08-04T00:00:00;;1989-10-26T00:00:00;Não Informado;Arquivada;Indefinida;
205247;139289.0;LUIZ INACIO LULA DA SILVA;PT;SP;1;1;1989;LUIZ INÁCIO LULA DA SILVA;PL;2627;1989;Projeto de Lei;DISPÕE SOBRE A RECUPERAÇÃO DAS PERDAS SALARIAIS DOS TRABALHADORES E DA OUTRAS PROVIDENCIAS.;;NORMAS, REAJUSTAMENTO, SALARIO, VENCIMENTOS, SOLDO, RECUPERAÇÃO, PERDA, POLITICA SALARIAL, PLANO CRUZADO, BASE DE CALCULO, PERCENTAGEM, VARIAÇÃO, INDICE DE PREÇOS AO CONSUMIDOR, DATA BASE, CATEGORIA PROFISSIONAL, TRABALHADOR, NEGOCIAÇÃO COLETIVA DE TRABALHO, EMPREGADO, EMPREGADOR.;1989-06-15T00:00:00;;1990-06-29T00:00:00;Não Informado;Arquivada;Indefinida;
202054;139289.0;LUIZ INACIO LULA DA SILVA;PT;SP;1;1;1989;LUIZ INÁCIO LULA DA SILVA;PL;2303;1989;Projeto de Lei;DISPÕE SOBRE A TRANSFERENCIA DE IMOVEIS FINANCIADOS PELO SISTEMA FINANCEIRO DA HABITAÇÃO, E DA OUTRAS PROVIDENCIAS.;GARANTINDO AO MUTUARIO O DIREITO DE TRANSFERIR A TERCEIROS O SEU CONTRATO DE FINANCIAMENTO, MANTENDO PARA O NOVO COMPRADOR AS MESMAS CONDIÇÕES DO CONTRATO ORIGINAL, DESDE QUE O MESMO NÃO EXCEDA O LIMITE DE 3500 OTN'S).;NORMAS, GARANTIA, MUTUARIO, (SFH), DIREITOS, TRANSFERENCIA, TERCEIROS, CONTRATO, FINANCIAMENTO, IMOVEL, MANUTENÇÃO, CRITERIOS, INICIO, CONTRATO IMOBILIARIO, VALOR, PRESTAÇÕES, SALDO DEVEDOR, ADQUIRENTE, ABRANGENCIA, LIMITE DE FINANCIAMENTO, INEXISTENCIA, EXCESSO, (OTN), EXIGENCIA, BENEFICIARIO, PREENCHIMENTO, REQUISITOS, CADASTRO, AGENTE FINANCEIRO, AQUISIÇÃO, CASA PROPRIA, SUB ROGAÇÃO. NORMAS, PROCESSO, COBRANÇA, CREDITO HIPOTECARIO, VINCULAÇÃO, (SFH), OBEDIENCIA, CODIGO DE PROCESSO CIVIL.;1989-05-24T00:00:00;;1991-03-08T00:00:00;Não Informado;Arquivada;Indefinida;
22182;139289.0;LUIZ INACIO LULA DA SILVA;PT;SP;1;1;1989;LUIZ INÁCIO LULA DA SILVA;RIC;207;1989;Requerimento de Informação;"SOLICITA INFORMAÇÕES AO MINISTERIO DA FAZENDA REFERENTE A PLANILHA DE
CUSTOS DA INDUSTRIA AUTOMOBILISTICA.";MINISTRO MAILSON DA NOBREGA).;"SOLICITAÇÃO, INFORMAÇÃO, (MF), PLANEJAMENTO, CUSTO, INDUSTRIA
AUTOMOBILISTICA, EMPRESA DE VEICULOS AUTOMOTORES.";1989-05-24T00:00:00;https://www.camara.leg.br/proposicoesWeb/prop_mostrarintegra?codteor=68150;1991-02-02T00:00:00;Arquivamento;Arquivada;Indefinida;https://www.camara.leg.br/proposicoesWeb/prop_mostrarintegra?codteor=432735
240076;139289.0;LUIZ INACIO LULA DA SILVA;PT;SP;1;1;1990;LUIZ INÁCIO LULA DA SILVA;RIC;554;1990;Requerimento de Informação;SOLICITA INFORMAÇÕES A MINISTRA DA ECONOMIA, FAZENDA E PLANEJAMENTO SOBRE PLANILHA DE CUSTOS DA INDUSTRIA AUTOMOBILISTICA.;;;1990-06-04T00:00:00;;1990-06-28T00:00:00;Não Informado;;Indefinida;
241327;74813.0;RONALDO CAIADO;;;1;1;1991;RONALDO CAIADO;RIC;1075;1991;Requerimento de Informação;SOLICITA INFORMAÇÕES AO MINISTERIO DAS RELAÇÕES EXTERIORES SOBRE CONVERSÃO CAMBIAL NO PAGAMENTO DE TRANSAÇÕES DE COMPRA DE CARNE BOVINA, PELO BRASIL, JUNTO A COMUNIDADE EUROPEIA.;MINISTRO FRANCISCO REZEK);SOLICITAÇÃO, INFORMAÇÃO, (MRE), AQUISIÇÃO, CARNE BOVINA, (CEE), ESCLARECIMENTOS, CAMBIO, MOEDA ESTRANGEIRA, DOLAR.;1991-12-12T00:00:00;;1992-01-14T00:00:00;Não Informado;;Indefinida;
241325;74813.0;RONALDO CAIADO;;;1;1;1991;RONALDO CAIADO;RIC;1074;1991;Requerimento de Informação;SOLICITA INFORMAÇÕES AO MINISTERIO DA ECONOMIA, FAZENDA E PLANEJAMENTO SOBRE AS RAZÕES DA NÃO LIBERAÇÃO DOS RECURSOS PARA PAGAMENTO DOS PROAGROS JA ACOLHIDOS PELA COMISSÃO ESPECIAL DE RECURSOS - CER.;MINISTRO MARCILIO MARQUES MOREIRA);SOLICITAÇÃO, INFORMAÇÃO, (MEFP), MOTIVO, FALTA, LIBERAÇÃO, RECURSOS, PAGAMENTO, (PROAGRO).;1991-12-12T00:00:00;;1992-03-12T00:00:00;Não Informado;;Indefinida;
239850;74813.0;RONALDO CAIADO;PSD;GO;1;1;1991;RONALDO CAIADO;RIC;479;1991;Requerimento de Informação;SOLICITA INFORMAÇÕES AO MINISTERIO DA ECONOMIA, FAZENDA E PLANEJAMENTO SOBRE AS RAZÕES DO NÃO-ACATAMENTO DA MEDIDA LIMINAR DO SUPREMO TRIBUNAL FEDERAL QUE SUSPENDEU A EFICACIA DE DISPOSITIVOS DA LEI 8177, DE 01 DE MARÇO DE 1991.;MINISTRO MARCILIO MARQUES MOREIRA).;SOLICITAÇÃO, INFORMAÇÃO, (MEFP), MOTIVO, FALTA, ACOLHIMENTO, LIMINAR, (STF), SUSPENSÃO, EFICACIA, DISPOSITIVOS, LEI FEDERAL, COBRANÇA, TAXAS, DEBITOS, AGRICULTOR, PRODUTOR RURAL.;1991-07-01T00:00:00;;1991-08-21T00:00:00;Não Informado;;Indefinida;
238745;74813.0;RONALDO CAIADO;PSD;GO;1;1;1991;RONALDO CAIADO;RIC;108;1991;Requerimento de Informação;SOLICITA INFORMAÇÕES A MINISTRA DA ECONOMIA, FAZENDA E PLANEJAMENTO SOBRE EMPRESTIMO CONCEDIDO, DESDE NOVEMBRO DE 1989, AO BRASIL PELO GOVERNO JAPONES NO VALOR DE 450 MILHÕES DE DOLARES.;MINISTRA ZELIA CARDOSO DE MELLO).;SOLICITAÇÃO, INFORMAÇÃO, (MEFP), CONCESSÃO, EMPRESTIMO, GOVERNO ESTRANGEIRO, JAPÃO, DESTINAÇÃO, PARTE, DINHEIRO, QUANTIA, ELETRIFICAÇÃO RURAL, ESTADO, (GO), INEXISTENCIA, REPASSE, RECURSOS.;1991-03-27T00:00:00;;1991-08-01T00:00:00;Não Informado;;Indefinida;
238636;74813.0;RONALDO CAIADO;PSD;GO;1;1;1991;RONALDO CAIADO;RIC;76;1991;Requerimento de Informação;SOLICITA INFORMAÇÕES A MINISTRA DA ECONOMIA, FAZENDA E PLANEJAMENTO SOBRE POSSIVEL IMPORTAÇÃO DE CARNE E TRIGO COM ISENÇÃO DE IMPOSTOS.;MINISTRA ZELIA CARDOSO DE MELLO).;SOLICITAÇÃO, INFORMAÇÃO, (MEFP), IMPORTAÇÃO, CARNE, TRIGO, ISENÇÃO, IMPOSTO DE IMPORTAÇÃO, COMPANHIA NACIONAL DE ABASTECIMENTO.;1991-03-14T00:00:00;;1991-06-20T00:00:00;Não Informado;;Indefinida;
233645;74813.0;RONALDO CAIADO;;;1;1;1991;RONALDO CAIADO;PLP;69;1991;Projeto de Lei Complementar;DISPÕE SOBRE O PROCESSO DE DESAPROPRIAÇÃO DE IMOVEL RURAL PARA FINS DE REFORMA AGRARIA E DA OUTRAS PROVIDENCIAS.;REGULAMENTANDO O DISPOSTO NO ARTIGO 184, PARAGRAFO TERCEIRO DA Constituição Federal de 1988).;REGULAMENTAÇÃO, DISPOSTIVOS, POLITICA AGRICOLA, POLITICA AGRARIA, REFORMA AGRARIA, CONSTITUIÇÃO FEDERAL. NORMAS, PROCESSO JUDICIAL, RITO SUMARIO, DESAPROPRIAÇÃO, IMOVEL RURAL, REFORMA AGRARIA, ATO, PRESIDENTE DA REPUBLICA, DECLARAÇÃO, INTERESSE SOCIAL, AÇÃO DE DESAPROPRIAÇÃO, INSTITUTO NACIONAL DE COLONIZAÇÃO E REFORMA AGRÁRIA (INCRA), PETIÇÃO INICIAL, DEPOSITO, INDENIZAÇÃO, BENFEITORIA, INDICAÇÃO, VALOR, PREÇO, TITULO DA DIVIDA AGRARIA, IMOVEL DESAPROPRIADO, PRAZO, DEFERIMENTO, CONTESTAÇÃO, AUDIENCIA, PARTES PROCESSUAIS, DEPOIMENTO, SENTENÇA JUDICIAL, IMISSÃO DE POSSE, TRANSCRIÇÃO, REGISTRO DE IMOVEIS, APLICAÇÃO, CODIGO DE PROCESSO CIVIL, POSSIBILIDADE, RETROCESSÃO, DESCUMPRIMENTO, OBJETIVO, DISTRIBUIÇÃO, LOTE, AGRICULTOR, ATIVIDADE AGRICOLA, BENEFICIARIO. PROIBIÇÃO, DESAPROPRIAÇÃO, IMOVEL RURAL, INTERESSE SOCIAL, REFORMA AGRARIA, PEQUENA PROPRIEDADE, PEQUENO PRODUTOR RURAL, PROPRIEDADE, APRESENTAÇÃO, PRODUÇÃO, PRODUTIVIDADE.;1991-11-14T00:00:00;;1992-06-30T00:00:00;Não Informado;Arquivada;Proposição Sujeita à Apreciação do Plenário;
198452;74813.0;RONALDO CAIADO;;;1;1;1991;RONALDO CAIADO;PL;1986;1991;Projeto de Lei;DEFINE A 'MEDIA E PEQUENA' PROPRIEDADE RURAL, A FUNÇÃO SOCIAL DE PROPRIEDADE E O TRATAMENTO ESPECIAL A SER DADO A PROPRIEDADE PRODUTIVA, REGULAMENTANDO OS ARTIGOS 185 E 186 DA CONSTITUIÇÃO FEDERAL.;REGULAMENTANDO DISPOSITIVOS DA Constituição Federal de 1988).;REGULAMENTAÇÃO, DISPOSITIVOS, POLITICA FUNDIARIA, REFORMA AGRARIA, CONSTITUIÇÃO FEDERAL, DEFINIÇÃO, PEQUENA PROPRIEDADE, PROPRIEDADE RURAL, LIMITAÇÃO, AREA, CUMPRIMENTO, FUNÇÃO SOCIAL DA PROPRIEDADE, ATENDIMENTO, APROVEITAMENTO, UTILIZAÇÃO, RECURSOS NATURAIS, PRESERVAÇÃO, MEIO AMBIENTE, RELAÇÃO DE TRABALHO, BEM ESTAR SOCIAL, TRABALHADOR, PROPRIETARIO RURAL, PEQUENO PRODUTOR RURAL, MEDIO PRODUTOR RURAL. DEFINIÇÃO, PROPRIEDADE RURAL, PEQUENA PROPRIEDADE, APRESENTAÇÃO, PRODUTIVIDADE, CUMPRIMENTO, FUNÇÃO SOCIAL, IMOVEL RURAL, EXPLORAÇÃO, AREA, AGRICULTURA, ATIVIDADE AGRICOLA, PASTAGEM, FLORESTA, AGUA, BENFEITORIA, PRODUTO MINERAL, EXTRATIVISMO, PRODUTO VEGETAL, PRODUTO FLORESTAL, IMPLANTAÇÃO, PROJETO AGROPECUARIO, PROJETO, UTILIZAÇÃO, INCENTIVO FISCAL, FINANCIAMENTO AGRICOLA, COLONIZAÇÃO, REDUÇÃO, IMPOSTO TERRITORIAL RURAL, TRATAMENTO ESPECIAL, PROPRIEDADE, ATENDIMENTO, REQUISITOS. NORMAS, APLICAÇÃO, ESTATUTO DA TERRA.;1991-02-17T00:00:00;;1992-06-26T00:00:00;Não Informado;Arquivada;Indefinida;
190120;74813.0;RONALDO CAIADO;;;1;1;1991;RONALDO CAIADO;PL;1285;1991;Projeto de Lei;EQUIPARA O PEÃO DE RODEIO AO ARTISTA PROFISSIONAL E DA OUTRAS PROVIDENCIAS.;;REGULAMENTAÇÃO, PROFISSÃO, ATIVIDADE PROFISSIONAL, EXERCICIO PROFISSIONAL, EMPREGADO, RODEIO, CAVALO, EQUINO, BOVINO, VAQUEIRO, OBRIGATORIEDADE, SEGURO DE VIDA, GRUPO, PARTICIPANTE, ESPETACULO, COBERTURA, INVALIDEZ, PERMANENCIA.;1991-08-02T00:00:00;;1995-02-02T00:00:00;Não Informado;Arquivada;Indefinida;
190106;74813.0;RONALDO CAIADO;;;1;1;1991;RONALDO CAIADO;PL;1284;1991;Projeto de Lei;DISPÕE SOBRE A CRIAÇÃO DA ESCOLA TECNICA FEDERAL DE LUZIANIA, ESTADO DE GOIAS.;;AUTORIZAÇÃO, EXECUTIVO, CRIAÇÃO, ESCOLA TECNICA FEDERAL, ESTABELECIMENTO DE ENSINO, MUNICIPIO, LUZIANIA, (GO), ENSINO DE SEGUNDO GRAU, NIVEL MEDIO.;1991-08-02T00:00:00;;1991-11-21T00:00:00;Não Informado;Arquivada;Indefinida;
190092;74813.0;RONALDO CAIADO;;;1;1;1991;RONALDO CAIADO;PL;1283;1991;Projeto de Lei;DISPÕE SOBRE A CRIAÇÃO DA ESCOLA TECNICA FEDERAL DE QUIRINOPOLIS, NO ESTADO DE GOIAS.;;AUTORIZAÇÃO, EXECUTIVO, CRIAÇÃO, ESCOLA TECNICA FEDERAL, ESCOLA AGROTECNICA, ESTABELECIMENTO DE ENSINO, MUNICIPIO, QUIRINOPOLIS, (GO), ENSINO AGRICOLA, TECNICO AGRICOLA, ENSINO DE SEGUNDO GRAU, NIVEL MEDIO.;1991-08-02T00:00:00;;1991-11-21T00:00:00;Não Informado;Arquivada;Indefinida;
188147;74813.0;RONALDO CAIADO;;;1;1;1991;RONALDO CAIADO;PL;1151;1991;Projeto de Lei;DISPÕE SOBRE A CRIAÇÃO DE ESCOLA TECNICA FEDERAL EM ANAPOLIS, ESTADO DE GOIAS.;;AUTORIZAÇÃO, EXECUTIVO, CRIAÇÃO, ESCOLA AGROTECNICA FEDERAL, ESTABELECIMENTO DE ENSINO, MUNICIPIO, ANAPOLIS, (GO), ENSINO AGRICOLA, ENSINO DE SEGUNDO GRAU, NIVEL MEDIO.;1991-06-24T00:00:00;;1991-11-21T00:00:00;Não Informado;Arquivada;Indefinida;
186976;74813.0;RONALDO CAIADO;PSD;GO;1;1;1991;RONALDO CAIADO;PL;1077;1991;Projeto de Lei;INSTITUI ISENÇÃO DO IPI PARA MATERIAIS BASICOS EMPREGADOS NA CONSTRUÇÃO DE CASAS POPULARES, ESCOLAS, SILOS E ARMAZENS DE PRODUTOS AGRICOLAS.;;ISENÇÃO, IMPOSTO SOBRE PRODUTOS INDUSTRIALIZADOS (IPI), MATERIAL, CONSTRUÇÃO CIVIL, HABITAÇÃO POPULAR, ESTABELECIMENTO DE ENSINO, SILO, ARMAZEM, PRODUTO AGRICOLA, BENEFÍCIO FISCAL, TRIBUTAÇÃO.;1991-06-26T00:00:00;;1995-03-09T00:00:00;Não Informado;Arquivada;Indefinida;
242182;74813.0;RONALDO CAIADO;PFL;GO;1;1;1992;RONALDO CAIADO;RIC;1504;1992;Requerimento de Informação;SOLICITA INFORMAÇÕES AO MINISTERIO DA ECONOMIA, FAZENDA E PLANEJAMENTO SOBRE A LEGISLAÇÃO QUE AUTORIZARIA A RECEITA FEDERAL A EXIGIR DOS PRODUTORES RURAIS DECLARAÇÃO CONSTANDO A AVALIAÇÃO DE SUA PROPRIEDADE RURAL E BENFEITORIAS.;MINISTRO MARCILIO MARQUES MOREIRA);SOLICITAÇÃO, INFORMAÇÃO, (MEFP), NORMA JURIDICA, AUTORIZAÇÃO, RECEITA FEDERAL, EXIGENCIA, DECLARAÇÃO, PRODUTOR RURAL, AVALIAÇÃO, PROPRIEDADE RURAL, BENFEITORIA.;1992-04-29T00:00:00;;1992-06-30T00:00:00;Não Informado;;Indefinida;
244845;74813.0;RONALDO CAIADO;PFL;GO;1;1;1993;RONALDO CAIADO;RIC;2819;1993;Requerimento de Informação;SOLICITA INFORMAÇÕES AO MINISTERIO DA FAZENDA SOBRE NOTICIAS VEICULADAS NO JORNAL 'O ESTADO DE SÃO PAULO' ATRIBUIDAS AO PRESIDENTE DO BANCO DO BRASIL S/A E A OUTRAS FONTES DO MESMO BANCO.;MINISTRO FERNANDO HENRIQUE CARDOSO. BLOCO 01.;SOLCITAÇÃO, INFORMAÇÃO, Ministério da Fazenda (1992-2018), DIVULGAÇÃO, PRESIDENTE, BANCO DO BRASIL (BB), NOTICIARIO, PUBLICAÇÃO, JORNAL, São Paulo (Estado), FAVORECIMENTO, DEPUTADO FEDERAL, EMPRESTIMO, MUTUARIO, INADIMPLENCIA, DISPENSA, PAGAMENTO, DEBITO, INCLUSÃO, CONGRESSISTA, MEMBRO, COMISSÃO PARLAMENTAR MISTA DE INQUERITO, DIVIDA, CREDITO AGRICOLA, SETOR, ATIVIDADE AGRICOLA.;1993-12-21T00:00:00;;1994-02-08T00:00:00;Não Informado;;Indefinida;
238271;74813.0;RONALDO CAIADO;PFL;GO;1;1;1993;RONALDO CAIADO;REC;120;1993;Recurso;REQUER, NA FORMA DO ARTIGO 144, C/C ARTIGO 132, PARAGRAFO SEGUNDO, DO REGIMENTO INTERNO, QUE O PL. 1077/91, DE SUA AUTORIA, SEJA APRECIADO PELO PLENARIO, QUANTO A SUA ADEQUAÇÃO FINANCEIRA E ORÇAMENTARIA, EM FACE DO PARECER CONTRARIO DA CFT.;BLOCO 01.;;1993-08-11T00:00:00;;1993-11-10T00:00:00;Não Informado;;Indefinida;
219769;74813.0;RONALDO CAIADO;PFL;GO;1;1;1993;RONALDO CAIADO;PL;4221;1993;Projeto de Lei;DISPÕE SOBRE A CRIAÇÃO DO CENTRO NACIONAL DE IDENTIFICAÇÃO DATILOSCOPICA, MODIFICA A LEI DOS REGISTROS PUBLICOS E DA OUTRAS PROVIDENCIAS.;BLOCO 1.;CRIAÇÃO, CENTRO NACIONAL, IDENTIFICAÇÃO DATILOSCOPICA, MINISTÉRIO DA JUSTIÇA (1967-2016), MANUTENÇÃO, CADASTRO, REGISTRO DE NASCIMENTO, INDICIAMENTO, CRIME DOLOSO, REMESSA, MATERIAL, ORGÃOS, ESTADOS, CADASTRAMENTO. ALTERAÇÃO, LEI FEDERAL, REGISTRO PUBLICO, NECESSIDADE, APRESENTAÇÃO, FICHA, IDENTIFICAÇÃO, EMISSÃO, DELEGACIA DE POLICIA, CERTIDÃO NEGATIVA, CENTRO NACIONAL, IDENTIFICAÇÃO DATILOSCOPICA, PAGAMENTO, MULTA, UNIDADE FISCAL DE REFERÊNCIA (UFIR), NECESSIDADE, JUSTIFICAÇÃO, DECISÃO JUDICIAL, HIPOTESE, AUSENCIA, IMPRESSÃO DIGITAL, MUTILAÇÃO, OCORRENCIA, RETIRADA, DECLAÇÃO, REGISTRO DE NASCIMENTO, POSTERIORIDADE, DECURSO DE PRAZO. OBRIGATORIEDADE, HOSPITAL, MATERNIDADE, COLETA, MATERIAL, IDENTIFICAÇÃO DATILOSCOPICA, CRIANÇA, NASCIMENTO, REMESSA, DELEGACIA DE POLICIA, PRAZO, SEMANA, PREVISÃO, MULTA, HIPOTESE, DESCUMPRIMENTO. OBRIGATORIEDADE, CARTORIO CIVEL, REGISTRO CIVIL, EXIGENCIA, CERTIDÃO NEGATIVA, FORNECIMENTO, CADASTRO, IDENTIFICAÇÃO, OBJETIVO, LAVRATURA, REGISTRO DE NASCIMENTO, CRIANÇA, ADOLESCENTE, ADULTO.;1993-10-14T00:00:00;;1995-02-02T00:00:00;Não Informado;Arquivada;Indefinida;
219761;74813.0;RONALDO CAIADO;PFL;GO;1;1;1993;RONALDO CAIADO;PL;4220;1993;Projeto de Lei;DA NOVA DENOMINAÇÃO AO HOSPITAL GERAL DE GOIANIA, ESTADO DE GOIAS.;BLOCO 1.;ALTERAÇÃO, DENOMINAÇÃO, HOSPITAL, MUNICIPIO, GOIANIA, (GO).;1993-10-14T00:00:00;;1995-02-03T00:00:00;Não Informado;Arquivada;Indefinida;
218273;74813.0;RONALDO CAIADO;PFL;GO;1;1;1993;RONALDO CAIADO;PL;4044;1993;Projeto de Lei;ALTERA O ARTIGO 14 DA LEI 8212, DE 24 DE JULHO DE 1991, QUE 'DISPÕE SOBRE A ORGANIZAÇÃO DA SEGURIDADE SOCIAL, INSTITUI PLANO DE CUSTEIO E DA OUTRAS PROVIDENCIAS'.;INCLUINDO DENTRE O SEGURADO FACULTATIVO DA PREVIDENCIA SOCIAL A DONA DE CASA QUE NÃO EXERÇA ATIVIDADE REMUNERADA). - PODER CONCLUSIVO DAS COMISSÕES - ARTIGO 24, INCISO II. BLOCO 1.;ALTERAÇÃO, LEI ORGANICA DA SEGURIDADE SOCIAL. INCLUSÃO, SEGURADO FACULTATIVO, PREVIDENCIA SOCIAL, DONA DE CASA, INEXISTENCIA, EXERCICIO PROFISSIONAL, ATIVIDADE REMUNERADA, EXIGENCIA, CONTRIBUIÇÃO PREVIDENCIARIA, CONTRIBUINTE FACULTATIVO, PREVIDENCIA SOCIAL.;1993-08-11T00:00:00;;1995-02-02T00:00:00;Não Informado;Arquivada;Indefinida;
218264;74813.0;RONALDO CAIADO;PFL;GO;1;1;1993;RONALDO CAIADO;PL;4043;1993;Projeto de Lei;CONCEDE FE PUBLICA, EM TODO O TERRITORIO NACIONAL, AS CEDULAS DE IDENTIDADE FUNCIONAL DE MINISTROS DE QUAISQUER CONFISSÕES RELIGIOSAS, EXPEDIDAS PELAS RESPECTIVAS ENTIDADES.;BLOCO 1.;DECLARAÇÃO, FE PUBLICA, VALIDADE, TERRITORIO NACIONAL, CARTEIRA DE IDENTIDADE FUNCIONAL, AUTORIDADE RELIGIOSA, SACERDOTE, CRENÇA RELIGIOSA, SEITA RELIGIOSA, EXIGENCIA, INSTITUIÇÃO RELIGIOSA, PERSONALIDADE JURIDICA, POSSIBILIDADE, CANCELAMENTO, DIVULGAÇÃO, EDITAL, (DO), JORNAL, CIRCULAÇÃO, AMBITO NACIONAL.;1993-08-11T00:00:00;;1995-02-02T00:00:00;Não Informado;Arquivada;Indefinida;
218255;74813.0;RONALDO CAIADO;PFL;GO;1;1;1993;RONALDO CAIADO;PL;4042;1993;Projeto de Lei;INTRODUZ ALTERAÇÕES NO ARTIGO 22, DA LEI 8460, DE 17 DE SETEMBRO DE 1992, ESTENDENDO O DIREITO AO AUXILIO-ALIMENTAÇÃO PARA OS SERVIDORES INATIVOS E OS MILITARES, E DA OUTRAS PROVIDENCIAS.;BLOCO 1.;ALTERAÇÃO, LEI FEDERAL, CONCESSÃO, EXTENSÃO, AUXILIO, ALIMENTAÇÃO, SERVIDOR, APOSENTADO, INATIVIDADE, MILITAR INATIVO, MILITAR REFORMADO, CREDITAMENTO, PROVENTOS, APOSENTADORIA, SOLDO.;1993-08-11T00:00:00;;1995-02-02T00:00:00;Não Informado;Arquivada;Indefinida;
160896;74813.0;RONALDO CAIADO;PFL;GO;1;1;1993;RONALDO CAIADO;INC;334;1993;Indicação;SUGERE AO PODER EXECUTIVO, POR INTERMEDIO DO MINISTERIO DAS COMUNICAÇÕES, O EXAME DA OPORTUNIDADE E CONVENIENCIA DE UNIFORMIZAÇÃO DAS TARIFAS TELEFONICAS NAS AREAS DE CONURBAÇÃO.;BLOCO 1.;SUGESTÃO, EXECUTIVO, (MC), ESTUDO, UNIFORMIZAÇÃO, TARIFAS, TELEFONE, TELEFONIA, CIDADE, LIMITE GEOGRAFICO, VIZINHANÇA, MUNICIPIOS, PROXIMIDADE, MOTIVO, TELEFONE INTERURBANO, TRANSFORMAÇÃO, TELEFONE URBANO, TAXAS, LOCAL, FACILITAÇÃO, POPULAÇÃO, COMERCIO, INDUSTRIA.;1993-08-11T00:00:00;;1995-03-07T00:00:00;Não Informado;;Indefinida;
160893;74813.0;RONALDO CAIADO;PFL;GO;1;1;1993;RONALDO CAIADO;INC;333;1993;Indicação;SUGERE AO PODER EXECUTIVO, POR INTERMEDIO DO MINISTERIO DA FAZENDA (BANCO CENTRAL E CAIXA ECONOMICA FEDERAL), O EXAME DA OPORTUNIDAADE E CONVENIENCIA DE APLICAÇÃO DE NOVO INDICE PARA REAJUSTE DAS PRESTAÇÕES DOS MUTUARIOS DO SISTEMA FINANCEIRO DA HABITAÇÃO - SFH QUE SEJAM TRABALHADORES AUTONOMOS.;BLOCO 1.;SUGESTÃO, EXECUTIVO, (MF), BANCO CENTRAL DO BRASIL, (CEF), CONVENIENCIA, TRANSFORMAÇÃO, APLICAÇÃO, INDICE, REAJUSTAMENTO, AUMENTO, PRESTAÇÕES, (SFH), TRABALHADOR AUTONOMO, MUTUARIO.;1993-08-11T00:00:00;;1993-10-19T00:00:00;Não Informado;;Indefinida;
160611;74813.0;RONALDO CAIADO;PFL;GO;1;1;1993;RONALDO CAIADO;INC;236;1993;Indicação;SUGERE AO PODER EXECUTIVO, POR INTERMEDIO DO MINISTERIO DOS TRANSPORTES, O EXAME DA OPORTUNIDADE E CONVENIENCIA DE FIXAÇÃO DE LIMITE PARA AS TARIFAS DE ONIBUS EM LINHAS INTERLIGANDO OS GRANDES CENTROS URBANOS COM O RESPECTIVO ENTORNO.;BLOCO 01.;SUGESTÃO, EXECUTIVO, (MTR), FIXAÇÃO, LIMITAÇÃO, UNIFORMIZAÇÃO, TARIFAS, ONIBUS, TRANSPORTE INTERMUNICIPAL, TRANSPORTE COLETIVO INTERESTADUAL, TRANSPORTE COLETIVO URBANO.;1993-06-28T00:00:00;;1993-09-29T00:00:00;Não Informado;;Indefinida;
25635;74813.0;Ronaldo Caiado;PFL;GO;1;1;1993;RONALDO CAIADO;PL;4171;1993;Projeto de Lei;Dispõe sobre a vacinação dos rebanhos bovino , ovino e bubalino contra a febre aftosa , e dá outras providências;BLOCO 01.;"OBRIGATORIEDADE, VACINAÇÃO, FEBRE AFTOSA, REBANHO, GADO, BOVINO, OVINO, BUFALO, TERRITORIO NACIONAL, PREVISÃO, MINISTÉRIO DA AGRICULTURA, DO ABASTECIMENTO E DA REFORMA AGRÁRIA (1992-1998), FORNECIMENTO, VACINA, CONVENIO, SECRETARIA DE AGRICULTURA, ESTADO, MUNICIPIO,
DISTRITO FEDERAL, FEDERAÇÃO, PRODUTOR RURAL, DISTRIBUIÇÃO, PREÇO,
PRODUTOR, GRATUIDADE, PEQUENO PRODUTOR RURAL, DESCONTO,
MEDIO PRODUTOR RURAL, EXIGENCIA, CADASTRAMENTO, MINISTERIO, CLASSIFICAÇÃO, BANCO CENTRAL DO BRASIL.";1993-09-15T00:00:00;https://www.camara.leg.br/proposicoesWeb/prop_mostrarintegra?codteor=74895;1996-10-09T00:00:00;Declaração de Prejudicialidade;Arquivada;Indefinida;
253883;74813.0;Ronaldo Caiado;PFL;GO;1;1;1999;RONALDO CAIADO;EMC;6;1999;Emenda na Comissão;;;;1999-11-19T16:17:00;https://www.camara.leg.br/proposicoesWeb/prop_mostrarintegra?codteor=219489;1999-11-19T16:17:00;Apresentação de Proposição;;Indefinida;https://www.camara.leg.br/proposicoesWeb/prop_mostrarintegra?codteor=219489
161026;74813.0;RONALDO RAMOS CAIADO;PFL;GO;1;1;1999;RONALDO CAIADO;INC;377;1999;Indicação;SUGERE AO PODER EXECUTIVO, POR INTERMEDIO DO MINISTERIO DA FAZENDA, A SUSPENSÃO DE TODOS OS PROCESSOS DE COBRANÇAS, AJUIZADAS OU NÃO, DECORRENTES DE DIVIDAS RURAIS, ATÉ QUE SEJA APROVADA PROPOSTA DE RENEGOCIAÇÃO EM ANDAMENTO DO CONGRESSO NACIONAL.;;(MF), SUSPENSÃO, PROCESSO, AÇÃO DE COBRANÇA, DIVIDA AGRARIA, PRODUTOR RURAL, PRAZO DETERMINADO, APROVAÇÃO, PROPOSTA, RENEGOCIAÇÃO, COPNGRESSO NACIONAL.;1999-06-30T00:00:00;;1999-12-16T00:00:00;Não Informado;;Indefinida;
41111;74813.0;RONALDO RAMOS CAIADO;PFL;GO;1;1;1999;RONALDO CAIADO;PL;356;1999;Projeto de Lei;Projeto de lei que dispõe sobre a indisponibilidade dos bens de vítimas de seqüestro e seus familiares, a criminalização de campanhas para arrecadação de dinheiro para pagamento de resgate e dá outras providências.;;Competência, justiça, determinação, indisponibilidade, bens, patrimônio, família, parente, vítima, seqüestro, autoridade policial, notificação, juiz, solução, levantamento, bens móveis, bens imóveis, ativo financeiro, fixação, valor, necessidade, extorsão, caracterização, crime organizdo, divulgação, campanha, destinação, recolhimento, dinheiro, empréstimo, pagamento, resgate, pena de reclusão, multa, suspensão, funcionamento, pessoa jurídica.;1999-03-23T00:00:00;https://www.camara.leg.br/proposicoesWeb/prop_mostrarintegra?codteor=25246;1999-09-20T00:00:00;Não Informado;Arquivada;Indefinida;
14879;74813.0;Ronaldo Caiado;PFL;GO;1;1;1999;RONALDO CAIADO;PFC;13;1999;Proposta de Fiscalização e Controle;Propõe que a Comissão de Agricultura e Política Rural fiscalize os Ministérios da Fazenda e da Agricultura e do Abastecimento, quanto à omissão na fiscalização do aumento abusivo do preço da vacina contra a febre aftosa.;;PROPOSTA, COMISSÃO DE AGRICULTURA E POLITICA RURAL, FISCALIZAÇÃO, (MF), (MAGR), AUMENTO, ABUSO, PREÇO, VACINA, FEBRE AFTOSA.;1999-06-17T00:00:00;https://www.camara.leg.br/proposicoesWeb/prop_mostrarintegra?codteor=39724;2012-07-31T00:00:00;Notificações;;Proposição Sujeita à Apreciação Interna nas Comissões;https://www.camara.leg.br/proposicoesWeb/prop_mostrarintegra?codteor=1030005
63454;74813.0;Ronaldo Caiado;PFL;GO;1;1;2001;RONALDO CAIADO;SBT;1;0;Substitutivo;Dispõe sobre o uso controlado das fibras naturais ou artificiais destinadas ao fabrico de fibrocimentos e aglomerados de qualquer natureza, e como embalagens e isolantes térmicos e acústicos.;;;2001-10-31T00:00:00;https://www.camara.leg.br/proposicoesWeb/prop_mostrarintegra?codteor=74401;2001-10-31T00:00:00;Apresentação de Proposição;;Indefinida;https://www.camara.leg.br/proposicoesWeb/prop_mostrarintegra?codteor=74401
37141;74813.0;Ronaldo Caiado;PFL;GO;1;1;2001;RONALDO CAIADO;REQ;81;2001;Requerimento de Audiência Pública;Requeiro, nos termos do art. 255 do Regimento Interno da Câmara dos Deputados, Seja realizada reunião de audiência pública, no Plenário desta Comissão , para rediscussão dos problemas enfrentados pelo setor leiteiro  nacional , principalmente para avaliação das decisões das autoridades federais sobre a grave crise que atravessa o setor.;;;2001-11-14T14:50:00;https://www.camara.leg.br/proposicoesWeb/prop_mostrarintegra?codteor=10948;2001-11-14T14:50:00;Apresentação de Proposição;Arquivada;Proposição Sujeita à Apreciação Conclusiva pelas Comissões(Art. 24, II, do RICD);https://www.camara.leg.br/proposicoesWeb/prop_mostrarintegra?codteor=10948
35154;74813.0;Ronaldo Caiado;PFL;GO;1;1;2001;RONALDO CAIADO;SOR;9;2001;Sugestão de Emenda ao Orçamento - Comissões;OPERAÇÕES OFICIAIS DE CRÉDITO E RECURSOS DESTINADOS À EQUALIZAÇÃO DOS EMPRÉSTIMOS DO GOVERNO FEDERAL, R$600.000.000,00.;;;2001-10-22T00:00:00;;2001-10-24T10:09:00;Aprovação de Proposição Interna;Arquivada;Proposição Sujeita à Apreciação Interna nas Comissões;
31550;74813.0;Ronaldo Caiado;PFL;GO;1;1;2001;RONALDO CAIADO;REQ;54;2001;Requerimento de Audiência Pública;"Requeiro, nos termos do art. 255 do Regimento Interno da Câmara dos Deputados, seja realizada reunião de audiência pública, no Plenário desta Comissão, para discussão dos problemas enfrentados pelo setor leiteiro nacional. Sugiro que sejam convidados representantes do Ministério da Agricultura e do Abastecimento, da Confederação Nacional da Agricultura, do Sindicato e Organização das Cooperativas do Estado de Goiás, da Parmalat e Nestlé. 
APROVADO COM AS SEGUINTES SUGESTÕES: 1) SUBSTITUIÇÃO DA ORGANIZAÇÃO DAS COOPERATIVAS DO ESTADO DE GOIÁS PELA ORGANIZAÇÃO DAS COOPERATIVAS BRASILEIRAS - OCB; 2) DEP. JOÃO GRANDÃO DE INCLUIR A CONTAG E A CONCRAVE; DO DEP. HELENILDO RIBEIRO DE INCLUIR O VALE DOURADO DE ALAGOAS; 3) DEP. SILAS BRASILEIRO DE QUE A AUDIÊNCIA SEJA CONJUNTA COM A COMISSÃO DE DEFESA DO CONSUMIDOR, MEIO AMBIENTE E MINORIAS.";"COMISSÃO DE AGRICULTURA E POLÍTICA RURAL

REQUERIMENTO Nº 54 /01
(Do Sr. RONALDO CAIADO)

Requeiro, nos termos do art. 255 do Regimento Interno da Câmara dos Deputados, seja realizada reunião de audiência pública, no Plenário desta Comissão, para discussão dos problemas enfrentados pelo setor leiteiro nacional.
Sugiro que sejam convidados representantes do Ministério da Agricultura e do Abastecimento, da Confederação Nacional da Agricultura, do Sindicato e Organização das Cooperativas do Estado de Goiás, da Parmalat e Nestlé 
Sala da Comissão, em 9 de agosto de 2001.
Deputado RONALDO CAIADO - PFL/GO";;2001-08-09T00:00:00;https://www.camara.leg.br/proposicoesWeb/prop_mostrarintegra?codteor=4115;2001-08-15T10:35:00;Aprovação de Proposição Interna;Arquivada;Proposição Sujeita à Apreciação Conclusiva pelas Comissões(Art. 24, II, do RICD);
31338;74813.0;Ronaldo Caiado;PFL;GO;1;1;2001;RONALDO CAIADO;REQ;8;2001;Requerimento de Convocação de Autoridade;"Requerimento nº 08/01, do Deputado Ronaldo Caiado, que requer ""a convocação dos Senhores Denis Hamel (Diretor do Instituto do Amianto do Canadá), Luis Cejudo (Diretor-Geral da Associação Latino Americana do Amianto), Louis Perron (Economista Mineral do Ministério dos Recursos Naturais do Canadá), Jean-Louis Caty (Vice-Ministro Adjunto - Minas, do Ministério dos Recursos Naturais do Quebeque), Michel Camus (Epidemiologista do Ministério da Saúde do Canadá), Jacques Dunnigam (Presidente da Contact J.D.), Gérard Docquier (Coordenador Sindical do Instituto do Amianto) e Hugo Villejas (Presidente do Instituto Colombiano do Amianto), para prestarem informações sobre o Asbesto/Amianto, em reunião dessa Comissão a realizar-se, ainda, neste mês, que versará sobre o assunto"".";;;2001-05-15T00:00:00;https://www.camara.leg.br/proposicoesWeb/prop_mostrarintegra?codteor=87625;2001-05-15T14:50:00;Aprovação de Proposição Interna;Arquivada;Indefinida;
31336;74813.0;Ronaldo Caiado;PFL;GO;1;1;2001;RONALDO CAIADO;REQ;6;2001;Requerimento;"Requerimento nº 06, do Deputado Ronaldo Caiado, que requer ""providências no sentido de que seja convidado o Senhor Michel Arsenaut, Diretor da United Steelworkers of América, e outros para participarem de Audiência Pública da Comissão Especial do Asbesto Amianto"".";;;2001-05-08T00:00:00;https://www.camara.leg.br/proposicoesWeb/prop_mostrarintegra?codteor=87622;2001-05-15T14:50:00;Aprovação de Proposição Interna;Arquivada;Indefinida;
30704;74813.0;Ronaldo Caiado;PFL;GO;1;1;2001;RONALDO CAIADO;REQ;1;2001;Requerimento;Solicita seja convidado o Dr. Djalma Carvalho Moreira, Professor da Unicamp, para participar de reunião de audiência pública desta Comissão.;;;2001-04-04T00:00:00;https://www.camara.leg.br/proposicoesWeb/prop_mostrarintegra?codteor=87591;2001-04-17T15:07:00;Aprovação de Proposição Interna;Arquivada;Indefinida;
30239;74813.0;Ronaldo Caiado;PFL;GO;1;1;2001;RONALDO CAIADO;PFC;57;2001;Proposta de Fiscalização e Controle;Propõe que a Comissão de Agricultura e Política Rural realize ato de fiscalização sobre a política de controle e erradicação da febre aftosa, quanto à atividades de vigilância, controle de trânsito, vacinação e fiscalização, bem como sobre as medidas para controle da doença adotadas no Estado do Rio Grande do Sul.;;Proposta, Comissão de Agricultura, Política Rural, fiscalização, ato administrativo, política, erradicação, febre aftosa, controle, trânsito, vigilância, vacinação, doença animal, estado (ente federado), Rio Grande do Sul.;2001-06-27T00:00:00;https://www.camara.leg.br/proposicoesWeb/prop_mostrarintegra?codteor=64420;2003-12-16T00:00:00;Arquivamento;Arquivada;Proposição Sujeita à Apreciação Interna nas Comissões;
28598;74813.0;Ronaldo Caiado;PFL;GO;2;0;2001;RONALDO CAIADO;REQ;43;2001;Requerimento;Solicita seja encaminhada aos Ministros de Estado da Agricultura e Abastecimento, da Fazenda, e ao Conselho Monetário Nacional indicação, sugerindo providências no sentido de prorrogar as parcelas de custeio que vencem em julho e agosto,  para  os meses de novembro e dezembro.;"Os motivos são muitos: 
- Baixos preços do arroz por conta de uma retração do mercado em todo o Brasil;
- Problemas climáticos no Tocantins ocasionando uma queda de 30% na produtividade.
No 2º semestre, historicamente, a tendência é uma melhora nos preços do arroz.
Sendo assim, os produtores terão com esta prorrogação, condições de cumprirem seus compromissõs de custeio.

Sala da Comissão 23 de maio de 2001

Kátia Abreu";;2001-05-23T00:00:00;;2001-05-23T10:05:00;Aprovação de Proposição Interna;Arquivada;Indefinida;
28582;74813.0;Ronaldo Caiado;PFL;GO;2;0;2001;RONALDO CAIADO;REQ;40;2001;Requerimento;"""Requeremos, nos termos do § 5º do art. 52 do Regimento Interno da Câmara dos Deputados, ouvido o Plenário, seja incluído extrapauta, requerimento de autoria do Deputado Josué Bengtson.""";;;2001-05-23T00:00:00;;2001-05-23T10:05:00;Aprovação de Proposição Interna;Arquivada;Indefinida;
28579;74813.0;Ronaldo Caiado;PFL;GO;1;1;2001;RONALDO CAIADO;REQ;39;2001;Requerimento;"""Requeremos, nos termos do § 5º do art. 52 do Regimento Interno da Câmara dos Deputados, ouvido o Plenário, seja incluído extrapauta, requerimento de autoria dos Deputados Ronaldo Caiado e outros.""";;;2001-05-23T00:00:00;https://www.camara.leg.br/proposicoesWeb/prop_mostrarintegra?codteor=86754;2001-05-23T10:05:00;Aprovação de Proposição Interna;Arquivada;Indefinida;
28574;74813.0;Ronaldo Caiado;PFL;GO;1;1;2001;RONALDO CAIADO;REQ;38;2001;Requerimento;"""Requeiro, nos termos do art. 255 do Regimento Interno da Câmara dos Deputados, seja convidado o Dr. Roberto Giannetti da Fonseca, Secretário-Executivo da Cãmara de Comércio Exterior, a partir de reunião de audiências pública, no Plenário desta Comissão, com o objetivo de apresentar parâmetros entre as exportações de produtos agropecuários nacionais e as importações brasileiras de países que adquirem esses produtos.""";;;2001-05-23T00:00:00;;2001-05-23T10:05:00;Aprovação de Proposição Interna;Arquivada;Indefinida;
27876;74813.0;Ronaldo Caiado;PFL;GO;8;0;2001;RONALDO CAIADO;REQ;29;2001;Requerimento de Constituição de Comissão Externa;"""requerem, nos termos regimentais, a constituição de Comissão Externa da Câmara dos Deputados, especialmente da Comissão de Agricultura e Política Rural, para participar da Reunião da Organização Internacional de Epizootia (OIE), que realizar-se-á em Paris entre os dias 25 a 30 do mês de maio do ano em curso"".";;;2001-04-25T00:00:00;https://www.camara.leg.br/proposicoesWeb/prop_mostrarintegra?codteor=86066;2001-04-25T11:16:00;Aprovação de Proposição Interna;Arquivada;;
27875;74813.0;Ronaldo Caiado;PFL;GO;9;0;2001;RONALDO CAIADO;REQ;28;2001;Requerimento;"""requerem, nos termos do art. 52, § 5º do Regimento Interno da Câmara dos Deputados, ouvido o Plenário, seja incluído extrapauta requerimento de autoria da Dep. Katia Abreu e outros"".";;;2001-04-25T00:00:00;https://www.camara.leg.br/proposicoesWeb/prop_mostrarintegra?codteor=86711;2001-04-25T11:16:00;Aprovação de Proposição Interna;Arquivada;Indefinida;
27398;74813.0;Ronaldo Caiado;PFL;GO;1;1;2001;RONALDO CAIADO;REQ;17;2001;Requerimento de Audiência Pública;Requer, nos termos do art. 255 do Regimento Interno da Câmara dos Deputados, seja realizada reunião de audiência pública, no Plenário desta Comissão, para discussão dos fundos constitucionais. Sugiro sejam convidados a participar como expositores os Senhores Eduardo Augusto de Almeida Guimarães (Presidente do Banco do Brasil). Ricardo Alves da Conceição (Diretor de Negócios Rurais, Agroindustriais e com o Governo do Banco do Brasil) e um representante da Confederação Nacional da Agricultura/CNA;;;2001-04-10T00:00:00;;2001-04-11T11:50:00;Aprovação de Proposição Interna;Arquivada;Proposição Sujeita à Apreciação Conclusiva pelas Comissões(Art. 24, II, do RICD);
27213;74813.0;Ronaldo Caiado;PFL;GO;18;0;2001;RONALDO CAIADO;REQ;16;2001;Requerimento;"""Requer a audiência da Comissão de Agricultura e Política Rural para debater propostas da Comissão de Valores Mobiliários de normatização para o mercado de parceria pecuárias.""";;;2001-04-04T00:00:00;;2001-04-04T10:42:00;Aprovação de Proposição Interna;Arquivada;Indefinida;
27211;74813.0;Ronaldo Caiado;PFL;GO;18;0;2001;RONALDO CAIADO;REQ;15;2001;Requerimento;"""Requeremos, nos termos do art. 52, § 5º do Regimento Interno da Câmara dos Deputados, ouvido o Plenário, seja incluído extrapauta requerimento de autoria dos Deputados Wilson Santos e  outros.""";;;2001-04-04T00:00:00;;2001-04-04T10:42:00;Aprovação de Proposição Interna;Arquivada;Indefinida;
27210;74813.0;Ronaldo Caiado;PFL;GO;16;0;2001;RONALDO CAIADO;REQ;14;2001;Requerimento;"""Requerem seja constituída comissão composta de 5 membros, distribuídos proporcionalmente entre os Partidos, para levantar in loco e apresentar relatório aos membros desta Comissão, a respeito da invasão da Fazenda Renascença, de propriedade do Embaixador Paulo Tarso Flecha de Lima, no Estado de Minas Gerais, invadida pelo MST no dia 3 do corrente mês.""";;;2001-04-04T00:00:00;;2001-04-04T10:42:00;Aprovação de Proposição Interna;Arquivada;Indefinida;
27209;74813.0;Ronaldo Caiado;PFL;GO;16;0;2001;RONALDO CAIADO;REQ;13;2001;Requerimento;"""Requeremos, nos termos do § 5º do art. 52 do Regimento Interno da Câmara dos Deputados, ouvido o Plenário, seja incluído extrapauta requerimento de autoria dos Deputados Abelardo Lupion e outros"".";;;2001-04-04T00:00:00;;2001-04-04T10:42:00;Aprovação de Proposição Interna;Arquivada;Indefinida;
26975;74813.0;Ronaldo Caiado;PFL;GO;1;1;2001;RONALDO CAIADO;REQ;9;2001;Requerimento;Requeiro, nos termos do Regimento Interno da Câmara dos Deputados, seja criada uma comissão  para acompanhar e representar a Comissão de Agricultura e Política Rural nos trabalhos na implantação da Área de Livre Comércio das Américas (ALCA) e estratégias para o encontro da Cúpula das Américas, que acontecerá de 22 a 24 de abril de 2001, em Quebec, no Canadá.;"O Parlamento brasileiro terá um papel de destaque nas discussões e negociações sobre a implementação da ALCA.
O Brasil preside o grupo de negociações sobre a agricultura, que discute as regras sobre acesso a Mercados, principalmente as regras de origem, procedimentos aduaneiros, barreiras técnicas ao comércio.
Eliminação de subsídios às exportações agrícolas, práticas que distorçam o comércio de produtos agrícolas, medidas sanitárias e fitossanitárias são temas que deveremos discutir exaustivamente com a sociedade brasileira e a implementação da Subcomissão Especial será uma oportunidade ímpar para que a Comissão de Agricultura e Política Rural possa avaliar e ponderar sobre a participação da agricultura na complexa negociação sobre a Área de Livre Comércio das Américas (ALCA).";;2001-03-28T00:00:00;;2001-04-04T10:42:00;Aprovação de Proposição Interna;Arquivada;Indefinida;
114931;74813.0;Ronaldo Caiado;PFL;GO;1;1;2002;RONALDO CAIADO;PLV;33;2002;Projeto de Lei de Conversão;"Altera as Leis nºs 10.464, de 24 de maio de 2002, 10.177, de 12 de janeiro de 2001, e 10.437, de 25 de abril de 2002; autoriza a concessão de crédito, com recursos dos Fundos Constitucionais de Financiamento do Norte, Nordeste e Centro-Oeste, para aquisição dos títulos do Tesouro Nacional necessários à contratação de operação na forma da Resolução nº 2.471, de 26 de fevereiro de 1968, do Conselho Monetário Nacional, relacionada com dívidas contraídas com recursos de outras fontes; dispõe sobre reconversão de atividades de mutuários com dívidas junto a bancos oficiais federais; e dá outras providências.";;;2002-12-18T10:31:00;https://www.camara.leg.br/proposicoesWeb/prop_mostrarintegra?codteor=227776;2003-03-28T00:00:00;Transformação em Norma Jurídica;Transformado em Norma Jurídica;Indefinida;
103042;74813.0;Ronaldo Caiado;PFL;GO;1;1;2002;RONALDO CAIADO;PPP;1;0;Parecer Proferido em Plenário;"Parecer Proferido em Plenário, Dep. Ronaldo Caiado,que conclui pela constitucionalidade, juridicidade e boa técnica legislativa desta MPV e da Emenda nº 1 e das de nºs 3 a 36; pela inconstitucionalidade da Emenda nº 2, pelo atendimento dos pressupostos constitucionais de relevância e urgência; pela compatibilidade e adequação financeira e orçamentária desta MPV e das emendas de nºs 3 a 7, 9 a 12, 14 a 25 e 28 a 36, e pela não-implicação de aumento ou diminuição de receitas ou despesa orçamentária das emendas de nºs 1, 2, 8, 13, 26 e 27; e , no mérito, pela aprovação desta MPV e da Emenda nº 13, na forma do Projeto de Lei de Conversão (PLV) apresentado e rejeição das emendas de nºs 1 a 12 e de 14 a 36.";;;2002-12-18T09:00:00;https://www.camara.leg.br/proposicoesWeb/prop_mostrarintegra?codteor=227764;2002-12-18T09:00:00;Análise Parecer;;Indefinida;https://www.camara.leg.br/proposicoesWeb/prop_mostrarintegra?codteor=227764
97576;74813.0;Ronaldo Caiado;PFL;GO;1;1;2002;RONALDO CAIADO;PL;7339;2002;Projeto de Lei;Modifica dispositivos da Lei nº 8.629, de 25 de fevereiro de 1993, que dispõe sobre a Reforma Agrária.;;Alteração, Lei da Reforma Agrária, aviso, proprietário, representante, ingresso, imóvel rural, propriedade particular, publicação, edital, jornal, aumento, área, módulo fiscal, pequena propriedade, média propriedade, cálculo, eficiência, exploração, terras, agricultura, pecuária, proibição, desapropriação, propriedade rural, implantação, projeto, aprovação, órgão público, critérios, informações, fixação, índice, produtividade, região, aprovação, Congresso Nacional.;2002-11-13T17:16:43;https://www.camara.leg.br/proposicoesWeb/prop_mostrarintegra?codteor=103231;2015-08-26T00:00:00;Devolução à CCP;Arquivada;Indefinida;
97545;74813.0;Ronaldo Caiado;PFL;GO;1;1;2002;RONALDO CAIADO;RIC;4688;2002;Requerimento de Informação;Solicito ao Ministro das Relações Exteriores, Celso Lafer, informações sobre Projeto de Lei aprovado pela Câmara dos Deputados do Paraguai, que estabelece a zona de segurança fronteiriça, proibindo a posse de terras por estrangeiros dentro de uma faixa de 50 quilômetros da fronteira para o interior.;Ministro Celso Lafer.;Ministério das Relações Exteriores, situação, produtor rural, propriedade rural, faixa de fronteira, país estrangeiro, Paraguai, aprovação, Projeto de Lei, proibição, posse, terras,  estrangeiro.;2002-11-13T16:42:42;https://www.camara.leg.br/proposicoesWeb/prop_mostrarintegra?codteor=103186;2003-01-21T00:00:00;Encaminhamento;Arquivada;Indefinida;
51916;74813.0;Ronaldo Caiado;PFL;GO;1;1;2002;RONALDO CAIADO;REQ;95;2002;Requerimento;Requerimento solicitando às empresas convidadas a participar da audiência pública realizada dia 14/05/02, a apresentação das planilhas de custos de produtos lácteos comercializados em seus estabelecimentos.;;;2002-05-15T14:05:53;https://www.camara.leg.br/proposicoesWeb/prop_mostrarintegra?codteor=35080;2002-05-15T00:00:00;Apresentação de Proposição;Arquivada;Indefinida;
49517;74813.0;Ronaldo Caiado;PFL;GO;1;1;2002;RONALDO CAIADO;REQ;88;2002;Requerimento de Audiência Pública;"Seja realizada reunião de audiência pública para rediscussão dos problemas enfrentados pelo setor leiteiro nacional, principalmente no que diz respeito à produção, distribuição e venda do leite, bem como formação de cartel, com a participação das grandes redes de supermercado. Sugiro sejam convidados o Grupo Pão de Açúcar; Carrefour Comércio e Indústria Ltda; Walmarte Brasil Ltda; Bom Preço S/A - Supermercado do Nordeste; Grupo Sonai de Supermercados - Sonai Distribuição Brasil S/A; Angeloni Supermercados. Acrescenta, ainda, por sugestão do Deputado Silas Brasileiro, que sejam convidados um representeante do Ministério da Fazenda, um representante do Direito Econômico e um representante da Receita Federal.";;;2002-04-18T17:25:00;https://www.camara.leg.br/proposicoesWeb/prop_mostrarintegra?codteor=28555;2002-04-24T10:00:00;Aprovação de Proposição Interna;Arquivada;Proposição Sujeita à Apreciação Conclusiva pelas Comissões(Art. 24, II, do RICD);
49324;74813.0;Ronaldo Caiado;PFL;GO;1;1;2002;RONALDO CAIADO;REQ;29;2002;Requerimento;Requer seja convidado a comparecer à Comissão o Presidente do Conselho Federal de Medicina.;;;2002-04-17T00:00:00;https://www.camara.leg.br/proposicoesWeb/prop_mostrarintegra?codteor=89364;2002-04-17T00:00:00;Apresentação de Proposição;Arquivada;Indefinida;
49322;74813.0;Ronaldo Caiado;PFL;GO;1;1;2002;RONALDO CAIADO;REQ;28;2002;Requerimento;Requer seja convidado a comparecer à Comissão o Presidente da Federação Brasileira de Hospitais - FBH.;;;2002-04-17T00:00:00;https://www.camara.leg.br/proposicoesWeb/prop_mostrarintegra?codteor=89363;2002-04-17T00:00:00;Apresentação de Proposição;Arquivada;Indefinida;
49319;74813.0;Ronaldo Caiado;PFL;GO;1;1;2002;RONALDO CAIADO;REQ;27;2002;Requerimento;Requer seja convidado a comparecer à Comissão o Presidente da Associação Médica Brasileira - AMB.;;;2002-04-17T00:00:00;https://www.camara.leg.br/proposicoesWeb/prop_mostrarintegra?codteor=89359;2002-04-17T00:00:00;Apresentação de Proposição;Arquivada;Indefinida;
48271;74813.0;Ronaldo Caiado;PFL;GO;1;1;2002;RONALDO CAIADO;REQ;8;2002;Requerimento;Solicita seja convidado a comparecer perante esta Comissão o Senhor Ministro da Educação, PAULO RENATO SOUZA, para prestar informações sobre o tema objeto de investigação desta Comissão.;;;2002-04-09T00:00:00;https://www.camara.leg.br/proposicoesWeb/prop_mostrarintegra?codteor=89951;2002-04-10T13:30:00;Aprovação de Proposição Interna;Arquivada;Indefinida;
48209;74813.0;Ronaldo Caiado;PFL;GO;1;1;2002;RONALDO CAIADO;REQ;7;2002;Requerimento;Solicita seja convidado a comparecer perante esta Comissão o ex-Ministro da Saúde, Senhor ADIB JATENE, para prestar esclarecimentos sobre o tema objeto de investigação desta Comissão.;;;2002-04-04T00:00:00;https://www.camara.leg.br/proposicoesWeb/prop_mostrarintegra?codteor=88149;2002-04-10T13:30:00;Aprovação de Proposição Interna;Arquivada;Indefinida;
48208;74813.0;Ronaldo Caiado;PFL;GO;1;1;2002;RONALDO CAIADO;REQ;6;2002;Requerimento;Solicita seja convidado a comparecer perante esta Comissão o Senhor Presidente da Federação Brasileira das Associações de Bancos - FEBRABAN, GABRIEL JORGE FERREIRA, para prestar esclarecimentos sobre o tema objeto de investigação desta Comissão.;;;2002-04-04T00:00:00;https://www.camara.leg.br/proposicoesWeb/prop_mostrarintegra?codteor=88151;2002-04-10T13:30:00;Aprovação de Proposição Interna;Arquivada;Indefinida;
48207;74813.0;Ronaldo Caiado;PFL;GO;1;1;2002;RONALDO CAIADO;REQ;5;2002;Requerimento;Solicita seja convidado a comparecer perante esta Comissão o Senhor Presidente do Banco Central do Brasil, ARMÍNIO FRAGA NETO, para prestar esclarecimentos sobre o tema objeto de investigação desta Comissão.;;;2002-04-04T00:00:00;https://www.camara.leg.br/proposicoesWeb/prop_mostrarintegra?codteor=88155;2002-04-10T13:30:00;Aprovação de Proposição Interna;Arquivada;Indefinida;
48206;74813.0;Ronaldo Caiado;PFL;GO;1;1;2002;RONALDO CAIADO;REQ;4;2002;Requerimento;Solicita seja convidado a comparecer perante esta Comissão o Senhor Secretário do Tesouro Nacional, FÁBIO DE OLIVEIRA BARBOSA, para prestar esclarecimentos sobre o tema objeto de investigação desta Comissão.;;;2002-04-04T00:00:00;https://www.camara.leg.br/proposicoesWeb/prop_mostrarintegra?codteor=88158;2002-04-10T13:30:00;Aprovação de Proposição Interna;Arquivada;Indefinida;
48205;74813.0;Ronaldo Caiado;PFL;GO;1;1;2002;RONALDO CAIADO;REQ;3;2002;Requerimento;Solicita seja convidado a comparecer perante esta Comissão o Senhor Secretário da Receita Federal, EVERARDO DE ALMEIDA MACIEL, para prestar esclarecimentos sobre o tema objeto de investigação desta Comissão.;;;2002-04-04T00:00:00;https://www.camara.leg.br/proposicoesWeb/prop_mostrarintegra?codteor=88160;2002-04-10T13:30:00;Aprovação de Proposição Interna;Arquivada;Indefinida;
48204;74813.0;Ronaldo Caiado;PFL;GO;1;1;2002;RONALDO CAIADO;REQ;2;2002;Requerimento;Solicita seja convidado a comparecer perante esta Comissão o Senhor Ministro da Saúde, BARJAS NEGRI, para prestar informações sobre o tema objeto de investigação desta Comissão.;;;2002-04-04T00:00:00;https://www.camara.leg.br/proposicoesWeb/prop_mostrarintegra?codteor=88162;2002-04-10T13:30:00;Aprovação de Proposição Interna;Arquivada;Indefinida;
48203;74813.0;Ronaldo Caiado;PFL;GO;1;1;2002;RONALDO CAIADO;REQ;1;2002;Requerimento;Solicita seja convidado a comparecer perante esta Comissão o Senhor Ministro da Previdência e Assistência Social, JOSÉ CECHIN, para prestar informações sobre o tema objeto de investigação desta Comissão.;;;2002-04-04T00:00:00;https://www.camara.leg.br/proposicoesWeb/prop_mostrarintegra?codteor=88163;2002-04-10T13:30:00;Aprovação de Proposição Interna;Arquivada;Indefinida;
46728;74813.0;Ronaldo Caiado;PFL;GO;1;1;2002;RONALDO CAIADO;REQ;7;2002;Requerimento de Audiência Pública;Requeiro, nos temos do art. 255 do Regimento Interno da Câmara dos Deputados, seja realizada reunião de audiência pública, no Plenário desta Comissão, para rediscussão dos problemas enfrentados pelo setor leiteiro nacional, principalmente para avaliação das decisões das autoridades federais sobre a grave crise que atravessa o setor.;;;2002-03-20T00:00:00;https://www.camara.leg.br/proposicoesWeb/prop_mostrarintegra?codteor=22354;2002-03-20T10:00:00;Aprovação de Proposição Interna;Arquivada;Proposição Sujeita à Apreciação Conclusiva pelas Comissões(Art. 24, II, do RICD);
46660;74813.0;Ronaldo Caiado;PFL;GO;1;1;2002;RONALDO CAIADO;REQ;6;2002;Requerimento;Requeremos, nos termos do § 5º do art. 52 do Regimento Interno da Câmara dos Deputados, ouvido o Plenário, seja incluído na Pauta, para votação imediata, Requerimento de autoria do Deputados Ronaldo Caiado.;;;2002-03-20T00:00:00;https://www.camara.leg.br/proposicoesWeb/prop_mostrarintegra?codteor=86687;2002-03-20T10:00:00;Aprovação de Proposição Interna;Arquivada;Indefinida;
46031;74813.0;Ronaldo Caiado;PFL;GO;8;0;2002;RONALDO CAIADO;REQ;4;2002;Requerimento;requerem seja constituída Subcomissão Permanente para Tratar de Seguro Agrícola.;;;2002-03-13T00:00:00;https://www.camara.leg.br/proposicoesWeb/prop_mostrarintegra?codteor=20936;2002-03-20T10:00:00;Aprovação de Proposição Interna;Arquivada;Indefinida;
150037;74813.0;Ronaldo Caiado;PFL;GO;59;0;2003;RONALDO CAIADO;PEC;224;2003;Proposta de Emenda à Constituição;Acrescenta, no Ato das Disposições Constitucionais Transitórias, artigo que incorpora à União os Agentes Comunitários de Saúde que exercem essa função desde antes de 10 de julho de 2002, e dá outras providências.;Altera a Constituição Federal de 1988.;Alteração, Constituição Federal, Disposições Constitucionais Transitórias, incorporação, organização administrativa, União Federal, equiparação, servidor público civil, trabalhador, Agente Comunitário de Saúde, prazo determinado, atividade profissional, exigência, aprovação, concurso público.;2003-12-18T00:00:00;https://www.camara.leg.br/proposicoesWeb/prop_mostrarintegra?codteor=191651;2015-03-19T09:46:00;Desarquivamento a Pedido;Arquivada;Proposição Sujeita à Apreciação do Plenário;https://www.camara.leg.br/proposicoesWeb/prop_mostrarintegra?codteor=1310903
150002;74813.0;Ronaldo Caiado;PFL;GO;53;0;2003;RONALDO CAIADO;PEC;223;2003;Proposta de Emenda à Constituição;Acrescenta inciso II e parágrafo único ao art. 49 da Constituição Federal.;Inclui como competência exclusiva do Congresso Nacional a autorização para operações financeiras garantidas pela União.;Competência privativa, Congresso Nacional, autorização, empréstimo externo, operação financeira, Estados, Distrito Federal, Municípios, administração indireta, empresa estatal, garantia, pagamento, dívida, União Federal, exigência, aprovação, Decreto Legislativo, proibição, concessão, antecipação, aprovação, ato internacional, acordo internacional, contrato, competência, exercício financeiro seguinte, revogação, competência, Senado.;2003-12-18T00:00:00;https://www.camara.leg.br/proposicoesWeb/prop_mostrarintegra?codteor=191590;2019-02-20T20:15:00;Desarquivamento a Pedido;Aguardando Criação de Comissão Temporária;Proposição Sujeita à Apreciação do Plenário;https://www.camara.leg.br/proposicoesWeb/prop_mostrarintegra?codteor=1711978
146416;74813.0;Ronaldo Caiado;PFL;GO;1;1;2003;RONALDO CAIADO;EMP;75;2003;Emenda de Plenário;"""Dispõe sobre a utilização e proteção da Mata Atlântica.""";;;2003-11-18T00:00:00;https://www.camara.leg.br/proposicoesWeb/prop_mostrarintegra?codteor=186164;2003-11-18T00:00:00;Apresentação de Proposição;;Indefinida;https://www.camara.leg.br/proposicoesWeb/prop_mostrarintegra?codteor=186164
145216;74813.0;Ronaldo Caiado;PFL;GO;153;0;2003;RONALDO CAIADO;PDC;1028;2003;Projeto de Decreto Legislativo de Referendo ou Plebiscito;Dispõe sobre a realização de plebiscito acerca da alteração da maioridade penal para dezesseis anos.;;Convocação, população, plebiscito, consulta, eleitorado, alteração, redução, maioridade, responsabilidade penal, organização, Justiça Eleitoral, realização, simultaneidade, eleição municipal.;2003-11-25T00:00:00;https://www.camara.leg.br/proposicoesWeb/prop_mostrarintegra?codteor=184263;2024-06-05T00:00:00;Notificações;Tramitando em Conjunto;Proposição Sujeita à Apreciação do Plenário;
144762;74813.0;Ronaldo Caiado;PFL;GO;1;1;2003;RONALDO CAIADO;EMC;386;2003;Emenda na Comissão;;;;2003-11-06T10:35:00;https://www.camara.leg.br/proposicoesWeb/prop_mostrarintegra?codteor=183600;2003-11-06T10:35:00;Apresentação de Proposição;;Indefinida;https://www.camara.leg.br/proposicoesWeb/prop_mostrarintegra?codteor=183600
144761;74813.0;Ronaldo Caiado;PFL;GO;1;1;2003;RONALDO CAIADO;EMC;369;2003;Emenda na Comissão;;;;2003-11-06T10:31:00;https://www.camara.leg.br/proposicoesWeb/prop_mostrarintegra?codteor=183541;2003-11-06T10:31:00;Apresentação de Proposição;;Indefinida;https://www.camara.leg.br/proposicoesWeb/prop_mostrarintegra?codteor=183541
144759;74813.0;Ronaldo Caiado;PFL;GO;1;1;2003;RONALDO CAIADO;EMC;344;2003;Emenda na Comissão;;;;2003-11-06T10:28:00;https://www.camara.leg.br/proposicoesWeb/prop_mostrarintegra?codteor=183467;2003-11-06T10:28:00;Apresentação de Proposição;;Indefinida;https://www.camara.leg.br/proposicoesWeb/prop_mostrarintegra?codteor=183467
144754;74813.0;Ronaldo Caiado;PFL;GO;1;1;2003;RONALDO CAIADO;EMC;151;2003;Emenda na Comissão;;;;2003-11-06T10:27:00;https://www.camara.leg.br/proposicoesWeb/prop_mostrarintegra?codteor=183188;2003-11-06T10:27:00;Apresentação de Proposição;;Indefinida;https://www.camara.leg.br/proposicoesWeb/prop_mostrarintegra?codteor=183188
144749;74813.0;Ronaldo Caiado;PFL;GO;1;1;2003;RONALDO CAIADO;EMC;80;2003;Emenda na Comissão;;;;2003-11-06T10:25:00;https://www.camara.leg.br/proposicoesWeb/prop_mostrarintegra?codteor=183100;2003-11-06T10:25:00;Apresentação de Proposição;;Indefinida;https://www.camara.leg.br/proposicoesWeb/prop_mostrarintegra?codteor=183100
143578;74813.0;Ronaldo Caiado;PFL;GO;182;0;2003;RONALDO CAIADO;PDC;1002;2003;Projeto de Decreto Legislativo de Referendo ou Plebiscito;"Convoca Plebiscito para consulta popular da redução ou não da maioridade.
.";;Convocação, população, plebiscito, consulta, redução, maioridade, responsabilidade penal, organização, Tribunal Superior Eleitoral (TSE), Tribunal Regional Eleitoral (TRE).;2003-11-19T00:00:00;https://www.camara.leg.br/proposicoesWeb/prop_mostrarintegra?codteor=1279647;2026-02-10T11:00:00;Saída de Relator(a) da Comissão - Com Parecer Apresentado;Aguardando Designação de Relator(a);Proposição Sujeita à Apreciação do Plenário;
142425;74813.0;Ronaldo Caiado;PFL;GO;24;0;2003;RONALDO CAIADO;REC;93;2003;Recurso contra apreciação conclusiva de comissão (Art. 58, § 1º c/c art. 132, § 2º, RICD);"Recorre contra apreciação conclusiva das Comissões de Educação e Cultura e de Finanças e Tributação sobre o Projeto de Lei nº 3.826, de 2000, que ""Institui a Bolsa-Atleta"".";;;2003-11-12T00:00:00;https://www.camara.leg.br/proposicoesWeb/prop_mostrarintegra?codteor=180262;2004-04-12T00:00:00;Arquivamento;Arquivada;Indefinida;
142378;74813.0;Ronaldo Caiado;PFL;GO;1;1;2003;RONALDO CAIADO;REQ;1381;2003;Requerimento de Convocação de Ministro de Estado no Plenário (art. 50, CF);Solicita seja convocado o Sr. Ministro da Fazenda, Antonio Palocci Filho, a fim de esclarecer os futuros efeitos econômicos trazidos pelo PL-3285/92, em trâmite nesta Casa.;;;2003-11-12T17:47:00;https://www.camara.leg.br/proposicoesWeb/prop_mostrarintegra?codteor=180151;2011-01-12T00:00:00;Arquivamento;Arquivada;Indefinida;
141035;74813.0;Ronaldo Caiado;PFL;GO;52;0;2003;RONALDO CAIADO;PEC;192;2003;Proposta de Emenda à Constituição;Estende ao Estado de Roraima incentivos fiscais concedidos à Zona Franca de Manaus.;Altera a Constituição Federal de 1988.;Alteração, Constituição Federal, extensão, incentivo fiscal, Zona Franca de Manaus, Estado, (RR).;2003-11-05T00:00:00;https://www.camara.leg.br/proposicoesWeb/prop_mostrarintegra?codteor=178059;2015-03-19T09:46:00;Desarquivamento a Pedido;Arquivada;Proposição Sujeita à Apreciação do Plenário;https://www.camara.leg.br/proposicoesWeb/prop_mostrarintegra?codteor=1310903
140876;74813.0;Ronaldo Caiado;PFL;GO;41;0;2003;RONALDO CAIADO;PEC;191;2003;Proposta de Emenda à Constituição;Dá nova redação ao art. 142 e acrescenta o inciso I e o §1º ao art. 144 da Constituição Federal.;"Estabelece a competência das Forças Armadas para garantir a Segurança Pública; altera a Constituição Federal de 1988.";Alteração, Constituição Federal, competência, Forças Armadas, manutenção, Segurança Pública, coordenação, órgãos, segurança, recursos humanos, tecnologia.;2003-11-05T00:00:00;https://www.camara.leg.br/proposicoesWeb/prop_mostrarintegra?codteor=177822;2008-02-28T00:00:00;Notificações;Arquivada;Proposição Sujeita à Apreciação do Plenário;https://www.camara.leg.br/proposicoesWeb/prop_mostrarintegra?codteor=540622
140785;74813.0;Ronaldo Caiado;PFL;GO;161;0;2003;RONALDO CAIADO;PEC;190;2003;Proposta de Emenda à Constituição;Modifica o art. 212 da Constituição Federal e acrescenta novo artigo ao Ato das Disposições Constitucionais Transitórias.;"Aumenta para 25% (vinte e cinco por cento) a participação financeira da União em Educação; estabelece o caráter permanente do FUNDEF; cria Fundos para o ensino infantil e médio; altera a Constituição Federal de 1988.";Constituição Federal (1988), Educação, aumento, percentual,  União,  aplicação, recursos, ensino público, , caráter permanente, Fundo de Manutenção e Desenvolvimento do Ensino Fundamental e de Valorização do Magistério (Fundef), criação, Fundos, educação infantil, ensino médio, recursos, receita tributária, Imposto sobre Operações relativas à Circulação de Mercadorias e sobre Prestações de Serviços de Transporte Interestadual e Intermunicipal e de Comunicação (ICMS), Imposto sobre Produtos Industrializados (IPI), Fundo de Participação dos Municípios (FPM), Fundo de Participação dos Estados e do Distrito Federal (FPE), critérios, rateio, complementação, recursos públicos, repasse, Estado (ente federado), Município, tributação.;2003-11-05T00:00:00;https://www.camara.leg.br/proposicoesWeb/prop_mostrarintegra?codteor=177720;2007-04-24T00:00:00;Desarquivamento;Arquivada;Proposição Sujeita à Apreciação do Plenário;https://www.camara.leg.br/proposicoesWeb/prop_mostrarintegra?codteor=541743
140557;74813.0;Ronaldo Caiado;PFL;GO;1;1;2003;RONALDO CAIADO;PRL;1;0;Parecer do Relator;Parecer do Relator, Dep. Ronaldo Caiado, pela aprovação.;;;2003-11-04T17:06:00;https://www.camara.leg.br/proposicoesWeb/prop_mostrarintegra?codteor=177388;2003-11-04T17:06:00;Análise Parecer;;Indefinida;https://www.camara.leg.br/proposicoesWeb/prop_mostrarintegra?codteor=177388
139936;74813.0;Ronaldo Caiado;PFL;GO;44;0;2003;RONALDO CAIADO;PEC;188;2003;Proposta de Emenda à Constituição;Modifica o parágrafo 4º do art. 225 da Constituição Federa, incluindo o Cerrado na lista dos biomas considerados patrimônio nacional.;;Inclusão, Cerrado, Patrimônio da União.;2003-10-29T00:00:00;https://www.camara.leg.br/proposicoesWeb/prop_mostrarintegra?codteor=176062;2023-01-31T00:00:00;Despacho de Apensação;Tramitando em Conjunto;Proposição Sujeita à Apreciação do Plenário;
139625;74813.0;Ronaldo Caiado;PFL;GO;42;0;2003;RONALDO CAIADO;PEC;187;2003;Proposta de Emenda à Constituição;"Concede legitimidade ativa ""ad causam"" aos Conselhos Federais de Fiscalização do Exercício Profissional para interpor Ação Direta de Inconstitucionalidade.";Altera o art. 103, inciso VII, da Constituição Federal de 1988.;Alteração, Constituição Federal, Judiciário, concessão, legitimidade ativa, Conselho Federal, Conselho de Fiscalização Profissional, interposição, Ação Direta de Inconstitucionalidade.;2003-10-28T00:00:00;https://www.camara.leg.br/proposicoesWeb/prop_mostrarintegra?codteor=175571;2012-05-18T00:00:00;Notificações;Arquivada;Proposição Sujeita à Apreciação do Plenário;https://www.camara.leg.br/proposicoesWeb/prop_mostrarintegra?codteor=1014627
139624;74813.0;Ronaldo Caiado;PFL;GO;37;0;2003;RONALDO CAIADO;PEC;186;2003;Proposta de Emenda à Constituição;Suprime expressão e dá nova redação ao art. 149 da Constituição Federal.;"Extingue a competência privativa da União para fixar o valor da contribuição social devida aos Conselhos que fiscalizam as categorias profissionais; altera a Constituição Federal de 1988.";Constituição Federal(1988), Sistema Tribuário Nacional, exclusão, competência privativa, União, fixação, valor, contribuição social, anuidade, Conselho Federal, Conselho Regional, categoria profissional, Conselho de Fiscalização Profissional.;2003-10-28T00:00:00;https://www.camara.leg.br/proposicoesWeb/prop_mostrarintegra?codteor=175570;2012-01-27T00:00:00;Notificações;Arquivada;Proposição Sujeita à Apreciação do Plenário;https://www.camara.leg.br/proposicoesWeb/prop_mostrarintegra?codteor=1014625
138840;74813.0;Ronaldo Caiado;PFL;GO;161;0;2003;RONALDO CAIADO;EMC;2;2003;Emenda na Comissão;Acrescenta parágrafo ao art. 76 do ADCT (redação dada pelo art. 1º da PEC 54/99), para incluir ao quadro temporário em extinção o pessoal contratado pela CLT em função de confiança, antes de 1988.;;;2003-10-22T12:39:00;https://www.camara.leg.br/proposicoesWeb/prop_mostrarintegra?codteor=174189;2003-10-22T12:39:00;Apresentação de Proposição;;Indefinida;https://www.camara.leg.br/proposicoesWeb/prop_mostrarintegra?codteor=174189
137914;74813.0;Ronaldo Caiado;PFL;GO;86;0;2003;RONALDO CAIADO;INC;1023;2003;Indicação;Sugere ao Excelentíssimo Senhor Presidente da República  dentre outras, a indicação do nome do Engenheiro MARCELO SOARES DA SILVA para ocupar as funções de Embaixador da Ordem de Malta no Brasil.;;Casa Civil, Presidência da República, indicação, nome, engenheiro, professor, ocupação, função pública, embaixador, País Estrangeiro, Malta.;2003-10-15T00:00:00;https://www.camara.leg.br/proposicoesWeb/prop_mostrarintegra?codteor=172220;2015-03-19T09:46:00;Desarquivamento a Pedido;Arquivada;Indefinida;https://www.camara.leg.br/proposicoesWeb/prop_mostrarintegra?codteor=1310903
137702;74813.0;Ronaldo Caiado;PFL;GO;1;1;2003;RONALDO CAIADO;EMC;104;2003;Emenda na Comissão;;;;2003-10-01T20:08:00;https://www.camara.leg.br/proposicoesWeb/prop_mostrarintegra?codteor=171848;2003-10-01T20:08:00;Apresentação de Proposição;;Indefinida;https://www.camara.leg.br/proposicoesWeb/prop_mostrarintegra?codteor=171848
137688;74813.0;Ronaldo Caiado;PFL;GO;1;1;2003;RONALDO CAIADO;EMC;92;2003;Emenda na Comissão;;;;2003-10-01T19:52:00;https://www.camara.leg.br/proposicoesWeb/prop_mostrarintegra?codteor=171832;2003-10-01T19:52:00;Apresentação de Proposição;;Indefinida;https://www.camara.leg.br/proposicoesWeb/prop_mostrarintegra?codteor=171832
137687;74813.0;Ronaldo Caiado;PFL;GO;1;1;2003;RONALDO CAIADO;EMC;91;2003;Emenda na Comissão;;;;2003-10-01T19:51:00;https://www.camara.leg.br/proposicoesWeb/prop_mostrarintegra?codteor=171831;2003-10-01T19:51:00;Apresentação de Proposição;;Indefinida;https://www.camara.leg.br/proposicoesWeb/prop_mostrarintegra?codteor=171831
137653;74813.0;Ronaldo Caiado;PFL;GO;1;1;2003;RONALDO CAIADO;EMC;65;2003;Emenda na Comissão;;;;2003-10-01T19:27:00;https://www.camara.leg.br/proposicoesWeb/prop_mostrarintegra?codteor=171742;2003-10-01T19:27:00;Apresentação de Proposição;;Indefinida;https://www.camara.leg.br/proposicoesWeb/prop_mostrarintegra?codteor=171742
137620;74813.0;Ronaldo Caiado;PFL;GO;1;1;2003;RONALDO CAIADO;EMC;52;2003;Emenda na Comissão;;;;2003-10-02T19:00:00;https://www.camara.leg.br/proposicoesWeb/prop_mostrarintegra?codteor=171676;2003-10-02T19:00:00;Apresentação de Proposição;;Indefinida;https://www.camara.leg.br/proposicoesWeb/prop_mostrarintegra?codteor=171676
134956;74813.0;Ronaldo Caiado;PFL;GO;148;0;2003;RONALDO CAIADO;PEC;172;2003;Proposta de Emenda à Constituição;Modifica a data da posse do Presidente da República, dos Governadores de Estado e Prefeitos Municipais.;Dispõe que a data de posse do Presidente da República, Governadores, e Prefeitos será no primeiro dia útil do mês de janeiro.;Fixação, data, posse, candidato eleito, eleições, Presidente da República, Governador Estadual, Distrito Federal, Prefeito Municipal.;2003-09-24T00:00:00;https://www.camara.leg.br/proposicoesWeb/prop_mostrarintegra?codteor=166720;2019-02-20T20:07:00;Desarquivamento a Pedido;Tramitando em Conjunto;Proposição Sujeita à Apreciação do Plenário;https://www.camara.leg.br/proposicoesWeb/prop_mostrarintegra?codteor=1711943
134378;74813.0;Ronaldo Caiado;PFL;GO;37;0;2003;RONALDO CAIADO;RCP;35;2003;Requerimento de Instituição de CPI;"Requer a criação de Comissão Parlamentar de Inquérito com a finalidade de investigar o grave comprometimento da ordem pública à partir da atuação da Assembléia Legislativa do Estado do Rio de Janeiro em cobertura de ações ilícitas e gravíssimas em despudorado arquivamento, pela  Mesa, de inquérito parlamentar que apurou o envolvimento de autoridades locais, dentre eles o deputado estadual e secretário de esportes e lazer do Estado do Rio de Janeiro, vulgo, ""Chiquinho da Mangueira"", com o crime organizado, incluindo corrupção e o tráfico de drogas nacional e internacional.";;Criação, (CPI), investigação, atuação, Assembléia Legislativa, Estado, (RJ), arquivamento, processo, apuração, denúncia, ato ilícito, autoridade, Governo Estadual, crime organizado, corrupção, tráfico, droga.;2003-09-23T15:52:47;https://www.camara.leg.br/proposicoesWeb/prop_mostrarintegra?codteor=165856;2007-01-31T00:00:00;Arquivamento;Arquivada;Indefinida;
133686;74813.0;Ronaldo Caiado;PFL;GO;43;0;2003;RONALDO CAIADO;PEC;165;2003;Proposta de Emenda à Constituição;Acrescenta dispositivos aos arts. 4º, 14, 16, 49, 53, 57, 59 e 102 da Constituição Federal, visando instituir o voto direto para eleição de parlamentares latino-americanos.;Estabelece critérios para eleição de candidatos para mandato eletivo em organização supranacional, cujos parlamentares terão  competência para celebrar tratado e aprovar lei supranacional.;Constituição Federal (1988), critério, elegibilidade, voto, eleição, candidato, parlamentar, representante, participação, País, Brasil, Parlamento Latino-Americano, garantia, imunidade parlamentar, prerrogativa, competência, celebração, ato internacional, tratado, vigência, eficácia, legislação, norma jurídica.;2003-09-17T00:00:00;https://www.camara.leg.br/proposicoesWeb/prop_mostrarintegra?codteor=164440;2015-03-19T09:46:00;Desarquivamento a Pedido;Arquivada;Proposição Sujeita à Apreciação do Plenário;https://www.camara.leg.br/proposicoesWeb/prop_mostrarintegra?codteor=1310903
133685;74813.0;Ronaldo Caiado;PFL;GO;40;0;2003;RONALDO CAIADO;RCP;34;2003;Requerimento de Instituição de CPI;Requer a criação de Comissão Parlamentar de Inquérito (CPI), com a finalidade de investigar e avaliar as Sociedades Anônimas e seus controladores relativamente à situação dos acionistas minoritários: seus direitos e garantias.;;Criação, (CPI), investigação, sociedade anônima, cumprimento, legislação, garantia, direitos, acionista minoritário.;2003-09-17T16:58:52;https://www.camara.leg.br/proposicoesWeb/prop_mostrarintegra?codteor=164439;2015-03-19T09:46:00;Desarquivamento a Pedido;Arquivada;Indefinida;https://www.camara.leg.br/proposicoesWeb/prop_mostrarintegra?codteor=1310903
133576;74813.0;Ronaldo Caiado;PFL;GO;1;1;2003;RONALDO CAIADO;EMC;1;2003;Emenda na Comissão;Acrescenta artigo ao PL 1819, de 2003, relativo ao sistema de previdência dos deputados estaduais.;;;2003-09-17T15:03:00;https://www.camara.leg.br/proposicoesWeb/prop_mostrarintegra?codteor=164280;2003-09-17T15:03:00;Apresentação de Proposição;Arquivada;Indefinida;https://www.camara.leg.br/proposicoesWeb/prop_mostrarintegra?codteor=164280
132299;74813.0;Ronaldo Caiado;PFL;GO;16;0;2003;RONALDO CAIADO;REQ;135;2003;Requerimento;Inclusão extra-pauta do requerimento 132/03 de autoria do Deputado Leonardo Vilela, o qual solicita seja aprovada moção apoiando a atuação destacada do Ministro da Agricultura e Política Rural - o senhor Roberto Rodrigues, pelo desempenho frente ao Ministério da Agricultura, Pecuária e Abastecimento - MAPA, com ênfase  na aprovação do Plano Safra e na condução da política agrícola externa.;;;2003-09-10T11:35:00;https://www.camara.leg.br/proposicoesWeb/prop_mostrarintegra?codteor=161868;2003-09-10T10:00:00;Aprovação de Proposição Interna;Arquivada;Indefinida;
132195;74813.0;Ronaldo Caiado;PFL;GO;49;0;2003;RONALDO CAIADO;PEC;158;2003;Proposta de Emenda à Constituição;Altera o art. 62 da Constituição Federal, para disciplinar sobre as Medidas Provisórias.;Altera a Constituição Federal de 1988.;Alteração, Constituição Federal, Disposições Constitucionais Transitórias, normas, utilização, edição, Medida Provisória, exclusividade, finanças públicas, criação, extinção, órgão público, Administração Pública, função pública, cargo público, aumento, prazo, validade, publicação, critérios, rejeição, ausência, deliberação, Congresso Nacional, proibição, reedição, disciplinamento, tramitação, Regimento Comum.;2003-09-09T00:00:00;https://www.camara.leg.br/proposicoesWeb/prop_mostrarintegra?codteor=161695;2015-03-19T09:46:00;Desarquivamento a Pedido;Arquivada;Proposição Sujeita à Apreciação do Plenário;https://www.camara.leg.br/proposicoesWeb/prop_mostrarintegra?codteor=1310903
132125;74813.0;Ronaldo Caiado;PFL;GO;1;1;2003;RONALDO CAIADO;REQ;133;2003;Requerimento;Requer a realização de reunião de audiência pública no Plenário desta Comissão para debater a Rastreabilidade Bovina.;;;2003-09-09T14:54:00;https://www.camara.leg.br/proposicoesWeb/prop_mostrarintegra?codteor=161577;2003-09-10T10:00:00;Aprovação de Proposição Interna;Arquivada;Indefinida;
131896;74813.0;Ronaldo Caiado;PFL;GO;38;0;2003;RONALDO CAIADO;PEC;157;2003;Proposta de Emenda à Constituição;Convoca Assembléia de Revisão Constitucional e dá outras providências.;Convoca Assembléia de Revisão Constitucioal em 1º de fevereiro de 2007.;Fixação, data, convocação, Assembléia Constituinte, Revisão, Reforma Constitucional, membros, Câmara dos Deputados, Senado, prazo máximo, extinção.;2003-09-04T00:00:00;https://www.camara.leg.br/proposicoesWeb/prop_mostrarintegra?codteor=160966;2023-01-31T00:00:00;Parecer do(a) Relator(a);Pronta para Pauta;Proposição Sujeita à Apreciação do Plenário;
131044;74813.0;Ronaldo Caiado;PFL;GO;2;0;2003;RONALDO CAIADO;REQ;94;2003;Requerimento;Requer que sejam convocados o  Sr. Ministro de Estado da Saúde e o Presidente da Agência Nacional de Vigilância Sanitária - Anvisa a comparecer a esta comissão para prestar esclarecimentos sobre os pedidos de demissão dos conselheiros da Anvisa e sobre a crise no Instituto Nacional do Câncer;;;2003-09-02T16:46:00;https://www.camara.leg.br/proposicoesWeb/prop_mostrarintegra?codteor=159630;2003-09-10T09:30:00;Rejeição de Proposicao;Arquivada;Indefinida;
130462;74813.0;Ronaldo Caiado;PFL;GO;56;0;2003;RONALDO CAIADO;PEC;146;2003;Proposta de Emenda à Constituição;Acrescenta o parágrafo 5º ao art. 125 da Constituição Federal.;Dispõe sobre a formação do Conselho da Magistratura dos Tribunais de Justiça e a escolha de seus membros.;Tribunal de Justiça, Conselho de Magistratura, composição, presidente, vice-presidente, corregedor geral, juiz vitalício, representante, Ministério Público Estadual, Ordem dos Advogados do Brasil (OAB), Assembléia Legislativa, supervisão, Justiça Estadual.;2003-08-28T00:00:00;https://www.camara.leg.br/proposicoesWeb/prop_mostrarintegra?codteor=158483;2022-11-09T00:00:00;Arquivamento;Arquivada;Proposição Sujeita à Apreciação do Plenário;
130401;74813.0;Ronaldo Caiado;PFL;GO;42;0;2003;RONALDO CAIADO;REC;55;2003;Recurso contra parecer terminativo de comissão (Art. 132, § 2º c/c art. 144, caput, RICD);Recorre ao Plenário, na forma do art. 58, § 3º, combinado com o art. 144, do Regimento Interno, contra parecer da Comissão de Finanças e Tributação pela incompatibilidade e inadequação financeira e orçamentária do  Projeto de Lei nº 7.513/03.;;;2003-08-27T00:00:00;https://www.camara.leg.br/proposicoesWeb/prop_mostrarintegra?codteor=233517;2023-01-31T00:00:00;Arquivamento;Arquivada;Indefinida;
128306;74813.0;Ronaldo Caiado;PFL;GO;51;0;2003;RONALDO CAIADO;RCP;31;2003;Requerimento de Instituição de CPI;Requer a criação de Comissão Parlamentar de Inquérito, com a finalidade de investigar as quadrilhas que incluem veículos roubados em outros países, no RENAVAM.;;Criação, (CPI), investigação, quadrilha, roubo, veículos, produto importado, país estrangeiro, inclusão, cadastro, (RENAVAM).;2003-08-14T16:57:46;https://www.camara.leg.br/proposicoesWeb/prop_mostrarintegra?codteor=154642;2015-03-19T09:46:00;Desarquivamento a Pedido;Arquivada;Indefinida;https://www.camara.leg.br/proposicoesWeb/prop_mostrarintegra?codteor=1310903
127721;74813.0;Ronaldo Caiado;PFL;GO;54;0;2003;RONALDO CAIADO;REC;47;2003;Recurso contra parecer terminativo de comissão (Art. 132, § 2º c/c art. 144, caput, RICD);Recorre, na forma do art. 58, § 3º, combinado com o art. 144, do Regimento Interno, contra parecer da Comissão de Finanças e Tributação pela inadequação financeira e orçamentária do Projeto de Lei n.º 1.641-B, de 1996.;;;2003-08-12T00:00:00;https://www.camara.leg.br/proposicoesWeb/prop_mostrarintegra?codteor=153717;2019-01-31T00:00:00;Arquivamento;Arquivada;Indefinida;
127601;74813.0;Ronaldo Caiado;PFL;GO;1;1;2003;RONALDO CAIADO;REC;43;2003;Recurso contra decisão do Presidente da CD em Questao de Ordem (Art. 95, § 8º, RICD);Recorre contra Decisão da Presidência em Questão de Ordem sobre a anti-regimentalidade do requerimento de inversão de pauta passando as emendas aglutinativas nºs 1, 2, 3, 5 e 6 a serem apreciadas antes dos destaques de bancada, oferecidos à Proposta de Emenda à Constituição nº 40, de 2003 (dispõe sobre a Reforma da Previdência).;;;2003-08-06T00:00:00;;2008-03-06T00:00:00;Notificações;Arquivada;Indefinida;https://www.camara.leg.br/proposicoesWeb/prop_mostrarintegra?codteor=543668
127344;74813.0;Ronaldo Caiado;PFL;GO;42;0;2003;RONALDO CAIADO;PEC;131;2003;Proposta de Emenda à Constituição;Inclui o Cerrado e a Caatinga nos biomas considerados patrimônio nacional, dando nova redação ao §4º do art. 225 da Constituição Federal.;;Inclusão, cerrado, caatinga, patrimônio da União.;2003-08-07T00:00:00;https://www.camara.leg.br/proposicoesWeb/prop_mostrarintegra?codteor=152940;2023-01-31T00:00:00;Despacho de Apensação;Tramitando em Conjunto;Proposição Sujeita à Apreciação do Plenário;
124969;74813.0;Ronaldo Caiado;PFL;GO;47;0;2003;RONALDO CAIADO;PEC;118;2003;Proposta de Emenda à Constituição;Acrescenta o § 8º ao art. 150, da Constituição Federal, estabelecendo limites para as alíquotas do imposto de renda incidentes sobre a remuneração dos trabalhadores, empregados ou autônomos.;Altera a Constituição Federal de 1988.;Constituição Federal (1988), Sistema Tributário Nacional, limitação, alíquota, Imposto sobre a Renda da Pessoa Física (IRPF), empregado, trabalhador autônomo, incidência, remuneração, tributação.;2003-07-21T00:00:00;https://www.camara.leg.br/proposicoesWeb/prop_mostrarintegra?codteor=148988;2015-03-19T09:46:00;Desarquivamento a Pedido;Arquivada;Proposição Sujeita à Apreciação do Plenário;https://www.camara.leg.br/proposicoesWeb/prop_mostrarintegra?codteor=1310903
124931;74813.0;Ronaldo Caiado;PFL;GO;45;0;2003;RONALDO CAIADO;PEC;117;2003;Proposta de Emenda à Constituição;Acrescenta o inciso VI e o § 10º ao Art. 144 da Constituição Federal, criando as polícias da Câmara dos Deputados e do Senado Federal, e dá outras providências.;Altera a Constituição Federal de 1988.;Alteração, Constituição Federal, Segurança Pública, criação, Polícia, Câmara dos Deputados, Senado, competência, policiamento, Legislativo, direção, servidor, cargo de carreira.;2003-07-17T00:00:00;https://www.camara.leg.br/proposicoesWeb/prop_mostrarintegra?codteor=148835;2015-03-19T09:46:00;Desarquivamento a Pedido;Arquivada;Proposição Sujeita à Apreciação do Plenário;https://www.camara.leg.br/proposicoesWeb/prop_mostrarintegra?codteor=1310903
124086;74813.0;Ronaldo Caiado;PFL;GO;156;0;2003;RONALDO CAIADO;RCP;28;2003;Requerimento de Instituição de CPI;Requer a instituição de Comissão Parlamentar de Inquérito para apurar invasões promovidas pelo Movimento dos Trabalhadores Rurais Sem Terra (MST)  a propriedades rurais e a imóveis públicos urbanos.;;Criação, (CPI), investigação, (MST), trabalhador rural, sem - terra, invasão, terras, propriedade rural, imóvel urbano, órgão público.;2003-07-09T00:00:00;https://www.camara.leg.br/proposicoesWeb/prop_mostrarintegra?codteor=147037;2015-03-19T09:46:00;Desarquivamento a Pedido;Arquivada;Indefinida;https://www.camara.leg.br/proposicoesWeb/prop_mostrarintegra?codteor=1310903
123447;74813.0;Ronaldo Caiado;PFL;GO;150;0;2003;RONALDO CAIADO;EMC;378;2003;Emenda na Comissão;Altera a PEC 40;;;2003-07-04T18:22:00;https://www.camara.leg.br/proposicoesWeb/prop_mostrarintegra?codteor=145950;2003-07-04T18:22:00;Apresentação de Proposição;;Indefinida;https://www.camara.leg.br/proposicoesWeb/prop_mostrarintegra?codteor=145950
123439;74813.0;Ronaldo Caiado;PFL;GO;143;0;2003;RONALDO CAIADO;EMC;375;2003;Emenda na Comissão;Altera a PEC 40      - modificativa;;;2003-07-04T18:16:00;https://www.camara.leg.br/proposicoesWeb/prop_mostrarintegra?codteor=145944;2003-07-04T18:16:00;Apresentação de Proposição;;Indefinida;https://www.camara.leg.br/proposicoesWeb/prop_mostrarintegra?codteor=145944
123410;74813.0;Ronaldo Caiado;PFL;GO;114;0;2003;RONALDO CAIADO;EMC;359;2003;Emenda na Comissão;"Dê-se, ao artigo 40, § 4º, da Constituição Federal, alterado pela EC-20, e ao artigo 201, § 1º da CF a seguinte redação:

""Art.40...........................................................................................
§ 4º ..............................................................................................

I - Nesses casos vale, para efeito de obtenção do direito à aposentadoria, o tempo de exercício da atividade sob condições especiais ou a idade, conforme disposto neste artigo, § 1º, III, a, valendo o menor tempo.""

""Art. 201.........................................................................................
§ 1º ..............................................................................................
I - Nesses casos vale, para efeito de obtenção do direito à aposentadoria, o tempo de exercício da atividade sob condições especiais"".";;;2003-07-04T17:47:00;https://www.camara.leg.br/proposicoesWeb/prop_mostrarintegra?codteor=145914;2003-07-04T17:47:00;Apresentação de Proposição;;Indefinida;https://www.camara.leg.br/proposicoesWeb/prop_mostrarintegra?codteor=145914
123407;74813.0;Ronaldo Caiado;PFL;GO;98;0;2003;RONALDO CAIADO;EMC;358;2003;Emenda na Comissão;Suprima-se o art. 2º da Proposta de Emenda à Constituição nº 40, de 2003.;;;2003-07-04T17:44:00;https://www.camara.leg.br/proposicoesWeb/prop_mostrarintegra?codteor=145912;2003-07-04T17:44:00;Apresentação de Proposição;;Indefinida;https://www.camara.leg.br/proposicoesWeb/prop_mostrarintegra?codteor=145912
123401;74813.0;Ronaldo Caiado;PFL;GO;160;0;2003;RONALDO CAIADO;EMC;354;2003;Emenda na Comissão;Modifica os arts. 37, 40, 42, 48, 96, 142 e 149 da Constituição Federal, o art. 8 da Emenda Constitucional nº 20, de 15 de dezembro de 1998, e dá outras providências.;;;2003-07-04T17:37:00;https://www.camara.leg.br/proposicoesWeb/prop_mostrarintegra?codteor=145904;2003-07-04T17:37:00;Apresentação de Proposição;;Indefinida;https://www.camara.leg.br/proposicoesWeb/prop_mostrarintegra?codteor=145904
123400;74813.0;Ronaldo Caiado;PFL;GO;160;0;2003;RONALDO CAIADO;EMC;362;2003;Emenda na Comissão;Supressão do § 8º, do artigo 40 da CF, proposto pela PEC 40/2003.;;;2003-07-04T17:35:00;https://www.camara.leg.br/proposicoesWeb/prop_mostrarintegra?codteor=145903;2003-07-04T17:35:00;Apresentação de Proposição;;Indefinida;https://www.camara.leg.br/proposicoesWeb/prop_mostrarintegra?codteor=145903
123398;74813.0;Ronaldo Caiado;PFL;GO;131;0;2003;RONALDO CAIADO;EMC;351;2003;Emenda na Comissão;Modifica os arts. 37, 40, 42, 48, 96, 142 e 149 da Constituição Federal, o art. 8º da Emenda Constitucional nº 20, de 15 de dezembro de 1998, e dá outras providências.;;;2003-07-04T17:27:00;https://www.camara.leg.br/proposicoesWeb/prop_mostrarintegra?codteor=145900;2003-07-04T17:27:00;Apresentação de Proposição;;Indefinida;https://www.camara.leg.br/proposicoesWeb/prop_mostrarintegra?codteor=145900
123395;74813.0;Ronaldo Caiado;PFL;GO;88;0;2003;RONALDO CAIADO;EMC;350;2003;Emenda na Comissão;Dá nova redação ao artigo 10 da PEC-40/03.;;;2003-07-04T17:22:00;https://www.camara.leg.br/proposicoesWeb/prop_mostrarintegra?codteor=145897;2003-07-04T17:22:00;Apresentação de Proposição;;Indefinida;https://www.camara.leg.br/proposicoesWeb/prop_mostrarintegra?codteor=145897
123389;74813.0;Ronaldo Caiado;PFL;GO;153;0;2003;RONALDO CAIADO;EMC;339;2003;Emenda na Comissão;Modifica os arts. 37, 40, 42, 48, 96, 142 e 149 da Constituição Federal, o art. 8º da Emenda Constitucional nº 20, de 15 de dezembro de 1998, e dá outras providências.;;;2003-07-04T17:16:00;https://www.camara.leg.br/proposicoesWeb/prop_mostrarintegra?codteor=145890;2003-07-04T17:16:00;Apresentação de Proposição;;Indefinida;https://www.camara.leg.br/proposicoesWeb/prop_mostrarintegra?codteor=145890
123386;74813.0;Ronaldo Caiado;PFL;GO;150;0;2003;RONALDO CAIADO;EMC;337;2003;Emenda na Comissão;Estabelece a aposentadoria compulsória aos 75 anos de idade para os Ministros do Supremo Tribunal Federal e dos demais Tribunais Superiores.;;;2003-07-04T16:58:00;https://www.camara.leg.br/proposicoesWeb/prop_mostrarintegra?codteor=145884;2003-07-04T16:58:00;Apresentação de Proposição;;Indefinida;https://www.camara.leg.br/proposicoesWeb/prop_mostrarintegra?codteor=145884
123381;74813.0;Ronaldo Caiado;PFL;GO;155;0;2003;RONALDO CAIADO;EMC;328;2003;Emenda na Comissão;Modifica os arts. 37, 40, 42, 48, 96, 142 e 149 da Constituição Federal, o art. 8º da Emenda Constitucional no 20, de 15 de dezembro de 1998, e dá outras providências.;;;2003-07-04T16:48:00;https://www.camara.leg.br/proposicoesWeb/prop_mostrarintegra?codteor=145878;2003-07-04T16:48:00;Apresentação de Proposição;;Indefinida;https://www.camara.leg.br/proposicoesWeb/prop_mostrarintegra?codteor=145878
123371;74813.0;Ronaldo Caiado;PFL;GO;173;0;2003;RONALDO CAIADO;EMC;322;2003;Emenda na Comissão;Acrescenta texto ao parágrafo 5º do 8º da Emenda Constitucional n.º 20, de 15 de dezembro de 1998, com redação dada pelo art. 2º da PEC 40/2003.;;;2003-07-04T16:36:00;https://www.camara.leg.br/proposicoesWeb/prop_mostrarintegra?codteor=145866;2003-07-04T16:36:00;Apresentação de Proposição;;Indefinida;https://www.camara.leg.br/proposicoesWeb/prop_mostrarintegra?codteor=145866
123369;74813.0;Ronaldo Caiado;PFL;GO;174;0;2003;RONALDO CAIADO;EMC;333;2003;Emenda na Comissão;Modifica parcialmente, dispositivos da Proposta da Emenda Constitucional n.º 40/2003.;;;2003-07-04T16:35:00;https://www.camara.leg.br/proposicoesWeb/prop_mostrarintegra?codteor=145863;2003-07-04T16:35:00;Apresentação de Proposição;;Indefinida;https://www.camara.leg.br/proposicoesWeb/prop_mostrarintegra?codteor=145863
123368;74813.0;Ronaldo Caiado;PFL;GO;175;0;2003;RONALDO CAIADO;EMC;332;2003;Emenda na Comissão;Altera o teto dos benefícios fixados no artigo 6º da PEC 40/2003.;;;2003-07-04T16:33:00;https://www.camara.leg.br/proposicoesWeb/prop_mostrarintegra?codteor=145862;2003-07-04T16:33:00;Apresentação de Proposição;;Indefinida;https://www.camara.leg.br/proposicoesWeb/prop_mostrarintegra?codteor=145862
123363;74813.0;Ronaldo Caiado;PFL;GO;169;0;2003;RONALDO CAIADO;EMC;317;2003;Emenda na Comissão;Modifica o Art. 1º da PEC nº 40 de 2003 dando nova redação ao Art. 40 § 7º da Constituição Federal.;;;2003-07-04T16:25:00;https://www.camara.leg.br/proposicoesWeb/prop_mostrarintegra?codteor=145853;2003-07-04T16:25:00;Apresentação de Proposição;;Indefinida;https://www.camara.leg.br/proposicoesWeb/prop_mostrarintegra?codteor=145853
123358;74813.0;Ronaldo Caiado;PFL;GO;181;0;2003;RONALDO CAIADO;EMC;312;2003;Emenda na Comissão;Dê-se ao Art. 1º da PEC 40/2003 a seguinte redação, relativamente ao § 1º do Art. 149 da Constituição Federal:;;;2003-07-04T16:21:00;https://www.camara.leg.br/proposicoesWeb/prop_mostrarintegra?codteor=145847;2003-07-04T16:21:00;Apresentação de Proposição;;Indefinida;https://www.camara.leg.br/proposicoesWeb/prop_mostrarintegra?codteor=145847
123354;74813.0;Ronaldo Caiado;PFL;GO;178;0;2003;RONALDO CAIADO;EMC;311;2003;Emenda na Comissão;Suprima-se do art. 2º da PEC 40/2003, a alteração do § 1º do art. 8º da Emenda Constitucional n.º 20, de 15 de dezembro de 1998.;;;2003-07-04T16:19:00;https://www.camara.leg.br/proposicoesWeb/prop_mostrarintegra?codteor=145843;2003-07-04T16:19:00;Apresentação de Proposição;;Indefinida;https://www.camara.leg.br/proposicoesWeb/prop_mostrarintegra?codteor=145843
123353;74813.0;Ronaldo Caiado;PFL;GO;193;0;2003;RONALDO CAIADO;EMC;316;2003;Emenda na Comissão;Modifica o Art. 1º da PEC nº 40 dando nova redação ao seu parágrafo 18;;;2003-07-04T16:18:00;https://www.camara.leg.br/proposicoesWeb/prop_mostrarintegra?codteor=145842;2003-07-04T16:18:00;Apresentação de Proposição;;Indefinida;https://www.camara.leg.br/proposicoesWeb/prop_mostrarintegra?codteor=145842
123337;74813.0;Ronaldo Caiado;PFL;GO;157;0;2003;RONALDO CAIADO;EMC;297;2003;Emenda na Comissão;Modifica o Art. 1º da PEC nº 40 de 2003, dando nova redação ao Art. 40 parágrafo 7º da Constituição Federal.;;;2003-07-04T15:57:00;https://www.camara.leg.br/proposicoesWeb/prop_mostrarintegra?codteor=145820;2003-07-04T15:57:00;Apresentação de Proposição;;Indefinida;https://www.camara.leg.br/proposicoesWeb/prop_mostrarintegra?codteor=145820
123332;74813.0;Ronaldo Caiado;PFL;GO;156;0;2003;RONALDO CAIADO;EMC;299;2003;Emenda na Comissão;Suprima-se o art. 5º da Proposta de Emenda à Constituição nº 40, 2003 e seu parágrafo único.;;;2003-07-04T15:45:00;https://www.camara.leg.br/proposicoesWeb/prop_mostrarintegra?codteor=145814;2003-07-04T15:45:00;Apresentação de Proposição;;Indefinida;https://www.camara.leg.br/proposicoesWeb/prop_mostrarintegra?codteor=145814
123292;74813.0;Ronaldo Caiado;PFL;GO;192;0;2003;RONALDO CAIADO;EMC;252;2003;Emenda na Comissão;Modifica os artigos 37, 40, 42, 48, 96, 142 e 149 da Constituição Federal, o artigo 8° da Emenda Constitucional n° 20, de 15 de dezembro de 1998, e dá outras providências.;;;2003-07-04T14:30:00;https://www.camara.leg.br/proposicoesWeb/prop_mostrarintegra?codteor=145766;2003-07-04T14:30:00;Apresentação de Proposição;;Indefinida;https://www.camara.leg.br/proposicoesWeb/prop_mostrarintegra?codteor=145766
123290;74813.0;Ronaldo Caiado;PFL;GO;127;0;2003;RONALDO CAIADO;EMC;251;2003;Emenda na Comissão;Alterem-se os  seguintes dispositivos da PEC 40/2003.;;;2003-07-04T14:26:00;https://www.camara.leg.br/proposicoesWeb/prop_mostrarintegra?codteor=145764;2003-07-04T14:26:00;Apresentação de Proposição;;Indefinida;https://www.camara.leg.br/proposicoesWeb/prop_mostrarintegra?codteor=145764
123288;74813.0;Ronaldo Caiado;PFL;GO;174;0;2003;RONALDO CAIADO;EMC;263;2003;Emenda na Comissão;Emenda à PEC 040, 2003;;;2003-07-04T14:22:00;https://www.camara.leg.br/proposicoesWeb/prop_mostrarintegra?codteor=145763;2003-07-04T14:22:00;Apresentação de Proposição;;Indefinida;https://www.camara.leg.br/proposicoesWeb/prop_mostrarintegra?codteor=145763
123268;74813.0;Ronaldo Caiado;PFL;GO;161;0;2003;RONALDO CAIADO;EMC;245;2003;Emenda na Comissão;EMENDA QUE GARANTE OS DIREITOS DAS MÃES ADOTANTES;;;2003-07-04T13:47:00;https://www.camara.leg.br/proposicoesWeb/prop_mostrarintegra?codteor=145743;2003-07-04T13:47:00;Apresentação de Proposição;;Indefinida;https://www.camara.leg.br/proposicoesWeb/prop_mostrarintegra?codteor=145743
123262;74813.0;Ronaldo Caiado;PFL;GO;172;0;2003;RONALDO CAIADO;EMC;235;2003;Emenda na Comissão;Dispõe sobre a perda de mandato no caso de troca de partido;;;2003-07-04T13:09:00;https://www.camara.leg.br/proposicoesWeb/prop_mostrarintegra?codteor=145736;2003-07-04T13:09:00;Apresentação de Proposição;;Indefinida;https://www.camara.leg.br/proposicoesWeb/prop_mostrarintegra?codteor=145736
123261;74813.0;Ronaldo Caiado;PFL;GO;173;0;2003;RONALDO CAIADO;EMC;234;2003;Emenda na Comissão;Modifica os arts. 37, 40, 42, 48, 96, 142 e 149 da Constituição Federal, o art. 8º da Emenda Constitucional nº 20, de 15 de dezembro de 1998, e dá outras providências.;;;2003-07-04T13:07:00;https://www.camara.leg.br/proposicoesWeb/prop_mostrarintegra?codteor=145735;2003-07-04T13:07:00;Apresentação de Proposição;;Indefinida;https://www.camara.leg.br/proposicoesWeb/prop_mostrarintegra?codteor=145735
123253;74813.0;Ronaldo Caiado;PFL;GO;172;0;2003;RONALDO CAIADO;EMC;231;2003;Emenda na Comissão;Modifica o art. 1º da PEC no que dá nova redação ao § 1º do art. 149 da Constituição Federal.;;;2003-07-04T12:48:00;https://www.camara.leg.br/proposicoesWeb/prop_mostrarintegra?codteor=145727;2003-07-04T12:48:00;Apresentação de Proposição;;Indefinida;https://www.camara.leg.br/proposicoesWeb/prop_mostrarintegra?codteor=145727
123251;74813.0;Ronaldo Caiado;PFL;GO;181;0;2003;RONALDO CAIADO;EMC;227;2003;Emenda na Comissão;Suprima-se o art. 11 da Proposta de Emenda Constitucional nº 40 de 2003.;;;2003-07-04T12:46:00;https://www.camara.leg.br/proposicoesWeb/prop_mostrarintegra?codteor=145725;2003-07-04T12:46:00;Apresentação de Proposição;;Indefinida;https://www.camara.leg.br/proposicoesWeb/prop_mostrarintegra?codteor=145725
123250;74813.0;Ronaldo Caiado;PFL;GO;181;0;2003;RONALDO CAIADO;EMC;228;2003;Emenda na Comissão;Modifica o artigo 11 da PEC.;;;2003-07-04T12:46:00;https://www.camara.leg.br/proposicoesWeb/prop_mostrarintegra?codteor=145724;2003-07-04T12:46:00;Apresentação de Proposição;;Indefinida;https://www.camara.leg.br/proposicoesWeb/prop_mostrarintegra?codteor=145724
123249;74813.0;Ronaldo Caiado;PFL;GO;187;0;2003;RONALDO CAIADO;EMC;230;2003;Emenda na Comissão;Suprime o artigo 5° da PEC e seu parágrafo único.;;;2003-07-04T12:43:00;https://www.camara.leg.br/proposicoesWeb/prop_mostrarintegra?codteor=145723;2003-07-04T12:43:00;Apresentação de Proposição;;Indefinida;https://www.camara.leg.br/proposicoesWeb/prop_mostrarintegra?codteor=145723
123248;74813.0;Ronaldo Caiado;PFL;GO;184;0;2003;RONALDO CAIADO;EMC;229;2003;Emenda na Comissão;Adita, no final do inciso XI do art. 37, constante do art. 1º e do art. 10, ambos da Proposta de Emenda Constitucional nº 40 de 2003, dando nova redação.;;;2003-07-04T12:38:00;https://www.camara.leg.br/proposicoesWeb/prop_mostrarintegra?codteor=145722;2003-07-04T12:38:00;Apresentação de Proposição;;Indefinida;https://www.camara.leg.br/proposicoesWeb/prop_mostrarintegra?codteor=145722
123221;74813.0;Ronaldo Caiado;PFL;GO;175;0;2003;RONALDO CAIADO;EMC;218;2003;Emenda na Comissão;Aditiva o art. 1º da PEC, acrescentando  o § 5º ao art. 149 da CF.;;;2003-07-04T11:59:00;https://www.camara.leg.br/proposicoesWeb/prop_mostrarintegra?codteor=145690;2003-07-04T11:59:00;Apresentação de Proposição;;Indefinida;https://www.camara.leg.br/proposicoesWeb/prop_mostrarintegra?codteor=145690
123209;74813.0;Ronaldo Caiado;PFL;GO;176;0;2003;RONALDO CAIADO;EMC;195;2003;Emenda na Comissão;Modifica o art. 1º da PEC no que dá nova redação ao § 3º do artigo 40 da Constituição Federal.;;;2003-07-04T11:44:00;https://www.camara.leg.br/proposicoesWeb/prop_mostrarintegra?codteor=145676;2003-07-04T11:44:00;Apresentação de Proposição;;Indefinida;https://www.camara.leg.br/proposicoesWeb/prop_mostrarintegra?codteor=145676
123207;74813.0;Ronaldo Caiado;PFL;GO;201;0;2003;RONALDO CAIADO;EMC;194;2003;Emenda na Comissão;Modifica os arts. 37, 40, 42, 48, 96, 142 e 149 da Constituição Federal, o art. 8º da Emenda Constitucional nº 20, de 15 de dezembro de 1998, e dá outras providências.;;;2003-07-04T11:42:00;https://www.camara.leg.br/proposicoesWeb/prop_mostrarintegra?codteor=145673;2003-07-04T11:42:00;Apresentação de Proposição;;Indefinida;https://www.camara.leg.br/proposicoesWeb/prop_mostrarintegra?codteor=145673
123206;74813.0;Ronaldo Caiado;PFL;GO;176;0;2003;RONALDO CAIADO;EMC;191;2003;Emenda na Comissão;Modifica o artigo 12 da PEC.;;;2003-07-04T11:42:00;https://www.camara.leg.br/proposicoesWeb/prop_mostrarintegra?codteor=145672;2003-07-04T11:42:00;Apresentação de Proposição;;Indefinida;https://www.camara.leg.br/proposicoesWeb/prop_mostrarintegra?codteor=145672
123204;74813.0;Ronaldo Caiado;PFL;GO;175;0;2003;RONALDO CAIADO;EMC;192;2003;Emenda na Comissão;Modifica o art. 1º da PEC acrescentando novo parágrafo ao art. 40 da Constituição Federal.;;;2003-07-04T11:41:00;https://www.camara.leg.br/proposicoesWeb/prop_mostrarintegra?codteor=145670;2003-07-04T11:41:00;Apresentação de Proposição;;Indefinida;https://www.camara.leg.br/proposicoesWeb/prop_mostrarintegra?codteor=145670
123202;74813.0;Ronaldo Caiado;PFL;GO;179;0;2003;RONALDO CAIADO;EMC;188;2003;Emenda na Comissão;Adita o art. 1º da PEC dando nova redação ao § 9º do art. 201 da Constituição Federal.;;;2003-07-04T11:39:00;https://www.camara.leg.br/proposicoesWeb/prop_mostrarintegra?codteor=145667;2003-07-04T11:39:00;Apresentação de Proposição;;Indefinida;https://www.camara.leg.br/proposicoesWeb/prop_mostrarintegra?codteor=145667
123201;74813.0;Ronaldo Caiado;PFL;GO;181;0;2003;RONALDO CAIADO;EMC;187;2003;Emenda na Comissão;Modifica o art. 1° da PEC no que dá nova redação ao art. 40 § 7° da Constituição Federal.;;;2003-07-04T11:36:00;https://www.camara.leg.br/proposicoesWeb/prop_mostrarintegra?codteor=145665;2003-07-04T11:36:00;Apresentação de Proposição;;Indefinida;https://www.camara.leg.br/proposicoesWeb/prop_mostrarintegra?codteor=145665
123200;74813.0;Ronaldo Caiado;PFL;GO;179;0;2003;RONALDO CAIADO;EMC;186;2003;Emenda na Comissão;Modifica o artigo 2º da PEC no que dá nova redação ao art. 8º da Emenda Constitucional nº 20.;;;2003-07-04T11:33:00;https://www.camara.leg.br/proposicoesWeb/prop_mostrarintegra?codteor=145663;2003-07-04T11:33:00;Apresentação de Proposição;;Indefinida;https://www.camara.leg.br/proposicoesWeb/prop_mostrarintegra?codteor=145663
123198;74813.0;Ronaldo Caiado;PFL;GO;174;0;2003;RONALDO CAIADO;EMC;185;2003;Emenda na Comissão;Suprime o § 18 do art. 40 da CF proposto pela PEC.;;;2003-07-04T11:32:00;https://www.camara.leg.br/proposicoesWeb/prop_mostrarintegra?codteor=145659;2003-07-04T11:32:00;Apresentação de Proposição;;Indefinida;https://www.camara.leg.br/proposicoesWeb/prop_mostrarintegra?codteor=145659
123195;74813.0;Ronaldo Caiado;PFL;GO;179;0;2003;RONALDO CAIADO;EMC;184;2003;Emenda na Comissão;Modifica o art. 1º da PEC acrescentando novo parágrafo ao art. 40 da Constituição Federal.;;;2003-07-04T11:31:00;https://www.camara.leg.br/proposicoesWeb/prop_mostrarintegra?codteor=145655;2003-07-04T11:31:00;Apresentação de Proposição;;Indefinida;https://www.camara.leg.br/proposicoesWeb/prop_mostrarintegra?codteor=145655
123191;74813.0;Ronaldo Caiado;PFL;GO;182;0;2003;RONALDO CAIADO;EMC;183;2003;Emenda na Comissão;Modifica o artigo 1° da PEC no que dá nova redação ao art. 37, inciso XI, da Constituição Federal.;;;2003-07-04T11:28:00;https://www.camara.leg.br/proposicoesWeb/prop_mostrarintegra?codteor=145650;2003-07-04T11:28:00;Apresentação de Proposição;;Indefinida;https://www.camara.leg.br/proposicoesWeb/prop_mostrarintegra?codteor=145650
123190;74813.0;Ronaldo Caiado;PFL;GO;177;0;2003;RONALDO CAIADO;EMC;190;2003;Emenda na Comissão;Modifica o artigo 10 da PEC.;;;2003-07-04T11:19:00;https://www.camara.leg.br/proposicoesWeb/prop_mostrarintegra?codteor=145649;2003-07-04T11:19:00;Apresentação de Proposição;;Indefinida;https://www.camara.leg.br/proposicoesWeb/prop_mostrarintegra?codteor=145649
123188;74813.0;Ronaldo Caiado;PFL;GO;145;0;2003;RONALDO CAIADO;EMC;182;2003;Emenda na Comissão;Modifica os arts. 37,40,42,48,96,142 e 149 da Constituição Federal.;;;2003-07-04T11:18:00;https://www.camara.leg.br/proposicoesWeb/prop_mostrarintegra?codteor=145647;2003-07-04T11:18:00;Apresentação de Proposição;;Indefinida;https://www.camara.leg.br/proposicoesWeb/prop_mostrarintegra?codteor=145647
123180;74813.0;Ronaldo Caiado;PFL;GO;185;0;2003;RONALDO CAIADO;EMC;180;2003;Emenda na Comissão;Mantém a remuneração da Magistratura do Tribunal de Justiça do Distrito Federal e Territórios relacionada a dos Ministros do Supremo Tribunal Federal.;;;2003-07-04T11:05:00;https://www.camara.leg.br/proposicoesWeb/prop_mostrarintegra?codteor=145638;2003-07-04T11:05:00;Apresentação de Proposição;;Indefinida;https://www.camara.leg.br/proposicoesWeb/prop_mostrarintegra?codteor=145638
123171;74813.0;Ronaldo Caiado;PFL;GO;183;0;2003;RONALDO CAIADO;EMC;176;2003;Emenda na Comissão;Modifica os arts. 37, 40, 42, 48, 96, 142 e 149 da Constituição Federal, o art. 8º da Emenda Constitucional nº 20, de 15 de dezembro de 1998, e dá outras providências.;;;2003-07-04T10:33:00;https://www.camara.leg.br/proposicoesWeb/prop_mostrarintegra?codteor=145614;2003-07-04T10:33:00;Apresentação de Proposição;;Indefinida;https://www.camara.leg.br/proposicoesWeb/prop_mostrarintegra?codteor=145614
123149;74813.0;Ronaldo Caiado;PFL;GO;191;0;2003;RONALDO CAIADO;EMC;163;2003;Emenda na Comissão;Acrescentem-se, no art. 1º da PEC, as seguintes disposições aos arts. 40 e 42 da Constituição Federal,  promovendo-se, em conseqüência, as seguintes modificações no art. 2º da PEC, relativamente ao caput  do art. 8º da Emenda Constitucional nº 20, de 15 de dezembro de 1998:;;;2003-07-04T09:52:00;https://www.camara.leg.br/proposicoesWeb/prop_mostrarintegra?codteor=145577;2003-07-04T09:52:00;Apresentação de Proposição;;Indefinida;https://www.camara.leg.br/proposicoesWeb/prop_mostrarintegra?codteor=145577
123128;74813.0;Ronaldo Caiado;PFL;GO;157;0;2003;RONALDO CAIADO;EMC;156;2003;Emenda na Comissão;"Modifica parágrafo 2º e caput do artigo 3º da PEC 40/2003, acrescentando expressão ""forma de atualização"" evitando equívoco de interpretação para obtenção dos benefícios previdenciários e estabelece ao servidor ou pensionista prerrogativa de opção quanto à forma de cálculo para aposentadoria.";;;2003-07-03T19:07:00;https://www.camara.leg.br/proposicoesWeb/prop_mostrarintegra?codteor=145521;2003-07-03T19:07:00;Apresentação de Proposição;;Indefinida;https://www.camara.leg.br/proposicoesWeb/prop_mostrarintegra?codteor=145521
123125;74813.0;Ronaldo Caiado;PFL;GO;215;0;2003;RONALDO CAIADO;EMC;155;2003;Emenda na Comissão;"""Modifica os arts. 37, 40, 42, 48, 96, 142 e 149 da Constituição Federal,  o art.  8º da Emenda Constitucional nº 20,  de 15 de dezembro de 1998,  e dá outras providências.""";;;2003-07-03T19:00:00;https://www.camara.leg.br/proposicoesWeb/prop_mostrarintegra?codteor=145517;2003-07-03T19:00:00;Apresentação de Proposição;;Indefinida;https://www.camara.leg.br/proposicoesWeb/prop_mostrarintegra?codteor=145517
123120;74813.0;Ronaldo Caiado;PFL;GO;199;0;2003;RONALDO CAIADO;EMC;152;2003;Emenda na Comissão;Modifica os artigos 37, 40, 42, 96, 142 e 149 da Constituição Federal, o artigo 8º da Emenda Constitucional nº 20, de 15 de dezembro de 1998, e dá outras providências.;;;2003-07-03T18:49:00;https://www.camara.leg.br/proposicoesWeb/prop_mostrarintegra?codteor=145509;2003-07-03T18:49:00;Apresentação de Proposição;;Indefinida;https://www.camara.leg.br/proposicoesWeb/prop_mostrarintegra?codteor=145509
123116;74813.0;Ronaldo Caiado;PFL;GO;182;0;2003;RONALDO CAIADO;EMC;150;2003;Emenda na Comissão;"Apresentação de Emenda à PEC 40/2003, do Poder Executivo, suprimindo os § 1º e 2º propostos para o art. 42 e em consequëncia dando ao § 2º do art. 42 da Constituição Federal a seguinte redação:
 §2º  Aplicam-se aos Militares dos Estados, do Distrito Federal e dos Territórios e as seus pensionistas o que for fixado em lei, respeitadas as competências dos respectivos entes estatais, para a previdência dos militares das Forças Armadas.""";;;2003-07-03T18:44:00;https://www.camara.leg.br/proposicoesWeb/prop_mostrarintegra?codteor=145504;2003-07-03T18:44:00;Apresentação de Proposição;;Indefinida;https://www.camara.leg.br/proposicoesWeb/prop_mostrarintegra?codteor=145504
123106;74813.0;Ronaldo Caiado;PFL;GO;185;0;2003;RONALDO CAIADO;EMC;145;2003;Emenda na Comissão;Prevê que Lei Complementar disporá sobre critérios para concessão de aposentadoria para a carreira de diplomata.;;;2003-07-03T18:26:00;https://www.camara.leg.br/proposicoesWeb/prop_mostrarintegra?codteor=145493;2003-07-03T18:26:00;Apresentação de Proposição;;Indefinida;https://www.camara.leg.br/proposicoesWeb/prop_mostrarintegra?codteor=145493
123094;74813.0;Ronaldo Caiado;PFL;GO;178;0;2003;RONALDO CAIADO;EMC;143;2003;Emenda na Comissão;Modifica os arts. 37, 40, 42, 48, 96, 142 e 149 da Constituição Federal, o art. 8º da Emenda Constitucional nº 20, de 15 de dezembro de 1998, e dá outras providências.;;;2003-07-03T18:02:00;https://www.camara.leg.br/proposicoesWeb/prop_mostrarintegra?codteor=145483;2003-07-03T18:02:00;Apresentação de Proposição;;Indefinida;https://www.camara.leg.br/proposicoesWeb/prop_mostrarintegra?codteor=145483
123087;74813.0;Ronaldo Caiado;PFL;GO;136;0;2003;RONALDO CAIADO;EMC;137;2003;Emenda na Comissão;Acrescenta ao texto do art. 40, proposto no art. 1º, da Proposta de Emenda à Constituição nº 40, de 2003, um § 19.;;;2003-07-03T17:58:00;https://www.camara.leg.br/proposicoesWeb/prop_mostrarintegra?codteor=145475;2003-07-03T17:58:00;Apresentação de Proposição;;Indefinida;https://www.camara.leg.br/proposicoesWeb/prop_mostrarintegra?codteor=145475
123080;74813.0;Ronaldo Caiado;PFL;GO;224;0;2003;RONALDO CAIADO;EMC;127;2003;Emenda na Comissão;Define a contagem da antiguidade na magistratura de primeiro grau para efeito de cálculo do fator previdenciário do art. 40, inciso III, introduzido pela emenda constitucional nº 20/98.;;;2003-07-03T17:50:00;https://www.camara.leg.br/proposicoesWeb/prop_mostrarintegra?codteor=145469;2003-07-03T17:50:00;Apresentação de Proposição;;Indefinida;https://www.camara.leg.br/proposicoesWeb/prop_mostrarintegra?codteor=145469
123075;74813.0;Ronaldo Caiado;PFL;GO;189;0;2003;RONALDO CAIADO;EMC;113;2003;Emenda na Comissão;Modifica os artigos 37, 40, 42, 96, 142 e 149 da Constituição Federal, o artigo 8o da Emenda Constitucional nº 20, de 15 de dezembro de 1998, e dá outras providências.;;;2003-07-03T17:39:00;https://www.camara.leg.br/proposicoesWeb/prop_mostrarintegra?codteor=145463;2003-07-03T17:39:00;Apresentação de Proposição;;Indefinida;https://www.camara.leg.br/proposicoesWeb/prop_mostrarintegra?codteor=145463
123066;74813.0;Ronaldo Caiado;PFL;GO;168;0;2003;RONALDO CAIADO;EMC;126;2003;Emenda na Comissão;"""Modifica os arts.  37, 40, 42, 48, 96, 142 e 149 da Constituição Federal,  o art.  8º da Emenda Constitucional nº 20,  de 15 de dezembro de 1998,  e dá outras providências.""";;;2003-07-03T17:22:00;https://www.camara.leg.br/proposicoesWeb/prop_mostrarintegra?codteor=145451;2003-07-03T17:22:00;Apresentação de Proposição;;Indefinida;https://www.camara.leg.br/proposicoesWeb/prop_mostrarintegra?codteor=145451
123024;74813.0;Ronaldo Caiado;PFL;GO;161;0;2003;RONALDO CAIADO;EMC;99;2003;Emenda na Comissão;"""Modifica os arts.  37, 40, 42, 48,  96, 142 e  149 da Constituição Federal,  o art.  8º da Emenda Constitucional nº 20,  de 15 de dezembro de 1998,  e dá outras providências.""";;;2003-07-03T16:08:00;https://www.camara.leg.br/proposicoesWeb/prop_mostrarintegra?codteor=145398;2003-07-03T16:08:00;Apresentação de Proposição;;Indefinida;https://www.camara.leg.br/proposicoesWeb/prop_mostrarintegra?codteor=145398
123023;74813.0;Ronaldo Caiado;PFL;GO;158;0;2003;RONALDO CAIADO;EMC;119;2003;Emenda na Comissão;Modifica os arts. 37, 40, 42, 48, 96,  142 e 149 da Constituição Federal, o art. 8º da Emenda Constitucional  nº 20 ,  de      de  dezembro  de  1998 ,  e  dá outras providências.;;;2003-07-03T16:09:00;https://www.camara.leg.br/proposicoesWeb/prop_mostrarintegra?codteor=145397;2003-07-03T16:09:00;Apresentação de Proposição;;Indefinida;https://www.camara.leg.br/proposicoesWeb/prop_mostrarintegra?codteor=145397
123022;74813.0;Ronaldo Caiado;PFL;GO;166;0;2003;RONALDO CAIADO;EMC;118;2003;Emenda na Comissão;"""Modifica os arts.  37, 40, 42, 48, 96, 142 e 149 da Constituição Federal,  o art.  8º da Emenda Constitucional nº 20,  de 15 de dezembro de 1998,  e dá outras providências.""";;;2003-07-03T16:03:00;https://www.camara.leg.br/proposicoesWeb/prop_mostrarintegra?codteor=145393;2003-07-03T16:03:00;Apresentação de Proposição;;Indefinida;https://www.camara.leg.br/proposicoesWeb/prop_mostrarintegra?codteor=145393
123021;74813.0;Ronaldo Caiado;PFL;GO;158;0;2003;RONALDO CAIADO;EMC;97;2003;Emenda na Comissão;"""Modifica os arts.  37, 40, 42, 48,  96, 142 e  149 da Constituição Federal,  o art.  8º da Emenda Constitucional nº 20,  de 15 de dezembro de 1998,  e dá outras providências.""";;;2003-07-03T16:07:00;https://www.camara.leg.br/proposicoesWeb/prop_mostrarintegra?codteor=145391;2003-07-03T16:07:00;Apresentação de Proposição;;Indefinida;https://www.camara.leg.br/proposicoesWeb/prop_mostrarintegra?codteor=145391
123019;74813.0;Ronaldo Caiado;PFL;GO;208;0;2003;RONALDO CAIADO;EMC;98;2003;Emenda na Comissão;Modifica os arts. 37, 40, 42, 48, 96,  142 e 149 da Constituição Federal, o art. 8º da Emenda Constitucional  nº 20 ,  de 15 de  dezembro  de  1998 ,  e  dá outras providências.                                           .;;;2003-07-03T16:05:00;https://www.camara.leg.br/proposicoesWeb/prop_mostrarintegra?codteor=145389;2003-07-03T16:05:00;Apresentação de Proposição;;Indefinida;https://www.camara.leg.br/proposicoesWeb/prop_mostrarintegra?codteor=145389
123016;74813.0;Ronaldo Caiado;PFL;GO;201;0;2003;RONALDO CAIADO;EMC;110;2003;Emenda na Comissão;"que ""Modifica os art. 37, 40, 42, 48, 96, 142 e 149 da Constituição Federal o art. 8º da Emenda Constitucional nº 20, de 15 de dezembro de 1998, e dá outras providências"".";;;2003-07-03T16:00:00;https://www.camara.leg.br/proposicoesWeb/prop_mostrarintegra?codteor=145385;2003-07-03T16:00:00;Apresentação de Proposição;;Indefinida;https://www.camara.leg.br/proposicoesWeb/prop_mostrarintegra?codteor=145385
122894;74813.0;Ronaldo Caiado;PFL;GO;196;0;2003;RONALDO CAIADO;EMC;85;2003;Emenda na Comissão;Proposta de emenda;;;2003-07-03T12:51:00;https://www.camara.leg.br/proposicoesWeb/prop_mostrarintegra?codteor=145217;2003-07-03T12:51:00;Apresentação de Proposição;;Indefinida;https://www.camara.leg.br/proposicoesWeb/prop_mostrarintegra?codteor=145217
122885;74813.0;Ronaldo Caiado;PFL;GO;146;0;2003;RONALDO CAIADO;EMC;79;2003;Emenda na Comissão;Aplica-se o disposto no art. 37, inciso XI aos militares dos Estados, do Distrito Federal e dos Territórios e a seus pensionistas.;;;2003-07-03T12:18:00;https://www.camara.leg.br/proposicoesWeb/prop_mostrarintegra?codteor=145196;2003-07-03T12:18:00;Apresentação de Proposição;;Indefinida;https://www.camara.leg.br/proposicoesWeb/prop_mostrarintegra?codteor=145196
122881;74813.0;Ronaldo Caiado;PFL;GO;200;0;2003;RONALDO CAIADO;EMC;78;2003;Emenda na Comissão;Modifica os artigos 37, 40, 42, 96, 142 e 149 da Constituição Federal, o artigo 8º da Emenda Constitucional nº 20;;;2003-07-03T11:59:00;https://www.camara.leg.br/proposicoesWeb/prop_mostrarintegra?codteor=145184;2003-07-03T11:59:00;Apresentação de Proposição;;Indefinida;https://www.camara.leg.br/proposicoesWeb/prop_mostrarintegra?codteor=145184
122868;74813.0;Ronaldo Caiado;PFL;GO;177;0;2003;RONALDO CAIADO;EMC;73;2003;Emenda na Comissão;Modifica o inciso VI do art. 93 .;;;2003-07-03T10:59:00;https://www.camara.leg.br/proposicoesWeb/prop_mostrarintegra?codteor=145169;2003-07-03T10:59:00;Apresentação de Proposição;;Indefinida;https://www.camara.leg.br/proposicoesWeb/prop_mostrarintegra?codteor=145169
122827;74813.0;Ronaldo Caiado;PFL;GO;168;0;2003;RONALDO CAIADO;EMC;65;2003;Emenda na Comissão;"""Modifica os arts. 37, 40, 42, 48, 96, 142 e 149 da Constituição Federal,  o art.  8º da Emenda Constitucional nº 20,  de 15 de dezembro de 1998,  e dá outras providências.""";;;2003-07-02T18:38:00;https://www.camara.leg.br/proposicoesWeb/prop_mostrarintegra?codteor=145095;2003-07-02T18:38:00;Apresentação de Proposição;;Indefinida;https://www.camara.leg.br/proposicoesWeb/prop_mostrarintegra?codteor=145095
122825;74813.0;Ronaldo Caiado;PFL;GO;176;0;2003;RONALDO CAIADO;EMC;64;2003;Emenda na Comissão;"""Modifica os arts. 37, 40, 42, 48, 96, 142 e 146 da Constituição Federal, o art. 8º da Emenda Constitucional nº 20, de 15 de dezembro de 1998, e dá outras providências.""";;;2003-07-02T18:37:00;https://www.camara.leg.br/proposicoesWeb/prop_mostrarintegra?codteor=145093;2003-07-02T18:37:00;Apresentação de Proposição;;Indefinida;https://www.camara.leg.br/proposicoesWeb/prop_mostrarintegra?codteor=145093
122822;74813.0;Ronaldo Caiado;PFL;GO;176;0;2003;RONALDO CAIADO;EMC;63;2003;Emenda na Comissão;"""Modifica os arts. 37, 40, 42, 48, 96, 142 e 149 da Constituição Federal, o art. 8º da Emenda Constitucional nº 20, de 15 de Dezembro de 1998, e dá outras providencias.""";;;2003-07-02T18:36:00;https://www.camara.leg.br/proposicoesWeb/prop_mostrarintegra?codteor=145090;2003-07-02T18:36:00;Apresentação de Proposição;;Indefinida;https://www.camara.leg.br/proposicoesWeb/prop_mostrarintegra?codteor=145090
122818;74813.0;Ronaldo Caiado;PFL;GO;169;0;2003;RONALDO CAIADO;EMC;62;2003;Emenda na Comissão;"""Modifica os arts. 37, 40, 42, 48, 96, 142 e 146 da Constituição Federal, o art. 8º da Emenda Constitucional nº 20, de 15 de dezembro de 1998, e dá outras providências.""";;;2003-07-02T18:32:00;https://www.camara.leg.br/proposicoesWeb/prop_mostrarintegra?codteor=145085;2003-07-02T18:32:00;Apresentação de Proposição;;Indefinida;https://www.camara.leg.br/proposicoesWeb/prop_mostrarintegra?codteor=145085
122817;74813.0;Ronaldo Caiado;PFL;GO;169;0;2003;RONALDO CAIADO;EMC;61;2003;Emenda na Comissão;"""Modifica os arts.  37, 40, 42, 48, 96, 142 e  149 da Constituição Federal,  o art. 8º da Emenda Constitucional nº 20, de  15 de dezembro de 1998,  e dá outras providências.""";;;2003-07-02T18:31:00;https://www.camara.leg.br/proposicoesWeb/prop_mostrarintegra?codteor=145084;2003-07-02T18:31:00;Apresentação de Proposição;;Indefinida;https://www.camara.leg.br/proposicoesWeb/prop_mostrarintegra?codteor=145084
122815;74813.0;Ronaldo Caiado;PFL;GO;171;0;2003;RONALDO CAIADO;EMC;60;2003;Emenda na Comissão;"""Modifica os arts. 37, 40, 42, 48, 96, 142 e 146 da Constituição Federal, o art. 8º da Emenda Constitucional nº 20, de 15 de dezembro de 1998, e dá outras providências.""";;;2003-07-02T18:30:00;https://www.camara.leg.br/proposicoesWeb/prop_mostrarintegra?codteor=145083;2003-07-02T18:30:00;Apresentação de Proposição;;Indefinida;https://www.camara.leg.br/proposicoesWeb/prop_mostrarintegra?codteor=145083
122600;74813.0;Ronaldo Caiado;PFL;GO;153;0;2003;RONALDO CAIADO;EMC;50;2003;Emenda na Comissão;Modifica os arts. 37, 40, 42, 48, 96, 142 e 149 da Constituição Federal, o art. 8º da Emenda Constitucional n.º 20, de 15 de dezembro de 1998, e dá outras providências;;;2003-07-02T14:01:00;https://www.camara.leg.br/proposicoesWeb/prop_mostrarintegra?codteor=144676;2003-07-02T14:01:00;Apresentação de Proposição;;Indefinida;https://www.camara.leg.br/proposicoesWeb/prop_mostrarintegra?codteor=144676
122599;74813.0;Ronaldo Caiado;PFL;GO;155;0;2003;RONALDO CAIADO;EMC;49;2003;Emenda na Comissão;Modifica os arts. 37, 40, 42, 48, 96, 142 e 149 da Constituição Federal, o art. 8º da Emenda Constitucional nº 20, de 15 de dezembro de 1998, e dá outras providências.;;;2003-07-02T13:58:00;https://www.camara.leg.br/proposicoesWeb/prop_mostrarintegra?codteor=144674;2003-07-02T13:58:00;Apresentação de Proposição;;Indefinida;https://www.camara.leg.br/proposicoesWeb/prop_mostrarintegra?codteor=144674
122470;74813.0;Ronaldo Caiado;PFL;GO;186;0;2003;RONALDO CAIADO;EMC;41;2003;Emenda na Comissão;"""Modifica os arts.  37,  40, 42, 48, 96, 142 e 149 da Constituição Federal,  o art.  8º da Emenda Constitucional nº 20,  de 15  dezembro de 1998,  e dá outras providências.""";;;2003-07-01T18:40:00;https://www.camara.leg.br/proposicoesWeb/prop_mostrarintegra?codteor=144502;2003-07-01T18:40:00;Apresentação de Proposição;;Indefinida;https://www.camara.leg.br/proposicoesWeb/prop_mostrarintegra?codteor=144502
122462;74813.0;Ronaldo Caiado;PFL;GO;150;0;2003;RONALDO CAIADO;EMC;44;2003;Emenda na Comissão;Suprima-se, no art. 2º, da Proposta de Emenda à Constituição nº 40, de 2003, a alteração proposta para o texto do § 1º, do art. 8º, da Emenda Constitucional nº 20, de 15 de dezembro de 1998.;;;2003-07-01T18:22:00;https://www.camara.leg.br/proposicoesWeb/prop_mostrarintegra?codteor=144491;2003-07-01T18:22:00;Apresentação de Proposição;;Indefinida;https://www.camara.leg.br/proposicoesWeb/prop_mostrarintegra?codteor=144491
122275;74813.0;Ronaldo Caiado;PFL;GO;181;0;2003;RONALDO CAIADO;EMC;35;2003;Emenda na Comissão;Exclui os Magistrados do teto do Regime Geral de Previdência e mantém a paridade de seus proventos de aposentadoria e pensão.;;;2003-07-01T10:09:00;https://www.camara.leg.br/proposicoesWeb/prop_mostrarintegra?codteor=144187;2003-07-01T10:09:00;Apresentação de Proposição;;Indefinida;https://www.camara.leg.br/proposicoesWeb/prop_mostrarintegra?codteor=144187
122142;74813.0;Ronaldo Caiado;PFL;GO;229;0;2003;RONALDO CAIADO;EMC;31;2003;Emenda na Comissão;"EMENDA SUBSTITUTIVA GLOBAL À PROPOSTA DE EMENDA À CONSTITUIÇÃO Nº 40, DE 2003.
( Do Senhor Pauderney Avelino e Outros )

Dê-se à proposta a seguinte redação:";;;2003-06-30T12:11:00;https://www.camara.leg.br/proposicoesWeb/prop_mostrarintegra?codteor=143936;2003-06-30T12:11:00;Apresentação de Proposição;;Indefinida;https://www.camara.leg.br/proposicoesWeb/prop_mostrarintegra?codteor=143936
122100;74813.0;Ronaldo Caiado;PFL;GO;179;0;2003;RONALDO CAIADO;EMC;448;2003;Emenda na Comissão;"Suprima-se do artigo 195, o inciso IV de seu caput e seu § 14 e acrescente-se artigo ao ADCT, conforme redação abaixo:

Art.  A Contribuição Provisória sobre Movimentação Financeira será reduzida para a alíquota de 0,30% no ano de 2004, 0,20% em 2005, 0,08% em 2006, sendo extinta a contar de 1º de janeiro de 2007";;;2003-06-27T19:33:00;https://www.camara.leg.br/proposicoesWeb/prop_mostrarintegra?codteor=143860;2003-06-27T19:33:00;Apresentação de Proposição;;Indefinida;https://www.camara.leg.br/proposicoesWeb/prop_mostrarintegra?codteor=143860
122097;74813.0;Ronaldo Caiado;PFL;GO;189;0;2003;RONALDO CAIADO;EMC;444;2003;Emenda na Comissão;"Dê-se nova redação ao inciso XII do artigo 155, § 2º, conforme abaixo.

Art. 155. ...

§ 2º ....

XII -  Lei complementar disciplinará o imposto, estabelecendo seus fatos geradores, bases de cálculos, sujeição passiva, regime de compensação infrações, sanções, bem como as seguintes matérias:

a) competências e funcionamento do órgão colegiado integrado por representante de cada Estado e do Distrito Federal, presidido pelo Ministro da Fazenda.

b) definir os combustíveis e lubrificantes sobre os quais o imposto incidirá uma única vez, qualquer que seja a sua finalidade;

c) definir as bases de cálculo, de modo que o montante do imposto as integre, inclusive nas hipóteses do inciso IX;

d) prever regimes especiais ou simplificados de tributação, inclusive para atendimento ao disposto no art. 170, IX;

e) prever sanções aplicáveis aos Estados e ao Distrito Federal, ou aos seus agentes, por descumprimento da legislação do imposto, especialmente do disposto no inciso VII.";;;2003-06-27T19:29:00;https://www.camara.leg.br/proposicoesWeb/prop_mostrarintegra?codteor=143857;2003-06-27T19:29:00;Apresentação de Proposição;;Indefinida;https://www.camara.leg.br/proposicoesWeb/prop_mostrarintegra?codteor=143857
122085;74813.0;Ronaldo Caiado;PFL;GO;153;0;2003;RONALDO CAIADO;EMC;432;2003;Emenda na Comissão;Suprimam-se os incisos III e IV do artigo 156, § 2º.;;;2003-06-27T19:10:00;https://www.camara.leg.br/proposicoesWeb/prop_mostrarintegra?codteor=143845;2003-06-27T19:10:00;Apresentação de Proposição;;Indefinida;https://www.camara.leg.br/proposicoesWeb/prop_mostrarintegra?codteor=143845
122082;74813.0;Ronaldo Caiado;PFL;GO;104;0;2003;RONALDO CAIADO;EMC;433;2003;Emenda na Comissão;"Acrescente-se inciso ao § 14 do artigo 195, conforme redação abaixo:

Art. 195 ...

§ 14 ....

III - terá seu pagamento dedutível do devido na apuração do imposto de renda da pessoa jurídica.
............";;;2003-06-27T19:05:00;https://www.camara.leg.br/proposicoesWeb/prop_mostrarintegra?codteor=143842;2003-06-27T19:05:00;Apresentação de Proposição;;Indefinida;https://www.camara.leg.br/proposicoesWeb/prop_mostrarintegra?codteor=143842
122068;74813.0;Ronaldo Caiado;PFL;GO;159;0;2003;RONALDO CAIADO;EMC;414;2003;Emenda na Comissão;"Inclua-se § 16 ao art. 195 da Constituição Federal, modificado pela PEC nº 41, de 2003, conforme a seguinte redação:

""Art. 195...........................................................................................................................
..........................................................................................................................................
§ 16. A seguridade social será financiada por contribuição adicional dos empregadores incidente sobre o valor da remuneração relativa à mão-de-obra substituída por processo de automação, nos termos da lei, cinquenta por cento do valor arrecadado com esta contribuição será obrigatoriamente aplicado em programas de geração do primeiro emprego. """;;;2003-06-27T18:45:00;https://www.camara.leg.br/proposicoesWeb/prop_mostrarintegra?codteor=143828;2003-06-27T18:45:00;Apresentação de Proposição;;Indefinida;https://www.camara.leg.br/proposicoesWeb/prop_mostrarintegra?codteor=143828
122067;74813.0;Ronaldo Caiado;PFL;GO;166;0;2003;RONALDO CAIADO;EMC;413;2003;Emenda na Comissão;"Altere-se o inciso I do art. 90 do Ato das Disposições Constitucionais Transitórias, introduzido pelo art. 3º da PEC nº 41, de 2003, para dar-lhe a seguinte redação:
""Art.3 o  .........
""Art. 90. .......
I - para efeito de aplicação do disposto no art. 155, § 2º, VI, ""c"", da Constituição com a redação dada por esta Emenda, estabelecerá a implantação gradual, por mercadoria, bem ou serviço, dessa exigência, no prazo máximo de dois anos, contado do início da exigência do imposto na forma dada por esta Emenda";;;2003-06-27T18:26:00;https://www.camara.leg.br/proposicoesWeb/prop_mostrarintegra?codteor=143827;2003-06-27T18:26:00;Apresentação de Proposição;;Indefinida;https://www.camara.leg.br/proposicoesWeb/prop_mostrarintegra?codteor=143827
122066;74813.0;Ronaldo Caiado;PFL;GO;181;0;2003;RONALDO CAIADO;EMC;412;2003;Emenda na Comissão;Altera o Sistema Tributário Nacional, modificando a PEC 41/03, dando nova redação ao art. 155 § 2º, IX, ''''a'''', da Constituição Federal.;;;2003-06-27T18:38:00;https://www.camara.leg.br/proposicoesWeb/prop_mostrarintegra?codteor=143825;2003-06-27T18:38:00;Apresentação de Proposição;;Indefinida;https://www.camara.leg.br/proposicoesWeb/prop_mostrarintegra?codteor=143825
122053;74813.0;Ronaldo Caiado;PFL;GO;147;0;2003;RONALDO CAIADO;EMC;397;2003;Emenda na Comissão;"EMENDA À PROPOSTA DE EMENDA CONSTITUCIONAL Nº 41, DE 2003, QUE ""ALTERA O SISTEMA TRIBUTÁRIO NACIONAL E DÁ OUTRAS PROVIDÊNCIAS"".";;;2003-06-27T18:07:00;https://www.camara.leg.br/proposicoesWeb/prop_mostrarintegra?codteor=143810;2003-06-27T18:07:00;Apresentação de Proposição;;Indefinida;https://www.camara.leg.br/proposicoesWeb/prop_mostrarintegra?codteor=143810
122016;74813.0;Ronaldo Caiado;PFL;GO;161;0;2003;RONALDO CAIADO;EMC;369;2003;Emenda na Comissão;Altera o Sistema Tributário Nacional e dá outras providências.;;;2003-06-27T17:03:00;https://www.camara.leg.br/proposicoesWeb/prop_mostrarintegra?codteor=143770;2003-06-27T17:03:00;Apresentação de Proposição;;Indefinida;https://www.camara.leg.br/proposicoesWeb/prop_mostrarintegra?codteor=143770
122015;74813.0;Ronaldo Caiado;PFL;GO;180;0;2003;RONALDO CAIADO;EMC;372;2003;Emenda na Comissão;Altera o Sistema Tributário Nacional e dá outras providências.;;;2003-06-27T17:02:00;https://www.camara.leg.br/proposicoesWeb/prop_mostrarintegra?codteor=143769;2003-06-27T17:02:00;Apresentação de Proposição;;Indefinida;https://www.camara.leg.br/proposicoesWeb/prop_mostrarintegra?codteor=143769
122013;74813.0;Ronaldo Caiado;PFL;GO;164;0;2003;RONALDO CAIADO;EMC;370;2003;Emenda na Comissão;Altera o Sistema Tributário Nacional e dá outras providências.;;;2003-06-27T16:58:00;https://www.camara.leg.br/proposicoesWeb/prop_mostrarintegra?codteor=143767;2003-06-27T16:58:00;Apresentação de Proposição;;Indefinida;https://www.camara.leg.br/proposicoesWeb/prop_mostrarintegra?codteor=143767
122010;74813.0;Ronaldo Caiado;PFL;GO;160;0;2003;RONALDO CAIADO;EMC;368;2003;Emenda na Comissão;"Acrescente-se ao art. 7º da PEC Nº 41/03:
""Inciso ...  - O art. 85  do  Ato das Disposições Constitucionais Transitórias.""";;;2003-06-27T16:56:00;https://www.camara.leg.br/proposicoesWeb/prop_mostrarintegra?codteor=143764;2003-06-27T16:56:00;Apresentação de Proposição;;Indefinida;https://www.camara.leg.br/proposicoesWeb/prop_mostrarintegra?codteor=143764
122008;74813.0;Ronaldo Caiado;PFL;GO;156;0;2003;RONALDO CAIADO;EMC;367;2003;Emenda na Comissão;"Substitua-se o inciso I do § 14 do art. 195: ""A contribuição prevista no inciso IV do caput:
""I - terá alíquota máxima de trinta e oito centésimos por cento e mínima de oito centésimos por cento, facultado ao Poder Executivo reduzi-la ou restabelecê-la, total ou parcialmente, nas condições e limites fixados em lei;""
pelo seguinte texto: 

""Inciso I - ""terá alíquota de um décimo por cento.""";;;2003-06-27T16:53:00;https://www.camara.leg.br/proposicoesWeb/prop_mostrarintegra?codteor=143761;2003-06-27T16:53:00;Apresentação de Proposição;;Indefinida;https://www.camara.leg.br/proposicoesWeb/prop_mostrarintegra?codteor=143761
121992;74813.0;Ronaldo Caiado;PFL;GO;192;0;2003;RONALDO CAIADO;EMC;351;2003;Emenda na Comissão;Dê-se ao inciso I do § 14 doa rt. 195 e ao art. 75 do Ato das Disposições Constitucionais Transitórias, cosntantes do art. 1º da Proposta, a seguinte redação:;;;2003-06-27T16:17:00;https://www.camara.leg.br/proposicoesWeb/prop_mostrarintegra?codteor=143743;2003-06-27T16:17:00;Apresentação de Proposição;;Indefinida;https://www.camara.leg.br/proposicoesWeb/prop_mostrarintegra?codteor=143743
121990;74813.0;Ronaldo Caiado;PFL;GO;179;0;2003;RONALDO CAIADO;EMC;350;2003;Emenda na Comissão;Dê-se ao inciso I do artigo 159 da Constituição Federal previsto pelo artigo 1º da PEC 41-A, de 2003, a seguinte redação:;;;2003-06-27T16:14:00;https://www.camara.leg.br/proposicoesWeb/prop_mostrarintegra?codteor=143741;2003-06-27T16:14:00;Apresentação de Proposição;;Indefinida;https://www.camara.leg.br/proposicoesWeb/prop_mostrarintegra?codteor=143741
121988;74813.0;Ronaldo Caiado;PFL;GO;194;0;2003;RONALDO CAIADO;EMC;348;2003;Emenda na Comissão;Inclua-se o inciso III ao § 14 do art. 195, constatne do art. 1º da Proposta, com a seguinte redação:;;;2003-06-27T16:10:00;https://www.camara.leg.br/proposicoesWeb/prop_mostrarintegra?codteor=143739;2003-06-27T16:10:00;Apresentação de Proposição;;Indefinida;https://www.camara.leg.br/proposicoesWeb/prop_mostrarintegra?codteor=143739
121987;74813.0;Ronaldo Caiado;PFL;GO;187;0;2003;RONALDO CAIADO;EMC;347;2003;Emenda na Comissão;"Dê-se aos incisos IV, V, VII, VIII, XIII e da alínea ""m"" do inciso XII do § 2º do art. 155, constantes do art. 1º da Proposta, a seguinte redação:";;;2003-06-27T16:08:00;https://www.camara.leg.br/proposicoesWeb/prop_mostrarintegra?codteor=143738;2003-06-27T16:08:00;Apresentação de Proposição;;Indefinida;https://www.camara.leg.br/proposicoesWeb/prop_mostrarintegra?codteor=143738
121986;74813.0;Ronaldo Caiado;PFL;GO;148;0;2003;RONALDO CAIADO;EMC;340;2003;Emenda na Comissão;"Acrescente ao artigo 3º da PEC nº 41 o artigo 93, do ADCT, com a seguinte redação:

Art. 3º .....................................................................................
................................................................................................
""Art. 94. Para o exercício de 2004 serão reajustadas em 55 % as tabelas de retenção do imposto sobre a  renda das pessoas físicas, os valores das deduções e limites de isenção, iniciando-se a partir do exercício seguinte a aplicação do disposto no § X do art. 153 da Constituição."" (NR)";;;2003-06-27T16:07:00;https://www.camara.leg.br/proposicoesWeb/prop_mostrarintegra?codteor=143737;2003-06-27T16:07:00;Apresentação de Proposição;;Indefinida;https://www.camara.leg.br/proposicoesWeb/prop_mostrarintegra?codteor=143737
121985;74813.0;Ronaldo Caiado;PFL;GO;196;0;2003;RONALDO CAIADO;EMC;346;2003;Emenda na Comissão;"Dê-se nova redação a alínea ""a"" do inciso VI, ao inciso VIII, a alínea ""a"" do inciso IX, a alínea ""b"" do inciso XII, do § 2º, ao § 6º do artigo 155, e ao artigo 90 do ADCT, acrescente-se alínea ""e"" do inciso V do § 2º do artigo 155 e Parágrafo único do artigo 179; exclua-se a alínea ""c"" do inciso VI, a alínea ""h"" do inciso XII do § 4º e inciso II do § 4º do artigo 155.";;;2003-06-27T16:05:00;https://www.camara.leg.br/proposicoesWeb/prop_mostrarintegra?codteor=143736;2003-06-27T16:05:00;Apresentação de Proposição;;Indefinida;https://www.camara.leg.br/proposicoesWeb/prop_mostrarintegra?codteor=143736
121984;74813.0;Ronaldo Caiado;PFL;GO;146;0;2003;RONALDO CAIADO;EMC;339;2003;Emenda na Comissão;"Acrescente-se ao § 2º do art. 153 da Constituição o seguinte inciso :
""II - terá suas tabelas de retenção de pessoa física, das deduções e do limite de isenção atualizadas anualmente pelo índice geral de preços, disponibilidade interna, da Fundação Getúlio Vargas, ou por outro que o venha a substituir.""";;;2003-06-27T16:04:00;https://www.camara.leg.br/proposicoesWeb/prop_mostrarintegra?codteor=143735;2003-06-27T16:04:00;Apresentação de Proposição;;Indefinida;https://www.camara.leg.br/proposicoesWeb/prop_mostrarintegra?codteor=143735
121983;74813.0;Ronaldo Caiado;PFL;GO;166;0;2003;RONALDO CAIADO;EMC;341;2003;Emenda na Comissão;"Acrescente-se ao art. 1º da PEC nº 41, de 2003, os seguintes inciso VIII e parágrafos 6º e 7º ao art. 153 da Constituição Federal:
""Art. 1º .......................................................................................
...................................................................................................
""Art. 153 ....................................................................................
....................................................................................................
VIII - receitas líquidas das grandes empresas.
........................................................................................................
§ 6º - O imposto previsto no inciso VIII será dedutível do cômputo do imposto previsto no inciso III e terá alíquotas entre seis por cento e oito por cento, na forma da lei.
§ 7º - Para efeito do imposto previsto no inciso VIII, são grandes empresas as pessoas jurídicas que apurarem, no exercício financeiro, receita líquida superior a noventa milhões de reais, atualizados pelo índice geral de preços, disponibilidade interna (IGP-DI), da Fundação Getúlio Vargas, ou outro que o venha a substituir.""";;;2003-06-27T16:02:00;https://www.camara.leg.br/proposicoesWeb/prop_mostrarintegra?codteor=143734;2003-06-27T16:02:00;Apresentação de Proposição;;Indefinida;https://www.camara.leg.br/proposicoesWeb/prop_mostrarintegra?codteor=143734
121982;74813.0;Ronaldo Caiado;PFL;GO;172;0;2003;RONALDO CAIADO;EMC;313;2003;Emenda na Comissão;"Acrescente-se ao art. 153 da Constituição o seguinte parágrafo:
""§ IX - Para possibilitar a justa aplicação do imposto de que trata o inciso III, as operações de câmbio referentes ao comércio exterior de bens, serviços, rendas e movimentos de capital serão objeto de controle, ficando sujeitas a  autorização após auditoria da Receita Federal sobre a fundamentação dos valores envolvidos 
I - cujo montante iguale ou exceda duzentos mil euros em valores de 2002, atualizados anualmente por índices de preços ao consumidor de bens e serviços transacionados nessa moeda.
II - as de qualquer valor cujos contratantes tenham efetuado  dez ou mais transações durante o exercício fiscal.""";;;2003-06-27T15:59:00;https://www.camara.leg.br/proposicoesWeb/prop_mostrarintegra?codteor=143733;2003-06-27T15:59:00;Apresentação de Proposição;;Indefinida;https://www.camara.leg.br/proposicoesWeb/prop_mostrarintegra?codteor=143733
121957;74813.0;Ronaldo Caiado;PFL;GO;154;0;2003;RONALDO CAIADO;EMC;334;2003;Emenda na Comissão;Altera o Sistema Tributário Nacional e dá outras providências.;;;2003-06-27T14:53:00;https://www.camara.leg.br/proposicoesWeb/prop_mostrarintegra?codteor=143694;2003-06-27T14:53:00;Apresentação de Proposição;;Indefinida;https://www.camara.leg.br/proposicoesWeb/prop_mostrarintegra?codteor=143694
121953;74813.0;Ronaldo Caiado;PFL;GO;149;0;2003;RONALDO CAIADO;EMC;326;2003;Emenda na Comissão;Da nova redação aos artigo 159 da Constituição e ao artigo 34 do Ato das Disposições Constitucionais Transitórias.;;;2003-06-27T14:45:00;https://www.camara.leg.br/proposicoesWeb/prop_mostrarintegra?codteor=143688;2003-06-27T14:45:00;Apresentação de Proposição;;Indefinida;https://www.camara.leg.br/proposicoesWeb/prop_mostrarintegra?codteor=143688
121951;74813.0;Ronaldo Caiado;PFL;GO;156;0;2003;RONALDO CAIADO;EMC;325;2003;Emenda na Comissão;Insere o inciso III ao Artigo 159 da Constituição Federal.;;;2003-06-27T14:44:00;https://www.camara.leg.br/proposicoesWeb/prop_mostrarintegra?codteor=143686;2003-06-27T14:44:00;Apresentação de Proposição;;Indefinida;https://www.camara.leg.br/proposicoesWeb/prop_mostrarintegra?codteor=143686
121947;74813.0;Ronaldo Caiado;PFL;GO;153;0;2003;RONALDO CAIADO;EMC;324;2003;Emenda na Comissão;"Acrescenta a alína ""d"" o inciso II, do § 4º do Art. 177 da Constituição Federal.";;;2003-06-27T14:41:00;https://www.camara.leg.br/proposicoesWeb/prop_mostrarintegra?codteor=143682;2003-06-27T14:41:00;Apresentação de Proposição;;Indefinida;https://www.camara.leg.br/proposicoesWeb/prop_mostrarintegra?codteor=143682
121927;74813.0;Ronaldo Caiado;PFL;GO;179;0;2003;RONALDO CAIADO;EMC;301;2003;Emenda na Comissão;Altera o Sistema Tributário Nacional e dá outras providências.;;;2003-06-27T13:03:00;https://www.camara.leg.br/proposicoesWeb/prop_mostrarintegra?codteor=143626;2003-06-27T13:03:00;Apresentação de Proposição;;Indefinida;https://www.camara.leg.br/proposicoesWeb/prop_mostrarintegra?codteor=143626
121926;74813.0;Ronaldo Caiado;PFL;GO;193;0;2003;RONALDO CAIADO;EMC;300;2003;Emenda na Comissão;Dê-se ao art. 159 da Constituição Federal, alterado pelo art. 1º da PEC nº 41, de 2003, a seguinte redação:;;;2003-06-27T13:04:00;https://www.camara.leg.br/proposicoesWeb/prop_mostrarintegra?codteor=143625;2003-06-27T13:04:00;Apresentação de Proposição;;Indefinida;https://www.camara.leg.br/proposicoesWeb/prop_mostrarintegra?codteor=143625
121925;74813.0;Ronaldo Caiado;PFL;GO;154;0;2003;RONALDO CAIADO;EMC;299;2003;Emenda na Comissão;Permite a concessão de benefício financeiro pelos Estados.;;;2003-06-27T13:01:00;https://www.camara.leg.br/proposicoesWeb/prop_mostrarintegra?codteor=143624;2003-06-27T13:01:00;Apresentação de Proposição;;Indefinida;https://www.camara.leg.br/proposicoesWeb/prop_mostrarintegra?codteor=143624
121924;74813.0;Ronaldo Caiado;PFL;GO;182;0;2003;RONALDO CAIADO;EMC;298;2003;Emenda na Comissão;Altera o Sistema Tributário Nacional e dá outras providências.;;;2003-06-27T12:58:00;https://www.camara.leg.br/proposicoesWeb/prop_mostrarintegra?codteor=143623;2003-06-27T12:58:00;Apresentação de Proposição;;Indefinida;https://www.camara.leg.br/proposicoesWeb/prop_mostrarintegra?codteor=143623
121922;74813.0;Ronaldo Caiado;PFL;GO;171;0;2003;RONALDO CAIADO;EMC;287;2003;Emenda na Comissão;"suprima-se a expressão ""ou financeiros"" constante do inciso VII, § 2º do artigo 155";;;2003-06-27T12:50:00;https://www.camara.leg.br/proposicoesWeb/prop_mostrarintegra?codteor=143621;2003-06-27T12:50:00;Apresentação de Proposição;;Indefinida;https://www.camara.leg.br/proposicoesWeb/prop_mostrarintegra?codteor=143621
121920;74813.0;Ronaldo Caiado;PFL;GO;153;0;2003;RONALDO CAIADO;EMC;296;2003;Emenda na Comissão;EMENDA  ACRESCENTANDO INCISO  AO ART. 1º DA PEC 41, de 2003, QUE ALTERA O SISTEMA TRIBUTÁRIO NACIONAL.;;;2003-06-27T12:46:00;https://www.camara.leg.br/proposicoesWeb/prop_mostrarintegra?codteor=143619;2003-06-27T12:46:00;Apresentação de Proposição;;Indefinida;https://www.camara.leg.br/proposicoesWeb/prop_mostrarintegra?codteor=143619
121918;74813.0;Ronaldo Caiado;PFL;GO;170;0;2003;RONALDO CAIADO;EMC;295;2003;Emenda na Comissão;"Dê-se à alínea ""d"" do inciso I do art. 159 da Constituição, introduzida pelo art. 1º da PEC, a seguinte redação:
""d) dois por cento, destinados aos Estados das Regiões Norte, Nordeste e Centro-Oeste, para aplicação em infra-estrutura, na forma da lei complementar, vedada a aplicação em despesas correntes;""";;;2003-06-27T12:30:00;https://www.camara.leg.br/proposicoesWeb/prop_mostrarintegra?codteor=143616;2003-06-27T12:30:00;Apresentação de Proposição;;Indefinida;https://www.camara.leg.br/proposicoesWeb/prop_mostrarintegra?codteor=143616
121917;74813.0;Ronaldo Caiado;PFL;GO;175;0;2003;RONALDO CAIADO;EMC;294;2003;Emenda na Comissão;"Acrescente-se ao art. 159 da Constituição Federal, alterado pelo art. 1º da PEC, o seguinte inciso:
""III - do produto da arrecadação da contribuição de intervenção no domínio econômico de que trata o art. 149, § 2º, II, e das contribuições previstas no art. 195, I, ""b"" e ""c"" e IV, quarenta e sete por cento, obedecidas as normas estabelecidas para a entrega dos recursos previstos no inciso I deste artigo.""";;;2003-06-27T12:29:00;https://www.camara.leg.br/proposicoesWeb/prop_mostrarintegra?codteor=143615;2003-06-27T12:29:00;Apresentação de Proposição;;Indefinida;https://www.camara.leg.br/proposicoesWeb/prop_mostrarintegra?codteor=143615
121900;74813.0;Ronaldo Caiado;PFL;GO;142;0;2003;RONALDO CAIADO;EMC;280;2003;Emenda na Comissão;"Dê-se à alínea ""d"", inciso VI, § 2º, art.155, de que trata o art. 1º da Proposta de Emenda à Constituição nº 41, de 2003, a seguinte redação.";;;2003-06-27T11:58:00;https://www.camara.leg.br/proposicoesWeb/prop_mostrarintegra?codteor=143590;2003-06-27T11:58:00;Apresentação de Proposição;;Indefinida;https://www.camara.leg.br/proposicoesWeb/prop_mostrarintegra?codteor=143590
121890;74813.0;Ronaldo Caiado;PFL;GO;178;0;2003;RONALDO CAIADO;EMC;271;2003;Emenda na Comissão;Acrescente-se ao art. 150 os parágrafos oitavo e nono;;;2003-06-27T11:24:00;https://www.camara.leg.br/proposicoesWeb/prop_mostrarintegra?codteor=143579;2003-06-27T11:24:00;Apresentação de Proposição;;Indefinida;https://www.camara.leg.br/proposicoesWeb/prop_mostrarintegra?codteor=143579
121887;74813.0;Ronaldo Caiado;PFL;GO;186;0;2003;RONALDO CAIADO;EMC;261;2003;Emenda na Comissão;Dá nova redação às alíneas a e b do inciso V e à alínea g do inciso XII do § 2º do art. 155.;;;2003-06-27T11:06:00;https://www.camara.leg.br/proposicoesWeb/prop_mostrarintegra?codteor=143576;2003-06-27T11:06:00;Apresentação de Proposição;;Indefinida;https://www.camara.leg.br/proposicoesWeb/prop_mostrarintegra?codteor=143576
121885;74813.0;Ronaldo Caiado;PFL;GO;187;0;2003;RONALDO CAIADO;EMC;260;2003;Emenda na Comissão;Acrescenta texto ao inciso VIII e § 6º do art. 153.;;;2003-06-27T11:02:00;https://www.camara.leg.br/proposicoesWeb/prop_mostrarintegra?codteor=143575;2003-06-27T11:02:00;Apresentação de Proposição;;Indefinida;https://www.camara.leg.br/proposicoesWeb/prop_mostrarintegra?codteor=143575
121881;74813.0;Ronaldo Caiado;PFL;GO;160;0;2003;RONALDO CAIADO;EMC;28;2003;Emenda na Comissão;Exclui do texto da Reforma da Previdência o dispositivo que reduz em até 70% a pensão dos dependentes dos servidores públicos falecidos.;;;2003-06-27T10:53:00;https://www.camara.leg.br/proposicoesWeb/prop_mostrarintegra?codteor=143564;2003-06-27T10:53:00;Apresentação de Proposição;;Indefinida;https://www.camara.leg.br/proposicoesWeb/prop_mostrarintegra?codteor=143564
121864;74813.0;Ronaldo Caiado;PFL;GO;171;0;2003;RONALDO CAIADO;EMC;268;2003;Emenda na Comissão;Acrescenta art. 94  ao art. 3º da Proposta de Emenda à Constituição.;;;2003-06-27T10:22:00;https://www.camara.leg.br/proposicoesWeb/prop_mostrarintegra?codteor=143543;2003-06-27T10:22:00;Apresentação de Proposição;;Indefinida;https://www.camara.leg.br/proposicoesWeb/prop_mostrarintegra?codteor=143543
121853;74813.0;Ronaldo Caiado;PFL;GO;179;0;2003;RONALDO CAIADO;EMC;264;2003;Emenda na Comissão;"Acrescente-se alínea ""e"" ao inciso V do § 2º do art. 155, na redação da PEC 41/03";;;2003-06-26T19:58:00;https://www.camara.leg.br/proposicoesWeb/prop_mostrarintegra?codteor=143525;2003-06-26T19:58:00;Apresentação de Proposição;;Indefinida;https://www.camara.leg.br/proposicoesWeb/prop_mostrarintegra?codteor=143525
121849;74813.0;Ronaldo Caiado;PFL;GO;186;0;2003;RONALDO CAIADO;EMC;243;2003;Emenda na Comissão;Dê-se ao Art. 76 dos Atos das Disposições Constitucionais Transitórias, constante do art. 2.º da Proposta, a seguinte redação:;;;2003-06-26T19:53:00;https://www.camara.leg.br/proposicoesWeb/prop_mostrarintegra?codteor=143521;2003-06-26T19:53:00;Apresentação de Proposição;;Indefinida;https://www.camara.leg.br/proposicoesWeb/prop_mostrarintegra?codteor=143521
121844;74813.0;Ronaldo Caiado;PFL;GO;203;0;2003;RONALDO CAIADO;EMC;252;2003;Emenda na Comissão;Os arts. 144, 153, 159, 167 e 177, dispositivos constantes da Proposta e da Constituição, bem como os arts. 76 e 93 do ADCT e da PEC passam a vigorar com as seguintes redações:;;;2003-06-26T19:49:00;https://www.camara.leg.br/proposicoesWeb/prop_mostrarintegra?codteor=143516;2003-06-26T19:49:00;Apresentação de Proposição;;Indefinida;https://www.camara.leg.br/proposicoesWeb/prop_mostrarintegra?codteor=143516
121842;74813.0;Ronaldo Caiado;PFL;GO;151;0;2003;RONALDO CAIADO;EMC;253;2003;Emenda na Comissão;"Acrescente-se as alíneas ""g"" , ""l"", e ""m"" e renumere a alínea ""j"" corrigindo-lhe a remissão, no inciso XII, § 2º, ao Art. 155 , constante do art. 1º da PEC nº 41";;;2003-06-26T19:45:00;https://www.camara.leg.br/proposicoesWeb/prop_mostrarintegra?codteor=143514;2003-06-26T19:45:00;Apresentação de Proposição;;Indefinida;https://www.camara.leg.br/proposicoesWeb/prop_mostrarintegra?codteor=143514
121839;74813.0;Ronaldo Caiado;PFL;GO;176;0;2003;RONALDO CAIADO;EMC;234;2003;Emenda na Comissão;"Modifica o art. 1º da PEC nº 41/03, para inserir a alínea ""g"" no inciso VI do § 2º do art. 155 da Constituição Federal";;;2003-06-26T19:43:00;https://www.camara.leg.br/proposicoesWeb/prop_mostrarintegra?codteor=143510;2003-06-26T19:43:00;Apresentação de Proposição;;Indefinida;https://www.camara.leg.br/proposicoesWeb/prop_mostrarintegra?codteor=143510
121838;74813.0;Ronaldo Caiado;PFL;GO;193;0;2003;RONALDO CAIADO;EMC;251;2003;Emenda na Comissão;"Os arts. 145 e 161, da Constituição, acrescido do art. 251, passam a vigorar com as seguintes redações, suprimindo-se a alteração proposta ao parágrafo único do art. 158, bem como a expressão ""... o inciso I do art. 161 da Constituição e ..."" constante do inciso I do art. 7º da PEC";;;2003-06-26T19:41:00;https://www.camara.leg.br/proposicoesWeb/prop_mostrarintegra?codteor=143508;2003-06-26T19:41:00;Apresentação de Proposição;;Indefinida;https://www.camara.leg.br/proposicoesWeb/prop_mostrarintegra?codteor=143508
121836;74813.0;Ronaldo Caiado;PFL;GO;177;0;2003;RONALDO CAIADO;EMC;233;2003;Emenda na Comissão;"Dê-se ao inciso V e a alínea ""b"", § 2.º, do art. 155; a alínea ""a"", inciso X, § 2.º, do art. 155; incisos I e II do § 13 do art. 195; § 5º do art. 239; aos inciso I e II do § 1º e ao § 2º e o caput do art. 94 do Ato das Disposições Constitucionais Transitórias ; a redação que se segue, e suprima-se o parágrafo único do art. 158, constantes do art. 1.º da Proposta:";;;2003-06-26T19:35:00;https://www.camara.leg.br/proposicoesWeb/prop_mostrarintegra?codteor=143506;2003-06-26T19:35:00;Apresentação de Proposição;;Indefinida;https://www.camara.leg.br/proposicoesWeb/prop_mostrarintegra?codteor=143506
121835;74813.0;Ronaldo Caiado;PFL;GO;175;0;2003;RONALDO CAIADO;EMC;242;2003;Emenda na Comissão;Modifica o Sistema Tributário Nacional alterando a PEC 041/03, para inserir o § 7º ao art. 155 da Constituição;;;2003-06-26T19:34:00;https://www.camara.leg.br/proposicoesWeb/prop_mostrarintegra?codteor=143505;2003-06-26T19:34:00;Apresentação de Proposição;;Indefinida;https://www.camara.leg.br/proposicoesWeb/prop_mostrarintegra?codteor=143505
121832;74813.0;Ronaldo Caiado;PFL;GO;188;0;2003;RONALDO CAIADO;EMC;241;2003;Emenda na Comissão;"Dê-se aos § 3º do art. 145; aos incisos IV e V do art. 146; à alínea ""c"" do inciso III e ao § 1º do art. 150; à alínea ""e"" do inciso VI, ao inciso VII, e à alínea ""j"" do inciso XII, ambos do § 2º do art. 155; ao art. 179; e aos §§ 12 e 13 do art. 195, dispositivos constantes da Proposta e da Constituição, bem como ao art. 92 do Ato das Disposições Constitucionais Transitórias, acrescidos, ainda, dos arts. 94 e 95, as seguintes redações:";;;2003-06-26T19:21:00;https://www.camara.leg.br/proposicoesWeb/prop_mostrarintegra?codteor=143501;2003-06-26T19:21:00;Apresentação de Proposição;;Indefinida;https://www.camara.leg.br/proposicoesWeb/prop_mostrarintegra?codteor=143501
121831;74813.0;Ronaldo Caiado;PFL;GO;151;0;2003;RONALDO CAIADO;EMC;239;2003;Emenda na Comissão;Altera o Sistema Tributário Nacional e dá outras providências.;;;2003-06-26T19:28:00;https://www.camara.leg.br/proposicoesWeb/prop_mostrarintegra?codteor=143500;2003-06-26T19:28:00;Apresentação de Proposição;;Indefinida;https://www.camara.leg.br/proposicoesWeb/prop_mostrarintegra?codteor=143500
121826;74813.0;Ronaldo Caiado;PFL;GO;176;0;2003;RONALDO CAIADO;EMC;240;2003;Emenda na Comissão;Acrescente-se  § 8º ao art. 150 do art. 1º da Emenda Constitucional 41/2003 com a seguinte  redação;;;2003-06-26T19:14:00;https://www.camara.leg.br/proposicoesWeb/prop_mostrarintegra?codteor=143495;2003-06-26T19:14:00;Apresentação de Proposição;;Indefinida;https://www.camara.leg.br/proposicoesWeb/prop_mostrarintegra?codteor=143495
121825;74813.0;Ronaldo Caiado;PFL;GO;154;0;2003;RONALDO CAIADO;EMC;238;2003;Emenda na Comissão;Altera o Sistema Tributário Nacional e dá outras providências.;;;2003-06-26T19:14:00;https://www.camara.leg.br/proposicoesWeb/prop_mostrarintegra?codteor=143494;2003-06-26T19:14:00;Apresentação de Proposição;;Indefinida;https://www.camara.leg.br/proposicoesWeb/prop_mostrarintegra?codteor=143494
121824;74813.0;Ronaldo Caiado;PFL;GO;225;0;2003;RONALDO CAIADO;EMC;231;2003;Emenda na Comissão;Suprima-se o inciso IV e os §§ 12 a15, do art. 195,  constantes do art. 1.º da Proposta:;;;2003-06-26T19:14:00;https://www.camara.leg.br/proposicoesWeb/prop_mostrarintegra?codteor=143493;2003-06-26T19:14:00;Apresentação de Proposição;;Indefinida;https://www.camara.leg.br/proposicoesWeb/prop_mostrarintegra?codteor=143493
121820;74813.0;Ronaldo Caiado;PFL;GO;150;0;2003;RONALDO CAIADO;EMC;237;2003;Emenda na Comissão;Altera o Sistema Tributário Nacional e dá outras providências.;;;2003-06-26T19:10:00;https://www.camara.leg.br/proposicoesWeb/prop_mostrarintegra?codteor=143489;2003-06-26T19:10:00;Apresentação de Proposição;;Indefinida;https://www.camara.leg.br/proposicoesWeb/prop_mostrarintegra?codteor=143489
121817;74813.0;Ronaldo Caiado;PFL;GO;187;0;2003;RONALDO CAIADO;EMC;230;2003;Emenda na Comissão;Dê-se ao inciso VII do art. 150, aos incisos I e II e aos §§ 3.º e 6.º do art. 153, ao inciso I do art. 154, ao § 2.º e aos incisos I, II, V, VI, VII, VIII, X, XII do art. 155, aos §§ 12 e 13 do art. 195, ao art. 239, da Constituição, e ao art. 92, do ADCT, acrescido do art. 94, dispositivos constantes da Proposta, e aos arts. 4.º e 6.º da PEC, acrescido do art. 8° as seguintes redações.;;;2003-06-26T19:07:00;https://www.camara.leg.br/proposicoesWeb/prop_mostrarintegra?codteor=143486;2003-06-26T19:07:00;Apresentação de Proposição;;Indefinida;https://www.camara.leg.br/proposicoesWeb/prop_mostrarintegra?codteor=143486
121816;74813.0;Ronaldo Caiado;PFL;GO;156;0;2003;RONALDO CAIADO;EMC;189;2003;Emenda na Comissão;Altera o Sistema Tributário Nacional e dá outras providências.;;;2003-06-26T19:07:00;https://www.camara.leg.br/proposicoesWeb/prop_mostrarintegra?codteor=143485;2003-06-26T19:07:00;Apresentação de Proposição;;Indefinida;https://www.camara.leg.br/proposicoesWeb/prop_mostrarintegra?codteor=143485
121814;74813.0;Ronaldo Caiado;PFL;GO;181;0;2003;RONALDO CAIADO;EMC;236;2003;Emenda na Comissão;Acrescente-se o seguinte art. 159-A à Constituição Federal;;;2003-06-26T19:02:00;https://www.camara.leg.br/proposicoesWeb/prop_mostrarintegra?codteor=143482;2003-06-26T19:02:00;Apresentação de Proposição;;Indefinida;https://www.camara.leg.br/proposicoesWeb/prop_mostrarintegra?codteor=143482
121813;74813.0;Ronaldo Caiado;PFL;GO;184;0;2003;RONALDO CAIADO;EMC;229;2003;Emenda na Comissão;Modifica o art. 1° da PEC 041/03, para dar nova redação ao inciso VIII do § 2° do art. 155 da Constituição;;;2003-06-26T18:58:00;https://www.camara.leg.br/proposicoesWeb/prop_mostrarintegra?codteor=143481;2003-06-26T18:58:00;Apresentação de Proposição;;Indefinida;https://www.camara.leg.br/proposicoesWeb/prop_mostrarintegra?codteor=143481
121811;74813.0;Ronaldo Caiado;PFL;GO;182;0;2003;RONALDO CAIADO;EMC;250;2003;Emenda na Comissão;Altera o Sistema Tributário Nacional e dá outras providências.;;;2003-06-26T18:57:00;https://www.camara.leg.br/proposicoesWeb/prop_mostrarintegra?codteor=143479;2003-06-26T18:57:00;Apresentação de Proposição;;Indefinida;https://www.camara.leg.br/proposicoesWeb/prop_mostrarintegra?codteor=143479
121809;74813.0;Ronaldo Caiado;PFL;GO;192;0;2003;RONALDO CAIADO;EMC;249;2003;Emenda na Comissão;Altera o Sistema Tributário Nacional e dá outras providências.;;;2003-06-26T18:55:00;https://www.camara.leg.br/proposicoesWeb/prop_mostrarintegra?codteor=143475;2003-06-26T18:55:00;Apresentação de Proposição;;Indefinida;https://www.camara.leg.br/proposicoesWeb/prop_mostrarintegra?codteor=143475
121807;74813.0;Ronaldo Caiado;PFL;GO;184;0;2003;RONALDO CAIADO;EMC;228;2003;Emenda na Comissão;"Dê-se aos §§ 3.º e 4.º do art. 145, ao inciso IV do art. 146, aos §§ 1.º e 2.º do art. 148, à alínea ""c"" do inciso III e ao § 1.º do art. 150, ao inciso IV do art. 151, aos §§ 6.º e 7.º do art. 153, ao inciso II e sua alínea ""c"" do § 2.º do art. 155 e ao § 4.º do art. 195, constantes do art. 1.º da Proposta e da Constituição, as seguintes redações, revoga-se o art. 154 e suprima-se o inciso IV e § 14 do art. 195 da Constituição e o art. 93 do ADCT, constantes da proposta";;;2003-06-26T18:52:00;https://www.camara.leg.br/proposicoesWeb/prop_mostrarintegra?codteor=143473;2003-06-26T18:52:00;Apresentação de Proposição;;Indefinida;https://www.camara.leg.br/proposicoesWeb/prop_mostrarintegra?codteor=143473
121792;74813.0;Ronaldo Caiado;PFL;GO;177;0;2003;RONALDO CAIADO;EMC;227;2003;Emenda na Comissão;Modifique-se o art. 1º da Emenda Constitucional nº 41 de 2003, para inserir o § 7º ao art. 155 da Constituição, com a seguinte redação:;;;2003-06-26T18:43:00;https://www.camara.leg.br/proposicoesWeb/prop_mostrarintegra?codteor=143457;2003-06-26T18:43:00;Apresentação de Proposição;;Indefinida;https://www.camara.leg.br/proposicoesWeb/prop_mostrarintegra?codteor=143457
121791;74813.0;Ronaldo Caiado;PFL;GO;152;0;2003;RONALDO CAIADO;EMC;222;2003;Emenda na Comissão;Altera o Sistema Tributário Nacional e dá outras providência;;;2003-06-26T18:41:00;https://www.camara.leg.br/proposicoesWeb/prop_mostrarintegra?codteor=143455;2003-06-26T18:41:00;Apresentação de Proposição;;Indefinida;https://www.camara.leg.br/proposicoesWeb/prop_mostrarintegra?codteor=143455
121782;74813.0;Ronaldo Caiado;PFL;GO;148;0;2003;RONALDO CAIADO;EMC;221;2003;Emenda na Comissão;Acrecenta-se o art.94 a Proposta de Emenda à Constituição nº 41 de 2003;;;2003-06-26T18:34:00;https://www.camara.leg.br/proposicoesWeb/prop_mostrarintegra?codteor=143446;2003-06-26T18:34:00;Apresentação de Proposição;;Indefinida;https://www.camara.leg.br/proposicoesWeb/prop_mostrarintegra?codteor=143446
121781;74813.0;Ronaldo Caiado;PFL;GO;179;0;2003;RONALDO CAIADO;EMC;226;2003;Emenda na Comissão;Acrescente-se o seguinte art. 152-A à Constituição Federal;;;2003-06-26T18:35:00;https://www.camara.leg.br/proposicoesWeb/prop_mostrarintegra?codteor=143445;2003-06-26T18:35:00;Apresentação de Proposição;;Indefinida;https://www.camara.leg.br/proposicoesWeb/prop_mostrarintegra?codteor=143445
121774;74813.0;Ronaldo Caiado;PFL;GO;156;0;2003;RONALDO CAIADO;EMC;215;2003;Emenda na Comissão;"percentual nunca inferior a sessenta por cento, a ser definido, a cada quatro anos, pelas leis instituidoras dos planos plurianuais de que trata o art. 165, será, obrigatoriamente, destinado ao financiamento de programas de investimento na manutenção, segurança, adequação de capacidade e expansão da infra-estrutura de transportes;";;;2003-06-26T18:30:00;https://www.camara.leg.br/proposicoesWeb/prop_mostrarintegra?codteor=143440;2003-06-26T18:30:00;Apresentação de Proposição;;Indefinida;https://www.camara.leg.br/proposicoesWeb/prop_mostrarintegra?codteor=143440
121769;74813.0;Ronaldo Caiado;PFL;GO;198;0;2003;RONALDO CAIADO;EMC;162;2003;Emenda na Comissão;Dê-se ao § 2.º do art. 149, aos incisos V e VII do art. 150, ao inciso III do art. 151, aos incisos I, II do art. 153, ao § 13 do art. 195 e ao § 5. do art. 239, constantes do art. 1.º da Proposta e da Constituição, as seguintes redações, acrescente-se o art. 171-A a Constituição, suprima-se, o inciso IV os §§ 12 e 14 do art. 195 da Constituição e o art. 93 do ADCT, constantes da proposta;;;2003-06-26T18:28:00;https://www.camara.leg.br/proposicoesWeb/prop_mostrarintegra?codteor=143436;2003-06-26T18:28:00;Apresentação de Proposição;;Indefinida;https://www.camara.leg.br/proposicoesWeb/prop_mostrarintegra?codteor=143436
121765;74813.0;Ronaldo Caiado;PFL;GO;176;0;2003;RONALDO CAIADO;EMC;235;2003;Emenda na Comissão;Modifique-se no art. 1º da PEC 41/2003.;;;2003-06-26T18:27:00;https://www.camara.leg.br/proposicoesWeb/prop_mostrarintegra?codteor=143432;2003-06-26T18:27:00;Apresentação de Proposição;;Indefinida;https://www.camara.leg.br/proposicoesWeb/prop_mostrarintegra?codteor=143432
121738;74813.0;Ronaldo Caiado;PFL;GO;89;0;2003;RONALDO CAIADO;EMC;183;2003;Emenda na Comissão;"Art. Nº ..... a execução do inciso IV do § 2 do Art. 155, deverá obedecer as seguintes alíneas:

A) No período de 12 anos, a contar da promulgação desta, as alíquotas de que trata este artigo não poderão sofrer qualquer majoração, exceto na ocorrência dos casos previstos nos artigos nº 49, 137 e 138 desta Constituição.

B) Havendo aumento real de arrecadação no exercício anterior em relação ao precedente, deverão as alíquotas de que trata este artigo, serem revistas e reduzidas na proporção de 50% do aumento real constatado.";;;2003-06-26T18:12:00;https://www.camara.leg.br/proposicoesWeb/prop_mostrarintegra?codteor=143401;2003-06-26T18:12:00;Apresentação de Proposição;;Indefinida;https://www.camara.leg.br/proposicoesWeb/prop_mostrarintegra?codteor=143401
121727;74813.0;Ronaldo Caiado;PFL;GO;133;0;2003;RONALDO CAIADO;EMC;182;2003;Emenda na Comissão;"Acrescente-se no ato das disposições Constitucionais Transitórias o seguinte Art.

ART. Nº      - Fica vetado no prazo de 10 anos a aplicação do inciso I do Art. 150.";;;2003-06-26T18:07:00;https://www.camara.leg.br/proposicoesWeb/prop_mostrarintegra?codteor=143386;2003-06-26T18:07:00;Apresentação de Proposição;;Indefinida;https://www.camara.leg.br/proposicoesWeb/prop_mostrarintegra?codteor=143386
121716;74813.0;Ronaldo Caiado;PFL;GO;163;0;2003;RONALDO CAIADO;EMC;161;2003;Emenda na Comissão;Altera o Sistema Tributário Nacional e dá outras providências.;;;2003-06-26T18:00:00;https://www.camara.leg.br/proposicoesWeb/prop_mostrarintegra?codteor=143372;2003-06-26T18:00:00;Apresentação de Proposição;;Indefinida;https://www.camara.leg.br/proposicoesWeb/prop_mostrarintegra?codteor=143372
121709;74813.0;Ronaldo Caiado;PFL;GO;200;0;2003;RONALDO CAIADO;EMC;195;2003;Emenda na Comissão;Altera o Sisitema Tributário Nacional e dá outras providências.;;;2003-06-26T17:56:00;https://www.camara.leg.br/proposicoesWeb/prop_mostrarintegra?codteor=143363;2003-06-26T17:56:00;Apresentação de Proposição;;Indefinida;https://www.camara.leg.br/proposicoesWeb/prop_mostrarintegra?codteor=143363
121706;74813.0;Ronaldo Caiado;PFL;GO;178;0;2003;RONALDO CAIADO;EMC;191;2003;Emenda na Comissão;Altera  Sistema Tributário Nacional e dá outras providências.;;;2003-06-26T17:53:00;https://www.camara.leg.br/proposicoesWeb/prop_mostrarintegra?codteor=143360;2003-06-26T17:53:00;Apresentação de Proposição;;Indefinida;https://www.camara.leg.br/proposicoesWeb/prop_mostrarintegra?codteor=143360
121704;74813.0;Ronaldo Caiado;PFL;GO;183;0;2003;RONALDO CAIADO;EMC;174;2003;Emenda na Comissão;Altera o Sistema Tributário Nacional e dá outras providências.;;;2003-06-26T17:50:00;https://www.camara.leg.br/proposicoesWeb/prop_mostrarintegra?codteor=143357;2003-06-26T17:50:00;Apresentação de Proposição;;Indefinida;https://www.camara.leg.br/proposicoesWeb/prop_mostrarintegra?codteor=143357
121703;74813.0;Ronaldo Caiado;PFL;GO;191;0;2003;RONALDO CAIADO;EMC;169;2003;Emenda na Comissão;"O inciso II, § 2º, do art. 149, o inciso IV e § 6º do art. 155, o art. 159, a alínea ""c"" do inciso II do § 4º do art. 177, os art. 212 e 239, dispositivos constantes da Proposta e da Constituição, bem como o art. 76 do ADCT, acrescidos dos arts. 94, 95, 96 e 97, passam a vigorar com as seguintes redações:";;;2003-06-26T17:48:00;https://www.camara.leg.br/proposicoesWeb/prop_mostrarintegra?codteor=143356;2003-06-26T17:48:00;Apresentação de Proposição;;Indefinida;https://www.camara.leg.br/proposicoesWeb/prop_mostrarintegra?codteor=143356
121701;74813.0;Ronaldo Caiado;PFL;GO;184;0;2003;RONALDO CAIADO;EMC;168;2003;Emenda na Comissão;"Dê-se a alínea ""c"" do inciso III do art. 150; aos incisos IV, V, VII e VIII do § 2.º do art. 155; a alínea ""c"" do inciso II do § 4.º do art. 177; ao § 13 do art. 195 e ao § 5.º do art. 239; constantes do art. 1.º da Proposta, a seguinte redação:";;;2003-06-26T17:46:00;https://www.camara.leg.br/proposicoesWeb/prop_mostrarintegra?codteor=143352;2003-06-26T17:46:00;Apresentação de Proposição;;Indefinida;https://www.camara.leg.br/proposicoesWeb/prop_mostrarintegra?codteor=143352
121696;74813.0;Ronaldo Caiado;PFL;GO;178;0;2003;RONALDO CAIADO;EMC;167;2003;Emenda na Comissão;Dê-se ao § 6º do art. 150, ao inciso IV do § 1º, aos incisos II e IV, V, VI, VII e XI do § 2º do art. 155, constantes do art. 1º da PEC 41/03, as seguintes redações.;;;2003-06-26T17:43:00;https://www.camara.leg.br/proposicoesWeb/prop_mostrarintegra?codteor=143346;2003-06-26T17:43:00;Apresentação de Proposição;;Indefinida;https://www.camara.leg.br/proposicoesWeb/prop_mostrarintegra?codteor=143346
121669;74813.0;Ronaldo Caiado;PFL;GO;132;0;2003;RONALDO CAIADO;EMC;152;2003;Emenda na Comissão;Modifica o Sistema Tributário Nacional alterando a PEC 041/03, para inserir o § 3º ao art. 61 da Constituição Federal;;;2003-06-26T17:30:00;https://www.camara.leg.br/proposicoesWeb/prop_mostrarintegra?codteor=143314;2003-06-26T17:30:00;Apresentação de Proposição;;Indefinida;https://www.camara.leg.br/proposicoesWeb/prop_mostrarintegra?codteor=143314
121624;74813.0;Ronaldo Caiado;PFL;GO;200;0;2003;RONALDO CAIADO;EMC;131;2003;Emenda na Comissão;Emenda Aditiva: Inclua-se o inciso VIII e os §§ 6.º a 9.º ao art. 153, e o art. 75-A ao Ato das Disposições Constitucionais Transitórias, suprimindo-se o inciso IV e §§ 12 a 15 do art. 195, constantes do art. 1.º da Proposta, com a seguinte redação.;;;2003-06-26T16:45:00;https://www.camara.leg.br/proposicoesWeb/prop_mostrarintegra?codteor=143251;2003-06-26T16:45:00;Apresentação de Proposição;;Indefinida;https://www.camara.leg.br/proposicoesWeb/prop_mostrarintegra?codteor=143251
121612;74813.0;Ronaldo Caiado;PFL;GO;90;0;2003;RONALDO CAIADO;EMC;123;2003;Emenda na Comissão;"Emenda modificativa à alínea ""b"" do inciso V, a alínea ""c"" do inciso XII, ambas do § 2º, o inciso I do § 6º  do art. 155, acrescido do § 7º, o art. 195 e o art. 7º constantes da PEC e da Constituição.";;;2003-06-26T16:20:00;https://www.camara.leg.br/proposicoesWeb/prop_mostrarintegra?codteor=143229;2003-06-26T16:20:00;Apresentação de Proposição;;Indefinida;https://www.camara.leg.br/proposicoesWeb/prop_mostrarintegra?codteor=143229
121578;74813.0;Ronaldo Caiado;PFL;GO;159;0;2003;RONALDO CAIADO;EMC;17;2003;Emenda na Comissão;Modifica os arts. 37, 40, 42, 48, 96, 142 e 149 da Constituição Federal, o art. 8º da Emenda Constitucional nº 20, de 15 de dezembro de 1998, e dá outras providências.;;;2003-06-26T15:08:00;https://www.camara.leg.br/proposicoesWeb/prop_mostrarintegra?codteor=143179;2003-06-26T15:08:00;Apresentação de Proposição;;Indefinida;https://www.camara.leg.br/proposicoesWeb/prop_mostrarintegra?codteor=143179
121576;74813.0;Ronaldo Caiado;PFL;GO;165;0;2003;RONALDO CAIADO;EMC;16;2003;Emenda na Comissão;Modifica os arts. 37, 40, 42, 48, 96, 142 e 149 da Constituição Federal, o art. 8º da Emenda Constitucional nº 20, de 15 de dezembro de 1998, e dá outras providências.;;;2003-06-26T15:02:00;https://www.camara.leg.br/proposicoesWeb/prop_mostrarintegra?codteor=143174;2003-06-26T15:02:00;Apresentação de Proposição;;Indefinida;https://www.camara.leg.br/proposicoesWeb/prop_mostrarintegra?codteor=143174
121572;74813.0;Ronaldo Caiado;PFL;GO;210;0;2003;RONALDO CAIADO;EMC;118;2003;Emenda na Comissão;Altera o Sistema Tributário Nacional e dá outras providências.;;;2003-06-26T14:50:00;https://www.camara.leg.br/proposicoesWeb/prop_mostrarintegra?codteor=143166;2003-06-26T14:50:00;Apresentação de Proposição;;Indefinida;https://www.camara.leg.br/proposicoesWeb/prop_mostrarintegra?codteor=143166
121536;74813.0;Ronaldo Caiado;PFL;GO;148;0;2003;RONALDO CAIADO;EMC;107;2003;Emenda na Comissão;Acrescente-se ao art. 153, da Constituição Federal, como consta no art. 1º  da Proposta de Emenda à Constituição nº 41, de 2003.;;;2003-06-26T14:07:00;https://www.camara.leg.br/proposicoesWeb/prop_mostrarintegra?codteor=143119;2003-06-26T14:07:00;Apresentação de Proposição;;Indefinida;https://www.camara.leg.br/proposicoesWeb/prop_mostrarintegra?codteor=143119
121534;74813.0;Ronaldo Caiado;PFL;GO;151;0;2003;RONALDO CAIADO;EMC;15;2003;Emenda na Comissão;Altera dispositivo Constitucional Relativo ao limite máximo de idade para a Aposentadoria compulsória dos servidores Públicos em geral.;;;2003-06-26T13:50:00;https://www.camara.leg.br/proposicoesWeb/prop_mostrarintegra?codteor=143114;2003-06-26T13:50:00;Apresentação de Proposição;;Indefinida;https://www.camara.leg.br/proposicoesWeb/prop_mostrarintegra?codteor=143114
121528;74813.0;Ronaldo Caiado;PFL;GO;185;0;2003;RONALDO CAIADO;EMC;100;2003;Emenda na Comissão;Altera o Sistema Tributário Nacional e dá outras providências.;;;2003-06-26T12:22:00;https://www.camara.leg.br/proposicoesWeb/prop_mostrarintegra?codteor=143107;2003-06-26T12:22:00;Apresentação de Proposição;;Indefinida;https://www.camara.leg.br/proposicoesWeb/prop_mostrarintegra?codteor=143107
121527;74813.0;Ronaldo Caiado;PFL;GO;155;0;2003;RONALDO CAIADO;EMC;99;2003;Emenda na Comissão;Altera o Sistema Tributário Nacional e dá outras providências;;;2003-06-26T12:11:00;https://www.camara.leg.br/proposicoesWeb/prop_mostrarintegra?codteor=143104;2003-06-26T12:11:00;Apresentação de Proposição;;Indefinida;https://www.camara.leg.br/proposicoesWeb/prop_mostrarintegra?codteor=143104
121483;74813.0;Ronaldo Caiado;PFL;GO;113;0;2003;RONALDO CAIADO;EMC;89;2003;Emenda na Comissão;Altera o Sistema Tributário Nacional e dá outras providências.;;;2003-06-26T10:23:00;https://www.camara.leg.br/proposicoesWeb/prop_mostrarintegra?codteor=143048;2003-06-26T10:23:00;Apresentação de Proposição;;Indefinida;https://www.camara.leg.br/proposicoesWeb/prop_mostrarintegra?codteor=143048
121429;74813.0;Ronaldo Caiado;PFL;GO;221;0;2003;RONALDO CAIADO;EMC;13;2003;Emenda na Comissão;Acrescentar à PEC nº 40/03, novo artigo 12.;;;2003-06-25T19:13:00;https://www.camara.leg.br/proposicoesWeb/prop_mostrarintegra?codteor=142972;2003-06-25T19:13:00;Apresentação de Proposição;;Indefinida;https://www.camara.leg.br/proposicoesWeb/prop_mostrarintegra?codteor=142972
121428;74813.0;Ronaldo Caiado;PFL;GO;167;0;2003;RONALDO CAIADO;EMC;81;2003;Emenda na Comissão;Dá nova redação aos arts. 153 e 159 da Constituição Federal.;;;2003-06-25T19:12:00;https://www.camara.leg.br/proposicoesWeb/prop_mostrarintegra?codteor=142971;2003-06-25T19:12:00;Apresentação de Proposição;;Indefinida;https://www.camara.leg.br/proposicoesWeb/prop_mostrarintegra?codteor=142971
121241;74813.0;Ronaldo Caiado;PFL;GO;142;0;2003;RONALDO CAIADO;EMC;76;2003;Emenda na Comissão;O fundo que vai estimular o desenvolvimento regional terá além de 2% das receitas do IPI e do Imposto de Renda, a participação de todas as contribuições, inclusive da CPMF, da CIDE e da CSLL;;;2003-06-25T15:59:00;https://www.camara.leg.br/proposicoesWeb/prop_mostrarintegra?codteor=142711;2003-06-25T15:59:00;Apresentação de Proposição;;Indefinida;https://www.camara.leg.br/proposicoesWeb/prop_mostrarintegra?codteor=142711
121205;74813.0;Ronaldo Caiado;PFL;GO;153;0;2003;RONALDO CAIADO;EMC;10;2003;Emenda na Comissão;Substitui a redação dada ao § 1º do art. 8º da Emenda Constitucional nº 20, de 1998, pela redação abaixo especificada.;;;2003-06-25T15:18:00;https://www.camara.leg.br/proposicoesWeb/prop_mostrarintegra?codteor=146748;2003-06-25T15:18:00;Apresentação de Proposição;;Indefinida;https://www.camara.leg.br/proposicoesWeb/prop_mostrarintegra?codteor=146748
121169;74813.0;Ronaldo Caiado;PFL;GO;118;0;2003;RONALDO CAIADO;EMC;75;2003;Emenda na Comissão;"Acrescente-se, ao art. 1° da PEC nº 41, de 2003, o inciso VII e § 8º ao art. 150 da Constituição Federal, nos seguintes termos:
""Art. 150 ..............................
VII - instituir impostos, taxas e contribuições de qualquer espécie sobre indústrias exclusivamente recicladoras.
§ 8º A vedação expressa no inciso VII não compreende a contribuição social de que trata o art. 195, I, ""b"", desta Constituição, limitada à alíquota máxima de 1 %  (um por cento)."" (NR)";;;2003-06-25T14:43:00;https://www.camara.leg.br/proposicoesWeb/prop_mostrarintegra?codteor=142602;2003-06-25T14:43:00;Apresentação de Proposição;;Indefinida;https://www.camara.leg.br/proposicoesWeb/prop_mostrarintegra?codteor=142602
121158;74813.0;Ronaldo Caiado;PFL;GO;193;0;2003;RONALDO CAIADO;EMC;74;2003;Emenda na Comissão;"""Art. 92.  Fica vedada, a partir da promulgação da presente Emenda, a concessão ou prorrogação de isenções, reduções de base de cálculo, créditos presumidos ou quaisquer outros incentivos ou benefícios fiscais ou financeiros relativamente ao imposto de que trata o art. 155, II, da Constituição, exceto para atendimento do disposto nos arts. 170, IX, e 179, hipótese em que continuarão aplicados até que lei complementar disponha em contrário sobre o tratamento favorecido e diferenciado previsto nas legislações estaduais na data da promulgação desta Emenda."" (NR)";;;2003-06-25T14:09:00;https://www.camara.leg.br/proposicoesWeb/prop_mostrarintegra?codteor=142579;2003-06-25T14:09:00;Apresentação de Proposição;;Indefinida;https://www.camara.leg.br/proposicoesWeb/prop_mostrarintegra?codteor=142579
121157;74813.0;Ronaldo Caiado;PFL;GO;163;0;2003;RONALDO CAIADO;EMC;73;2003;Emenda na Comissão;"""Art. 195.  ......
..........
IV - .....
..........
§ 12.  A lei que instituir, em substituição total ou parcial da contribuição incidente na forma do inciso I, ""a"", do caput, contribuição específica incidente sobre a receita ou faturamento definirá a forma da sua não-cumulatividade, admitida a definição de regime simplificado para atendimento ao disposto nos arts. 170, IX, e 179.

§ 13.  A lei definirá os setores de atividade econômica para os quais a contribuição incidente na forma do inciso I, ""b"", do caput, será não-cumulativa, sem prejuízo do atendimento ao disposto nos arts. 170, IX, e 179.";;;2003-06-25T14:06:00;https://www.camara.leg.br/proposicoesWeb/prop_mostrarintegra?codteor=142577;2003-06-25T14:06:00;Apresentação de Proposição;;Indefinida;https://www.camara.leg.br/proposicoesWeb/prop_mostrarintegra?codteor=142577
121117;74813.0;Ronaldo Caiado;PFL;GO;86;0;2003;RONALDO CAIADO;EMC;70;2003;Emenda na Comissão;"Dê-se ao inciso III e V e suas alíneas ""a"" e ""b"" do § 2.º do art. 155, à alínea ""a"", inciso X do § 2.º do art. 155, a seguinte redação e suprima-se o parágrafo único do art. 158, constantes do art. 1.º da Proposta:";;;2003-06-25T11:16:00;https://www.camara.leg.br/proposicoesWeb/prop_mostrarintegra?codteor=142521;2003-06-25T11:16:00;Apresentação de Proposição;;Indefinida;https://www.camara.leg.br/proposicoesWeb/prop_mostrarintegra?codteor=142521
121035;74813.0;Ronaldo Caiado;PFL;GO;161;0;2003;RONALDO CAIADO;EMC;64;2003;Emenda na Comissão;Acrescenta artigo desvinculando de órgão, fundo ou despesa, no período de 2003 a 2007, vinte por cento da arrecadação dos Estados.;;;2003-06-24T18:20:00;https://www.camara.leg.br/proposicoesWeb/prop_mostrarintegra?codteor=142344;2003-06-24T18:20:00;Apresentação de Proposição;;Indefinida;https://www.camara.leg.br/proposicoesWeb/prop_mostrarintegra?codteor=142344
120971;74813.0;Ronaldo Caiado;PFL;GO;146;0;2003;RONALDO CAIADO;EMC;9;2003;Emenda na Comissão;Emenda Substitutiva Global à PEC nº 40/03, do Poder Executivo;;;2003-06-24T15:10:00;https://www.camara.leg.br/proposicoesWeb/prop_mostrarintegra?codteor=142195;2003-06-24T15:10:00;Apresentação de Proposição;;Indefinida;https://www.camara.leg.br/proposicoesWeb/prop_mostrarintegra?codteor=142195
120846;74813.0;Ronaldo Caiado;PFL;GO;154;0;2003;RONALDO CAIADO;EMC;56;2003;Emenda na Comissão;Dê-se ao inciso VII do §2º do art. 155 da Proposta de Emenda à Cosntituição nº 41, de 2003, a seguinte redação.;;;2003-06-23T11:42:00;https://www.camara.leg.br/proposicoesWeb/prop_mostrarintegra?codteor=141818;2003-06-23T11:42:00;Apresentação de Proposição;;Indefinida;https://www.camara.leg.br/proposicoesWeb/prop_mostrarintegra?codteor=141818
120815;74813.0;Ronaldo Caiado;PFL;GO;145;0;2003;RONALDO CAIADO;EMC;51;2003;Emenda na Comissão;"Suprime-se a alteração proposta no parágrafo único do artigo 158 da Constituição Federal, nos termos do que dispõe o artigo 1º da PEC nº 41, de 2003 e suprimir do artigo 7º, inciso I da PE C 41, a seguinte expressão: ""Ficam revogados: (I) o inciso I do artigo 161 da Constituição"".";;;2003-06-20T11:19:00;https://www.camara.leg.br/proposicoesWeb/prop_mostrarintegra?codteor=141679;2003-06-20T11:19:00;Apresentação de Proposição;;Indefinida;https://www.camara.leg.br/proposicoesWeb/prop_mostrarintegra?codteor=141679
120799;74813.0;Ronaldo Caiado;PFL;GO;208;0;2003;RONALDO CAIADO;EMC;49;2003;Emenda na Comissão;Altera o Sistema Tributário Nacional e dá outras providências;;;2003-06-18T19:08:00;https://www.camara.leg.br/proposicoesWeb/prop_mostrarintegra?codteor=141651;2003-06-18T19:08:00;Apresentação de Proposição;;Indefinida;https://www.camara.leg.br/proposicoesWeb/prop_mostrarintegra?codteor=141651
120786;74813.0;Ronaldo Caiado;PFL;GO;167;0;2003;RONALDO CAIADO;EMC;48;2003;Emenda na Comissão;Dá nova redação ao inciso V do art. 203 da Constituição Federal.;;;2003-06-18T18:33:00;https://www.camara.leg.br/proposicoesWeb/prop_mostrarintegra?codteor=142372;2003-06-18T18:33:00;Apresentação de Proposição;;Indefinida;https://www.camara.leg.br/proposicoesWeb/prop_mostrarintegra?codteor=142372
120785;74813.0;Ronaldo Caiado;PFL;GO;163;0;2003;RONALDO CAIADO;EMC;47;2003;Emenda na Comissão;Acrescenta inciso VI ao artigo 203 da Constituição Federal.;;;2003-06-18T18:31:00;https://www.camara.leg.br/proposicoesWeb/prop_mostrarintegra?codteor=142371;2003-06-18T18:31:00;Apresentação de Proposição;;Indefinida;https://www.camara.leg.br/proposicoesWeb/prop_mostrarintegra?codteor=142371
120784;74813.0;Ronaldo Caiado;PFL;GO;159;0;2003;RONALDO CAIADO;EMC;46;2003;Emenda na Comissão;Inclui texto do Ato das proposições Transitórias.;;;2003-06-18T18:26:00;https://www.camara.leg.br/proposicoesWeb/prop_mostrarintegra?codteor=142369;2003-06-18T18:26:00;Apresentação de Proposição;;Indefinida;https://www.camara.leg.br/proposicoesWeb/prop_mostrarintegra?codteor=142369
120749;74813.0;Ronaldo Caiado;PFL;GO;88;0;2003;RONALDO CAIADO;EMC;45;2003;Emenda na Comissão;Altera o Sistema Tributário e dá outras providências.;;;2003-06-18T17:32:00;https://www.camara.leg.br/proposicoesWeb/prop_mostrarintegra?codteor=141584;2003-06-18T17:32:00;Apresentação de Proposição;;Indefinida;https://www.camara.leg.br/proposicoesWeb/prop_mostrarintegra?codteor=141584
120676;74813.0;Ronaldo Caiado;PFL;GO;191;0;2003;RONALDO CAIADO;EMC;40;2003;Emenda na Comissão;Altera o Sistema Tributário Nacional e dá outras providência.;;;2003-06-18T16:53:00;https://www.camara.leg.br/proposicoesWeb/prop_mostrarintegra?codteor=141505;2003-06-18T16:53:00;Apresentação de Proposição;;Indefinida;https://www.camara.leg.br/proposicoesWeb/prop_mostrarintegra?codteor=141505
120672;74813.0;Ronaldo Caiado;PFL;GO;161;0;2003;RONALDO CAIADO;EMC;39;2003;Emenda na Comissão;Altera o Sistema Tributário Nacional e dá outras providências;;;2003-06-18T16:51:00;https://www.camara.leg.br/proposicoesWeb/prop_mostrarintegra?codteor=141501;2003-06-18T16:51:00;Apresentação de Proposição;;Indefinida;https://www.camara.leg.br/proposicoesWeb/prop_mostrarintegra?codteor=141501
120527;74813.0;Ronaldo Caiado;PFL;GO;146;0;2003;RONALDO CAIADO;EMC;36;2003;Emenda na Comissão;Altera o Sistema Tributário Nacional e dá outras providências.;;;2003-06-18T12:44:00;https://www.camara.leg.br/proposicoesWeb/prop_mostrarintegra?codteor=141299;2003-06-18T12:44:00;Apresentação de Proposição;;Indefinida;https://www.camara.leg.br/proposicoesWeb/prop_mostrarintegra?codteor=141299
120475;74813.0;Ronaldo Caiado;PFL;GO;135;0;2003;RONALDO CAIADO;EMC;35;2003;Emenda na Comissão;Altera o Sistema Tributário Nacional e dá outras providências.;;;2003-06-18T11:06:00;https://www.camara.leg.br/proposicoesWeb/prop_mostrarintegra?codteor=141247;2003-06-18T11:06:00;Apresentação de Proposição;;Indefinida;https://www.camara.leg.br/proposicoesWeb/prop_mostrarintegra?codteor=141247
120312;74813.0;Ronaldo Caiado;PFL;GO;173;0;2003;RONALDO CAIADO;EMC;28;2003;Emenda na Comissão;Dá nova redação a dispositivos do art. 155 da Constituiçao Federal, referenciados pelo art. 1º da PEC nº 41/03, do Poder Executivo.;;;2003-06-17T15:42:00;https://www.camara.leg.br/proposicoesWeb/prop_mostrarintegra?codteor=141026;2003-06-17T15:42:00;Apresentação de Proposição;;Indefinida;https://www.camara.leg.br/proposicoesWeb/prop_mostrarintegra?codteor=141026
120164;74813.0;Ronaldo Caiado;PFL;GO;150;0;2003;RONALDO CAIADO;EMC;25;2003;Emenda na Comissão;Altera o Sistema Tributário Nacional e dá outras providências.;;;2003-06-16T18:18:00;https://www.camara.leg.br/proposicoesWeb/prop_mostrarintegra?codteor=140735;2003-06-16T18:18:00;Apresentação de Proposição;;Indefinida;https://www.camara.leg.br/proposicoesWeb/prop_mostrarintegra?codteor=140735
120159;74813.0;Ronaldo Caiado;PFL;GO;157;0;2003;RONALDO CAIADO;EMC;24;2003;Emenda na Comissão;Altera o Sistema Tributário Nacional e dá outra providências.;;;2003-06-16T18:15:00;https://www.camara.leg.br/proposicoesWeb/prop_mostrarintegra?codteor=140730;2003-06-16T18:15:00;Apresentação de Proposição;;Indefinida;https://www.camara.leg.br/proposicoesWeb/prop_mostrarintegra?codteor=140730
120042;74813.0;Ronaldo Caiado;PFL;GO;136;0;2003;RONALDO CAIADO;EMC;21;2003;Emenda na Comissão;"inclua-se um parágrafo 3º no artigo 230 da Constituição Federal, com a seguinte redação:
""Art. 230 - ....................................................................
         § 3º - Os recursos ..................................................................";;;2003-06-13T15:57:00;https://www.camara.leg.br/proposicoesWeb/prop_mostrarintegra?codteor=140434;2003-06-13T15:57:00;Apresentação de Proposição;;Indefinida;https://www.camara.leg.br/proposicoesWeb/prop_mostrarintegra?codteor=140434
120000;74813.0;Ronaldo Caiado;PFL;GO;90;0;2003;RONALDO CAIADO;EMC;17;2003;Emenda na Comissão;Dê-se ao disposto na alínea b, do inciso V do Artigo 155 da Constituição Federal alterado pelo Artigo 1º da PEC 41/2003;;;2003-06-13T10:33:00;https://www.camara.leg.br/proposicoesWeb/prop_mostrarintegra?codteor=140349;2003-06-13T10:33:00;Apresentação de Proposição;;Indefinida;https://www.camara.leg.br/proposicoesWeb/prop_mostrarintegra?codteor=140349
119995;74813.0;Ronaldo Caiado;PFL;GO;153;0;2003;RONALDO CAIADO;EMC;16;2003;Emenda na Comissão;Estende a menor alíquota a ser aplicada aos gêneros alimentícios de primeira necessidade definidos em lei complementar, aos fertilizantes, máquinas e implementos e defensivos necessários à atividade agropecuária, bem como aos bens, mercadorias e serviços definidos no regulamento de que trata o Inciso VIII, prevalecendo sua aplicação mesmo nas operações interestaduais.;;;2003-06-13T10:14:00;https://www.camara.leg.br/proposicoesWeb/prop_mostrarintegra?codteor=140344;2003-06-13T10:14:00;Apresentação de Proposição;;Indefinida;https://www.camara.leg.br/proposicoesWeb/prop_mostrarintegra?codteor=140344
119993;74813.0;Ronaldo Caiado;PFL;GO;158;0;2003;RONALDO CAIADO;EMC;15;2003;Emenda na Comissão;Delimita a proporção do imposto a ser cobrado nas operações internas e interestaduais, com vistas a desestimular a manutenção de propriedades improdutivas.;;;2003-06-13T10:11:00;https://www.camara.leg.br/proposicoesWeb/prop_mostrarintegra?codteor=140343;2003-06-13T10:11:00;Apresentação de Proposição;;Indefinida;https://www.camara.leg.br/proposicoesWeb/prop_mostrarintegra?codteor=140343
119957;74813.0;Ronaldo Caiado;PFL;GO;196;0;2003;RONALDO CAIADO;EMC;14;2003;Emenda na Comissão;Art. 1o. Acrescente-se ao art. 6o do Projeto de Emenda Constitucional no. 41, de 2003,  parágrafo único, com a seguinte redação:;;;2003-06-12T18:21:00;https://www.camara.leg.br/proposicoesWeb/prop_mostrarintegra?codteor=140278;2003-06-12T18:21:00;Apresentação de Proposição;;Indefinida;https://www.camara.leg.br/proposicoesWeb/prop_mostrarintegra?codteor=140278
119942;74813.0;Ronaldo Caiado;PFL;GO;150;0;2003;RONALDO CAIADO;EMC;13;2003;Emenda na Comissão;"ALTERA O SISTEMA TRIBUTÁRIO NACIONAL E DÁ OUTRAS PROVIDÊNCIAS (DÊ-SE À LETRA ""A"" DO INCISO VI DO § 2º DO ART. 155 DA CONSTITUIÇÃO O SEGUINTE TEXTO:)";;;2003-06-12T17:47:00;https://www.camara.leg.br/proposicoesWeb/prop_mostrarintegra?codteor=140247;2003-06-12T17:47:00;Apresentação de Proposição;;Indefinida;https://www.camara.leg.br/proposicoesWeb/prop_mostrarintegra?codteor=140247
119940;74813.0;Ronaldo Caiado;PFL;GO;156;0;2003;RONALDO CAIADO;EMC;12;2003;Emenda na Comissão;ALTERA O SISTEMA TRIBUTÁRIO NACIONAL E DÁ OUTRAS PROVIDÊNCIAS (DÊ-SE AO INCISO I DO ART. 159 DA CONSTITUIÇÃO, ALTERADO PELO ART. 1º,  A SEGUINTE REDAÇÃO:);;;2003-06-12T17:46:00;https://www.camara.leg.br/proposicoesWeb/prop_mostrarintegra?codteor=140244;2003-06-12T17:46:00;Apresentação de Proposição;;Indefinida;https://www.camara.leg.br/proposicoesWeb/prop_mostrarintegra?codteor=140244
119905;74813.0;Ronaldo Caiado;PFL;GO;148;0;2003;RONALDO CAIADO;EMC;10;2003;Emenda na Comissão;Emenda Substitutiva Global à PEC nº 41/2003, do Poder Executivo;;;2003-06-12T17:25:00;https://www.camara.leg.br/proposicoesWeb/prop_mostrarintegra?codteor=140208;2003-06-12T17:25:00;Apresentação de Proposição;;Indefinida;https://www.camara.leg.br/proposicoesWeb/prop_mostrarintegra?codteor=140208
119714;74813.0;Ronaldo Caiado;PFL;GO;163;0;2003;RONALDO CAIADO;EMC;9;2003;Emenda na Comissão;Parecer do Relator;;;2003-06-12T10:51:00;https://www.camara.leg.br/proposicoesWeb/prop_mostrarintegra?codteor=144602;2003-06-12T10:51:00;Apresentação de Proposição;;Indefinida;https://www.camara.leg.br/proposicoesWeb/prop_mostrarintegra?codteor=144602
119690;74813.0;Ronaldo Caiado;PFL;GO;190;0;2003;RONALDO CAIADO;EMC;5;2003;Emenda na Comissão;Dê-se aos Arts. 42 e  142º, constantes do Art. 1º da Emenda Constitucional n.º 40/03 a seguinte redação.;;;2003-06-12T09:41:00;https://www.camara.leg.br/proposicoesWeb/prop_mostrarintegra?codteor=139926;2003-06-12T09:41:00;Apresentação de Proposição;;Indefinida;https://www.camara.leg.br/proposicoesWeb/prop_mostrarintegra?codteor=139926
119687;74813.0;Ronaldo Caiado;PFL;GO;161;0;2003;RONALDO CAIADO;EMC;2;2003;Emenda na Comissão;Modifica os arts. 37, 40, 42, 48, 96, 142 e 149 da Constituição Federal, o art. 8º da Emenda Constitucional nº 20, de 15 de dezembro de 1998, e dá outras providências.;;;2003-06-12T08:49:00;https://www.camara.leg.br/proposicoesWeb/prop_mostrarintegra?codteor=139917;2003-06-12T08:49:00;Apresentação de Proposição;;Indefinida;https://www.camara.leg.br/proposicoesWeb/prop_mostrarintegra?codteor=139917
119686;74813.0;Ronaldo Caiado;PFL;GO;140;0;2003;RONALDO CAIADO;EMC;1;2003;Emenda na Comissão;Modifica os arts. 37, 40, 42, 48, 96, 142 e 149 da Constituição Federal, o art. 8º da Emenda Constitucional nº 20, de 15 de dezembro de 1998, e dá outras providências.;;;2003-06-12T08:47:00;https://www.camara.leg.br/proposicoesWeb/prop_mostrarintegra?codteor=139916;2003-06-12T08:47:00;Apresentação de Proposição;;Indefinida;https://www.camara.leg.br/proposicoesWeb/prop_mostrarintegra?codteor=139916
119647;74813.0;Ronaldo Caiado;PFL;GO;156;0;2003;RONALDO CAIADO;EMC;8;2003;Emenda na Comissão;Vedação de Regulamentação da Reforma Tributária por Medida Provisória.;;;2003-06-11T19:12:00;https://www.camara.leg.br/proposicoesWeb/prop_mostrarintegra?codteor=139874;2003-06-11T19:12:00;Apresentação de Proposição;;Indefinida;https://www.camara.leg.br/proposicoesWeb/prop_mostrarintegra?codteor=139874
119210;74813.0;Ronaldo Caiado;PFL;GO;156;0;2003;RONALDO CAIADO;EMC;5;2003;Emenda na Comissão;Altera o Sistema Tributário Nacional e dá outras providências.;;;2003-06-10T20:14:00;https://www.camara.leg.br/proposicoesWeb/prop_mostrarintegra?codteor=139313;2003-06-10T20:14:00;Apresentação de Proposição;;Indefinida;https://www.camara.leg.br/proposicoesWeb/prop_mostrarintegra?codteor=139313
118540;74813.0;Ronaldo Caiado;PFL;GO;162;0;2003;RONALDO CAIADO;EMC;3;2003;Emenda na Comissão;"""Altera o Sistema Tributário  Nacional e dá outras providências""";;;2003-06-05T11:52:00;https://www.camara.leg.br/proposicoesWeb/prop_mostrarintegra?codteor=138002;2003-06-05T11:52:00;Apresentação de Proposição;;Indefinida;https://www.camara.leg.br/proposicoesWeb/prop_mostrarintegra?codteor=138002
118505;74813.0;Ronaldo Caiado;PFL;GO;152;0;2003;RONALDO CAIADO;EMC;2;2003;Emenda na Comissão;"Suprima-se a alínea ""d"" do inciso VI do § 2º do art. 155, de que trata o art. 1º da PEC nº 41, de 2003, do Poder Excutivo. Em consequência, também suprimir as referências a essa disposição na alínea ""e"" do inciso VI do § 2º do art. 155 e no inciso I do § 4º do art. 155";;;2003-06-05T08:53:00;https://www.camara.leg.br/proposicoesWeb/prop_mostrarintegra?codteor=137931;2003-06-05T08:53:00;Apresentação de Proposição;;Indefinida;https://www.camara.leg.br/proposicoesWeb/prop_mostrarintegra?codteor=137931
118504;74813.0;Ronaldo Caiado;PFL;GO;165;0;2003;RONALDO CAIADO;EMC;1;2003;Emenda na Comissão;Da nova redação ao art.159, I, da Constituição, alterado pelo art. 1º da Proposta.;;;2003-06-05T08:51:00;https://www.camara.leg.br/proposicoesWeb/prop_mostrarintegra?codteor=142631;2003-06-05T08:51:00;Apresentação de Proposição;;Indefinida;https://www.camara.leg.br/proposicoesWeb/prop_mostrarintegra?codteor=142631
115248;74813.0;Ronaldo Caiado;PFL;GO;1;1;2003;RONALDO CAIADO;REQ;14;2003;Requerimento de Audiência Pública;seja realizada reunião de audiência pública, no Plenário da Comissão - Reforma Política, para ser ouvido o Professor DAVID SAMUELS, da Universidade de Minnesota, estudioso em problemas de financiamento de campanhas eleitorais no Brasil, para fins de discussão sobre o tema Reforma Política;;;2003-05-14T10:10:00;https://www.camara.leg.br/proposicoesWeb/prop_mostrarintegra?codteor=132293;2003-05-14T14:30:00;Aprovação de Proposição Interna;Arquivada;Proposição Sujeita à Apreciação Conclusiva pelas Comissões(Art. 24, II, do RICD);
113545;74813.0;Ronaldo Caiado;PFL;GO;6;0;2003;RONALDO CAIADO;REQ;86;2003;Requerimento;Solicita seja convidado o Presidente do Banco Nacional de Desenvolvimento Econômico e Social  - BNDES para prestar esclarecimentos a esta Comissão sobre a participação do Banco no arrendamento do Frigorífico Chapecó pela Comércio e Indústria Brasileira - Coinbra S.A.;;;2003-04-30T15:05:00;https://www.camara.leg.br/proposicoesWeb/prop_mostrarintegra?codteor=129589;2003-05-07T10:00:00;Aprovação de Proposição Interna;Arquivada;Indefinida;
107017;74813.0;Ronaldo Caiado;PFL;GO;15;0;2003;RONALDO CAIADO;REQ;56;2003;Requerimento;Requeiro de Vossa Excelência, nos termos do artigo 52 , parágrafo 5º do Regimento Interno da Câmara dos Deputados, a preferência para votação de requerimento de minha autoria para realização de audiência pública no plenário desta Comissão para discutir recente Lei aprovada pelo Congresso Argentino, sobretaxando as ilmportações de açuçar brasileiro por aquele país.;;;2003-03-19T13:26:00;;2003-03-19T10:00:00;Aprovação de Proposição Interna;Arquivada;Indefinida;
106853;74813.0;Ronaldo Caiado;PFL;GO;1;1;2003;RONALDO CAIADO;REQ;424;2003;Requerimento de Desarquivamento de Proposições;Requer desarquivamento do PL 7339 / 02.;;;2003-03-17T16:20:00;;2003-04-03T10:07:00;Encaminhamento;Arquivada;Proposição Sujeita à Apreciação do Plenário;
106173;74813.0;Ronaldo Caiado;PFL;GO;23;0;2003;RONALDO CAIADO;REQ;27;2003;Requerimento;Requeremos a criação da Subcomissão Permanente da Pesca.;;;2003-03-12T15:49:00;https://www.camara.leg.br/proposicoesWeb/prop_mostrarintegra?codteor=116628;2003-03-19T10:00:00;Prejudicado;Arquivada;Indefinida;
106004;74813.0;Ronaldo Caiado;PFL;GO;17;0;2003;RONALDO CAIADO;REQ;24;2003;Requerimento;Requeiro de Vossa Excelência, nos termos do artigo 52 do Regimento Interno da Câmara dos Deputados, a preferência para votação de requerimento de minha autoria para realização do seminário sobre a regulamentação dos Transgênicos nesta Comissão;;;2003-03-12T11:57:00;https://www.camara.leg.br/proposicoesWeb/prop_mostrarintegra?codteor=116449;2003-03-12T10:00:00;Aprovação de Proposição Interna;Arquivada;Indefinida;
106003;74813.0;Ronaldo Caiado;PFL;GO;15;0;2003;RONALDO CAIADO;REQ;23;2003;Requerimento;Nos termos do art. 52, § 5º, requeremos a V. Exa. ouvido o Plenário, a inclusão na pauta, para apreciação imediata, do requerimento nº 22/2003, que convoca o Senhor Ministro de Estado da Casa Civil, Deputado JOSÉ DIRCEU, com o intuito de prestar informações ao Legislativo, sobre as decisões tomadas pelo Poder Executivo inerentes aos Produtos Transgênicos, por se tratar de assunto polêmico e de relevante interesse à esta Comissão, ao setor agropecuário e à sociedade brasileira.;;;2003-03-12T11:44:00;https://www.camara.leg.br/proposicoesWeb/prop_mostrarintegra?codteor=116646;2003-03-12T10:00:00;Aprovação de Proposição Interna;Arquivada;Indefinida;
105526;74813.0;Ronaldo Caiado;PFL;GO;4;0;2003;RONALDO CAIADO;REQ;1;2003;Requerimento;"Solicita sejam convidadas as  Sras. SALETE MACLÓZ, professora titular de Direito Previdenciário da UFRJ e LAURA TAVARES, especialista em Previdência Social,  os Srs. IVO BETTEZA LOYOLA, atuário; ALUÍSIO TEIXEIRA, professor titular do Instituto de Economia da UFRJ e ex-secretário-geral do Ministério da Previdência e Assistência Social e ANTÔNIO AUGUSTO QUEIROZ, diretor do Dpartamento Intersindical de Assessoria Parlamentar (DIAP)";;;2003-03-10T10:55:00;https://www.camara.leg.br/proposicoesWeb/prop_mostrarintegra?codteor=115741;2003-03-13T00:00:00;Retirada de Pauta;Arquivada;Indefinida;
105114;74813.0;Ronaldo Caiado;PFL;GO;18;0;2003;RONALDO CAIADO;REQ;21;2003;Requerimento;Requeremos, nos termos do artigo 29, I, do Regimento Interno da Câmara dos Deputados, seja constituída Subcomissão Permanente para tratar da Política Agrária e suas implicações para a Reforma Agrária no Brasil.;;;2003-02-26T13:08:00;https://www.camara.leg.br/proposicoesWeb/prop_mostrarintegra?codteor=114857;2003-03-19T10:00:00;Prejudicado;Arquivada;Indefinida;
104779;74813.0;Ronaldo Caiado;PFL;GO;1;1;2003;RONALDO CAIADO;PPP;1;0;Parecer Proferido em Plenário;"Parecer Proferido em Plenário, Dep. Ronaldo Caiado,  que conclui pela constitucionalidade, juridicidade e técnica legislativa; pelo atendimento dos pressupostos constitucionais de relevância e urgência; pela adequação financeira e orçamentária e, no mérito, pela aprovação.";;;2003-02-19T14:00:00;https://www.camara.leg.br/proposicoesWeb/prop_mostrarintegra?codteor=227779;2003-02-19T14:00:00;Análise Parecer;;Indefinida;https://www.camara.leg.br/proposicoesWeb/prop_mostrarintegra?codteor=227779
273757;74813.0;Ronaldo Caiado;PFL;GO;56;0;2004;RONALDO CAIADO;REQ;2392;2004;Requerimento de Sessão Solene;Requer a realização de Sessão Solene em homenagem aos militares que morreram na luta contra os guerrilheiros do Araguaia.;;;2004-12-15T18:32:00;https://www.camara.leg.br/proposicoesWeb/prop_mostrarintegra?codteor=259315;2011-01-12T00:00:00;Arquivamento;Arquivada;Indefinida;
273699;74813.0;Ronaldo Caiado;PFL;GO;1;1;2004;RONALDO CAIADO;PEP;1;0;Parecer às Emendas de Plenário;Parecer proferido em Plenário pelo Relator, Dep. Ronaldo Caiado (PFL-GO), pela Comissão de Trabalho, de Administração e Serviço Público, que conclui pela rejeição da Emenda Substitutiva de Plenário nº 1.;;;2004-12-15T14:40:00;https://www.camara.leg.br/proposicoesWeb/prop_mostrarintegra?codteor=273599;2004-12-15T14:40:00;Apresentação de Proposição;;Indefinida;https://www.camara.leg.br/proposicoesWeb/prop_mostrarintegra?codteor=273599
273665;74813.0;Ronaldo Caiado;PFL;GO;135;0;2004;RONALDO CAIADO;PEC;353;2004;Proposta de Emenda à Constituição;Acrescenta os artigos 217-A, 217-B e 217-C à Constituição Federal, vinculando recursos para o desporto e o lazer, definindo competências e atribuições aos entes federados nesta área e instituindo o Plano Nacional de Esporte e Lazer.;Altera a Constituição Federal de 1988.;"Alteração, Constituição Federal, competência, União, Estado (ente federado), Distrito Federal, Município, aplicação de recursos, vinculação, receita tributária, impostos, transferência, recursos públicos, manutenção, políticas públicas, esporte, lazer, proibição, contingenciamento, recursos orçamentários, destinação, desporto educacional, escola pública, ensino básico. _Competência, União, Estado (ente federado), Distrito Federal, Município, apoio, incentivo, desporto de rendimento, desporto educacional, desporto de participação.
- Lei Federal, criação, Plano Nacional do Desporto e Lazer, execução, políticas públicas, esporte, lazer.";2004-12-15T17:04:15;https://www.camara.leg.br/proposicoesWeb/prop_mostrarintegra?codteor=259137;2015-03-19T09:46:00;Desarquivamento a Pedido;Arquivada;Proposição Sujeita à Apreciação do Plenário;https://www.camara.leg.br/proposicoesWeb/prop_mostrarintegra?codteor=1310903
273368;74813.0;Ronaldo Caiado;PFL;GO;157;0;2004;RONALDO CAIADO;PEC;352;2004;Proposta de Emenda à Constituição;Dá nova redação ao inciso V do art. 203  da Constituição Federal.;"Aumenta para 2 (dois) salários mínimo o benefício mensal concedido à pessoa portadora de necessidade especial e ao idoso com 65 (sessenta e cinco) anos ou mais; altera a Constituição Federal de 1988.";Alteração, Constituição Federal, Assistência Social, aumento, quantidade, salário mínimo, benefício de prestação continuada, pessoa portadora de deficiência, pessoa deficiente, idoso, limite de idade, pessoa carente.;2004-12-14T20:41:00;https://www.camara.leg.br/proposicoesWeb/prop_mostrarintegra?codteor=258678;2008-02-28T00:00:00;Notificações;Arquivada;Proposição Sujeita à Apreciação do Plenário;https://www.camara.leg.br/proposicoesWeb/prop_mostrarintegra?codteor=540622
271935;74813.0;Ronaldo Caiado;PFL;GO;176;1;2004;RONALDO CAIADO;PL;4554;2004;Projeto de Lei;Regulamenta o Art. 8º da Constituição Federal, que dispõe sobre a organização sindical, e dá outras providências.;Altera e revoga dispositivos da CLT - Decreto-lei nº 5.452, de 1943.  Regulamenta o artigo oitavo da Constituição Federal.;Regulamentação, Constituição Federal (1988), Direitos Sociais, normatização, liberdade sindical, autonomia, sindicato, proibição, Poder Público, intervenção, ação sindical, responsabilidade, sindicato, defesa, interesse, direitos e garantias individuais, direitos coletivos, associado, assistência sindical, substituição processual, negociação coletiva de trabalho, representação, órgão colegiado, critérios, filiação, entidades sindicais, enquadramento sindical, sindicalização, trabalhador, empregador, profissional liberal, servidor público civil, trabalhador rural, trabalhador avulso, trabalhador autônomo, aposentado, pensionista, garantia, princípio da unicidade, registro, estatuto, competência, Sindicato, Federação Sindical, Confederação Sindical, Central Sindical, criação, Conselho Sindical Nacional, representação sindical, custeio, contribuição sindical, contribuição compulsória, inaplicação, direitos, oposição, desconto, rateio, recursos financeiros, entidade, administração sindical, Caixa Econômica Federal (CEF), relatório, movimentação, extinção, Conta de Emprego e Salário, Governo, gestão, dirigente sindical, fixação, número, limite máximo, limite mínimo, diretor, dirigente sindical, eleição sindical, Comissão, competência eleitoral, duração, mandato, quorum, votação, assembléia geral, representante, categoria profissional, local de trabalho, instalação, Comissão Sindical de Base, quantidade, comissário, trabalhador sindicalizado, empregado sindicalizado, investidura sindical. _Alteração, Consolidação das Leis do Trabalho (CLT), revogação, dispositivos, organização sindical, extinção, competência, sindicato, âmbito interestadual, caráter excepcional, âmbito nacional, pedido, registro, entidades sindicais, Conselho Sindical Nacional, estatuto, relação, diretoria, designação, delegado sindical, aumento, prazo máximo, eleição sindical, renovação, cargo, dirigente sindical, membros, Conselho Fiscal, fixação, prazo, posse, candidato eleito, direitos, associado, sindicato, aposentado, trabalhador, desempregado, convocação, serviço militar, votação, candidato, investidura sindical, ocorrência, ato lesivo, recurso administrativo, Assembléia Geral, Conselho de Representantes, critérios, recolhimento, contribuição sindical, inexistência, Confederação Sindical, destinação, recursos financeiros, Federação Sindical, Central Sindical.;2004-12-02T15:39:00;https://www.camara.leg.br/proposicoesWeb/prop_mostrarintegra?codteor=255602;2015-03-19T09:46:00;Desarquivamento a Pedido;Arquivada;Proposição Sujeita à Apreciação do Plenário;https://www.camara.leg.br/proposicoesWeb/prop_mostrarintegra?codteor=1310903
270986;74813.0;Ronaldo Caiado;PFL;GO;140;0;2004;RONALDO CAIADO;PEC;340;2004;Proposta de Emenda à Constituição;Dá nova redação ao § 18 do art. 40 do Texto Constitucional, isentando os aposentados e pensionistas, portadores de moléstias incapacitantes, da contribuição previdenciária.;;Constituição Federal (1988),Administração Pública, concessão, isenção,  contribuição previdenciária, servidor público, aposentado, pensionista, doença grave, doença incurável.;2004-11-24T19:14:00;https://www.camara.leg.br/proposicoesWeb/prop_mostrarintegra?codteor=253481;2020-02-28T00:00:00;Devolução à CCP;Arquivada;Proposição Sujeita à Apreciação do Plenário;
270939;74813.0;Ronaldo Caiado;PFL;GO;55;1;2004;RONALDO CAIADO;PL;4514;2004;Projeto de Lei;Dispõe sobre a repactuação de dívidas oriundas de operações de crédito rural na área de atuação  da Agência de Desenvolvimento do Nordeste (ADENE), e dá outras providências.;;Autorização, renegociação, dívida, crédito rural, recursos  financeiros, Fundo Constitucional de Financiamento do Nordeste (FNE), Fundo de Amparo ao Trabalhador (FAT), Banco Nacional de Desenvolvimento Econômico e Social (BNDES), fixação, valor, encargos financeiros, prazo, critérios, mutuário, pagamento.;2004-11-24T17:33:00;https://www.camara.leg.br/proposicoesWeb/prop_mostrarintegra?codteor=253391;2009-05-15T00:00:00;Não Informado;Vetado totalmente;Proposição Sujeita à Apreciação Conclusiva pelas Comissões - Art. 24 II;
269949;74813.0;Ronaldo Caiado;PFL;GO;45;0;2004;RONALDO CAIADO;PEC;334;2004;Proposta de Emenda à Constituição;Dá nova redação ao art. 14, § 6º, da Constituição Federal, para tornar obrigatório o afastamento prévio do Presidente da República, de Governadores de Estado ou do Distrito Federal e de Prefeitos candidatos à reeleição.;Obriga a desincompatibilização do candidato à reeleição.;Alteração, Constituição Federal, direitos políticos, obrigatoriedade, candidato, reeleição, Presidente da República, Governador, Prefeito, afastamento, renúncia, cargo eletivo, fixação, prazo, desincompatibilização, mandato eletivo, anterioridade, eleições.;2004-11-17T10:23:00;https://www.camara.leg.br/proposicoesWeb/prop_mostrarintegra?codteor=251226;2007-01-31T00:00:00;Arquivamento;Arquivada;Proposição Sujeita à Apreciação do Plenário;https://www.camara.leg.br/proposicoesWeb/prop_mostrarintegra?codteor=471558
269604;74813.0;Ronaldo Caiado;PFL;GO;47;0;2004;RONALDO CAIADO;PEC;331;2004;Proposta de Emenda à Constituição;Dá nova redação aos §§ 3º e seguintes do Art. 62 da Constituição Federal, instituindo comissão mista permanente de parlamentares para oferecer parecer preliminar sobre os requisitos de relevância e urgência das medidas provisórias.;Altera a Constituição Federal de 1988.;Alteração, Constituição Federal, Legislativo, criação, Comissão Mista Permanente, Deputado Federal, Senador, parecer, apreciação preliminar, requisitos, urgência, relevância, Medida Provisória, emissão, proposição, Decreto Legislativo, disciplinamento, relação jurídica.;2004-11-11T16:08:00;https://www.camara.leg.br/proposicoesWeb/prop_mostrarintegra?codteor=250292;2015-03-19T09:46:00;Desarquivamento a Pedido;Arquivada;Proposição Sujeita à Apreciação do Plenário;https://www.camara.leg.br/proposicoesWeb/prop_mostrarintegra?codteor=1310903
268963;74813.0;Ronaldo Caiado;PFL;GO;47;0;2004;RONALDO CAIADO;PEC;329;2004;Proposta de Emenda à Constituição;Dispõe sobre a aplicação de pena de perda de direitos políticos a Presidente da República, Governador e Prefeitos pelo não pagamento de precatório alimentar e sobre a ampliação das hipóteses de seqüestro de quantia necessária para pagamentos desses débitos.;Altera o art. 100 da Constituição Federal de 1988.;Alteração, Constituição Federal, Judiciário, perda, direitos políticos, improbidade administrativa, Presidente da República, Governador, Prefeito Municipal, ausência, atraso, pagamento, precatório, natureza alimentar, exigência, quitação, parcela única, garantia de prioridade, prazo, descumprimento, exercício financeiro, quebra, direitos, precedência, sequestro, quantia, débitos.;2004-11-09T19:53:00;https://www.camara.leg.br/proposicoesWeb/prop_mostrarintegra?codteor=249323;2015-03-19T09:46:00;Desarquivamento a Pedido;Arquivada;Proposição Sujeita à Apreciação do Plenário;https://www.camara.leg.br/proposicoesWeb/prop_mostrarintegra?codteor=1310903
268664;74813.0;Ronaldo Caiado;PFL;GO;1;1;2004;RONALDO CAIADO;EMC;224;2004;Emenda na Comissão;Suprima-se o art. 9º;;;2004-10-20T18:01:00;https://www.camara.leg.br/proposicoesWeb/prop_mostrarintegra?codteor=248429;2004-10-20T18:01:00;Apresentação de Proposição;;Indefinida;https://www.camara.leg.br/proposicoesWeb/prop_mostrarintegra?codteor=248429
268644;74813.0;Ronaldo Caiado;PFL;GO;1;1;2004;RONALDO CAIADO;EMC;211;2004;Emenda na Comissão;Acrescenta parágrafo ao art. 8º;;;2004-10-19T17:29:00;https://www.camara.leg.br/proposicoesWeb/prop_mostrarintegra?codteor=248543;2004-10-19T17:29:00;Apresentação de Proposição;;Indefinida;https://www.camara.leg.br/proposicoesWeb/prop_mostrarintegra?codteor=248543
268639;74813.0;Ronaldo Caiado;PFL;GO;1;1;2004;RONALDO CAIADO;EMC;271;2004;Emenda na Comissão;Adiciona novo artigo à presente Medida Provisória.;;;2004-11-14T17:27:00;https://www.camara.leg.br/proposicoesWeb/prop_mostrarintegra?codteor=248465;2004-11-14T17:27:00;Apresentação de Proposição;;Indefinida;https://www.camara.leg.br/proposicoesWeb/prop_mostrarintegra?codteor=248465
268547;74813.0;Ronaldo Caiado;PFL;GO;1;1;2004;RONALDO CAIADO;EMC;161;2004;Emenda na Comissão;Dê-se nova redação ao art. 5º;;;2004-10-19T15:09:00;https://www.camara.leg.br/proposicoesWeb/prop_mostrarintegra?codteor=248547;2004-10-19T15:09:00;Apresentação de Proposição;;Indefinida;https://www.camara.leg.br/proposicoesWeb/prop_mostrarintegra?codteor=248547
268525;74813.0;Ronaldo Caiado;PFL;GO;1;1;2004;RONALDO CAIADO;EMC;149;2004;Emenda na Comissão;Suprima-se o art. 5º;;;2004-10-20T14:44:00;https://www.camara.leg.br/proposicoesWeb/prop_mostrarintegra?codteor=248509;2004-10-20T14:44:00;Apresentação de Proposição;;Indefinida;https://www.camara.leg.br/proposicoesWeb/prop_mostrarintegra?codteor=248509
268524;74813.0;Ronaldo Caiado;PFL;GO;1;1;2004;RONALDO CAIADO;EMC;171;2004;Emenda na Comissão;Dá nova redaçõa ao art. 6º .;;;2004-10-20T14:44:00;https://www.camara.leg.br/proposicoesWeb/prop_mostrarintegra?codteor=248557;2004-10-20T14:44:00;Apresentação de Proposição;;Indefinida;https://www.camara.leg.br/proposicoesWeb/prop_mostrarintegra?codteor=248557
268522;74813.0;Ronaldo Caiado;PFL;GO;1;1;2004;RONALDO CAIADO;EMC;170;2004;Emenda na Comissão;Dá nova redação ao art. 6º.;;;2004-10-20T14:42:00;https://www.camara.leg.br/proposicoesWeb/prop_mostrarintegra?codteor=248556;2004-10-20T14:42:00;Apresentação de Proposição;;Indefinida;https://www.camara.leg.br/proposicoesWeb/prop_mostrarintegra?codteor=248556
268519;74813.0;Ronaldo Caiado;PFL;GO;1;1;2004;RONALDO CAIADO;EMC;169;2004;Emenda na Comissão;Dá nova redação ao art. 6º;;;2004-10-20T14:32:00;https://www.camara.leg.br/proposicoesWeb/prop_mostrarintegra?codteor=248555;2004-10-20T14:32:00;Apresentação de Proposição;;Indefinida;https://www.camara.leg.br/proposicoesWeb/prop_mostrarintegra?codteor=248555
268482;74813.0;Ronaldo Caiado;PFL;GO;1;1;2004;RONALDO CAIADO;EMC;127;2004;Emenda na Comissão;Suprime o art. 4º da presente Medida Provisória.;;;2004-10-14T13:24:00;https://www.camara.leg.br/proposicoesWeb/prop_mostrarintegra?codteor=248478;2004-10-14T13:24:00;Apresentação de Proposição;;Indefinida;https://www.camara.leg.br/proposicoesWeb/prop_mostrarintegra?codteor=248478
268468;74813.0;Ronaldo Caiado;PFL;GO;1;1;2004;RONALDO CAIADO;EMC;113;2004;Emenda na Comissão;Dá nova redação ao Parágrafo Único do Artigo 3º.;;;2004-10-18T13:03:00;https://www.camara.leg.br/proposicoesWeb/prop_mostrarintegra?codteor=248255;2004-10-18T13:03:00;Apresentação de Proposição;;Indefinida;https://www.camara.leg.br/proposicoesWeb/prop_mostrarintegra?codteor=248255
268454;74813.0;Ronaldo Caiado;PFL;GO;1;1;2004;RONALDO CAIADO;EMC;100;2004;Emenda na Comissão;Suprime os artigos 3º e 9º desta MP;;;2004-10-18T12:31:00;https://www.camara.leg.br/proposicoesWeb/prop_mostrarintegra?codteor=248330;2004-10-18T12:31:00;Apresentação de Proposição;;Indefinida;https://www.camara.leg.br/proposicoesWeb/prop_mostrarintegra?codteor=248330
268447;74813.0;Ronaldo Caiado;PFL;GO;1;1;2004;RONALDO CAIADO;EMC;93;2004;Emenda na Comissão;Suprime os artigos 3º e 4º desta MP;;;2004-10-21T12:26:00;https://www.camara.leg.br/proposicoesWeb/prop_mostrarintegra?codteor=248323;2004-10-21T12:26:00;Apresentação de Proposição;;Indefinida;https://www.camara.leg.br/proposicoesWeb/prop_mostrarintegra?codteor=248323
268420;74813.0;Ronaldo Caiado;PFL;GO;1;1;2004;RONALDO CAIADO;EMC;69;2004;Emenda na Comissão;Altera redação do Artigo 2º;;;2004-10-21T12:02:00;https://www.camara.leg.br/proposicoesWeb/prop_mostrarintegra?codteor=248280;2004-10-21T12:02:00;Apresentação de Proposição;;Indefinida;https://www.camara.leg.br/proposicoesWeb/prop_mostrarintegra?codteor=248280
268392;74813.0;Ronaldo Caiado;PFL;GO;1;1;2004;RONALDO CAIADO;EMC;15;2004;Emenda na Comissão;Suprime o Parágrafo Único do Art.1º.;;;2004-10-18T11:37:00;https://www.camara.leg.br/proposicoesWeb/prop_mostrarintegra?codteor=248212;2004-10-18T11:37:00;Apresentação de Proposição;;Indefinida;https://www.camara.leg.br/proposicoesWeb/prop_mostrarintegra?codteor=248212
268385;74813.0;Ronaldo Caiado;PFL;GO;1;1;2004;RONALDO CAIADO;EMC;21;2004;Emenda na Comissão;Suprima-se o § único do art. 1º;;;2004-10-19T11:25:00;https://www.camara.leg.br/proposicoesWeb/prop_mostrarintegra?codteor=248217;2004-10-19T11:25:00;Apresentação de Proposição;;Indefinida;https://www.camara.leg.br/proposicoesWeb/prop_mostrarintegra?codteor=248217
268362;74813.0;Ronaldo Caiado;PFL;GO;1;1;2004;RONALDO CAIADO;EMC;38;2004;Emenda na Comissão;Dê-se nova redação ao art. 1º;;;2004-10-21T10:28:00;https://www.camara.leg.br/proposicoesWeb/prop_mostrarintegra?codteor=248236;2004-10-21T10:28:00;Apresentação de Proposição;;Indefinida;https://www.camara.leg.br/proposicoesWeb/prop_mostrarintegra?codteor=248236
268087;74813.0;Ronaldo Caiado;PFL;GO;154;0;2004;RONALDO CAIADO;PEC;328;2004;Proposta de Emenda à Constituição;Dá nova redação ao art. 62 da Constituição Federal, dispondo sobre as medidas provisórias.;Altera a Constituição Federal de 1988.;"Alteração, Constituição Federal, Processo Legislativo, obrigatoriedade, Presidente da República, remessa, proposta, Medida Provisória, Congresso Nacional, realização, análise prévia, urgência, relevância, matéria, prazo, Parecer, Comissão Mista Permanente.  
_ Normas, tramitação, Medida Provisória, apreciação, votação, Sessão Conjunta, Congresso Nacional, posterioridade, Comissão Mista Permanente, oferecimento, Parecer, exame, mérito.";2004-10-27T16:58:00;https://www.camara.leg.br/proposicoesWeb/prop_mostrarintegra?codteor=247345;2008-12-17T00:00:00;Arquivamento;Arquivada;Proposição Sujeita à Apreciação do Plenário;
267239;74813.0;Ronaldo Caiado;PFL;GO;40;0;2004;RONALDO CAIADO;PEC;324;2004;Proposta de Emenda à Constituição;Dá nova redação à alínea f do inciso III do art. 52, renomeando a atual alínea f para alínea g, dá nova redação ao inciso XIV do art. 84 e acrescenta §10 ao artigo 144 da Constituição Federal.;Inclui na competência privativa do Senado e do Presidente da República a aprovação prévia e a nomeação do Diretor-Geral das Polícias Federais, respectivamente. Altera a Constituição Federal de 1988.;Alteração, Constituição Federal, inclusão, competência privativa, aprovação, Senado, nomeação, Presidência da República, cargo público, Diretor-Geral, Polícia Federal.;2004-10-20T16:58:00;https://www.camara.leg.br/proposicoesWeb/prop_mostrarintegra?codteor=245834;2015-03-19T09:46:00;Desarquivamento a Pedido;Arquivada;Proposição Sujeita à Apreciação do Plenário;https://www.camara.leg.br/proposicoesWeb/prop_mostrarintegra?codteor=1310903
266904;74813.0;Ronaldo Caiado;PFL;GO;41;0;2004;RONALDO CAIADO;PEC;323;2004;Proposta de Emenda à Constituição;Altera o art. 62 da Constituição Federal, estabelecendo como condição para a entrada em vigor de Medidas Provisórias a aprovação de Parecer de Comissão Mista sobre os pressupostos de urgência e relevância.;Altera a Constituição Federal de 1988.;Alteração, Constituição Federal, Legislativo, critérios, entrada, vigência, eficácia, Medida Provisória, posterioridade, Comissão Mista, Deputado Federal, Senador, aprovação, emissão, parecer, apreciação preliminar, reconhecimento, urgência, relevância.;2004-10-19T17:51:00;https://www.camara.leg.br/proposicoesWeb/prop_mostrarintegra?codteor=245361;2015-03-19T09:46:00;Desarquivamento a Pedido;Arquivada;Proposição Sujeita à Apreciação do Plenário;https://www.camara.leg.br/proposicoesWeb/prop_mostrarintegra?codteor=1310903
266708;74813.0;Ronaldo Caiado;PFL;GO;1;1;2004;RONALDO CAIADO;EMC;49;2004;Emenda na Comissão;Acrescenta artigo à MP;;;2004-10-07T10:48:00;https://www.camara.leg.br/proposicoesWeb/prop_mostrarintegra?codteor=245237;2004-10-07T10:48:00;Apresentação de Proposição;;Indefinida;https://www.camara.leg.br/proposicoesWeb/prop_mostrarintegra?codteor=245237
264825;74813.0;Ronaldo Caiado;PFL;GO;158;0;2004;RONALDO CAIADO;PEC;318;2004;Proposta de Emenda à Constituição;Modifica a Constituição Federal, tornando obrigatório o Serviço Estudantil Social, como contrapartida ao investimento público, a todos os estudantes de instituições públicas de ensino superior.;Altera os artigos 206, 207, 208 e 212 da Constituição Federal de 1988.;Educação, obrigatoriedade, estudante universitário, Universidade Pública, prestação de serviço, realização, estágio supervisionado, serviço social, inexistência, remuneração, horário, critérios, avaliação de desempenho, formando, curso de graduação.;2004-09-15T19:15:00;https://www.camara.leg.br/proposicoesWeb/prop_mostrarintegra?codteor=241590;2019-01-31T00:00:00;Arquivamento;Arquivada;Proposição Sujeita à Apreciação do Plenário;
263557;74813.0;Ronaldo Caiado;PFL;GO;43;0;2004;RONALDO CAIADO;PEC;316;2004;Proposta de Emenda à Constituição;Acrescenta o art. 95 ao Ato das Disposições Constitucionais Transitórias.;"Autoriza os Deputados Federais eleitos em 2006 a modificarem a Constituição no que diz respeito a partilha de recursos públicos (Pacto Federativo); altera a Constituição Federal de 1988.";Alteração, Constituição Federal, Disposições Constitucionais Transitórias, inclusão, competência, Deputado Federal, revisão, matéria constitucional, responsabilidade, União Federal, Estados, Municípios, partilha, descentralização, recursos públicos.;2004-08-25T00:00:00;https://www.camara.leg.br/proposicoesWeb/prop_mostrarintegra?codteor=239094;2015-03-19T09:46:00;Desarquivamento a Pedido;Arquivada;Proposição Sujeita à Apreciação do Plenário;https://www.camara.leg.br/proposicoesWeb/prop_mostrarintegra?codteor=1310903
263327;74813.0;Ronaldo Caiado;PFL;GO;47;0;2004;RONALDO CAIADO;PEC;314;2004;Proposta de Emenda à Constituição;Dispõe sobre a Organização Sindical e dá outras providências.;Altera os artigos 7º, 8º, 9º, 11, 37, 103 e 114 da Constituição Federal de 1988.;"Organização Sindical, direitos, trabalhador, trabalhador rural, reconhecimento, contrato coletivo de trabalho, registro, sindicato, equiparação, pessoa jurídica, revogação, proibição, criação, quantidade, entidades sindicais,  igualdade, base territorial, garantia, estabilidade sindical, organização, local de trabalho, normas, eleição sindical, representante, supressão, penalidade, abuso responsável, greve.  
_ Garantia, servidor público civil, celebração, contrato coletivo de trabalho, negociação coletiva de trabalho, direito de greve, equiparação, trabalhador, inciativa privada,  competência, central sindical, proposição, ação de inconstitucionalidade, Justiça do Trabalho, julgamento, ação trabalhista, servidor, Administração Pública, prazo, vigência, contrato, acordo coletivo de trabalho, proibição, livre negociação, redução, direitos trabalhistas, garantia constitucional.";2004-08-25T00:00:00;https://www.camara.leg.br/proposicoesWeb/prop_mostrarintegra?codteor=238700;2025-04-03T10:09:00;Designação de Relator(a);Aguardando Parecer;Proposição Sujeita à Apreciação do Plenário;
263015;74813.0;Ronaldo Caiado;PFL;GO;48;0;2004;RONALDO CAIADO;PEC;313;2004;Proposta de Emenda à Constituição;Altera o inciso IV do § 4º do art. 60 da Constituição Federal.;"Dispõe que não será objeto de deliberação a Proposta de Emenda à Constituição tendente a abolir os direitos e garantias fundamentais; altera a Constituição Federal de 1988.";Alteração, Constituição Federal, Processo Legislativo, proibição, deliberação, aprovação, Proposta,  Emenda Constitucional, extinção, direitos e garantias fundamentais, inclusão, direitos sociais, trabalhador.;2004-08-25T00:00:00;https://www.camara.leg.br/proposicoesWeb/prop_mostrarintegra?codteor=238320;2015-03-19T09:46:00;Desarquivamento a Pedido;Arquivada;Proposição Sujeita à Apreciação do Plenário;https://www.camara.leg.br/proposicoesWeb/prop_mostrarintegra?codteor=1310903
262860;74813.0;Ronaldo Caiado;PFL;GO;45;0;2004;RONALDO CAIADO;PEC;310;2004;Proposta de Emenda à Constituição;Acrescenta § 3 º ao art. 215 da Constituição Federal, e o art. 90, ao Ato das Disposições Constitucionais Transitórias.;Estabelece que a União Federal destinará,  anualmente o percentual  mínimo de 2% (dois por cento) das receitas tributárias ao financiamento da Política Nacional de Apoio à Cultura.;Ato das Disposições Constitucionais Transitórias, União Federal, destinação, percentual, receita tributária, arrecadação, impostos, financiamento, Política Nacional de Apoio à Cultura,  preservação, patrimônio cultural, divulgação, bens culturais, desenvolvimento, projeto, prazo, aplicação de recursos, limite máximo, recursos públicos.;2004-08-24T00:00:00;https://www.camara.leg.br/proposicoesWeb/prop_mostrarintegra?codteor=238147;2007-04-27T00:00:00;Desarquivamento a Pedido;Tramitando em Conjunto;Proposição Sujeita à Apreciação do Plenário;https://www.camara.leg.br/proposicoesWeb/prop_mostrarintegra?codteor=450967
262815;74813.0;Ronaldo Caiado;PFL;GO;7;0;2004;RONALDO CAIADO;REQ;253;2004;Requerimento;Requer votação de proposição extrapauta.;;;2004-08-24T17:03:00;https://www.camara.leg.br/proposicoesWeb/prop_mostrarintegra?codteor=238090;2004-08-24T15:30:00;Aprovação de Proposição Interna;Arquivada;Indefinida;
260547;74813.0;Ronaldo Caiado;PFL;GO;39;0;2004;RONALDO CAIADO;PEC;305;2004;Proposta de Emenda à Constituição;Proíbe a edição de Medida Provisória em  matéria tributária.;Altera o artigo 62 da Constituição Federal de 1988.;Alteração, Constituição Federal, Processo Legislativo, proibição, Presidente da República, apresentação, edição, Medida Provisória, matéria tributária, legislação tributária, finanças públicas.;2004-07-08T00:00:00;https://www.camara.leg.br/proposicoesWeb/prop_mostrarintegra?codteor=233463;2015-03-19T09:46:00;Desarquivamento a Pedido;Arquivada;Proposição Sujeita à Apreciação do Plenário;https://www.camara.leg.br/proposicoesWeb/prop_mostrarintegra?codteor=1310903
259713;74813.0;Ronaldo Caiado;PFL;GO;19;0;2004;RONALDO CAIADO;REC;138;2004;Recurso contra apreciação conclusiva de comissão (Art. 58, § 1º c/c art. 132, § 2º, RICD);Recorre contra a apreciação conclusiva da Comissão de Trabalho, Administração e Serviço Público sobre o Projeto de Lei nº 2052, de 2003.;;;2004-07-05T00:00:00;https://www.camara.leg.br/proposicoesWeb/prop_mostrarintegra?codteor=232249;2015-01-31T00:00:00;Arquivamento;Arquivada;Indefinida;
259629;74813.0;Ronaldo Caiado;PFL;GO;1;1;2004;RONALDO CAIADO;EMC;10;2004;Emenda na Comissão;;;;2004-06-22T10:40:00;https://www.camara.leg.br/proposicoesWeb/prop_mostrarintegra?codteor=232060;2004-06-22T10:40:00;Apresentação de Proposição;;Indefinida;https://www.camara.leg.br/proposicoesWeb/prop_mostrarintegra?codteor=232060
259626;74813.0;Ronaldo Caiado;PFL;GO;1;1;2004;RONALDO CAIADO;EMC;7;2004;Emenda na Comissão;;;;2004-06-21T10:36:00;https://www.camara.leg.br/proposicoesWeb/prop_mostrarintegra?codteor=232056;2004-06-21T10:36:00;Apresentação de Proposição;;Indefinida;https://www.camara.leg.br/proposicoesWeb/prop_mostrarintegra?codteor=232056
259625;74813.0;Ronaldo Caiado;PFL;GO;1;1;2004;RONALDO CAIADO;EMC;6;2004;Emenda na Comissão;;;;2004-06-21T10:35:00;https://www.camara.leg.br/proposicoesWeb/prop_mostrarintegra?codteor=232053;2004-06-21T10:35:00;Apresentação de Proposição;;Indefinida;https://www.camara.leg.br/proposicoesWeb/prop_mostrarintegra?codteor=232053
259620;74813.0;Ronaldo Caiado;PFL;GO;1;1;2004;RONALDO CAIADO;EMC;1;2004;Emenda na Comissão;;;;2004-06-21T10:26:00;https://www.camara.leg.br/proposicoesWeb/prop_mostrarintegra?codteor=232044;2004-06-21T10:26:00;Apresentação de Proposição;;Indefinida;https://www.camara.leg.br/proposicoesWeb/prop_mostrarintegra?codteor=232044
259171;74813.0;Ronaldo Caiado;PFL;GO;49;0;2004;RONALDO CAIADO;PEC;295;2004;Proposta de Emenda à Constituição;Acrescenta os §§ 2º e 3º ao art. 89 do Ato das Disposições Constitucionais Transitórias.;"Considera concretizada a transformação do extinto Território de Rondônia em Estado a partir da posse do governador, ocorrida em março de 1987; disciplina a situação funcional dos servidores civis, admitidos por força de lei federal, que ingressaram no Serviço Público após a posse do governador até o ano de 1991. Altera a Constituição Federal de 1988.";Alteração, Constituição Federal, Disposições Constitucionais Transitórias, definição, data, transformação, Território Federal de Rondônia, Estado, posse, governador, disponibilidade, policial militar, servidor público civil, quadro extinto, custeio, pagamento, remuneração, União Federal, Governo Federal.;2004-06-24T00:00:00;https://www.camara.leg.br/proposicoesWeb/prop_mostrarintegra?codteor=230328;2009-09-16T00:00:00;Prejudicado;Arquivada;Proposição Sujeita à Apreciação do Plenário;
259170;74813.0;Ronaldo Caiado;PFL;GO;48;0;2004;RONALDO CAIADO;PEC;294;2004;Proposta de Emenda à Constituição;Acrescenta os §§ 2º e 3º ao art. 89 do ADCT.;"Altera a Constituição Federal de 1988. Considera concretizada a transformação do extinto Território de Rondônia em Estado a partir da posse do governador, ocorrida em março de 1987; disciplina a situação funcional dos servidores civis, admitidos por força de lei federal, que ingressaram no Serviço Público após a posse do governador até o ano de 1991.";Alteração, Constituição Federal, Disposições Constitucionais Transitórias, definição, data, transformação, Território Federal de Rondônia, Estado, prazo, posse, governador, disponibilidade, policial militar, servidor público civil,  quadro extinto, custeio, pagamento, remuneração, União Federal, Governo Federal.;2004-06-24T00:00:00;https://www.camara.leg.br/proposicoesWeb/prop_mostrarintegra?codteor=230327;2009-09-16T00:00:00;Prejudicado;;Proposição Sujeita à Apreciação do Plenário;
258846;74813.0;Ronaldo Caiado;PFL;GO;52;0;2004;RONALDO CAIADO;PEC;291;2004;Proposta de Emenda à Constituição;Modifica o art. 171 da Constituição Federal, revogado pela Emenda Constitucional nº 6 / 95, prevendo tratamento específico para as empresas que desenvolvam atividades consideradas estratégicas para a defesa nacional, bem como  proteção e benefícios para as empresas que promovam atividades de produção tecnológica imprescindíveis ao desenvolvimento do País.;Altera a Constituição Federal de 1988.;Alteração, Constituição Federal, normas, elaboração, estatuto, empresa, atividade, área estrantégica, defesa nacional, concessão, proteção, benefício, produção, bens, serviço, tecnologia, desenvolvimento tecnológico, País, facilidade, importação, matéria prima, exportação, controle, comercialização, produto, lei federal, facultatividade, tratamento especial, empresa brasileira.;2004-06-23T00:00:00;https://www.camara.leg.br/proposicoesWeb/prop_mostrarintegra?codteor=229688;2015-03-19T09:46:00;Desarquivamento a Pedido;Arquivada;Proposição Sujeita à Apreciação do Plenário;https://www.camara.leg.br/proposicoesWeb/prop_mostrarintegra?codteor=1310903
258473;74813.0;Ronaldo Caiado;PFL;GO;52;0;2004;RONALDO CAIADO;PEC;290;2004;Proposta de Emenda à Constituição;Acrescenta parágrafos ao art. 100 da Constituição, para admitir a penhora de bens públicos quando do descumprimento das normas referentes a precatórios.;Altera a Constituição Federal de 1988.;Alteração, Constituição Federal, Judiciário, autorização, penhora, bens públicos, obrigatoriedade, intervenção, Ministério Público, expedição, carta de arrematação, requerimento, Presidente, Tribunais, quantia, pagamento, débitos, precatório, Fazenda Pública.;2004-06-17T00:00:00;https://www.camara.leg.br/proposicoesWeb/prop_mostrarintegra?codteor=235153;2011-02-16T13:20:00;Desarquivamento a Pedido;Arquivada;Proposição Sujeita à Apreciação do Plenário;https://www.camara.leg.br/proposicoesWeb/prop_mostrarintegra?codteor=840137
257455;74813.0;Ronaldo Caiado;PFL;GO;15;0;2004;RONALDO CAIADO;REQ;233;2004;Requerimento;Requeiro, nos termos regimentais, seja votado na reunião de hoje Indicação de minha autoria.;;;2004-06-09T14:12:00;https://www.camara.leg.br/proposicoesWeb/prop_mostrarintegra?codteor=226430;2004-06-09T10:00:00;Aprovação de Proposição Interna;Arquivada;Indefinida;
256995;74813.0;Ronaldo Caiado;PFL;GO;3;0;2004;RONALDO CAIADO;EMP;288;2004;Emenda de Plenário;Dispõe sobre o PROUNI;;;2004-06-03T15:37:00;https://www.camara.leg.br/proposicoesWeb/prop_mostrarintegra?codteor=225442;2004-06-03T15:37:00;Apresentação de Proposição;;Indefinida;https://www.camara.leg.br/proposicoesWeb/prop_mostrarintegra?codteor=225442
256994;74813.0;Ronaldo Caiado;PFL;GO;3;0;2004;RONALDO CAIADO;EMP;287;2004;Emenda de Plenário;Dispõe sobre o PROUNI;;;2004-06-03T15:36:00;https://www.camara.leg.br/proposicoesWeb/prop_mostrarintegra?codteor=225441;2004-06-03T15:36:00;Apresentação de Proposição;;Indefinida;https://www.camara.leg.br/proposicoesWeb/prop_mostrarintegra?codteor=225441
256993;74813.0;Ronaldo Caiado;PFL;GO;3;0;2004;RONALDO CAIADO;EMP;286;2004;Emenda de Plenário;Dispõe sobre o PROUNI;;;2004-06-03T15:35:00;https://www.camara.leg.br/proposicoesWeb/prop_mostrarintegra?codteor=225440;2004-06-03T15:35:00;Apresentação de Proposição;;Indefinida;https://www.camara.leg.br/proposicoesWeb/prop_mostrarintegra?codteor=225440
256992;74813.0;Ronaldo Caiado;PFL;GO;3;0;2004;RONALDO CAIADO;EMP;285;2004;Emenda de Plenário;Dispõe sobre o PROUNI;;;2004-06-03T15:34:00;https://www.camara.leg.br/proposicoesWeb/prop_mostrarintegra?codteor=225439;2004-06-03T15:34:00;Apresentação de Proposição;;Indefinida;https://www.camara.leg.br/proposicoesWeb/prop_mostrarintegra?codteor=225439
256991;74813.0;Ronaldo Caiado;PFL;GO;3;0;2004;RONALDO CAIADO;EMP;284;2004;Emenda de Plenário;Dispõe sobre o PROUNI;;;2004-06-03T15:33:00;https://www.camara.leg.br/proposicoesWeb/prop_mostrarintegra?codteor=225438;2004-06-03T15:33:00;Apresentação de Proposição;;Indefinida;https://www.camara.leg.br/proposicoesWeb/prop_mostrarintegra?codteor=225438
256990;74813.0;Ronaldo Caiado;PFL;GO;3;0;2004;RONALDO CAIADO;EMP;283;2004;Emenda de Plenário;Dispõe sobre o PROUNI;;;2004-06-03T15:32:00;https://www.camara.leg.br/proposicoesWeb/prop_mostrarintegra?codteor=225437;2004-06-03T15:32:00;Apresentação de Proposição;;Indefinida;https://www.camara.leg.br/proposicoesWeb/prop_mostrarintegra?codteor=225437
256988;74813.0;Ronaldo Caiado;PFL;GO;3;0;2004;RONALDO CAIADO;EMP;282;2004;Emenda de Plenário;Dispõe sobre o PROUNI;;;2004-06-03T15:31:00;https://www.camara.leg.br/proposicoesWeb/prop_mostrarintegra?codteor=225435;2004-06-03T15:31:00;Apresentação de Proposição;;Indefinida;https://www.camara.leg.br/proposicoesWeb/prop_mostrarintegra?codteor=225435
256073;74813.0;Ronaldo Caiado;PFL;GO;53;0;2004;RONALDO CAIADO;REC;133;2004;Recurso contra apreciação conclusiva de comissão (Art. 58, § 1º c/c art. 132, § 2º, RICD);"Recorre contra a apreciação conclusiva da Comissão de Constituição e Justiça e de Cidadania sobre o Projeto de Lei nº 6.671, de 2002 - do Senado Federal - (PLS 288 / 2001) - que ""Acrescenta dispositivos ao art. 652 da Consolidação das Leis do Trabalho CLT, aprovada pelo Decreto-Lei nº 5.452, de 1º de maio de 1943, para dispor sobre a competência dos Juízes do Trabalho e dá outras providências"".";;;2004-06-01T00:00:00;https://www.camara.leg.br/proposicoesWeb/prop_mostrarintegra?codteor=223877;2023-01-31T00:00:00;Arquivamento;Arquivada;Indefinida;
254037;74813.0;Ronaldo Caiado;PFL;GO;4;0;2004;RONALDO CAIADO;REQ;223;2004;Requerimento de Audiência Pública;Requer, nos termos regimentais, seja realizada reunião de audiência pública, para discussão da rastreabilidade bovina.;;;2004-05-19T10:58:00;https://www.camara.leg.br/proposicoesWeb/prop_mostrarintegra?codteor=219807;2004-05-26T10:00:00;Aprovação de Proposição Interna;Arquivada;Proposição Sujeita à Apreciação Conclusiva pelas Comissões(Art. 24, II, do RICD);
253389;74813.0;Ronaldo Caiado;PFL;GO;51;0;2004;RONALDO CAIADO;PEC;274;2004;Proposta de Emenda à Constituição;Dá nova redação ao art. 150, inciso IV, da Constituição Federal.;"Proibe a União, os Estados, o Distrito Federal e os Municípios de instituir contribuições sobre patrimônio, renda ou serviços dos entes sujeitos à imunidade tributária; altera a Constituição Federal de 1988.";Constituição Federal (1988), Sistema Tributário Nacional, limitação, tributação, proibição, criação, contribuição social, incidência, patrimônio, renda, serviços, Administração Pública, templo,  Organização religiosa, igreja, partido político, sindicato, instituição educacional, entidade sem fins lucrativos, entidade filantrópica, Papel de impressão, livro, jornal, periódico, imunidade tributária.;2004-05-13T00:00:00;https://www.camara.leg.br/proposicoesWeb/prop_mostrarintegra?codteor=218076;2015-03-19T09:46:00;Desarquivamento a Pedido;Arquivada;Proposição Sujeita à Apreciação do Plenário;https://www.camara.leg.br/proposicoesWeb/prop_mostrarintegra?codteor=1310903
253218;74813.0;Ronaldo Caiado;PFL;GO;44;0;2004;RONALDO CAIADO;PRC;147;2004;Projeto de Resolução de Criação de CPI;Requer a criação de Comissão Parlamentar de Inquérito para investigar fatos determinados, ocorridos nos anos de 2003 e 2004, referente à possível extração ilegal de minerais na Reserva Indígena Roosevelt localizada na Região de Espigão do Oeste no Estado de Rondônia, bem como investigar o contrabando dessa lavra.;;Criação, (CPI), investigação, ilegalidade, exploração, extração, recursos minerais, mineração, Reserva Indígena Roosevelt,  terras indígenas, contrabando, lavra de minério, diamante, município, Espigão D' Oeste, (RO).;2004-05-12T00:00:00;https://www.camara.leg.br/proposicoesWeb/prop_mostrarintegra?codteor=217797;2015-03-19T09:46:00;Desarquivamento a Pedido;Arquivada;Proposição Sujeita à Apreciação do Plenário;https://www.camara.leg.br/proposicoesWeb/prop_mostrarintegra?codteor=1310903
251943;74813.0;Ronaldo Caiado;PFL;GO;46;0;2004;RONALDO CAIADO;PEC;269;2004;Proposta de Emenda à Constituição;Acrescenta alínea ao inciso XVI do art. 37 da Constituição Federal, para permitir a acumulação remunerada, nas condições do referido artigo, de dois cargos de pedagogo.;;Autorização, acumulação de cargos, Pedagogo, fixação, jornada especial de trabalho.;2004-05-05T00:00:00;https://www.camara.leg.br/proposicoesWeb/prop_mostrarintegra?codteor=215788;2015-01-31T00:00:00;Arquivamento;Arquivada;Proposição Sujeita à Apreciação do Plenário;
251097;74813.0;Ronaldo Caiado;PFL;GO;47;0;2004;RONALDO CAIADO;RCP;46;2004;Requerimento de Instituição de CPI;Requer a instituição de Comissão Parlamentar de Inquérito, com a finalidade de apurar o conflito, em terras indígenas, motivado pela disputa pela exploração de diamantes, ocorrido na Reserva Roosevelt, no Estado de Rondônia, que culminou no massacre de 29 (vinte e nove) garimpeiros.;;Criação, (CPI), investigação, conflito, terras indígenas, Reserva Indígena Roosevelt, Município, Espigão D'Oeste, (RO), disputa, índio, exploração, garimpagem, diamante, homicídio, garimpeiro.;2004-04-29T00:00:00;https://www.camara.leg.br/proposicoesWeb/prop_mostrarintegra?codteor=214480;2015-03-19T09:46:00;Desarquivamento a Pedido;Arquivada;Indefinida;https://www.camara.leg.br/proposicoesWeb/prop_mostrarintegra?codteor=1310903
250992;74813.0;Ronaldo Caiado;PFL;GO;157;0;2004;RONALDO CAIADO;PEC;267;2004;Proposta de Emenda à Constituição;Dá nova redação ao Inciso VI do Art. 206 da Constituição Federal.;Inclui como princípio educacional a gestão democrática da educação, e não apenas do ensino público.;Princípio constitucional, gestão, Educação, inclusão, ensino particular, ampliação, escola pública, escola particular.;2004-04-29T00:00:00;https://www.camara.leg.br/proposicoesWeb/prop_mostrarintegra?codteor=214211;2021-03-10T09:00:00;Saída de Relator(a) da Comissão - Com Parecer Apresentado;Aguardando Designação de Relator(a);Proposição Sujeita à Apreciação do Plenário;
249707;74813.0;Ronaldo Caiado;PFL;GO;41;0;2004;RONALDO CAIADO;PEC;261;2004;Proposta de Emenda à Constituição;Modifica o artigo 62 da Constituição Federal.;"Estabelece novo prazo para tramitação de Medidas Provisórias, iguala-as aos projetos de lei com vigência constitucional; altera a Constituição Federal de 1988.";"Alteração, Constituição Federal, fixação, prazo, tramitação, Medida Provisória, apreciação, discussão, Comissões, equiparação, urgência, projeto de lei, proibição, prorrogação, reedição, matéria, rejeição, perda, eficácia, decurso de prazo, promulagação, decreto legislativo, Comissão de Constituição, Justiça e Cidadania, Câmara  dos Deputados, Senado, aumento, peródo, sobrestamento.  
_ Alteração, Disposições Constitucionais Transitórias, normas, apreciação, medida provisória.";2004-04-15T00:00:00;https://www.camara.leg.br/proposicoesWeb/prop_mostrarintegra?codteor=211485;2015-03-19T09:46:00;Desarquivamento a Pedido;Arquivada;Proposição Sujeita à Apreciação do Plenário;https://www.camara.leg.br/proposicoesWeb/prop_mostrarintegra?codteor=1310903
158875;74813.0;Ronaldo Caiado;PFL;GO;14;0;2004;RONALDO CAIADO;REQ;193;2004;Requerimento;Requeiro, nos termos do artigo 52, § 5º do Regimento Interno da Câmara dos Deputados, a inclusão na Ordem do Dia desta Comissão de Agricultura, Pecuária, Abastecimento e Desenvolvimento Rural da Câmara dos Deputados, o requerimento em anexo, que tem por objetivo a realização de Audiência Pública para Debater sobre o endividamento rural do Nordeste e a renegociação das dívidas com recursos dos Fundos Constitucionais de Financiamento, do Programa Nacional de Fortalecimento da Agricultura Familiar(Pronaf) e demais fontes, conforme previsto na Lei 10.823/2003.;;;2004-03-31T09:06:00;https://www.camara.leg.br/proposicoesWeb/prop_mostrarintegra?codteor=207266;2004-03-31T10:00:00;Aprovação de Proposição Interna;Arquivada;Indefinida;
158196;74813.0;Ronaldo Caiado;PFL;GO;149;0;2004;RONALDO CAIADO;EMC;3;2004;Emenda na Comissão;"§ 2° Lei disporá sobre a retenção de parte do bem a ser expropriado ou a sua compensação financeira, em benefício do cônjuge e dos filhos menores que não tenham participado, direta ou indiretamente, das condutas referidas no caput.""";;;2004-03-26T09:25:00;https://www.camara.leg.br/proposicoesWeb/prop_mostrarintegra?codteor=205868;2004-03-26T09:25:00;Apresentação de Proposição;;Indefinida;https://www.camara.leg.br/proposicoesWeb/prop_mostrarintegra?codteor=205868
158195;74813.0;Ronaldo Caiado;PFL;GO;151;0;2004;RONALDO CAIADO;EMC;2;2004;Emenda na Comissão;Art. 243. As áreas urbanas e rurais de qualquer região do País onde forem localizadas culturas ilegais de plantas psicotrópicas ou a exploração de trabalho escravo serão imediatamente expropriadas, sem qualquer indenização ao proprietário e sem prejuízo de outras sanções previstas em lei.;;;2004-03-26T09:22:00;https://www.camara.leg.br/proposicoesWeb/prop_mostrarintegra?codteor=205867;2004-03-26T09:22:00;Apresentação de Proposição;;Indefinida;https://www.camara.leg.br/proposicoesWeb/prop_mostrarintegra?codteor=205867
157867;74813.0;Ronaldo Caiado;PFL;GO;1;1;2004;RONALDO CAIADO;REQ;16;2004;Requerimento;Requer convidar o Sr. Raul Jungmann para participar de reunião de audiência pública nesta Comissão Especial.;;;2004-03-24T19:09:00;https://www.camara.leg.br/proposicoesWeb/prop_mostrarintegra?codteor=205398;2004-03-31T14:30:00;Aprovação de Proposição Interna;Arquivada;Indefinida;
157780;74813.0;Ronaldo Caiado;PFL;GO;1;1;2004;RONALDO CAIADO;EMC;1;2004;Emenda na Comissão;Dá nova redação ao art. 1º da PEC nº 438, de 2001, para acrescentar o art. 243-A à Constituição Federal, estabelecendo que responderá por crime hediondo todo aquele que concorrer para a exploração de trabalho escravo.;;;2004-03-24T17:03:00;https://www.camara.leg.br/proposicoesWeb/prop_mostrarintegra?codteor=205270;2004-03-24T17:03:00;Apresentação de Proposição;;Indefinida;https://www.camara.leg.br/proposicoesWeb/prop_mostrarintegra?codteor=205270
157523;74813.0;Ronaldo Caiado;PFL;GO;19;0;2004;RONALDO CAIADO;REQ;179;2004;Requerimento;Requerem a apreciação da Moção de apoio ao Senhor Roberto Rodrigues, Ministro de Estado da Agricultura, Pecuária e Abastecimento.;;;2004-03-24T11:22:00;https://www.camara.leg.br/proposicoesWeb/prop_mostrarintegra?codteor=204920;2004-03-31T10:00:00;Aprovação de Proposição Interna;Arquivada;Indefinida;
156946;74813.0;Ronaldo Caiado;PFL;GO;34;0;2004;RONALDO CAIADO;EMC;33;2004;Emenda na Comissão;Altera o § 2º ao Art. 40, da Constituição Federal, de acordo com a seguinte redação:;;;2004-03-19T16:28:00;https://www.camara.leg.br/proposicoesWeb/prop_mostrarintegra?codteor=204007;2004-03-19T16:28:00;Apresentação de Proposição;;Indefinida;https://www.camara.leg.br/proposicoesWeb/prop_mostrarintegra?codteor=204007
156945;74813.0;Ronaldo Caiado;PFL;GO;32;0;2004;RONALDO CAIADO;EMC;32;2004;Emenda na Comissão;Acrescenta novos parágrafos ao arts. 40 e 201, da Constituição Federal;;;2004-03-19T16:27:00;https://www.camara.leg.br/proposicoesWeb/prop_mostrarintegra?codteor=204004;2004-03-19T16:27:00;Apresentação de Proposição;;Indefinida;https://www.camara.leg.br/proposicoesWeb/prop_mostrarintegra?codteor=204004
156837;74813.0;Ronaldo Caiado;PFL;GO;56;0;2004;RONALDO CAIADO;EMC;26;2004;Emenda na Comissão;Altera os artigos 37, 40, 144, 194, 195 e 201 da Constituição Federal, para dispor sobre a Previdência Social, e dá outras providências.;;;2004-03-18T14:57:00;https://www.camara.leg.br/proposicoesWeb/prop_mostrarintegra?codteor=203600;2004-03-18T14:57:00;Apresentação de Proposição;;Indefinida;https://www.camara.leg.br/proposicoesWeb/prop_mostrarintegra?codteor=203600
156834;74813.0;Ronaldo Caiado;PFL;GO;64;0;2004;RONALDO CAIADO;EMC;25;2004;Emenda na Comissão;Altera os artigos 37, 40, 144, 194, 195 e 201 da Constituição Federal, para dispor sobre a Previdência Social, e dá outras providências.;;;2004-03-18T14:55:00;https://www.camara.leg.br/proposicoesWeb/prop_mostrarintegra?codteor=203597;2004-03-18T14:55:00;Apresentação de Proposição;;Indefinida;https://www.camara.leg.br/proposicoesWeb/prop_mostrarintegra?codteor=203597
156831;74813.0;Ronaldo Caiado;PFL;GO;60;0;2004;RONALDO CAIADO;EMC;24;2004;Emenda na Comissão;Altera os artigos 37, 40, 144, 194, 195 e 201 da Constituição Federal, para dispor sobre a Previdência Social, e dá outras providências.;;;2004-03-18T14:52:00;https://www.camara.leg.br/proposicoesWeb/prop_mostrarintegra?codteor=203594;2004-03-18T14:52:00;Apresentação de Proposição;;Indefinida;https://www.camara.leg.br/proposicoesWeb/prop_mostrarintegra?codteor=203594
156696;74813.0;Ronaldo Caiado;PFL;GO;226;0;2004;RONALDO CAIADO;REQ;1651;2004;Requerimento de Urgência (Art. 155 do RICD);Reque urgência para a apreciação do Projeto de Lei Complementar nº 91 de 2003.;;;2004-03-17T16:18:00;https://www.camara.leg.br/proposicoesWeb/prop_mostrarintegra?codteor=203282;2015-03-19T09:46:00;Desarquivamento a Pedido;Arquivada;Indefinida;https://www.camara.leg.br/proposicoesWeb/prop_mostrarintegra?codteor=1310903
156093;74813.0;Ronaldo Caiado;PFL;GO;43;0;2004;RONALDO CAIADO;EMC;13;2004;Emenda na Comissão;Altera os artigos 37, 40, 144, 194, 195 e 201 da Constituição Federal, para dispor sobre a Previdência Social, e dá outras providências.;;;2004-03-12T18:05:00;https://www.camara.leg.br/proposicoesWeb/prop_mostrarintegra?codteor=202191;2004-03-12T18:05:00;Apresentação de Proposição;;Indefinida;https://www.camara.leg.br/proposicoesWeb/prop_mostrarintegra?codteor=202191
156092;74813.0;Ronaldo Caiado;PFL;GO;44;0;2004;RONALDO CAIADO;EMC;12;2004;Emenda na Comissão;Altera os artigos 37, 40, 144, 194, 195 e 201 da Constituição Federal, para dispor sobre a Previdência Social, e dá outras providências.;;;2004-03-12T18:04:00;https://www.camara.leg.br/proposicoesWeb/prop_mostrarintegra?codteor=202190;2004-03-12T18:04:00;Apresentação de Proposição;;Indefinida;https://www.camara.leg.br/proposicoesWeb/prop_mostrarintegra?codteor=202190
156072;74813.0;Ronaldo Caiado;PFL;GO;38;0;2004;RONALDO CAIADO;PEC;249;2004;Proposta de Emenda à Constituição;"Dá nova redação ao § 5º do art. 14, ao ""caput"" do art. 28, ao inciso II do art. 29 e ao ""caput"" do art. 77 da Constituição Federal.";"Proibe a reeleição para o período subseqüente do Presidente da República, Governadores e Prefeitos; substitui a expressão ""do ano anterior ao do término do mandato"" para ""do último ano de mandato"", em relação a realização das eleições em todas as esferas de Governo.";Direitos Políticos, proibição, reeleição, Presidente da República, Governador, Prefeito, realização, eleições, último período, ano, mandato eletivo, antecessor.;2004-03-11T00:00:00;https://www.camara.leg.br/proposicoesWeb/prop_mostrarintegra?codteor=202086;2015-06-17T00:00:00;Declaração de Prejudicialidade;Arquivada;Proposição Sujeita à Apreciação do Plenário;
156009;74813.0;Ronaldo Caiado;PFL;GO;44;0;2004;RONALDO CAIADO;EMC;70;2004;Emenda na Comissão;Acrescente-se ao art. 1° da Proposta de Emenda à Constituição nº 228 de 2004 a seguinte expressão.;;;2004-03-11T17:54:00;https://www.camara.leg.br/proposicoesWeb/prop_mostrarintegra?codteor=201995;2004-03-11T17:54:00;Apresentação de Proposição;;Indefinida;https://www.camara.leg.br/proposicoesWeb/prop_mostrarintegra?codteor=201995
156008;74813.0;Ronaldo Caiado;PFL;GO;47;0;2004;RONALDO CAIADO;EMC;69;2004;Emenda na Comissão;Dê-se ao art. 150 da Constituição Federal.;;;2004-03-11T17:53:00;https://www.camara.leg.br/proposicoesWeb/prop_mostrarintegra?codteor=201994;2004-03-11T17:53:00;Apresentação de Proposição;;Indefinida;https://www.camara.leg.br/proposicoesWeb/prop_mostrarintegra?codteor=201994
155913;74813.0;Ronaldo Caiado;PFL;GO;52;0;2004;RONALDO CAIADO;EMC;7;2004;Emenda na Comissão;Altera os artigos 37, 40, 144, 194, 195 e 201 da Constituição Federal, para dispor sobre a Previdência Social, e dá outras providências.;;;2004-03-11T15:12:00;https://www.camara.leg.br/proposicoesWeb/prop_mostrarintegra?codteor=201853;2004-03-11T15:12:00;Apresentação de Proposição;;Indefinida;https://www.camara.leg.br/proposicoesWeb/prop_mostrarintegra?codteor=201853
155780;74813.0;Ronaldo Caiado;PFL;GO;59;0;2004;RONALDO CAIADO;EMC;30;2004;Emenda na Comissão;Altera o Sistema Tributário Nacional e dá outras providências.;;;2004-03-10T18:35:00;https://www.camara.leg.br/proposicoesWeb/prop_mostrarintegra?codteor=201621;2004-03-10T18:35:00;Apresentação de Proposição;;Indefinida;https://www.camara.leg.br/proposicoesWeb/prop_mostrarintegra?codteor=201621
155581;74813.0;Ronaldo Caiado;PFL;GO;47;0;2004;RONALDO CAIADO;EMC;21;2004;Emenda na Comissão;(tratamento diferenciado na aquisição de bens das microempresas, pela Administração Pública);;;2004-03-10T15:02:00;https://www.camara.leg.br/proposicoesWeb/prop_mostrarintegra?codteor=201318;2004-03-10T15:02:00;Apresentação de Proposição;;Indefinida;https://www.camara.leg.br/proposicoesWeb/prop_mostrarintegra?codteor=201318
155576;74813.0;Ronaldo Caiado;PFL;GO;47;0;2004;RONALDO CAIADO;EMC;20;2004;Emenda na Comissão;Altera o Sistema Tributário Nacional e dá outras providências.;;;2004-03-10T14:58:00;https://www.camara.leg.br/proposicoesWeb/prop_mostrarintegra?codteor=201312;2004-03-10T14:58:00;Apresentação de Proposição;;Indefinida;https://www.camara.leg.br/proposicoesWeb/prop_mostrarintegra?codteor=201312
155572;74813.0;Ronaldo Caiado;PFL;GO;48;0;2004;RONALDO CAIADO;EMC;18;2004;Emenda na Comissão;Altera  Sistema Tributário Nacional e dá outras providências.;;;2004-03-10T14:55:00;https://www.camara.leg.br/proposicoesWeb/prop_mostrarintegra?codteor=201307;2004-03-10T14:55:00;Apresentação de Proposição;;Indefinida;https://www.camara.leg.br/proposicoesWeb/prop_mostrarintegra?codteor=201307
155566;74813.0;Ronaldo Caiado;PFL;GO;46;0;2004;RONALDO CAIADO;EMC;17;2004;Emenda na Comissão;Altera o Sistema Tributário Nacional e dá outras providências.;;;2004-03-10T14:41:00;https://www.camara.leg.br/proposicoesWeb/prop_mostrarintegra?codteor=201297;2004-03-10T14:41:00;Apresentação de Proposição;;Indefinida;https://www.camara.leg.br/proposicoesWeb/prop_mostrarintegra?codteor=201297
155563;74813.0;Ronaldo Caiado;PFL;GO;49;0;2004;RONALDO CAIADO;EMC;16;2004;Emenda na Comissão;Altera o Sistema Tributário Nacional e dá outras providências.;;;2004-03-10T14:35:00;https://www.camara.leg.br/proposicoesWeb/prop_mostrarintegra?codteor=201292;2004-03-10T14:35:00;Apresentação de Proposição;;Indefinida;https://www.camara.leg.br/proposicoesWeb/prop_mostrarintegra?codteor=201292
154970;74813.0;Ronaldo Caiado;PFL;GO;55;0;2004;RONALDO CAIADO;EMC;3;2004;Emenda na Comissão;"Acrescenta expressão à redação da alínea ""b"", do inciso XI do art. 37 da CF.";;;2004-03-04T09:57:00;https://www.camara.leg.br/proposicoesWeb/prop_mostrarintegra?codteor=200294;2004-03-04T09:57:00;Apresentação de Proposição;;Indefinida;https://www.camara.leg.br/proposicoesWeb/prop_mostrarintegra?codteor=200294
153751;74813.0;Ronaldo Caiado;PFL;GO;1;1;2004;RONALDO CAIADO;EMC;70;2004;Emenda na Comissão;;;;2004-02-04T10:47:00;https://www.camara.leg.br/proposicoesWeb/prop_mostrarintegra?codteor=198230;2004-02-04T10:47:00;Apresentação de Proposição;;Indefinida;https://www.camara.leg.br/proposicoesWeb/prop_mostrarintegra?codteor=198230
153740;74813.0;Ronaldo Caiado;PFL;GO;1;1;2004;RONALDO CAIADO;EMC;64;2004;Emenda na Comissão;;;;2004-02-04T10:39:00;https://www.camara.leg.br/proposicoesWeb/prop_mostrarintegra?codteor=198219;2004-02-04T10:39:00;Apresentação de Proposição;;Indefinida;https://www.camara.leg.br/proposicoesWeb/prop_mostrarintegra?codteor=198219
153727;74813.0;Ronaldo Caiado;PFL;GO;1;1;2004;RONALDO CAIADO;EMC;53;2004;Emenda na Comissão;;;;2004-02-04T10:32:00;https://www.camara.leg.br/proposicoesWeb/prop_mostrarintegra?codteor=198207;2004-02-04T10:32:00;Apresentação de Proposição;;Indefinida;https://www.camara.leg.br/proposicoesWeb/prop_mostrarintegra?codteor=198207
151449;74813.0;Ronaldo Caiado;PFL;GO;1;1;2004;RONALDO CAIADO;REQ;4;2004;Requerimento de Audiência Pública;Solicita realização de Audiência Pública com os Sr. CARLOS MONTERO, ex-Diretor da Parmalat para o Brasil.;;;2004-01-22T15:41:00;https://www.camara.leg.br/proposicoesWeb/prop_mostrarintegra?codteor=194416;2004-01-27T16:00:00;Aprovação de Proposição Interna;Arquivada;Proposição Sujeita à Apreciação Conclusiva pelas Comissões(Art. 24, II, do RICD);
151445;74813.0;Ronaldo Caiado;PFL;GO;1;1;2004;RONALDO CAIADO;REQ;3;2004;Requerimento de Audiência Pública;Solicita realização de Audiência Pública com o Srs. Interventores nomeados pela Justiça para co-administrar a Parmalat do Brasil.;;;2004-01-22T15:39:00;https://www.camara.leg.br/proposicoesWeb/prop_mostrarintegra?codteor=194411;2004-01-27T16:00:00;Aprovação de Proposição Interna;Arquivada;Proposição Sujeita à Apreciação Conclusiva pelas Comissões(Art. 24, II, do RICD);
151442;74813.0;Ronaldo Caiado;PFL;GO;1;1;2004;RONALDO CAIADO;REQ;2;2004;Requerimento de Audiência Pública;Solicita realização de Audiência Pública com o Senhor Auditor da Receita Federal responsável pelas investigações do Caso Parmalat.;;;2004-01-22T15:35:00;https://www.camara.leg.br/proposicoesWeb/prop_mostrarintegra?codteor=194406;2004-01-27T16:00:00;Aprovação de Proposição Interna;Arquivada;Proposição Sujeita à Apreciação Conclusiva pelas Comissões(Art. 24, II, do RICD);
151433;74813.0;Ronaldo Caiado;PFL;GO;1;1;2004;RONALDO CAIADO;REQ;1;2004;Requerimento de Audiência Pública;Solicita realização de Audiência Pública com o Sr. JOSÉ NOGUEIRA EUPÍDIO, Delegado da Polícia Federal.;;;2004-01-22T15:27:00;https://www.camara.leg.br/proposicoesWeb/prop_mostrarintegra?codteor=194392;2004-01-27T16:00:00;Aprovação de Proposição Interna;Arquivada;Proposição Sujeita à Apreciação Conclusiva pelas Comissões(Art. 24, II, do RICD);
310639;74813.0;Ronaldo Caiado;PFL;GO;1;1;2005;RONALDO CAIADO;REQ;3528;2005;Requerimento de Adocão de providências em face da ausência de resposta no prazo constitucional a RIC;Requer a adoção de providências quanto à possível prática de crime de responsbilidade pelo Senhor Ministro de Estado da Previdência Social.;;;2005-12-15T15:28:00;https://www.camara.leg.br/proposicoesWeb/prop_mostrarintegra?codteor=365387;2006-05-25T00:00:00;Despacho;Arquivada;Indefinida;https://www.camara.leg.br/proposicoesWeb/prop_mostrarintegra?codteor=398394
310459;74813.0;Ronaldo Caiado;PFL;GO;69;0;2005;RONALDO CAIADO;PEC;491;2005;Proposta de Emenda à Constituição;Altera o art. 62 da Constituição Federal.;Altera critérios e prazos para edição e tramitação de Medida Provisória. Altera a Constituição Federal de 1988.;Alteração, Constituição Federal, Processo Legislativo, prazo, Câmara dos Deputados, Senado, apreciação, tramitação, critérios, edição, Medida Provisória, exigência, admissibilidade, relevância, urgência, transformação, projeto de lei, Presidente da República, sobrestamento, exceção, matéria, competência privativa, Congresso Nacional, Senado, aprovação, escolha, magistrado, ministro, presidente, Banco Central do Brasil (Bacen), chefe, missão diplomática.;2005-12-15T11:31:38;https://www.camara.leg.br/proposicoesWeb/prop_mostrarintegra?codteor=365169;2008-12-17T00:00:00;Arquivamento;Arquivada;Proposição Sujeita à Apreciação do Plenário;
309300;74813.0;Ronaldo Caiado;PFL;GO;64;0;2005;RONALDO CAIADO;EMC;2;2005;Emenda na Comissão;Altera o art. 40 da Constituição Federal, relativo ao limite de idade para a aposentadoria compulsória do servidor público em geral, e acrescenta dispositivo ao Ato das Disposições Constitucionais Transitórias.;;;2005-12-08T10:53:00;https://www.camara.leg.br/proposicoesWeb/prop_mostrarintegra?codteor=362902;2005-12-08T10:53:00;Apresentação de Proposição;;Indefinida;https://www.camara.leg.br/proposicoesWeb/prop_mostrarintegra?codteor=362902
309257;74813.0;Ronaldo Caiado;PFL;GO;148;0;2005;RONALDO CAIADO;PEC;489;2005;Proposta de Emenda à Constituição;Dá nova redação ao art. 228 da Constituição Federal.;Submete o menor de 18 (dezoito) anos acusado da prática de delito penal à prévia avaliação psicológica para que o juiz conclua sobre sua inimputabilidade.;Critérios, inimputabilidade penal, adolescente, menor, infração penal, avaliação psicológica.;2005-12-07T19:32:00;https://www.camara.leg.br/proposicoesWeb/prop_mostrarintegra?codteor=362819;2015-07-01T00:00:00;Desapensação;Arquivada;Proposição Sujeita à Apreciação do Plenário;
308919;74813.0;Ronaldo Caiado;PFL;GO;62;0;2005;RONALDO CAIADO;EMC;1;2005;Emenda na Comissão;Altera o art. 40 da Constituição Federal relativo ao limite de idade para a aposentadoria compulsória do servidor público em geral, e acrescenta dispositivo ao Ato das Disposições Constitucionais Transitórias.;;;2005-12-07T10:25:00;https://www.camara.leg.br/proposicoesWeb/prop_mostrarintegra?codteor=362217;2005-12-07T10:25:00;Apresentação de Proposição;;Indefinida;https://www.camara.leg.br/proposicoesWeb/prop_mostrarintegra?codteor=362217
308870;74813.0;Ronaldo Caiado;PFL;GO;57;0;2005;RONALDO CAIADO;PEC;487;2005;Proposta de Emenda à Constituição;Dispõe sobre a Defensoria Pública, suas atribuições, garantias, vedações e dá outras providências.;;"Definição, Defensoria Pública, competência, critérios, funcionamento, atuação, composição, vitaliciedade, inamovibilidade, irredutibilidade, subsídio, foro especial, Defensor Público, Advogado.  
_ Retirada, competência, União Federal, organização, manutenção, Defensoria Pública do Distrito Federal.  
_ Competência, Defensor Público-Geral da União, inaplicabilidade, Medida Provisória, Lei Delegada, organização, Defensoria Pública, legitimidade, proposição, ação declaratória de constitucionalidade, ação direta de inconstitucionalidade, defesa, direitos coletivos, autonomia administrativa, crime de responsabilidade, Presidente da República, impedimento, exercício funcional.";2005-12-06T17:57:35;https://www.camara.leg.br/proposicoesWeb/prop_mostrarintegra?codteor=362085;2013-06-04T00:00:00;Publicação de Proposição;Pronta para Pauta;Proposição Sujeita à Apreciação do Plenário;
306471;74813.0;Ronaldo Caiado;PFL;GO;18;0;2005;RONALDO CAIADO;REC;247;2005;Recurso contra apreciação conclusiva de comissão (Art. 58, § 1º c/c art. 132, § 2º, RICD);"Requer, nos termos do art. 58 do Regimento Interno, que o Projeto de Lei nº 2.733-A, de 2003, que ""proíbe o recebimento de presente e brindes por integrantes da Administração Pública e dá outras providências"", com parecer contrário da Comissão de mérito, seja apreciado pelo Plenário.";;;2005-11-16T18:49:00;https://www.camara.leg.br/proposicoesWeb/prop_mostrarintegra?codteor=355833;2015-06-23T17:57:00;Não Informado;Arquivada;Proposição Sujeita à Apreciação do Plenário;
306195;74813.0;Ronaldo Caiado;PFL;GO;46;0;2005;RONALDO CAIADO;EMC;34;2005;Emenda na Comissão;Dá nova redação ao § 5º do art. 212 da Constituição Federal e ao art. 60 do Ato das Disposições Constitucionais Transitórias.;;;2005-11-10T19:03:00;https://www.camara.leg.br/proposicoesWeb/prop_mostrarintegra?codteor=355194;2005-11-10T19:03:00;Apresentação de Proposição;;Indefinida;https://www.camara.leg.br/proposicoesWeb/prop_mostrarintegra?codteor=355194
306188;74813.0;Ronaldo Caiado;PFL;GO;37;0;2005;RONALDO CAIADO;EMC;31;2005;Emenda na Comissão;Dá nova redação ao § 5º do art. 212 da Constituição Federal e ao art. 60 do Ato das Disposições Constitucionais Transitórias.;;;2005-11-10T18:48:00;https://www.camara.leg.br/proposicoesWeb/prop_mostrarintegra?codteor=355183;2005-11-10T18:48:00;Apresentação de Proposição;;Indefinida;https://www.camara.leg.br/proposicoesWeb/prop_mostrarintegra?codteor=355183
306187;74813.0;Ronaldo Caiado;PFL;GO;37;0;2005;RONALDO CAIADO;EMC;30;2005;Emenda na Comissão;Dá nova redação ao § 5º do art. 212 da Constituição Federal e ao art. 60 do Ato das Disposições Constitucionais Transitórias.;;;2005-11-10T18:45:00;https://www.camara.leg.br/proposicoesWeb/prop_mostrarintegra?codteor=355180;2005-11-10T18:45:00;Apresentação de Proposição;;Indefinida;https://www.camara.leg.br/proposicoesWeb/prop_mostrarintegra?codteor=355180
305966;74813.0;Ronaldo Caiado;PFL;GO;39;0;2005;RONALDO CAIADO;EMC;13;2005;Emenda na Comissão;Acrescenta § 6º ao art. 212 da Constituição Federal.;;;2005-11-10T10:57:00;https://www.camara.leg.br/proposicoesWeb/prop_mostrarintegra?codteor=354722;2005-11-10T10:57:00;Apresentação de Proposição;;Indefinida;https://www.camara.leg.br/proposicoesWeb/prop_mostrarintegra?codteor=354722
305671;74813.0;Ronaldo Caiado;PFL;GO;15;0;2005;RONALDO CAIADO;REQ;3407;2005;Requerimento de Transformação de Sessão Plenária em Comissão Geral;Requer que sessão plenária da Câmara dos Deputados seja transformada em Comissão Geral para debater a regulamentação da Emenda Constitucional 29 e o Orçamento da Saúde para o ano de 2006.;;;2005-11-08T21:35:00;https://www.camara.leg.br/proposicoesWeb/prop_mostrarintegra?codteor=354259;2011-01-12T00:00:00;Arquivamento;Arquivada;Indefinida;
305312;74813.0;Ronaldo Caiado;PFL;GO;47;0;2005;RONALDO CAIADO;EMC;5;2005;Emenda na Comissão;Dá nova redação ao § 5º do art. 212 da Constituição Federal a ao art. 60 do Ato das Disposições Constitucionais Transitórias.;;;2005-11-01T17:11:00;https://www.camara.leg.br/proposicoesWeb/prop_mostrarintegra?codteor=352987;2005-11-01T17:11:00;Apresentação de Proposição;;Indefinida;https://www.camara.leg.br/proposicoesWeb/prop_mostrarintegra?codteor=352987
305252;74813.0;Ronaldo Caiado;PFL;GO;72;0;2005;RONALDO CAIADO;REC;240;2005;Recurso contra apreciação conclusiva de comissão (Art. 58, § 1º c/c art. 132, § 2º, RICD);"Requer, nos termos do artigo 58, § 2º, inciso I, da Constituição Federal e do artigo 132, § 2º do Regimento Interno, que o Projeto de Lei nº 3.210-B, de 2004, que ""Institui o Dia do Yôga"", seja apreciado pelo Plenário.";;;2005-11-01T14:06:00;https://www.camara.leg.br/proposicoesWeb/prop_mostrarintegra?codteor=352675;2005-11-10T00:00:00;Publicação de Proposição;Pronta para Pauta;Proposição Sujeita à Apreciação do Plenário;https://www.camara.leg.br/proposicoesWeb/prop_mostrarintegra?codteor=370198
304324;74813.0;Ronaldo Caiado;PFL;GO;35;0;2005;RONALDO CAIADO;REQ;3372;2005;Requerimento de Retirada de Proposição de Iniciativa Coletiva;Requer a retirada de tramitação do Recurso nº 219, de 2005, apresentado ao Projeto de Lei nº 6.915/2002.;;;2005-10-25T15:20:00;https://www.camara.leg.br/proposicoesWeb/prop_mostrarintegra?codteor=350492;2015-03-19T09:46:00;Desarquivamento a Pedido;Arquivada;Indefinida;https://www.camara.leg.br/proposicoesWeb/prop_mostrarintegra?codteor=1310903
304008;74813.0;Ronaldo Caiado;PFL;GO;145;0;2005;RONALDO CAIADO;PEC;471;2005;Proposta de Emenda à Constituição;Dá nova redação ao parágrafo 3º do art. 236 da Constituição Federal.;"Estabelece a efetivação para os atuais responsáveis e substitutos pelos serviços notariais, investidos na forma da lei.  Conhecida como ""PEC dos Cartórios"".";Efetivação, inexigibilidade, dispensa, concurso público, vacância, serviço notarial, responsável, substituto, manutenção, atuação, serviço notarial, cartório, delegação de competência, Poder Público.;2005-10-20T14:07:00;https://www.camara.leg.br/proposicoesWeb/prop_mostrarintegra?codteor=349599;2021-05-05T17:36:00;Apresentação de Requerimento;Pronta para Pauta;Proposição Sujeita à Apreciação do Plenário;https://www.camara.leg.br/proposicoesWeb/prop_mostrarintegra?codteor=2004896
303751;74813.0;Ronaldo Caiado;PFL;GO;17;0;2005;RONALDO CAIADO;REQ;402;2005;Requerimento de Audiência Pública;Requeiro, nos termos regimentais, seja votado extrapauta, o requerimento do Deputado Zonta, que trata de acordos internacionais.;;;2005-10-19T14:07:00;;2005-10-19T10:00:00;Aprovação de Proposição Interna;Arquivada;Proposição Sujeita à Apreciação Conclusiva pelas Comissões(Art. 24, II, do RICD);
303386;74813.0;Ronaldo Caiado;PFL;GO;1;1;2005;RONALDO CAIADO;REQ;398;2005;Requerimento;Solicita realização de Seminário - UM ALERTA À NAÇÃO - para discutir a crise e seus reflexos na agropecuária, uma visão de futuro para a agricultura e a criação de uma Agência Reguladora para o Agronegócio Brasileiro.;;;2005-10-18T08:55:00;https://www.camara.leg.br/proposicoesWeb/prop_mostrarintegra?codteor=348067;2005-10-19T10:00:00;Aprovação de Proposição Interna;Arquivada;Indefinida;
303381;74813.0;Ronaldo Caiado;PFL;GO;1;1;2005;RONALDO CAIADO;REQ;397;2005;Requerimento de Convocação de Ministro de Estado na Comissão (art. 50, CF);Solicita seja convocado o Ministro da Saúde, Deputado Saraiva Felipe, para prestar esclarecimentos sobre as providências que estão sendo tomadas para evitar que a gripe aviária chegue ao Brasil.;;;2005-10-17T18:44:00;https://www.camara.leg.br/proposicoesWeb/prop_mostrarintegra?codteor=348050;2005-10-19T10:00:00;Aprovação de Proposição Interna;Arquivada;Proposição Sujeita à Apreciação Conclusiva pelas Comissões(Art. 24, II, do RICD);
303380;74813.0;Ronaldo Caiado;PFL;GO;1;1;2005;RONALDO CAIADO;REQ;396;2005;Requerimento de Convocação de Ministro de Estado na Comissão (art. 50, CF);Solicita sejam convocados o Ministro da Fazenda, Dr. Antônio Palocci, e o Ministro da Agricultura, Pecuária e Abastecimento, Dr. Roberto Rodrigues, para prestar esclarecimentos sobre o surto de febre aftosa no Estado de Mato Grosso do Sul.;;;2005-10-17T18:42:00;https://www.camara.leg.br/proposicoesWeb/prop_mostrarintegra?codteor=348048;2005-10-19T10:00:00;Aprovação de Proposição Interna;Arquivada;Proposição Sujeita à Apreciação Conclusiva pelas Comissões(Art. 24, II, do RICD);
298247;74813.0;Ronaldo Caiado;PFL;GO;45;0;2005;RONALDO CAIADO;PEC;452;2005;Proposta de Emenda à Constituição;Acrescenta parágrafo ao art. 14 e altera a redação do § 4º do art. 55 da Constituição Federal, para dispor sobre a inelegibilidade dos mandatários que tiverem renunciado.;Torna inelegíveis por 8 (oito) anos aqueles que renunciarem a seus mandatos por suspeita ou investigação de atos que ensejem a perda do mandato eletivo. Altera a Constituição Federal de 1988.;Alteração, Constituição Federal, Direitos Políticos, inelegibilidade, cargo eletivo, limite mínimo, prazo, Parlamentar, Deputado Federal, Senador, renúncia, mandato eletivo, investigação, suspeita, denúncia, perda, mandato, falta, quebra, decoro parlamentar, proibição, elegibilidade, candidatura, eleição.;2005-08-25T18:55:48;https://www.camara.leg.br/proposicoesWeb/prop_mostrarintegra?codteor=335876;2008-02-28T00:00:00;Notificações;Arquivada;Proposição Sujeita à Apreciação do Plenário;https://www.camara.leg.br/proposicoesWeb/prop_mostrarintegra?codteor=540622
298051;74813.0;Ronaldo Caiado;PFL;GO;59;0;2005;RONALDO CAIADO;PEC;450;2005;Proposta de Emenda à Constituição;Dá nova redação ao art. 144, criando a Polícia Portuária Federal.;Estabelece  que os Guardas Portuários poderão integrar a Polícia Portuária Federal. Altera a Constituição Federal de 1988.;Alteração, Constituição Federal,  Disposições Constitucionais Transitórias, inclusão, Polícia Portuária Federal, órgãos, Segurança Pública, patrulha, policiamento ostensivo, porto organizado, possibilidade, Guarda Portuário, vinculação, Ministério dos Transportes (1992-2016), limitação, data, nomeação, regulamentação, lei federal, opção, lotação, Polícia.;2005-08-24T17:53:21;https://www.camara.leg.br/proposicoesWeb/prop_mostrarintegra?codteor=335418;2008-02-28T00:00:00;Notificações;Arquivada;Proposição Sujeita à Apreciação do Plenário;https://www.camara.leg.br/proposicoesWeb/prop_mostrarintegra?codteor=540622
297735;74813.0;Ronaldo Caiado;PFL;GO;10;0;2005;RONALDO CAIADO;REC;219;2005;Recurso contra apreciação conclusiva de comissão (Art. 58, § 1º c/c art. 132, § 2º, RICD);"""Contra a apreciação conclusiva das  Comissões sobre o Projeto de Lei nº  6.915/2002"".";;;2005-08-23T18:45:00;https://www.camara.leg.br/proposicoesWeb/prop_mostrarintegra?codteor=334850;2005-11-21T00:00:00;Retirada pelo(a) Autor(a);Arquivada;Proposição Sujeita à Apreciação do Plenário;
297415;74813.0;Ronaldo Caiado;PFL;GO;1;1;2005;RONALDO CAIADO;REQ;373;2005;Requerimento;Requeiro, nos termos regimentais, a realização de Audiência Pública, no Plenário desta Comissão, com a finalidade de debatermos a normatização do Plano de Safra 2005/2006.;;;2005-08-18T16:05:00;https://www.camara.leg.br/proposicoesWeb/prop_mostrarintegra?codteor=333314;2005-08-24T10:00:00;Aprovação de Proposição Interna;Arquivada;Indefinida;
293849;74813.0;Ronaldo Caiado;PFL;GO;1;1;2005;RONALDO CAIADO;EMC;388;2005;Emenda na Comissão;Dá nova redação ao § 3º do art. 8º da Lei nº 10.925/04.;;;2005-06-22T14:56:00;https://www.camara.leg.br/proposicoesWeb/prop_mostrarintegra?codteor=323294;2005-06-22T14:56:00;Apresentação de Proposição;;Indefinida;https://www.camara.leg.br/proposicoesWeb/prop_mostrarintegra?codteor=323294
292608;74813.0;Ronaldo Caiado;PFL;GO;65;0;2005;RONALDO CAIADO;PEC;436;2005;Proposta de Emenda à Constituição;Dá nova redação aos dispositivos que menciona, estabelecendo a idade de setenta e cinco anos para a aposentadoria compulsória no serviço público.;Estabelece  a idade máxima de 70 (setenta) anos para o ingresso de Ministros nos Tribunais Superiores, (STF, STJ e TST).;Administração Pública, aumento, limite de idade, concessão, aposentadoria compulsória, servidor público civil, limite máximo, idade, escolha, ingresso, Ministros, Supremo Tribunal Federal (STF), Superior Tribunal de Justiça (STJ), Tribunal Superior do Trabalho (TST), Tribunais Superiores.;2005-06-30T16:23:21;https://www.camara.leg.br/proposicoesWeb/prop_mostrarintegra?codteor=320571;2015-03-19T09:46:00;Desarquivamento a Pedido;Arquivada;Proposição Sujeita à Apreciação do Plenário;https://www.camara.leg.br/proposicoesWeb/prop_mostrarintegra?codteor=1310903
292416;74813.0;Ronaldo Caiado;PFL;GO;42;0;2005;RONALDO CAIADO;PEC;429;2005;Proposta de Emenda à Constituição;Dá nova redação ao § 3º do art. 77 da Constituição Federal;"Estabelece que em caso de diferença de voto igual ou superior a 20% (vinte por cento) dos votos válidos entre os candidatos será considerado eleito o candidato mais votado, dispensa a convocação do eleitor para o segundo turno de votação; altera a Constituição Federal de 1988.";Alteração, Constituição Federal, Executivo, normas, critérios, eleições, Presidente da República, Vice-Presidente da República, Governador, Prefeito, processo eleitoral, sistema majoritário, eleição, inexistência, maioria absoluta, votação, candidato, primeiro turno, dispensa, convocação, realização, segundo turno, existência, percentagem, superioridade, diferença, voto válido.;2005-06-29T18:16:08;https://www.camara.leg.br/proposicoesWeb/prop_mostrarintegra?codteor=320223;2008-02-28T00:00:00;Notificações;Arquivada;Proposição Sujeita à Apreciação do Plenário;https://www.camara.leg.br/proposicoesWeb/prop_mostrarintegra?codteor=540622
291906;74813.0;Ronaldo Caiado;PFL;GO;1;1;2005;RONALDO CAIADO;PL;5507;2005;Projeto de Lei;Dispõe sobre a repactuação e o alongamento de dívidas originárias de operações de crédito rural, altera a Lei nº 10.437, de 25 de abril de 2002, e dá outras providências.;Incluindo como beneficiário da renegociação de dívidas das operações de crédito rural o produtor rural amparado pelo Programa de Revitalização de Cooperativas de Produção Agropecuária,  FUNCAFÉ, PRODECER II, PROGER RURAL, PESA, e outros.;"Critérios, prorrogação, prazo, pagamento, prestações vencidas, prestações vincendas, repactuação, dívida, crédito rural, produtor rural, atualização monetária, saldo devedor,  manutenção, bônus, adimplência, fixação, percentual, desconto, autorização, instituição financeira, bancos, Sistema Nacional de Crédito Rural, financiamento, aquisição, título, certificado, Tesouro Nacional, securitização.  
_ Alteração, lei federal, redução, limite máximo, taxas, juros, autorização, prorrogação, prestações vincendas, prestações vencidas, contrato, Programa de Revitalização de Cooperativas de Produção Agropecuária, (FUNCAFÉ), agente financeiro, Sistema Nacional de Crédito Rural, Programa de Desenvolvimento dos Cerrados, recursos públicos, (FNO), (FCO), renegociação, dívida, crédito rural, agricultor familiar, pequeno produtor rural, mini produtor rural, cooperativa rural, associações, autorização, reavaliação, substituição, garantia, titularidade, transferência, imóvel rural, solicitação, mutuário, desconto, pagamento antecipado, parcela.";2005-06-27T14:28:00;https://www.camara.leg.br/proposicoesWeb/prop_mostrarintegra?codteor=319077;2017-11-23T00:00:00;Arquivamento;Arquivada;Proposição Sujeita à Apreciação Conclusiva pelas Comissões - Art. 24 II;https://www.camara.leg.br/proposicoesWeb/prop_mostrarintegra?codteor=1633563
290189;74813.0;Ronaldo Caiado;PFL;GO;1;1;2005;RONALDO CAIADO;EML;5;2005;Emenda à LDO;EMENTA: Garantir a efetiva operacionalização e cobertura do seguro rural na produção. PROGRAMA: 0365 - Minimização de Riscos no Agronegócio. AÇÃO: 099F - Concessão de Subvenção Econômica ao Prêmio do Seguro Rural (Lei nº 10.823, de 2003);;;2005-06-15T14:48:00;https://www.camara.leg.br/proposicoesWeb/prop_mostrarintegra?codteor=411981;2005-06-15T10:00:00;Aprovação de Proposição Interna;Arquivada;Indefinida;
290160;74813.0;Ronaldo Caiado;PFL;GO;1;1;2005;RONALDO CAIADO;REQ;356;2005;Requerimento;"Requeremos, nos termos do art. 52, § 5º, do Regimento Interno, ouvido o Plenário desta Comissão, a votação extrapauta do Requerimento de autoria do Deputado Ronaldo Caiado, que solicita seja apreciada nesta data a sugestão de emenda à LDO: ""Seguro Rural"".";;;2005-06-15T14:23:00;;2005-06-15T10:00:00;Aprovação de Proposição Interna;Arquivada;Indefinida;
288670;74813.0;Ronaldo Caiado;PFL;GO;44;0;2005;RONALDO CAIADO;EMC;1;2005;Emenda na Comissão;Dá nova redação ao § 1º do art. 1º da PEC 548/02;;;2005-06-08T17:40:00;https://www.camara.leg.br/proposicoesWeb/prop_mostrarintegra?codteor=313070;2005-06-08T17:40:00;Apresentação de Proposição;;Indefinida;https://www.camara.leg.br/proposicoesWeb/prop_mostrarintegra?codteor=313070
288628;74813.0;Ronaldo Caiado;PFL;GO;5;0;2005;RONALDO CAIADO;REQ;349;2005;Requerimento;Requer a inclusão do Requerimento que trata da realização de Audiência Pública da Comissão de Agricultura da Câmara dos Deputados, para tratar de assuntos referentes à liberação de livre comércio de defensivos agrícolas.;;;2005-06-08T16:27:00;;2005-06-08T10:00:00;Aprovação de Proposição Interna;Arquivada;Indefinida;
287082;74813.0;Ronaldo Caiado;PFL;GO;51;0;2005;RONALDO CAIADO;PEC;400;2005;Proposta de Emenda à Constituição;Revoga o § 6º do art. 62 da Constituição Federal, que dispõe sobre o regime de urgência na apreciação de Medidas Provisórias.;Extingue o regime de urgência na tramitação das Medidas Provisórias, especialmente no que concerne ao trancamento da pauta de deliberações do Congresso Nacional. Altera a Constituição Federal de 1988.;Alteração, Constituição Federal, Processo Legislativo, revogação, dispositivos, sobrestamento, pauta, Plenário, Câmara dos Deputados, Senado, apreciação, Medida Provisória, regime de urgência.;2005-05-25T15:30:00;https://www.camara.leg.br/proposicoesWeb/prop_mostrarintegra?codteor=309309;2015-03-19T09:46:00;Desarquivamento a Pedido;Arquivada;Proposição Sujeita à Apreciação do Plenário;https://www.camara.leg.br/proposicoesWeb/prop_mostrarintegra?codteor=1310903
284989;74813.0;Ronaldo Caiado;PFL;GO;1;1;2005;RONALDO CAIADO;PL;5194;2005;Projeto de Lei;Determina que frigoríficos com registro no Serviço de Inspeção Federal (SIF) informem, diariamente, ao Ministério da Agricultura, Pecuária e Abastecimento os preços, quantidades e outras características dos bovinos adquiridos para abate.;;Obrigatoriedade, frigorífico, informações, Ministério da Agricultura, Pecuária e Abastecimento, comercialização, compra e venda, gado de corte, rebanho, bovino, preço, arroba, peso, quantidade, data, venda, animal, identificação, vendedor, garantia, sigilo, penalidade, infrator.;2005-05-11T14:39:28;https://www.camara.leg.br/proposicoesWeb/prop_mostrarintegra?codteor=305205;2019-01-31T23:59:59;Saída de Relator(a) da Comissão - Com Parecer Apresentado;Aguardando Designação de Relator(a);Proposição Sujeita à Apreciação Conclusiva pelas Comissões - Art. 24 II;
284988;74813.0;Ronaldo Caiado;PFL;GO;1;1;2005;RONALDO CAIADO;PL;5193;2005;Projeto de Lei;Altera as Leis nº 1.283, de 18 de dezembro de 1950, tornando obrigatória a renovação semestral do registro de inspeção sanitária de estabelecimentos industriais e nº 8.212, de 24 de julho de 1991, tornando obrigatória a apresentação de Certidão Negativa de Débito, para renovação do registro.;;"Alteração, lei federal, inspeção sanitária, inspeção industrial, produto animal, obrigatoriedade, estabelecimento industrial, entreposto, renovação, revalidação, registro, período, semestre.  
_ Alteração, Lei Orgânica da Seguridade Social, obrigatoriedade, apresentação, Certidão Negativa, Débito Previdenciário, revalidação, renovação, registro, inspeção sanitária, empresa, estabelecimento industrial, entreposto, produto animal.";2005-05-11T14:38:09;https://www.camara.leg.br/proposicoesWeb/prop_mostrarintegra?codteor=305204;2015-08-31T00:00:00;Devolução à CCP;Arquivada;Proposição Sujeita à Apreciação Conclusiva pelas Comissões - Art. 24 II;
284347;74813.0;Ronaldo Caiado;PFL;GO;1;1;2005;RONALDO CAIADO;REQ;2825;2005;Requerimento de Redistribuição;Requeremos, nos termos regimentais, inclusão deste Órgão Técnico para apreciar o PL nº 1.154/1995.;;;2005-05-04T14:53:00;https://www.camara.leg.br/proposicoesWeb/prop_mostrarintegra?codteor=303659;2005-05-04T14:53:00;Apresentação de Proposição;Arquivada;Indefinida;https://www.camara.leg.br/proposicoesWeb/prop_mostrarintegra?codteor=303659
284319;74813.0;Ronaldo Caiado;PFL;GO;46;0;2005;RONALDO CAIADO;PEC;394;2005;Proposta de Emenda à Constituição;Inclui a expressão jovem na denominação do Capítulo VII, e dá nova redação ao art. 227.;"Inclui o termo ""jovem"" no artigo 227 da Constituição Federal de 1988; incentiva  a criação de unidades de referência juvenil, com pessoal especializado na área de Hebiatria, dentre outras políticas públicas para a juventude.";Alteração, Constituição Federal, inclusão, deveres, sociedade, Estado, políticas públicas, proteção, garantia, acesso, jovem, trabalhador, escola pública, criação, unidade de saúde, assistência médica, tratamento médico, viciado em drogas, portador, vírus, (AIDS).;2005-05-04T14:25:00;https://www.camara.leg.br/proposicoesWeb/prop_mostrarintegra?codteor=303609;2015-03-19T09:46:00;Desarquivamento a Pedido;Arquivada;Proposição Sujeita à Apreciação do Plenário;https://www.camara.leg.br/proposicoesWeb/prop_mostrarintegra?codteor=1310903
282167;74813.0;Ronaldo Caiado;PFL;GO;1;1;2005;RONALDO CAIADO;REQ;326;2005;Requerimento;Solicita realização de Encontro para discutir a situação orçamentária e financeira do Ministério da Agricultura, Pecuária, Abastecimento e Desenvolvimento Rural (MAPA) e a crise atual do setor agropecuário.;;;2005-04-15T10:42:00;https://www.camara.leg.br/proposicoesWeb/prop_mostrarintegra?codteor=296561;2005-04-27T00:00:00;Providência Interna;Arquivada;Indefinida;
282147;74813.0;Ronaldo Caiado;PFL;GO;1;1;2005;RONALDO CAIADO;REQ;325;2005;Requerimento;Solicita realização de Audiência Pública para discutir as recentes decisões da Organização Mundial do Comércio (OMC)  da vitória do Brasil contra os subsídios americanos aos produtores de algodão.;;;2005-04-15T10:41:00;https://www.camara.leg.br/proposicoesWeb/prop_mostrarintegra?codteor=296540;2005-04-20T10:00:00;Aprovação de Proposição Interna;Arquivada;Indefinida;
281086;74813.0;Ronaldo Caiado;PFL;GO;59;0;2005;RONALDO CAIADO;PEC;384;2005;Proposta de Emenda à Constituição;Acrescenta o art. 62-A ao texto constitucional, limitando a três o número de Medidas Provisórias que poderão tramitar conjuntamente no Congresso Nacional.;Altera a Constituição Federal de 1988.;Alteração, Constituição Federal, Processo Legislativo, proibição, Presidente da República, remessa, Congresso Nacional, edição, Medida Provisória, ausência, conclusão, apreciação, limite máximo, quantidade, tramitação, ressalva, guerra, calamidade pública.;2005-04-07T17:18:13;https://www.camara.leg.br/proposicoesWeb/prop_mostrarintegra?codteor=293328;2015-03-19T09:46:00;Desarquivamento a Pedido;Arquivada;Proposição Sujeita à Apreciação do Plenário;https://www.camara.leg.br/proposicoesWeb/prop_mostrarintegra?codteor=1310903
279916;74813.0;Ronaldo Caiado;PFL;GO;1;1;2005;RONALDO CAIADO;REQ;319;2005;Requerimento;Requer, nos termos regimentais, sejam constituídas novas subcomissões neste Órgão Técnico.;;;2005-03-30T15:25:00;https://www.camara.leg.br/proposicoesWeb/prop_mostrarintegra?codteor=289676;2005-03-30T15:25:00;Apresentação de Proposição;Arquivada;Indefinida;https://www.camara.leg.br/proposicoesWeb/prop_mostrarintegra?codteor=289676
279859;74813.0;Ronaldo Caiado;PFL;GO;225;0;2005;RONALDO CAIADO;PRC;223;2005;Projeto de Resolução;Institui a Comissão Parlamentar de Inquérito destinada a investigar e apurar a arrecadação e destinação de verbas referentes a direitos autorais principalmente no que se refere à atuação do Escritório Central de Arrecadação e Distribuição - ECAD.;;Criação, (CPI), investigação, arrecadação, destinação, verba, recursos financeiros, direito autoral, atuação, (ECAD).;2005-03-30T14:51:39;https://www.camara.leg.br/proposicoesWeb/prop_mostrarintegra?codteor=289619;2015-03-19T09:46:00;Desarquivamento a Pedido;Arquivada;Proposição Sujeita à Apreciação do Plenário;https://www.camara.leg.br/proposicoesWeb/prop_mostrarintegra?codteor=1310903
278757;74813.0;Ronaldo Caiado;PFL;GO;44;0;2005;RONALDO CAIADO;PDC;1573;2005;Projeto de Decreto Legislativo de Referendo ou Plebiscito;Autoriza referendo acerca da comercialização de arma de fogo e munição em Território Nacional, a se realizar no primeiro domingo do mês de outubro de 2006.;Aplica a Lei nº 10.826, de 2003.;Autorização,Tribunal Superior Eleitoral  (TSE),   referendo, comercialização, arma de fogo, munição.   aprovação, eleitor, aplicação, Estatuto do Desarmamento.;2005-03-16T21:05:00;https://www.camara.leg.br/proposicoesWeb/prop_mostrarintegra?codteor=285960;2005-07-07T00:00:00;Arquivamento;Arquivada;Proposição Sujeita à Apreciação do Plenário;
278672;74813.0;Ronaldo Caiado;PFL;GO;179;0;2005;RONALDO CAIADO;RCP;55;2005;Requerimento de Instituição de CPI;Requer a criação de Comissão Parlamentar de Inquérito, com a finalidade de investigar denúncias de financiamento de Campanha Eleitoral de 2002 do Partido dos Trabalhadores por parte das FARCS (Forças Armadas Revolucionárias da Colômbia).;;Criação, (CPI), investigação, denúncia, financiamento, eleição, campanha eleitoral, candidato, partido político, (PT), grupo, guerrilha, País Estrangeiro, Colômbia.;2005-03-16T18:01:56;https://www.camara.leg.br/proposicoesWeb/prop_mostrarintegra?codteor=285786;2015-03-19T09:46:00;Desarquivamento a Pedido;Arquivada;Indefinida;https://www.camara.leg.br/proposicoesWeb/prop_mostrarintegra?codteor=1310903
278478;74813.0;Ronaldo Caiado;PFL;GO;1;1;2005;RONALDO CAIADO;REQ;305;2005;Requerimento;Requer seja solicitada à Secretaria de Direito Econômico do Ministério da Justiça investigação de formação de cartel por parte das grandes indústrias frigoríficas.;;;2005-03-16T11:26:00;https://www.camara.leg.br/proposicoesWeb/prop_mostrarintegra?codteor=285282;2005-04-06T00:00:00;Providência Interna;Arquivada;Indefinida;
278477;74813.0;Ronaldo Caiado;PFL;GO;1;1;2005;RONALDO CAIADO;REQ;304;2005;Requerimento;"Requeremos nos termos do art. 52, § 5º , do Regimento Interno, ouvido o Plenário desta Comissão, a votação extrapauta do Requerimento de autoria do Deputado Ronaldo Caiado e outros, que ""Requer seja solicitada à Secretaria de Direito Econômico do Ministério da Justiça investigação de formação de cartel por parte das grandes indústrias frigoríficas"".";;;2005-03-16T11:21:00;https://www.camara.leg.br/proposicoesWeb/prop_mostrarintegra?codteor=285281;2005-03-16T10:00:00;Aprovação de Proposição Interna;Arquivada;Indefinida;
278414;74813.0;Ronaldo Caiado;PFL;GO;2;1;2005;RONALDO CAIADO;REQ;2608;2005;Requerimento de Redistribuição;Requeremos nos termos regimentais, inclusão deste Órgão Técnico para apreciar o PL nº 4.776/2005.;;;2005-03-15T19:06:00;https://www.camara.leg.br/proposicoesWeb/prop_mostrarintegra?codteor=285151;2005-03-15T19:06:00;Apresentação de Proposição;Arquivada;Indefinida;https://www.camara.leg.br/proposicoesWeb/prop_mostrarintegra?codteor=285151
277502;74813.0;Ronaldo Caiado;PFL;GO;2;0;2005;RONALDO CAIADO;EMP;107;2005;Emenda de Plenário;Dispõe sobre a gestão de florestas públicas para produção sustentável, institui, na estrutura do Ministério do Meio Ambiente, o Serviço Florestal Brasileiro - SFB, cria o Fundo Nacional de DesenvolvimentoFlorestal - FNDF, e dá outras providencias;;;2005-03-07T20:10:00;https://www.camara.leg.br/proposicoesWeb/prop_mostrarintegra?codteor=282042;2005-03-07T20:10:00;Apresentação de Proposição;;Indefinida;https://www.camara.leg.br/proposicoesWeb/prop_mostrarintegra?codteor=282042
277501;74813.0;Ronaldo Caiado;PFL;GO;2;0;2005;RONALDO CAIADO;EMP;106;2005;Emenda de Plenário;Dispõe sobre a gestão de florestas públicas para produção sustentável, institui, na estrutura do Ministério do Meio Ambiente, o Serviço Florestal Brasileiro - SFB, cria o Fundo Nacional de DesenvolvimentoFlorestal - FNDF, e dá outras providencias.;;;2005-03-07T20:09:00;https://www.camara.leg.br/proposicoesWeb/prop_mostrarintegra?codteor=282041;2005-03-07T20:09:00;Apresentação de Proposição;;Indefinida;https://www.camara.leg.br/proposicoesWeb/prop_mostrarintegra?codteor=282041
277046;74813.0;Ronaldo Caiado;PFL;GO;1;1;2005;RONALDO CAIADO;EMC;557;2005;Emenda na Comissão;Dá nova redação ao artigo 30 da Lei nº 11.051, de 29 de dezembro de 2004.;;;2005-02-16T17:28:00;https://www.camara.leg.br/proposicoesWeb/prop_mostrarintegra?codteor=279967;2005-02-16T17:28:00;Apresentação de Proposição;;Indefinida;https://www.camara.leg.br/proposicoesWeb/prop_mostrarintegra?codteor=279967
277020;74813.0;Ronaldo Caiado;PFL;GO;1;1;2005;RONALDO CAIADO;EMC;499;2005;Emenda na Comissão;Acrescenta, onde couber, novo artigo na presente Medida Provisória.;;;2005-02-16T17:08:00;https://www.camara.leg.br/proposicoesWeb/prop_mostrarintegra?codteor=279955;2005-02-16T17:08:00;Apresentação de Proposição;;Indefinida;https://www.camara.leg.br/proposicoesWeb/prop_mostrarintegra?codteor=279955
276959;74813.0;Ronaldo Caiado;PFL;GO;1;1;2005;RONALDO CAIADO;EMC;520;2005;Emenda na Comissão;Acrescenta artigo à MP;;;2005-02-16T15:44:00;https://www.camara.leg.br/proposicoesWeb/prop_mostrarintegra?codteor=279850;2005-02-16T15:44:00;Apresentação de Proposição;;Indefinida;https://www.camara.leg.br/proposicoesWeb/prop_mostrarintegra?codteor=279850
276689;74813.0;Ronaldo Caiado;PFL;GO;1;1;2005;RONALDO CAIADO;EMC;287;2005;Emenda na Comissão;Adiciona parágrafos ao artigo 7º da presente Medida Provisória;;;2005-02-16T20:54:00;https://www.camara.leg.br/proposicoesWeb/prop_mostrarintegra?codteor=279341;2005-02-16T20:54:00;Apresentação de Proposição;;Indefinida;https://www.camara.leg.br/proposicoesWeb/prop_mostrarintegra?codteor=279341
276649;74813.0;Ronaldo Caiado;PFL;GO;1;1;2005;RONALDO CAIADO;EMC;235;2005;Emenda na Comissão;Adiciona parágrafo ao artigo 6º da presente Medida Provisória;;;2005-02-16T20:36:00;https://www.camara.leg.br/proposicoesWeb/prop_mostrarintegra?codteor=279249;2005-02-16T20:36:00;Apresentação de Proposição;;Indefinida;https://www.camara.leg.br/proposicoesWeb/prop_mostrarintegra?codteor=279249
276621;74813.0;Ronaldo Caiado;PFL;GO;1;1;2005;RONALDO CAIADO;EMC;214;2005;Emenda na Comissão;Suprime o artigo 6º da presente Medida Provisória.;;;2005-02-16T20:19:00;https://www.camara.leg.br/proposicoesWeb/prop_mostrarintegra?codteor=279211;2005-02-16T20:19:00;Apresentação de Proposição;;Indefinida;https://www.camara.leg.br/proposicoesWeb/prop_mostrarintegra?codteor=279211
276620;74813.0;Ronaldo Caiado;PFL;GO;1;1;2005;RONALDO CAIADO;EMC;213;2005;Emenda na Comissão;Suprime o artigo 6º da presente Medida Provisória.;;;2005-02-21T20:19:00;https://www.camara.leg.br/proposicoesWeb/prop_mostrarintegra?codteor=279209;2005-02-21T20:19:00;Apresentação de Proposição;;Indefinida;https://www.camara.leg.br/proposicoesWeb/prop_mostrarintegra?codteor=279209
276561;74813.0;Ronaldo Caiado;PFL;GO;1;1;2005;RONALDO CAIADO;EMC;144;2005;Emenda na Comissão;Dá nova redação ao inc. VI do art. 10;;;2005-02-16T18:20:00;https://www.camara.leg.br/proposicoesWeb/prop_mostrarintegra?codteor=278919;2005-02-16T18:20:00;Apresentação de Proposição;;Indefinida;https://www.camara.leg.br/proposicoesWeb/prop_mostrarintegra?codteor=278919
276557;74813.0;Ronaldo Caiado;PFL;GO;1;1;2005;RONALDO CAIADO;EMC;143;2005;Emenda na Comissão;Dá nova redação ao inc. VI do art. 10;;;2005-02-16T18:18:00;https://www.camara.leg.br/proposicoesWeb/prop_mostrarintegra?codteor=278827;2005-02-16T18:18:00;Apresentação de Proposição;;Indefinida;https://www.camara.leg.br/proposicoesWeb/prop_mostrarintegra?codteor=278827
276555;74813.0;Ronaldo Caiado;PFL;GO;1;1;2005;RONALDO CAIADO;EMC;142;2005;Emenda na Comissão;Dá nova redação ao inc. VI do art. 10;;;2005-02-16T18:16:00;https://www.camara.leg.br/proposicoesWeb/prop_mostrarintegra?codteor=278826;2005-02-16T18:16:00;Apresentação de Proposição;;Indefinida;https://www.camara.leg.br/proposicoesWeb/prop_mostrarintegra?codteor=278826
276553;74813.0;Ronaldo Caiado;PFL;GO;1;1;2005;RONALDO CAIADO;EMC;141;2005;Emenda na Comissão;Dá nova redação aos arts. 30 e 32;;;2005-02-16T18:15:00;https://www.camara.leg.br/proposicoesWeb/prop_mostrarintegra?codteor=278825;2005-02-16T18:15:00;Apresentação de Proposição;;Indefinida;https://www.camara.leg.br/proposicoesWeb/prop_mostrarintegra?codteor=278825
276550;74813.0;Ronaldo Caiado;PFL;GO;1;1;2005;RONALDO CAIADO;EMC;140;2005;Emenda na Comissão;Dá nova redação ao art. 5º;;;2005-02-16T18:13:00;https://www.camara.leg.br/proposicoesWeb/prop_mostrarintegra?codteor=278824;2005-02-16T18:13:00;Apresentação de Proposição;;Indefinida;https://www.camara.leg.br/proposicoesWeb/prop_mostrarintegra?codteor=278824
276546;74813.0;Ronaldo Caiado;PFL;GO;1;1;2005;RONALDO CAIADO;EMC;139;2005;Emenda na Comissão;Dá nova redação aos arts. 30 e 32;;;2005-02-16T18:12:00;https://www.camara.leg.br/proposicoesWeb/prop_mostrarintegra?codteor=278819;2005-02-16T18:12:00;Apresentação de Proposição;;Indefinida;https://www.camara.leg.br/proposicoesWeb/prop_mostrarintegra?codteor=278819
276542;74813.0;Ronaldo Caiado;PFL;GO;1;1;2005;RONALDO CAIADO;EMC;138;2005;Emenda na Comissão;Dá nova redação ao art. 3º;;;2005-02-16T18:11:00;https://www.camara.leg.br/proposicoesWeb/prop_mostrarintegra?codteor=278745;2005-02-16T18:11:00;Apresentação de Proposição;;Indefinida;https://www.camara.leg.br/proposicoesWeb/prop_mostrarintegra?codteor=278745
276474;74813.0;Ronaldo Caiado;PFL;GO;1;1;2005;RONALDO CAIADO;EMC;448;2005;Emenda na Comissão;Suprime o artigo 11 da presente Medida Provisória.;;;2005-02-21T17:32:00;https://www.camara.leg.br/proposicoesWeb/prop_mostrarintegra?codteor=278585;2005-02-21T17:32:00;Apresentação de Proposição;;Indefinida;https://www.camara.leg.br/proposicoesWeb/prop_mostrarintegra?codteor=278585
276269;74813.0;Ronaldo Caiado;PFL;GO;1;1;2005;RONALDO CAIADO;EMC;17;2005;Emenda na Comissão;Altera a Legislação Tributária Federal e dá outras providências.;;;2005-02-18T12:18:00;https://www.camara.leg.br/proposicoesWeb/prop_mostrarintegra?codteor=278065;2005-02-18T12:18:00;Apresentação de Proposição;;Indefinida;https://www.camara.leg.br/proposicoesWeb/prop_mostrarintegra?codteor=278065
276144;74813.0;Ronaldo Caiado;PFL;GO;1;1;2005;RONALDO CAIADO;EMC;23;2005;Emenda na Comissão;Institui, no âmbito da Secretaria-Geral da Presidência da República, o Programa Nacional de Inclusão de Jovens - ProJovem, cria o Conselho Nacional de Juventude - CNJ e cargos em comissão, e dá outras providências.;;;2005-02-20T17:50:00;https://www.camara.leg.br/proposicoesWeb/prop_mostrarintegra?codteor=277559;2005-02-20T17:50:00;Apresentação de Proposição;;Indefinida;https://www.camara.leg.br/proposicoesWeb/prop_mostrarintegra?codteor=277559
276115;74813.0;Ronaldo Caiado;PFL;GO;1;1;2005;RONALDO CAIADO;EMC;14;2005;Emenda na Comissão;Institui, no âmbito da Secretaria-Geral da Presidência da República, o Programa Nacional de Inclusão de Jovens - ProJovem, cria o Conselho Nacional de Juventude - CNJ e cargos em comissão, e dá outras providências.;;;2005-02-20T17:32:00;https://www.camara.leg.br/proposicoesWeb/prop_mostrarintegra?codteor=277536;2005-02-20T17:32:00;Apresentação de Proposição;;Indefinida;https://www.camara.leg.br/proposicoesWeb/prop_mostrarintegra?codteor=277536
276091;74813.0;Ronaldo Caiado;PFL;GO;1;1;2005;RONALDO CAIADO;EMC;9;2005;Emenda na Comissão;Institui, no âmbito da Secretaria-Geral da Presidência da República, o Programa Nacional de Inclusão de Jovens - ProJovem, cria o Conselho Nacional de Juventude - CNJ e cargos em comissão, e dá outras providências.;;;2005-02-20T16:57:00;https://www.camara.leg.br/proposicoesWeb/prop_mostrarintegra?codteor=277518;2005-02-20T16:57:00;Apresentação de Proposição;;Indefinida;https://www.camara.leg.br/proposicoesWeb/prop_mostrarintegra?codteor=277518
276074;74813.0;Ronaldo Caiado;PFL;GO;1;1;2005;RONALDO CAIADO;EMC;6;2005;Emenda na Comissão;Institui, no âmbito da Secretaria-Geral da Presidência da República, o Programa Nacional de Inclusão de Jovens - ProJovem, cria o Conselho Nacional de Juventude - CNJ e cargos em comissão, e dá outras providências.;;;2005-02-20T16:53:00;https://www.camara.leg.br/proposicoesWeb/prop_mostrarintegra?codteor=277513;2005-02-20T16:53:00;Apresentação de Proposição;;Indefinida;https://www.camara.leg.br/proposicoesWeb/prop_mostrarintegra?codteor=277513
276065;74813.0;Ronaldo Caiado;PFL;GO;1;1;2005;RONALDO CAIADO;EMC;5;2005;Emenda na Comissão;Institui, no âmbito da Secretaria-Geral da Presidência da República, o Programa Nacional de Inclusão de Jovens - ProJovem, cria o Conselho Nacional de Juventude - CNJ e cargos em comissão, e dá outras providências.;;;2005-02-20T16:51:00;https://www.camara.leg.br/proposicoesWeb/prop_mostrarintegra?codteor=277512;2005-02-20T16:51:00;Apresentação de Proposição;;Indefinida;https://www.camara.leg.br/proposicoesWeb/prop_mostrarintegra?codteor=277512
276056;74813.0;Ronaldo Caiado;PFL;GO;1;1;2005;RONALDO CAIADO;EMC;3;2005;Emenda na Comissão;Institui, no âmbito da Secretaria-Geral da Presidência da República, o Programa Nacional de Inclusão de Jovens - ProJovem, cria o Conselho Nacional de Juventude - CNJ e cargos em comissão, e dá outras providências.;;;2005-02-20T16:47:00;https://www.camara.leg.br/proposicoesWeb/prop_mostrarintegra?codteor=277507;2005-02-20T16:47:00;Apresentação de Proposição;;Indefinida;https://www.camara.leg.br/proposicoesWeb/prop_mostrarintegra?codteor=277507
276038;74813.0;Ronaldo Caiado;PFL;GO;1;1;2005;RONALDO CAIADO;EMC;12;2005;Emenda na Comissão;Dá nova redação ao Artigo 4º da Medida Provisória nº 237, de 27 de janeiro de 2005.;;;2005-02-21T16:37:00;https://www.camara.leg.br/proposicoesWeb/prop_mostrarintegra?codteor=277533;2005-02-21T16:37:00;Apresentação de Proposição;;Indefinida;https://www.camara.leg.br/proposicoesWeb/prop_mostrarintegra?codteor=277533
276036;74813.0;Ronaldo Caiado;PFL;GO;1;1;2005;RONALDO CAIADO;EMC;11;2005;Emenda na Comissão;Suprime o inciso I constante do parágrafo único do Artigo 4º da Medida Provisória nº 237, de 27 de janeiro de 2005.;;;2005-02-21T16:36:00;https://www.camara.leg.br/proposicoesWeb/prop_mostrarintegra?codteor=277531;2005-02-21T16:36:00;Apresentação de Proposição;;Indefinida;https://www.camara.leg.br/proposicoesWeb/prop_mostrarintegra?codteor=277531
276019;74813.0;Ronaldo Caiado;PFL;GO;1;1;2005;RONALDO CAIADO;EMC;5;2005;Emenda na Comissão;Dá nova redação ao artigo 2º da MP 237/05.;;;2005-02-21T16:30:00;https://www.camara.leg.br/proposicoesWeb/prop_mostrarintegra?codteor=277523;2005-02-21T16:30:00;Apresentação de Proposição;;Indefinida;https://www.camara.leg.br/proposicoesWeb/prop_mostrarintegra?codteor=277523
276005;74813.0;Ronaldo Caiado;PFL;GO;1;1;2005;RONALDO CAIADO;EMC;1;2005;Emenda na Comissão;Dá nova redação ao artigo 1º da MP 237/05.;;;2005-02-21T16:25:00;https://www.camara.leg.br/proposicoesWeb/prop_mostrarintegra?codteor=277517;2005-02-21T16:25:00;Apresentação de Proposição;;Indefinida;https://www.camara.leg.br/proposicoesWeb/prop_mostrarintegra?codteor=277517
275146;74813.0;Ronaldo Caiado;PFL;GO;175;0;2005;RONALDO CAIADO;RCP;53;2005;Requerimento de Instituição de CPI;Solicita a criação de Comissão Parlamentar de Inquérito, com a finalidade de apurar a arrecadação e destinação de verbas referentes a direitos autorais, principalmente no que se refere à atuação do Escritório Central de Arrecadação e Distribuição - ECAD.;Criando a CPI do ECAD.;Criação, (CPI), investigação, apuração, arrecadação, destinação, verba, direito autoral, atuação, (ECAD).;2005-02-16T17:45:00;https://www.camara.leg.br/proposicoesWeb/prop_mostrarintegra?codteor=271193;2015-03-19T09:46:00;Desarquivamento a Pedido;Arquivada;Indefinida;https://www.camara.leg.br/proposicoesWeb/prop_mostrarintegra?codteor=1310903
274976;74813.0;Ronaldo Caiado;PFL;GO;330;0;2005;RONALDO CAIADO;PRC;189;2005;Projeto de Resolução;Institui Comissão Parlamentar de Inquérito destinada a investigar as organizações criminosas, do tráfico de armas.;;Criação, (CPI), investigação, organização criminosa, tráfico, arma de fogo, crime organizado.;2005-02-16T15:35:00;https://www.camara.leg.br/proposicoesWeb/prop_mostrarintegra?codteor=270605;2018-09-17T00:00:00;Notificações;Transformado em Norma Jurídica;Proposição Sujeita à Apreciação do Plenário;
337906;74813.0;Ronaldo Caiado;PFL;GO;48;0;2006;RONALDO CAIADO;PEC;587;2006;Proposta de Emenda à Constituição;Dá nova redação ao art. 45 da Constituição Federal.;Reduz a composição da Câmara dos Deputados para 342 (trezentos e quarenta e dois) deputados federais, com mínimo de 5 (cinco) e o máximo de 65 (sessenta e cinco) Deputados por Estado, e 01 (um) por Território.;Legislativo, redução, quantidade, Deputado Federal, composição, Câmara dos Deputados, eleição proporcional, população, Estados, Distrito Federal, Territórios Federais.;2006-12-07T17:15:03;https://www.camara.leg.br/proposicoesWeb/prop_mostrarintegra?codteor=429224;2015-06-17T00:00:00;Declaração de Prejudicialidade;Arquivada;Proposição Sujeita à Apreciação do Plenário;
337023;74813.0;Ronaldo Caiado;PFL;GO;1;1;2006;RONALDO CAIADO;PRL;1;0;Parecer do Relator;Parecer do Relator, Dep. Ronaldo Caiado, pela rejeição deste.;;;2006-11-29T13:24:00;https://www.camara.leg.br/proposicoesWeb/prop_mostrarintegra?codteor=427483;2006-11-29T13:24:00;Análise Parecer;Arquivada;Indefinida;https://www.camara.leg.br/proposicoesWeb/prop_mostrarintegra?codteor=427483
336156;74813.0;Ronaldo Caiado;PFL;GO;1;1;2006;RONALDO CAIADO;REQ;461;2006;Requerimento;Requeremos, nos termos regimentais, realização de audiência pública, nesta Comissão, para discutir a situação da cadeia produtiva do algodão e derivados no país.;;;2006-11-21T15:03:00;https://www.camara.leg.br/proposicoesWeb/prop_mostrarintegra?codteor=425534;2006-11-29T10:00:00;Aprovação de Proposição Interna;Arquivada;Indefinida;
336152;74813.0;Ronaldo Caiado;PFL;GO;1;1;2006;RONALDO CAIADO;REQ;460;2006;Requerimento;Solicita realização de audiência pública para discutir a invasão da Fazenda Nossa Senhora do Guadalupe, no município de Jataí/GO;;;2006-11-21T14:58:00;https://www.camara.leg.br/proposicoesWeb/prop_mostrarintegra?codteor=425528;2006-11-29T10:00:00;Aprovação de Proposição Interna;Arquivada;Indefinida;
330324;74813.0;Ronaldo Caiado;PFL;GO;39;0;2006;RONALDO CAIADO;PEC;557;2006;Proposta de Emenda à Constituição;Dá nova redação ao inciso VI do art. 29 da Constituição da República.;Autoriza os Vereadores a reajustar seus subsídios na legislatura atual, em andamento. Altera a Constituição Federal de 1988.;Alteração, Constituição Federal, autorização, Câmara Municipal, fixação, reajuste, aumento, subsídio, Vereador, legislatura, andamento.;2006-07-12T12:40:12;https://www.camara.leg.br/proposicoesWeb/prop_mostrarintegra?codteor=409224;2015-03-19T09:46:00;Desarquivamento a Pedido;Arquivada;Proposição Sujeita à Apreciação do Plenário;https://www.camara.leg.br/proposicoesWeb/prop_mostrarintegra?codteor=1310903
329638;74813.0;Ronaldo Caiado;PFL;GO;1;1;2006;RONALDO CAIADO;REQ;452;2006;Requerimento;Solicita realização de encontro para discutir os impactos sociais, a produção e o uso do algodão brasileiro.;;;2006-07-05T10:55:00;https://www.camara.leg.br/proposicoesWeb/prop_mostrarintegra?codteor=407512;2006-11-08T10:00:00;Retirada de Pauta;Arquivada;Indefinida;
328683;74813.0;Ronaldo Caiado;PFL;GO;1;1;2006;RONALDO CAIADO;PL;7254;2006;Projeto de Lei;Altera a exigibilidade bancária para aplicação em crédito rural;Eleva para 30% (trinta por cento) a aplicação em crédito rural incidente sobre a média diária dos depósitos à vista das instituições financeiras.;Alteração, aumento, exigibilidade, aplicação, crédito rural, depósito à vista, instituição financeira, bancos, obrigatoriedade, prorrogação, operação financeira, financiamento rural, autorização, Conselho Monetário Nacional.;2006-06-28T12:26:09;https://www.camara.leg.br/proposicoesWeb/prop_mostrarintegra?codteor=405753;2015-01-31T00:00:00;Arquivamento;Arquivada;Proposição Sujeita à Apreciação Conclusiva pelas Comissões - Art. 24 II;
327991;74813.0;Ronaldo Caiado;PFL;GO;44;0;2006;RONALDO CAIADO;PEC;554;2006;Proposta de Emenda à Constituição;Altera  o art. 131 da Constituição Federal.;Subordina a Advocacia - Geral diretamento à Presidência da República, transfere - lhe a cobrança da dívida ativa da União Federal e o controle interno dos atos e supervisão dos serviços jurídicos da Administração Federal.;"Constituição Federal (1988), Advocacia-Geral da União, representação judicial, consultoria jurídica, União Federal, vinculação, Presidente da República, competência privativa, cobrança judicial, ato extra-judicial, dívida ativa, controle interno, supervisão, serviços jurídicos, Executivo, realização, concurso público, concurso de provas e  títulos, ingresso, cargo de carreira, cargo em comissão, exclusividade, advogado, participação, (OAB).
- Regulamentação, lei complementar, organização, funcionamento, Advocacia - Geral da União, carreira, regime jurídico, advogado.";2006-06-21T10:09:02;https://www.camara.leg.br/proposicoesWeb/prop_mostrarintegra?codteor=404225;2006-09-20T00:00:00;Arquivamento;Arquivada;Proposição Sujeita à Apreciação do Plenário;https://www.camara.leg.br/proposicoesWeb/prop_mostrarintegra?codteor=418067
327990;74813.0;Ronaldo Caiado;PFL;GO;45;0;2006;RONALDO CAIADO;PEC;553;2006;Proposta de Emenda à Constituição;Institui o Sistema de Controle Interno do Poder Executivo.;;Constituição Federal (1988), criação,   controle interno, Poder Executivo, composição, órgão central, administração financeira, Secretaria do Tesouro Nacional, Ministério da Fazenda, orçamento, Secretaria de Orçamento Federal, Ministério do Planejamento, Orçamento e Gestão, contabilidade, auditoria, Controladoria Geral da União, competência, membros, titular, nomeação, Presidente da República, critérios, cargo de confiança, transferência, organização administrativa, (CISET), assessoria especial.;2006-06-21T10:07:50;https://www.camara.leg.br/proposicoesWeb/prop_mostrarintegra?codteor=404224;2007-01-31T00:00:00;Arquivamento;Arquivada;Proposição Sujeita à Apreciação do Plenário;https://www.camara.leg.br/proposicoesWeb/prop_mostrarintegra?codteor=473071
327443;74813.0;Ronaldo Caiado;PFL;GO;1;1;2006;RONALDO CAIADO;RIC;3973;2006;Requerimento de Informação;Solicita informações sobre recursos orçamentários e financeiros destinados a organizações de  trabalhadores rurais e a movimentos de trabalhadores sem-terra.;;;2006-06-13T11:18:38;https://www.camara.leg.br/proposicoesWeb/prop_mostrarintegra?codteor=402854;2007-01-17T00:00:00;Decisão da Presidência;Arquivada;Indefinida;
327300;74813.0;Ronaldo Caiado;PFL;GO;1;1;2006;RONALDO CAIADO;RIC;3969;2006;Requerimento de Informação;Solicita informações sobre recursos orçamentários e financeiros destinados a organizações de  trabalhadores rurais e a movimentos de trabalhadores sem-terra.;;;2006-06-08T17:10:38;https://www.camara.leg.br/proposicoesWeb/prop_mostrarintegra?codteor=402371;2007-01-17T00:00:00;Decisão da Presidência;Arquivada;Indefinida;
326914;74813.0;Ronaldo Caiado;PFL;GO;50;0;2006;RONALDO CAIADO;PEC;551;2006;Proposta de Emenda à Constituição;Acrescenta inciso ao art. 55 da Constituição Federal, estabelecendo perda de mandato ao Deputado que durante o  seu exercício  transferir  seu domicílio eleitoral.;;Constituição Federal (1988) , Poder  Legislativo, perda de mandato parlamentar, Deputado Federal, transferência, domicílio eleitoral, exercício, mandato eletivo.;2006-06-06T19:03:59;https://www.camara.leg.br/proposicoesWeb/prop_mostrarintegra?codteor=401571;2011-01-31T00:00:00;Arquivamento;Arquivada;Proposição Sujeita à Apreciação do Plenário;https://www.camara.leg.br/proposicoesWeb/prop_mostrarintegra?codteor=850547
326241;74813.0;Ronaldo Caiado;PFL;GO;4;0;2006;RONALDO CAIADO;REQ;4042;2006;Requerimento de Urgência (Art. 155 do RICD);Requer urgência, art. 155 do Regimento Interno, na apreciação do PDC 2.216/2006;;;2006-05-31T12:18:00;https://www.camara.leg.br/proposicoesWeb/prop_mostrarintegra?codteor=399770;2006-11-23T00:00:00;Aprovação de Proposição em Plenário;Tramitação Finalizada;Indefinida;https://www.camara.leg.br/proposicoesWeb/prop_mostrarintegra?codteor=450252
322687;74813.0;Ronaldo Caiado;PFL;GO;1;1;2006;RONALDO CAIADO;REQ;436;2006;Requerimento;Solicita realização de audiência pública para discutir a relação entre a imprensa e o agronegócio brasileiro;;;2006-05-02T18:06:00;https://www.camara.leg.br/proposicoesWeb/prop_mostrarintegra?codteor=391646;2006-05-03T10:00:00;Aprovação de Proposição Interna;Arquivada;Indefinida;
321516;74813.0;Ronaldo Caiado;PFL;GO;3;0;2006;RONALDO CAIADO;EMP;81;2006;Emenda de Plenário;Apresenta emenda ao PROJETO DE LEI 6852, de 2006, que Altera as Leis nos 8.212 e 8.213, ambas de 24 de julho de 1991, e dá outras providências.;;;2006-04-19T16:29:00;https://www.camara.leg.br/proposicoesWeb/prop_mostrarintegra?codteor=389807;2006-04-19T16:29:00;Apresentação de Proposição;;Indefinida;https://www.camara.leg.br/proposicoesWeb/prop_mostrarintegra?codteor=389807
321515;74813.0;Ronaldo Caiado;PFL;GO;3;0;2006;RONALDO CAIADO;EMP;80;2006;Emenda de Plenário;Apresenta emenda ao PROJETO DE LEI 6852, de 2006, que Altera as Leis nos 8.212 e 8.213, ambas de 24 de julho de 1991, e dá outras providências.;;;2006-04-19T16:29:00;https://www.camara.leg.br/proposicoesWeb/prop_mostrarintegra?codteor=389806;2006-04-19T16:29:00;Apresentação de Proposição;;Indefinida;https://www.camara.leg.br/proposicoesWeb/prop_mostrarintegra?codteor=389806
320894;74813.0;Ronaldo Caiado;PFL;GO;1;1;2006;RONALDO CAIADO;REQ;435;2006;Requerimento;Solicita seja realizada audiência pública para que seja feita exposição, pelo Dr. Nelson Vieira Fraga Filho, sobre o pacote agrícola anunciado pelo Palácio do Planalto, em 6 de abril de 2006, e o alcance das medidas para o setor agropecuário.;;;2006-04-18T17:59:00;;2006-04-19T10:00:00;Aprovação de Proposição Interna;Arquivada;Indefinida;
320708;74813.0;Ronaldo Caiado;PFL;GO;53;0;2006;RONALDO CAIADO;PEC;537;2006;Proposta de Emenda à Constituição;Altera o § 8º do art. 144 da Constituição Federal.;Autoriza as Guardas Municipais a realizarem policiamento ostensivo, mediante convênio firmado com o Estado-Membro.;Segurança Pública, lei estadual, normas, possibilidade, Guarda Municipal, execução, policiamento ostensivo, coordenação, Polícia Militar, convênio, Estados.;2006-04-12T15:34:34;https://www.camara.leg.br/proposicoesWeb/prop_mostrarintegra?codteor=387754;2026-02-10T11:00:00;Saída de Relator(a) da Comissão - Sem Parecer Apresentado;Aguardando Designação - Aguardando Devolução de Relator(a) que deixou de ser Membro;Proposição Sujeita à Apreciação do Plenário;
320048;74813.0;Ronaldo Caiado;PFL;GO;1;1;2006;RONALDO CAIADO;REQ;3861;2006;Requerimento de Desapensação;Requer a desapensação de Projeto de Lei.;;;2006-04-06T14:37:00;https://www.camara.leg.br/proposicoesWeb/prop_mostrarintegra?codteor=386178;2006-04-26T00:00:00;Distribuição;Arquivada;Indefinida;https://www.camara.leg.br/proposicoesWeb/prop_mostrarintegra?codteor=390661
319059;74813.0;Ronaldo Caiado;PFL;GO;154;0;2006;RONALDO CAIADO;EMC;4;2006;Emenda na Comissão;Revoga o § 3º do art. 49 do Ato das Disposições Constitucionais Transitórias.;;;2006-03-30T15:31:00;https://www.camara.leg.br/proposicoesWeb/prop_mostrarintegra?codteor=384344;2006-03-30T15:31:00;Apresentação de Proposição;;Indefinida;https://www.camara.leg.br/proposicoesWeb/prop_mostrarintegra?codteor=384344
319057;74813.0;Ronaldo Caiado;PFL;GO;160;0;2006;RONALDO CAIADO;EMC;3;2006;Emenda na Comissão;Revoga o § 3º do art. 49 do Ato das Disposições Constitucionais Transitórias.;;;2006-03-30T15:30:00;https://www.camara.leg.br/proposicoesWeb/prop_mostrarintegra?codteor=384342;2006-03-30T15:30:00;Apresentação de Proposição;;Indefinida;https://www.camara.leg.br/proposicoesWeb/prop_mostrarintegra?codteor=384342
319053;74813.0;Ronaldo Caiado;PFL;GO;158;0;2006;RONALDO CAIADO;EMC;2;2006;Emenda na Comissão;Revoga o § 3º do art. 49 do Ato das Disposições Constitucionais Transitórias.;;;2006-03-30T15:28:00;https://www.camara.leg.br/proposicoesWeb/prop_mostrarintegra?codteor=384338;2006-03-30T15:28:00;Apresentação de Proposição;;Indefinida;https://www.camara.leg.br/proposicoesWeb/prop_mostrarintegra?codteor=384338
318800;74813.0;Ronaldo Caiado;PFL;GO;166;0;2006;RONALDO CAIADO;REQ;3811;2006;Requerimento de Registro de Frente Parlamentar na Câmara dos Deputados;Criação da Frente Parlamentar de Apoio às Cidades Portuárias.;;;2006-03-29T14:20:00;https://www.camara.leg.br/proposicoesWeb/prop_mostrarintegra?codteor=383919;2015-03-19T09:46:00;Desarquivamento a Pedido;Arquivada;Indefinida;https://www.camara.leg.br/proposicoesWeb/prop_mostrarintegra?codteor=1310903
318764;74813.0;Ronaldo Caiado;PFL;GO;1;1;2006;RONALDO CAIADO;REQ;427;2006;Requerimento;Solicita realização de audiência pública para que seja apresentado diagnóstico dos reflexos da gripe do frango na economia e nas exportações brasileiras, assim como as saídas apontadas pelo governo brasileiro para esta crise;;;2006-03-29T08:45:00;https://www.camara.leg.br/proposicoesWeb/prop_mostrarintegra?codteor=383824;2006-04-05T10:00:00;Aprovação de Proposição Interna;Arquivada;Indefinida;
317989;74813.0;Ronaldo Caiado;PFL;GO;8;0;2006;RONALDO CAIADO;REQ;425;2006;Requerimento de Convocação de Ministro de Estado na Comissão (art. 50, CF);Solicita sejam convocados os Senhores Ministros da Fazenda Antônio Palocci, da Agricultura, Pecuária e Abastecimento, Roberto Rodrigues, do Desenvolvimento Agrário, Miguel Rossetto, e do Desenvolvimento, Industria e Comércio Exterior, Luiz Fernando Furlan, a comparecer a esta Comissão para debater sobre a situação da agricultura e pecuária nacional.;;;2006-03-22T09:47:00;https://www.camara.leg.br/proposicoesWeb/prop_mostrarintegra?codteor=382438;2006-05-10T10:00:00;Aprovação de Proposição Interna;Arquivada;Proposição Sujeita à Apreciação Conclusiva pelas Comissões(Art. 24, II, do RICD);
317407;74813.0;Ronaldo Caiado;PFL;GO;10;0;2006;RONALDO CAIADO;REQ;423;2006;Requerimento;Propomos a criação de Subcomissão Especial destinada a acompanhar as investigações quanto as invasões nas empresas ARACRUZ e a multinacional Syngenta Seeds, respectivamente nos Estados do Rio Grande do Sul e Paraná, pelo Movimento dos Sem Terras - MST e Vua Campesina.;;;2006-03-15T14:35:00;https://www.camara.leg.br/proposicoesWeb/prop_mostrarintegra?codteor=381166;2006-04-20T00:00:00;Declaração de Prejudicialidade;Arquivada;Indefinida;
315680;74813.0;Ronaldo Caiado;PFL;GO;39;0;2006;RONALDO CAIADO;RCP;66;2006;Requerimento de Instituição de CPI;Requer a criação de Comissão Parlamentar de Inquérito, com o objetivo de investigar os fatos que envolveram a anulação de onze (11) jogos do Campeonato Brasileiro de Futebol 2005 pelo Superior Tribunal de Justiça Desportiva (STJD).;;Criação, (CPI), investigação, fato, (STJD), processo, anulação, Jogos, Campeonato, Futebol, denúncia, árbitro, manipulação, resultado, competição esportiva, (CBF).;2006-02-22T18:07:16;https://www.camara.leg.br/proposicoesWeb/prop_mostrarintegra?codteor=377854;2007-01-31T00:00:00;Arquivamento;Arquivada;Indefinida;
315140;74813.0;Ronaldo Caiado;PFL;GO;145;0;2006;RONALDO CAIADO;EMC;7;2006;Emenda na Comissão;Acrescenta o art.95 ao Ato das Disposições Constitucionais Transitórias.;;;2006-02-21T16:53:00;https://www.camara.leg.br/proposicoesWeb/prop_mostrarintegra?codteor=377191;2006-02-21T16:53:00;Apresentação de Proposição;;Indefinida;https://www.camara.leg.br/proposicoesWeb/prop_mostrarintegra?codteor=377191
315137;74813.0;Ronaldo Caiado;PFL;GO;155;0;2006;RONALDO CAIADO;EMC;6;2006;Emenda na Comissão;Dá  nova redação aos incisos XVII e XVIII do art. 29B, da PEC 333-A, de 2004.;;;2006-02-21T16:52:00;https://www.camara.leg.br/proposicoesWeb/prop_mostrarintegra?codteor=377188;2006-02-21T16:52:00;Apresentação de Proposição;;Indefinida;https://www.camara.leg.br/proposicoesWeb/prop_mostrarintegra?codteor=377188
315133;74813.0;Ronaldo Caiado;PFL;GO;143;0;2006;RONALDO CAIADO;EMC;5;2006;Emenda na Comissão;Altera o inciso I do art. 29-B, contido no art. 2º da PEC 333-A, de 2004.;;;2006-02-21T16:50:00;https://www.camara.leg.br/proposicoesWeb/prop_mostrarintegra?codteor=377184;2006-02-21T16:50:00;Apresentação de Proposição;;Indefinida;https://www.camara.leg.br/proposicoesWeb/prop_mostrarintegra?codteor=377184
315128;74813.0;Ronaldo Caiado;PFL;GO;151;0;2006;RONALDO CAIADO;EMC;4;2006;Emenda na Comissão;Dá nova redação ao art. 5º da PEC 333-A, de 2004.;;;2006-02-21T16:49:00;https://www.camara.leg.br/proposicoesWeb/prop_mostrarintegra?codteor=377179;2006-02-21T16:49:00;Apresentação de Proposição;;Indefinida;https://www.camara.leg.br/proposicoesWeb/prop_mostrarintegra?codteor=377179
314394;74813.0;Ronaldo Caiado;PFL;GO;23;0;2006;RONALDO CAIADO;REC;265;2006;Recurso contra apreciação conclusiva de comissão (Art. 58, § 1º c/c art. 132, § 2º, RICD);"Contra a apreciação conclusiva do PL 73/99, que ""dispõe sobre o ingresso nas universidades federais e estaduais e dá outras providências"".";;;2006-02-14T18:19:00;https://www.camara.leg.br/proposicoesWeb/prop_mostrarintegra?codteor=375720;2006-05-24T00:00:00;Arquivamento;;Proposição Sujeita à Apreciação do Plenário;https://www.camara.leg.br/proposicoesWeb/prop_mostrarintegra?codteor=398212
314373;74813.0;Ronaldo Caiado;PFL;GO;49;0;2006;RONALDO CAIADO;PEC;513;2006;Proposta de Emenda à Constituição;Altera os arts. 51, IV, e 52, XIII, da Constituição Federal.;Dispõe sobre a competência privativa do Senado e da Câmara dos Deputados para fixar a respectiva remuneração. Altera a Constituição Federal de 1988.;Alteração, Constituição Federal, Legislativo, competência privativa, Senado, Câmara dos Deputados, fixação, remuneração, Senador, Deputado Federal, Parlamentar.;2006-02-14T17:24:06;https://www.camara.leg.br/proposicoesWeb/prop_mostrarintegra?codteor=375686;2008-02-28T00:00:00;Notificações;Arquivada;Proposição Sujeita à Apreciação do Plenário;https://www.camara.leg.br/proposicoesWeb/prop_mostrarintegra?codteor=540664
314372;74813.0;Ronaldo Caiado;PFL;GO;48;0;2006;RONALDO CAIADO;PEC;512;2006;Proposta de Emenda à Constituição;Dá nova redação ao inciso VIII do art. 49, acrescenta os arts. 56-A e 87-A e revoga o inciso VII do art. 49 da Constituição Federal para atribuir ao Supremo Tribunal Federal a iniciativa de lei para fixar subsídios para seus Ministros, Deputados Federais, Senadores e Ministros de Estado.;Altera a Constituição Federal de 1988.;Alteração, Constituição Federal, Legislativo, equiparação, isonomia salarial, Ministro de Estado, Deputado Federal, Senador, Ministro, Supremo Tribunal Federal (STF),  competência, fixação, subsídios.;2006-02-14T17:20:00;https://www.camara.leg.br/proposicoesWeb/prop_mostrarintegra?codteor=375684;2008-02-28T00:00:00;Notificações;Arquivada;Proposição Sujeita à Apreciação do Plenário;https://www.camara.leg.br/proposicoesWeb/prop_mostrarintegra?codteor=540664
313771;74813.0;Ronaldo Caiado;PFL;GO;29;0;2006;RONALDO CAIADO;INC;7681;2006;Indicação;Sugere ao Poder Executivo a criação de um Grupo de Trabalho destinado a comemorar o transcursos do cinquentenário da posse do Presidente Juscelino Kubitschek de Oliveira.;;;2006-02-08T15:09:00;https://www.camara.leg.br/proposicoesWeb/prop_mostrarintegra?codteor=375274;2007-04-02T00:00:00;Notificações;Arquivada;Indefinida;https://www.camara.leg.br/proposicoesWeb/prop_mostrarintegra?codteor=456291
313440;74813.0;Ronaldo Caiado;PFL;GO;44;0;2006;RONALDO CAIADO;PRC;286;2006;Projeto de Resolução;Institui Comissão Parlamentar de Inquérito destinada a investigar a veracidade ou não das recentes denúncias de fraudes praticadas por empresas instaladas na Zona Franca de Manaus e em oito áreas de livre comércio da Região Norte.;;Criação, (CPI), investigação, denúncia, fraude, ilícito fiscal, benefício fiscal, isenção fiscal, tributos, empresa, Zona Franca de Manaus, Área de Livre Comércio, Estado, (AM), (AC), (RO), (RR), (AP), Região Norte.;2006-02-02T18:49:00;https://www.camara.leg.br/proposicoesWeb/prop_mostrarintegra?codteor=373446;2015-03-19T09:46:00;Desarquivamento a Pedido;Arquivada;Proposição Sujeita à Apreciação do Plenário;https://www.camara.leg.br/proposicoesWeb/prop_mostrarintegra?codteor=1310903
312711;74813.0;Ronaldo Caiado;PFL;GO;1;1;2006;RONALDO CAIADO;REQ;417;2006;Requerimento;Solicita realização de audiência pública para discutir o PL nº 6.164/2005, da Deputada Maria Lúcia Cardoso, que altera o inciso I do art. 1º da Lei nº 9.991, de 24/07/00.;;;2006-01-26T15:57:00;https://www.camara.leg.br/proposicoesWeb/prop_mostrarintegra?codteor=371198;2006-01-31T15:00:00;Aprovação de Proposição Interna;Arquivada;Indefinida;
312687;74813.0;Ronaldo Caiado;PFL;GO;1;1;2006;RONALDO CAIADO;PRC;281;2006;Projeto de Resolução de Criação de CPI;Institui Comissão Parlamentar de Inquérito destinada a investigar as causas da crise por que passa o setor produtivo de carnes no Brasil,  a formação de cartel, concentração de unidades frigoríficas,  manipulação de preços no mercado de carnes,  benefícios fiscais e empréstimos de bancos oficiais recebidos por frigoríficos,  e a compra do frigorífico argentino Swift Armour S/A com recursos do BNDES.;Investigação sobre a compra do frigorífico Swift Armour S.A pelo grupo Friboi com recursos do BNDES.  Cria a CPI da Carne Bovina.;Criação, Comissão Parlamentar de Inquérito (CPI), investigação, crise, setor produtivo, carne bovina, agronegócio, formação, cartel, manipulação, preço, benefício fiscal, Banco Nacional de Desenvolvimento Econômico e Social (BNDES), empréstimo, recursos públicos, aquisição, frigorífico, País Estrangeiro, Argentina.;2006-01-26T14:43:00;https://www.camara.leg.br/proposicoesWeb/prop_mostrarintegra?codteor=371139;2010-05-06T00:00:00;Notificações;Arquivada;Proposição Sujeita à Apreciação do Plenário;https://www.camara.leg.br/proposicoesWeb/prop_mostrarintegra?codteor=764946
312485;74813.0;Ronaldo Caiado;PFL;GO;36;0;2006;RONALDO CAIADO;PEC;496;2006;Proposta de Emenda à Constituição;Dá nova redação ao art. 149 da Constituição Federal e dá outras providências.;Estabelece que os Estados, o Distrito Federal e os Municípios fixarão alíquota de contribuição para financiar o Regime Próprio de Previdência Social de seus servidores, que atenderá ao objetivo de equilíbrio atuarial e financeiro do respectivo regime previdenciário. Alterando a Constituição Federal de 1988.;Constituição Federal (1988), Estado (ente federado), Distrito Federal (Brasil), Município, alíquota, contribuição previdenciária, servidor público, Regime Próprio de Previdência Social (RPPS), Poder Público, contribuição social, cota patronal, tributação.;2006-01-25T16:32:07;https://www.camara.leg.br/proposicoesWeb/prop_mostrarintegra?codteor=370849;2008-02-28T00:00:00;Notificações;Arquivada;Proposição Sujeita à Apreciação do Plenário;https://www.camara.leg.br/proposicoesWeb/prop_mostrarintegra?codteor=540664
376604;74813.0;Ronaldo Caiado;DEM;GO;1;1;2007;RONALDO CAIADO;REQ;192;2007;Requerimento;Requer seja realizada reunião de audiência pública, para que sejam discutidos os processos de certificação de animais e propriedades, ação dos fiscais do MAPA junto aos frigoríficos, Sisbov e novo Sisbov, e a Portaria sobre classificação dos animais abatidos.;;;2007-11-13T15:38:00;https://www.camara.leg.br/proposicoesWeb/prop_mostrarintegra?codteor=522524;2007-11-13T10:00:00;Aprovação de Proposição Interna;Arquivada;Indefinida;
376484;74813.0;Ronaldo Caiado;DEM;GO;1;1;2007;RONALDO CAIADO;REQ;191;2007;Requerimento;Requer seja realizada reunião de audiência pública, para que sejam discutidos os processo de certificação de animais e propriedades, ação dos fiscais do MAPA junto aos frigoríficos, Sisbov e novo Sisbov, e a Portaria sobre classificação dos animais abatidos.;;;2007-11-13T10:52:00;https://www.camara.leg.br/proposicoesWeb/prop_mostrarintegra?codteor=522354;2007-11-13T10:00:00;Aprovação de Proposição Interna;Arquivada;Indefinida;
375792;74813.0;Ronaldo Caiado;DEM;GO;12;0;2007;RONALDO CAIADO;REQ;189;2007;Requerimento;Solicita inclusão de requerimento na pauta, para votação imediata.;;;2007-11-07T12:05:00;https://www.camara.leg.br/proposicoesWeb/prop_mostrarintegra?codteor=520831;2007-11-07T10:00:00;Aprovação de Proposição Interna;Arquivada;Indefinida;
375786;74813.0;Ronaldo Caiado;DEM;GO;11;0;2007;RONALDO CAIADO;REQ;187;2007;Requerimento;Solicita inclusão na pauta para votação imediata.;;;2007-11-07T11:20:00;https://www.camara.leg.br/proposicoesWeb/prop_mostrarintegra?codteor=521008;2007-11-07T10:00:00;Aprovação de Proposição Interna;Arquivada;Indefinida;
374939;74813.0;Ronaldo Caiado;DEM;GO;4;0;2007;RONALDO CAIADO;REQ;1949;2007;Requerimento de Sessão Solene;Requer a convocação de Sessão Solene em comemoração aos 90 anos da Revolução Russa.;;;2007-10-31T17:35:00;https://www.camara.leg.br/proposicoesWeb/prop_mostrarintegra?codteor=518850;2012-07-16T00:00:00;Arquivamento;Arquivada;Indefinida;
374185;74813.0;Ronaldo Caiado;DEM;GO;3;0;2007;RONALDO CAIADO;EMP;14;2007;Emenda de Plenário;Altera a redação do art. 6º do PL 2204/2007.;;;2007-10-24T16:55:00;https://www.camara.leg.br/proposicoesWeb/prop_mostrarintegra?codteor=517630;2007-10-24T16:55:00;Apresentação de Proposição;;Indefinida;https://www.camara.leg.br/proposicoesWeb/prop_mostrarintegra?codteor=517630
373590;74813.0;Ronaldo Caiado;DEM;GO;5;0;2007;RONALDO CAIADO;REQ;164;2007;Requerimento;Requeremos, nos termos do art. 52, § 5º, do Regimento Interno desta Casa, seja incluído na pauta, para votação imediata, o requerimento que propõe a realização de audiência pública,  para discutir as denúncias de falsificação e adulteração de leite longa vida.;;;2007-10-24T13:40:00;https://www.camara.leg.br/proposicoesWeb/prop_mostrarintegra?codteor=517406;2007-10-24T10:00:00;Aprovação de Proposição Interna;Arquivada;Indefinida;
373587;74813.0;Ronaldo Caiado;DEM;GO;1;1;2007;RONALDO CAIADO;REQ;162;2007;Requerimento;Requeremos, nos termos do art. 52, § 5º, do Regimento Interno desta Casa, seja incluído na pauta, para votação imediata, o requerimento que propõe a convocação do Ministro da Justiça, para Discutir sobre invasões de terra e violência rural.;;;2007-10-24T13:28:00;https://www.camara.leg.br/proposicoesWeb/prop_mostrarintegra?codteor=517405;2007-10-24T10:00:00;Aprovação de Proposição Interna;Arquivada;Indefinida;
373585;74813.0;Ronaldo Caiado;DEM;GO;1;1;2007;RONALDO CAIADO;REQ;161;2007;Requerimento de Convocação de Ministro de Estado na Comissão (art. 50, CF);Solicita seja convocado o Ministro de Estado da Justiça, Tarso Genro, para discutir sobre os problemas de invasão de terras e violência rural.;;;2007-10-24T13:22:00;https://www.camara.leg.br/proposicoesWeb/prop_mostrarintegra?codteor=516900;2007-10-24T10:00:00;Aprovação de Proposição Interna;Arquivada;Proposição Sujeita à Apreciação Conclusiva pelas Comissões(Art. 24, II, do RICD);
372778;74813.0;Ronaldo Caiado;DEM;GO;1;1;2007;RONALDO CAIADO;REC;125;2007;Recurso contra decisão do Presidente da CD em Questao de Ordem (Art. 95, § 8º, RICD);Recorre nos termos do Art. 95, § 8°, contra a decisão da Presidência na Questão de Ordem n° 218, de 2007, sobre parecer da Comissão de Constituição e Justiça e Cidadania a projetos apensados em momento poterior ao trâmite de proposição naquela Comissão.;;;2007-10-17T16:41:00;https://www.camara.leg.br/proposicoesWeb/prop_mostrarintegra?codteor=514828;2013-02-25T00:00:00;Encaminhamento;Arquivada;Proposição Sujeita à Apreciação do Plenário;
369621;74813.0;Ronaldo Caiado;DEM;GO;2;1;2007;RONALDO CAIADO;REC;114;2007;Recurso contra decisão do Presidente da CD em Questao de Ordem (Art. 95, § 8º, RICD);Recorre, nos termos do Art. 95, § 8º, da decisão da Presidência na Questão de Ordem nº 189, de 2007, sobre a prejudicialidade de emendas aglutinativas baseadas em destaques simples rejeitados em globo da Proposta de Emenda à Constituição nº 558, de 2006 (CPMF).;;;2007-09-26T13:02:00;https://www.camara.leg.br/proposicoesWeb/prop_mostrarintegra?codteor=508647;2013-02-25T00:00:00;Encaminhamento;Arquivada;Proposição Sujeita à Apreciação do Plenário;
369212;74813.0;Ronaldo Caiado;DEM;GO;11;0;2007;RONALDO CAIADO;REQ;146;2007;Requerimento;Requeremos, nos termos do art. 52, §5º, do Regimento Interno desta Casa, seja incluído na pauta, para votação imediata, o requerimento nº 145/2007.;;;2007-09-26T12:50:00;https://www.camara.leg.br/proposicoesWeb/prop_mostrarintegra?codteor=508304;2007-09-26T10:00:00;Aprovação de Proposição Interna;Arquivada;Indefinida;
369208;74813.0;Ronaldo Caiado;DEM;GO;11;0;2007;RONALDO CAIADO;REQ;145;2007;Requerimento;Requer Reunião de Audiência Pública com a finalidade de discutir e buscar soluções sobre a regulação do setor da Cadeia Produtiva da Cana-de-açúcar no Brasil.;;;2007-09-26T12:51:00;https://www.camara.leg.br/proposicoesWeb/prop_mostrarintegra?codteor=507683;2007-09-26T12:50:00;Apresentação de Requerimento;Arquivada;Indefinida;https://www.camara.leg.br/proposicoesWeb/prop_mostrarintegra?codteor=508304
368893;74813.0;Ronaldo Caiado;DEM;GO;1;1;2007;RONALDO CAIADO;EMA;65;2007;Emenda Aglutinativa;Emenda Aglutinativa nº 65.;;;2007-09-19T12:05:00;https://www.camara.leg.br/proposicoesWeb/prop_mostrarintegra?codteor=507394;2007-09-19T12:05:00;Apresentação de Proposição;;Indefinida;https://www.camara.leg.br/proposicoesWeb/prop_mostrarintegra?codteor=507394
368892;74813.0;Ronaldo Caiado;DEM;GO;1;1;2007;RONALDO CAIADO;EMA;64;2007;Emenda Aglutinativa;Emenda Aglutinativa nº 64.;;;2007-09-19T12:05:00;https://www.camara.leg.br/proposicoesWeb/prop_mostrarintegra?codteor=507393;2007-09-19T12:05:00;Apresentação de Proposição;;Indefinida;https://www.camara.leg.br/proposicoesWeb/prop_mostrarintegra?codteor=507393
368891;74813.0;Ronaldo Caiado;DEM;GO;1;1;2007;RONALDO CAIADO;EMA;63;2007;Emenda Aglutinativa;Emenda Aglutinativa nº 63.;;;2007-09-19T12:04:00;https://www.camara.leg.br/proposicoesWeb/prop_mostrarintegra?codteor=507392;2007-09-19T12:04:00;Apresentação de Proposição;;Indefinida;https://www.camara.leg.br/proposicoesWeb/prop_mostrarintegra?codteor=507392
368890;74813.0;Ronaldo Caiado;DEM;GO;1;1;2007;RONALDO CAIADO;EMA;62;2007;Emenda Aglutinativa;Emenda Aglutinativa nº 62.;;;2007-09-19T12:04:00;https://www.camara.leg.br/proposicoesWeb/prop_mostrarintegra?codteor=507390;2007-09-19T12:04:00;Apresentação de Proposição;;Indefinida;https://www.camara.leg.br/proposicoesWeb/prop_mostrarintegra?codteor=507390
368889;74813.0;Ronaldo Caiado;DEM;GO;1;1;2007;RONALDO CAIADO;EMA;61;2007;Emenda Aglutinativa;Emenda Aglutinativa nº 61.;;;2007-09-19T12:03:00;https://www.camara.leg.br/proposicoesWeb/prop_mostrarintegra?codteor=507385;2007-09-19T12:03:00;Apresentação de Proposição;;Indefinida;https://www.camara.leg.br/proposicoesWeb/prop_mostrarintegra?codteor=507385
368888;74813.0;Ronaldo Caiado;DEM;GO;1;1;2007;RONALDO CAIADO;EMA;60;2007;Emenda Aglutinativa;Emenda Aglutinativa nº 60.;;;2007-09-19T12:03:00;https://www.camara.leg.br/proposicoesWeb/prop_mostrarintegra?codteor=507383;2007-09-19T12:03:00;Apresentação de Proposição;;Indefinida;https://www.camara.leg.br/proposicoesWeb/prop_mostrarintegra?codteor=507383
368887;74813.0;Ronaldo Caiado;DEM;GO;1;1;2007;RONALDO CAIADO;EMA;59;2007;Emenda Aglutinativa;Emenda Aglutinativa nº 59.;;;2007-09-19T12:02:00;https://www.camara.leg.br/proposicoesWeb/prop_mostrarintegra?codteor=507379;2007-09-19T12:02:00;Apresentação de Proposição;;Indefinida;https://www.camara.leg.br/proposicoesWeb/prop_mostrarintegra?codteor=507379
368886;74813.0;Ronaldo Caiado;DEM;GO;1;1;2007;RONALDO CAIADO;EMA;58;2007;Emenda Aglutinativa;Emenda Aglutinativa nº 58.;;;2007-09-19T12:02:00;https://www.camara.leg.br/proposicoesWeb/prop_mostrarintegra?codteor=507377;2007-09-19T12:02:00;Apresentação de Proposição;;Indefinida;https://www.camara.leg.br/proposicoesWeb/prop_mostrarintegra?codteor=507377
368885;74813.0;Ronaldo Caiado;DEM;GO;1;1;2007;RONALDO CAIADO;EMA;57;2007;Emenda Aglutinativa;Emenda Aglutinativa nº 57.;;;2007-09-19T12:01:00;https://www.camara.leg.br/proposicoesWeb/prop_mostrarintegra?codteor=507376;2007-09-19T12:01:00;Apresentação de Proposição;;Indefinida;https://www.camara.leg.br/proposicoesWeb/prop_mostrarintegra?codteor=507376
368884;74813.0;Ronaldo Caiado;DEM;GO;1;1;2007;RONALDO CAIADO;EMA;56;2007;Emenda Aglutinativa;Emenda Aglutinativa nº 56.;;;2007-09-19T12:01:00;https://www.camara.leg.br/proposicoesWeb/prop_mostrarintegra?codteor=507375;2007-09-19T12:01:00;Apresentação de Proposição;;Indefinida;https://www.camara.leg.br/proposicoesWeb/prop_mostrarintegra?codteor=507375
368883;74813.0;Ronaldo Caiado;DEM;GO;1;1;2007;RONALDO CAIADO;EMA;55;2007;Emenda Aglutinativa;Emenda Aglutinativa nº 55.;;;2007-09-19T12:00:00;https://www.camara.leg.br/proposicoesWeb/prop_mostrarintegra?codteor=507374;2007-09-19T12:00:00;Apresentação de Proposição;;Indefinida;https://www.camara.leg.br/proposicoesWeb/prop_mostrarintegra?codteor=507374
368882;74813.0;Ronaldo Caiado;DEM;GO;1;1;2007;RONALDO CAIADO;EMA;54;2007;Emenda Aglutinativa;Emenda Aglutinativa nº 54.;;;2007-09-19T11:59:00;https://www.camara.leg.br/proposicoesWeb/prop_mostrarintegra?codteor=507373;2007-09-19T11:59:00;Apresentação de Proposição;;Indefinida;https://www.camara.leg.br/proposicoesWeb/prop_mostrarintegra?codteor=507373
368881;74813.0;Ronaldo Caiado;DEM;GO;1;1;2007;RONALDO CAIADO;EMA;53;2007;Emenda Aglutinativa;Emenda Aglutinativa nº 53.;;;2007-09-19T11:59:00;https://www.camara.leg.br/proposicoesWeb/prop_mostrarintegra?codteor=507369;2007-09-19T11:59:00;Apresentação de Proposição;;Indefinida;https://www.camara.leg.br/proposicoesWeb/prop_mostrarintegra?codteor=507369
368880;74813.0;Ronaldo Caiado;DEM;GO;1;1;2007;RONALDO CAIADO;EMA;52;2007;Emenda Aglutinativa;Emenda Aglutinativa nº 52.;;;2007-09-19T11:58:00;https://www.camara.leg.br/proposicoesWeb/prop_mostrarintegra?codteor=507365;2007-09-19T11:58:00;Apresentação de Proposição;;Indefinida;https://www.camara.leg.br/proposicoesWeb/prop_mostrarintegra?codteor=507365
368879;74813.0;Ronaldo Caiado;DEM;GO;1;1;2007;RONALDO CAIADO;EMA;51;2007;Emenda Aglutinativa;Emenda Aglutinativa nº 51.;;;2007-09-19T11:58:00;https://www.camara.leg.br/proposicoesWeb/prop_mostrarintegra?codteor=507361;2007-09-19T11:58:00;Apresentação de Proposição;;Indefinida;https://www.camara.leg.br/proposicoesWeb/prop_mostrarintegra?codteor=507361
368878;74813.0;Ronaldo Caiado;DEM;GO;1;1;2007;RONALDO CAIADO;EMA;50;2007;Emenda Aglutinativa;Emenda Aglutinativa nº 50.;;;2007-09-19T11:57:00;https://www.camara.leg.br/proposicoesWeb/prop_mostrarintegra?codteor=507360;2007-09-19T11:57:00;Apresentação de Proposição;;Indefinida;https://www.camara.leg.br/proposicoesWeb/prop_mostrarintegra?codteor=507360
368877;74813.0;Ronaldo Caiado;DEM;GO;1;1;2007;RONALDO CAIADO;EMA;49;2007;Emenda Aglutinativa;Emenda Aglutinativa nº 49.;;;2007-09-19T11:56:00;https://www.camara.leg.br/proposicoesWeb/prop_mostrarintegra?codteor=507353;2007-09-19T11:56:00;Apresentação de Proposição;;Indefinida;https://www.camara.leg.br/proposicoesWeb/prop_mostrarintegra?codteor=507353
368875;74813.0;Ronaldo Caiado;DEM;GO;1;1;2007;RONALDO CAIADO;EMA;48;2007;Emenda Aglutinativa;Emenda Aglutinativa nº 48.;;;2007-09-19T11:56:00;https://www.camara.leg.br/proposicoesWeb/prop_mostrarintegra?codteor=507345;2007-09-19T11:56:00;Apresentação de Proposição;;Indefinida;https://www.camara.leg.br/proposicoesWeb/prop_mostrarintegra?codteor=507345
368874;74813.0;Ronaldo Caiado;DEM;GO;1;1;2007;RONALDO CAIADO;EMA;47;2007;Emenda Aglutinativa;Emenda Aglutinativa nº 47.;;;2007-09-19T11:55:00;https://www.camara.leg.br/proposicoesWeb/prop_mostrarintegra?codteor=507341;2007-09-19T11:55:00;Apresentação de Proposição;;Indefinida;https://www.camara.leg.br/proposicoesWeb/prop_mostrarintegra?codteor=507341
368873;74813.0;Ronaldo Caiado;DEM;GO;1;1;2007;RONALDO CAIADO;EMA;46;2007;Emenda Aglutinativa;Emenda Aglutinativa nº 46.;;;2007-09-19T11:55:00;https://www.camara.leg.br/proposicoesWeb/prop_mostrarintegra?codteor=507340;2007-09-19T11:55:00;Apresentação de Proposição;;Indefinida;https://www.camara.leg.br/proposicoesWeb/prop_mostrarintegra?codteor=507340
368872;74813.0;Ronaldo Caiado;DEM;GO;1;1;2007;RONALDO CAIADO;EMA;45;2007;Emenda Aglutinativa;Emenda Aglutinativa nº 45.;;;2007-09-19T11:54:00;https://www.camara.leg.br/proposicoesWeb/prop_mostrarintegra?codteor=507338;2007-09-19T11:54:00;Apresentação de Proposição;;Indefinida;https://www.camara.leg.br/proposicoesWeb/prop_mostrarintegra?codteor=507338
368871;74813.0;Ronaldo Caiado;DEM;GO;1;1;2007;RONALDO CAIADO;EMA;44;2007;Emenda Aglutinativa;Emenda Aglutinativa nº 44.;;;2007-09-19T11:54:00;https://www.camara.leg.br/proposicoesWeb/prop_mostrarintegra?codteor=507337;2007-09-19T11:54:00;Apresentação de Proposição;;Indefinida;https://www.camara.leg.br/proposicoesWeb/prop_mostrarintegra?codteor=507337
368870;74813.0;Ronaldo Caiado;DEM;GO;1;1;2007;RONALDO CAIADO;EMA;43;2007;Emenda Aglutinativa;Emenda Aglutinativa nº 43.;;;2007-09-19T11:53:00;https://www.camara.leg.br/proposicoesWeb/prop_mostrarintegra?codteor=507336;2007-09-19T11:53:00;Apresentação de Proposição;;Indefinida;https://www.camara.leg.br/proposicoesWeb/prop_mostrarintegra?codteor=507336
368869;74813.0;Ronaldo Caiado;DEM;GO;1;1;2007;RONALDO CAIADO;EMA;42;2007;Emenda Aglutinativa;Emenda Aglutinativa nº 42.;;;2007-09-19T11:52:00;https://www.camara.leg.br/proposicoesWeb/prop_mostrarintegra?codteor=507334;2007-09-19T11:52:00;Apresentação de Proposição;;Indefinida;https://www.camara.leg.br/proposicoesWeb/prop_mostrarintegra?codteor=507334
368868;74813.0;Ronaldo Caiado;DEM;GO;1;1;2007;RONALDO CAIADO;EMA;41;2007;Emenda Aglutinativa;Emenda Aglutinativa nº 41.;;;2007-09-19T11:52:00;https://www.camara.leg.br/proposicoesWeb/prop_mostrarintegra?codteor=507333;2007-09-19T11:52:00;Apresentação de Proposição;;Indefinida;https://www.camara.leg.br/proposicoesWeb/prop_mostrarintegra?codteor=507333
368867;74813.0;Ronaldo Caiado;DEM;GO;1;1;2007;RONALDO CAIADO;EMA;40;2007;Emenda Aglutinativa;Emenda Aglutinativa nº 40.;;;2007-09-19T11:51:00;https://www.camara.leg.br/proposicoesWeb/prop_mostrarintegra?codteor=507331;2007-09-19T11:51:00;Apresentação de Proposição;;Indefinida;https://www.camara.leg.br/proposicoesWeb/prop_mostrarintegra?codteor=507331
368866;74813.0;Ronaldo Caiado;DEM;GO;1;1;2007;RONALDO CAIADO;EMA;39;2007;Emenda Aglutinativa;Emenda Aglutinativa nº 39.;;;2007-09-19T11:50:00;https://www.camara.leg.br/proposicoesWeb/prop_mostrarintegra?codteor=507330;2007-09-19T11:50:00;Apresentação de Proposição;;Indefinida;https://www.camara.leg.br/proposicoesWeb/prop_mostrarintegra?codteor=507330
368864;74813.0;Ronaldo Caiado;DEM;GO;1;1;2007;RONALDO CAIADO;EMA;38;2007;Emenda Aglutinativa;Emenda Aglutinativa nº 38.;;;2007-09-19T11:50:00;https://www.camara.leg.br/proposicoesWeb/prop_mostrarintegra?codteor=507329;2007-09-19T11:50:00;Apresentação de Proposição;;Indefinida;https://www.camara.leg.br/proposicoesWeb/prop_mostrarintegra?codteor=507329
368863;74813.0;Ronaldo Caiado;DEM;GO;1;1;2007;RONALDO CAIADO;EMA;37;2007;Emenda Aglutinativa;Emenda Aglutinativa nº 37.;;;2007-09-19T11:49:00;https://www.camara.leg.br/proposicoesWeb/prop_mostrarintegra?codteor=507328;2007-09-19T11:49:00;Apresentação de Proposição;;Indefinida;https://www.camara.leg.br/proposicoesWeb/prop_mostrarintegra?codteor=507328
368862;74813.0;Ronaldo Caiado;DEM;GO;1;1;2007;RONALDO CAIADO;EMA;36;2007;Emenda Aglutinativa;Emenda Aglutinativa nº 36.;;;2007-09-19T11:49:00;https://www.camara.leg.br/proposicoesWeb/prop_mostrarintegra?codteor=507326;2007-09-19T11:49:00;Apresentação de Proposição;;Indefinida;https://www.camara.leg.br/proposicoesWeb/prop_mostrarintegra?codteor=507326
368861;74813.0;Ronaldo Caiado;DEM;GO;1;1;2007;RONALDO CAIADO;EMA;35;2007;Emenda Aglutinativa;Emenda Aglutinativa nº 35.;;;2007-09-19T11:48:00;https://www.camara.leg.br/proposicoesWeb/prop_mostrarintegra?codteor=507325;2007-09-19T11:48:00;Apresentação de Proposição;;Indefinida;https://www.camara.leg.br/proposicoesWeb/prop_mostrarintegra?codteor=507325
368860;74813.0;Ronaldo Caiado;DEM;GO;1;1;2007;RONALDO CAIADO;EMA;34;2007;Emenda Aglutinativa;Emenda Aglutinativa nº 34.;;;2007-09-19T11:47:00;https://www.camara.leg.br/proposicoesWeb/prop_mostrarintegra?codteor=507324;2007-09-19T11:47:00;Apresentação de Proposição;;Indefinida;https://www.camara.leg.br/proposicoesWeb/prop_mostrarintegra?codteor=507324
368859;74813.0;Ronaldo Caiado;DEM;GO;1;1;2007;RONALDO CAIADO;EMA;33;2007;Emenda Aglutinativa;Emenda Aglutinativa nº 33.;;;2007-09-19T11:47:00;https://www.camara.leg.br/proposicoesWeb/prop_mostrarintegra?codteor=507323;2007-09-19T11:47:00;Apresentação de Proposição;;Indefinida;https://www.camara.leg.br/proposicoesWeb/prop_mostrarintegra?codteor=507323
368858;74813.0;Ronaldo Caiado;DEM;GO;1;1;2007;RONALDO CAIADO;EMA;32;2007;Emenda Aglutinativa;Emenda Aglutinativa nº 32.;;;2007-09-19T11:46:00;https://www.camara.leg.br/proposicoesWeb/prop_mostrarintegra?codteor=507322;2007-09-19T11:46:00;Apresentação de Proposição;;Indefinida;https://www.camara.leg.br/proposicoesWeb/prop_mostrarintegra?codteor=507322
368857;74813.0;Ronaldo Caiado;DEM;GO;1;1;2007;RONALDO CAIADO;EMA;31;2007;Emenda Aglutinativa;Emenda Aglutinativa nº 31.;;;2007-09-19T11:45:00;https://www.camara.leg.br/proposicoesWeb/prop_mostrarintegra?codteor=507318;2007-09-19T11:45:00;Apresentação de Proposição;;Indefinida;https://www.camara.leg.br/proposicoesWeb/prop_mostrarintegra?codteor=507318
368856;74813.0;Ronaldo Caiado;DEM;GO;1;1;2007;RONALDO CAIADO;EMA;30;2007;Emenda Aglutinativa;Emenda Aglutinativa nº 30.;;;2007-09-19T11:44:00;https://www.camara.leg.br/proposicoesWeb/prop_mostrarintegra?codteor=507317;2007-09-19T11:44:00;Apresentação de Proposição;;Indefinida;https://www.camara.leg.br/proposicoesWeb/prop_mostrarintegra?codteor=507317
368855;74813.0;Ronaldo Caiado;DEM;GO;1;1;2007;RONALDO CAIADO;EMA;29;2007;Emenda Aglutinativa;Emenda Aglutinativa nº 29.;;;2007-09-19T11:43:00;https://www.camara.leg.br/proposicoesWeb/prop_mostrarintegra?codteor=507313;2007-09-19T11:43:00;Apresentação de Proposição;;Indefinida;https://www.camara.leg.br/proposicoesWeb/prop_mostrarintegra?codteor=507313
368854;74813.0;Ronaldo Caiado;DEM;GO;1;1;2007;RONALDO CAIADO;EMA;28;2007;Emenda Aglutinativa;Emenda Aglutinativa nº 28.;;;2007-09-19T11:42:00;https://www.camara.leg.br/proposicoesWeb/prop_mostrarintegra?codteor=507308;2007-09-19T11:42:00;Apresentação de Proposição;;Indefinida;https://www.camara.leg.br/proposicoesWeb/prop_mostrarintegra?codteor=507308
368853;74813.0;Ronaldo Caiado;DEM;GO;1;1;2007;RONALDO CAIADO;EMA;27;2007;Emenda Aglutinativa;Emenda Aglutinativa nº 27.;;;2007-09-19T11:42:00;https://www.camara.leg.br/proposicoesWeb/prop_mostrarintegra?codteor=507306;2007-09-19T11:42:00;Apresentação de Proposição;;Indefinida;https://www.camara.leg.br/proposicoesWeb/prop_mostrarintegra?codteor=507306
368852;74813.0;Ronaldo Caiado;DEM;GO;1;1;2007;RONALDO CAIADO;EAG;26;2007;Emenda Substitutiva Aglutinativa Global;Emenda Aglutinativa nº 26.;;;2007-09-19T11:40:00;https://www.camara.leg.br/proposicoesWeb/prop_mostrarintegra?codteor=507242;2007-09-19T11:40:00;Apresentação de Proposição;;Indefinida;https://www.camara.leg.br/proposicoesWeb/prop_mostrarintegra?codteor=507242
368851;74813.0;Ronaldo Caiado;DEM;GO;1;1;2007;RONALDO CAIADO;EMA;25;2007;Emenda Aglutinativa;Emenda Aglutinativa nº 25.;;;2007-09-19T11:40:00;https://www.camara.leg.br/proposicoesWeb/prop_mostrarintegra?codteor=507303;2007-09-19T11:40:00;Apresentação de Proposição;;Indefinida;https://www.camara.leg.br/proposicoesWeb/prop_mostrarintegra?codteor=507303
368850;74813.0;Ronaldo Caiado;DEM;GO;1;1;2007;RONALDO CAIADO;EMA;24;2007;Emenda Aglutinativa;Emenda Aglutinativa nº 24.;;;2007-09-19T11:39:00;https://www.camara.leg.br/proposicoesWeb/prop_mostrarintegra?codteor=507301;2007-09-19T11:39:00;Apresentação de Proposição;;Indefinida;https://www.camara.leg.br/proposicoesWeb/prop_mostrarintegra?codteor=507301
368848;74813.0;Ronaldo Caiado;DEM;GO;1;1;2007;RONALDO CAIADO;EMA;23;2007;Emenda Aglutinativa;Emenda Aglutinativa nº 23.;;;2007-09-19T11:38:00;https://www.camara.leg.br/proposicoesWeb/prop_mostrarintegra?codteor=507299;2007-09-19T11:38:00;Apresentação de Proposição;;Indefinida;https://www.camara.leg.br/proposicoesWeb/prop_mostrarintegra?codteor=507299
368847;74813.0;Ronaldo Caiado;DEM;GO;1;1;2007;RONALDO CAIADO;EMA;22;2007;Emenda Aglutinativa;Emenda Aglutinativa nº 22.;;;2007-09-19T11:38:00;https://www.camara.leg.br/proposicoesWeb/prop_mostrarintegra?codteor=507297;2007-09-19T11:38:00;Apresentação de Proposição;;Indefinida;https://www.camara.leg.br/proposicoesWeb/prop_mostrarintegra?codteor=507297
368846;74813.0;Ronaldo Caiado;DEM;GO;1;1;2007;RONALDO CAIADO;EMA;21;2007;Emenda Aglutinativa;Emenda Aglutinativa nº 21.;;;2007-09-19T11:37:00;https://www.camara.leg.br/proposicoesWeb/prop_mostrarintegra?codteor=507296;2007-09-19T11:37:00;Apresentação de Proposição;;Indefinida;https://www.camara.leg.br/proposicoesWeb/prop_mostrarintegra?codteor=507296
368845;74813.0;Ronaldo Caiado;DEM;GO;1;1;2007;RONALDO CAIADO;EMA;20;2007;Emenda Aglutinativa;Emenda Aglutinativa nº 20.;;;2007-09-19T11:36:00;https://www.camara.leg.br/proposicoesWeb/prop_mostrarintegra?codteor=507294;2007-09-19T11:36:00;Apresentação de Proposição;;Indefinida;https://www.camara.leg.br/proposicoesWeb/prop_mostrarintegra?codteor=507294
368844;74813.0;Ronaldo Caiado;DEM;GO;1;1;2007;RONALDO CAIADO;EMA;19;2007;Emenda Aglutinativa;Emenda Aglutinativa nº 19.;;;2007-09-19T11:35:00;https://www.camara.leg.br/proposicoesWeb/prop_mostrarintegra?codteor=507292;2007-09-19T11:35:00;Apresentação de Proposição;;Indefinida;https://www.camara.leg.br/proposicoesWeb/prop_mostrarintegra?codteor=507292
368843;74813.0;Ronaldo Caiado;DEM;GO;1;1;2007;RONALDO CAIADO;EMA;18;2007;Emenda Aglutinativa;Emenda Aglutinativa nº 18.;;;2007-09-19T11:34:00;https://www.camara.leg.br/proposicoesWeb/prop_mostrarintegra?codteor=507289;2007-09-19T11:34:00;Apresentação de Proposição;;Indefinida;https://www.camara.leg.br/proposicoesWeb/prop_mostrarintegra?codteor=507289
368842;74813.0;Ronaldo Caiado;DEM;GO;1;1;2007;RONALDO CAIADO;EMA;17;2007;Emenda Aglutinativa;Emenda Aglutinativa nº 17.;;;2007-09-19T11:33:00;https://www.camara.leg.br/proposicoesWeb/prop_mostrarintegra?codteor=507287;2007-09-19T11:33:00;Apresentação de Proposição;;Indefinida;https://www.camara.leg.br/proposicoesWeb/prop_mostrarintegra?codteor=507287
368841;74813.0;Ronaldo Caiado;DEM;GO;1;1;2007;RONALDO CAIADO;EMA;16;2007;Emenda Aglutinativa;Emenda Aglutinativa nº 16.;;;2007-09-19T11:31:00;https://www.camara.leg.br/proposicoesWeb/prop_mostrarintegra?codteor=507285;2007-09-19T11:31:00;Apresentação de Proposição;;Indefinida;https://www.camara.leg.br/proposicoesWeb/prop_mostrarintegra?codteor=507285
368840;74813.0;Ronaldo Caiado;DEM;GO;1;1;2007;RONALDO CAIADO;EMA;15;2007;Emenda Aglutinativa;Emenda Aglutinativa nº 15.;;;2007-09-19T11:30:00;https://www.camara.leg.br/proposicoesWeb/prop_mostrarintegra?codteor=507284;2007-09-19T11:30:00;Apresentação de Proposição;;Indefinida;https://www.camara.leg.br/proposicoesWeb/prop_mostrarintegra?codteor=507284
368839;74813.0;Ronaldo Caiado;DEM;GO;1;1;2007;RONALDO CAIADO;EMA;14;2007;Emenda Aglutinativa;Emenda Aglutinativa nº 14.;;;2007-09-19T11:28:00;https://www.camara.leg.br/proposicoesWeb/prop_mostrarintegra?codteor=507250;2007-09-19T11:28:00;Apresentação de Proposição;;Indefinida;https://www.camara.leg.br/proposicoesWeb/prop_mostrarintegra?codteor=507250
368838;74813.0;Ronaldo Caiado;DEM;GO;1;1;2007;RONALDO CAIADO;EMA;13;2007;Emenda Aglutinativa;Emenda Aglutinativa nº 13;;;2007-09-19T11:25:00;https://www.camara.leg.br/proposicoesWeb/prop_mostrarintegra?codteor=507248;2007-09-19T11:25:00;Apresentação de Proposição;;Indefinida;https://www.camara.leg.br/proposicoesWeb/prop_mostrarintegra?codteor=507248
368837;74813.0;Ronaldo Caiado;DEM;GO;1;1;2007;RONALDO CAIADO;EMA;12;2007;Emenda Aglutinativa;Emenda Aglutinativa nº 12;;;2007-09-19T11:24:00;https://www.camara.leg.br/proposicoesWeb/prop_mostrarintegra?codteor=507247;2007-09-19T11:24:00;Apresentação de Proposição;;Indefinida;https://www.camara.leg.br/proposicoesWeb/prop_mostrarintegra?codteor=507247
368836;74813.0;Ronaldo Caiado;DEM;GO;1;1;2007;RONALDO CAIADO;EMA;11;2007;Emenda Aglutinativa;Emenda Aglutinativa nº 11;;;2007-09-19T11:23:00;https://www.camara.leg.br/proposicoesWeb/prop_mostrarintegra?codteor=507241;2007-09-19T11:23:00;Apresentação de Proposição;;Indefinida;https://www.camara.leg.br/proposicoesWeb/prop_mostrarintegra?codteor=507241
368835;74813.0;Ronaldo Caiado;DEM;GO;1;1;2007;RONALDO CAIADO;EMA;10;2007;Emenda Aglutinativa;Emenda Aglutinativa nº 10;;;2007-09-19T11:22:00;https://www.camara.leg.br/proposicoesWeb/prop_mostrarintegra?codteor=507239;2007-09-19T11:22:00;Apresentação de Proposição;;Indefinida;https://www.camara.leg.br/proposicoesWeb/prop_mostrarintegra?codteor=507239
368834;74813.0;Ronaldo Caiado;DEM;GO;1;1;2007;RONALDO CAIADO;EMA;9;2007;Emenda Aglutinativa;Emenda Aglutinativa nº 9;;;2007-09-19T11:21:00;https://www.camara.leg.br/proposicoesWeb/prop_mostrarintegra?codteor=507238;2007-09-19T11:21:00;Apresentação de Proposição;;Indefinida;https://www.camara.leg.br/proposicoesWeb/prop_mostrarintegra?codteor=507238
368833;74813.0;Ronaldo Caiado;DEM;GO;1;1;2007;RONALDO CAIADO;EMA;8;2007;Emenda Aglutinativa;Emenda Aglutinativa nº 8;;;2007-09-19T11:21:00;https://www.camara.leg.br/proposicoesWeb/prop_mostrarintegra?codteor=507233;2007-09-19T11:21:00;Apresentação de Proposição;;Indefinida;https://www.camara.leg.br/proposicoesWeb/prop_mostrarintegra?codteor=507233
368832;74813.0;Ronaldo Caiado;DEM;GO;1;1;2007;RONALDO CAIADO;EMA;7;2007;Emenda Aglutinativa;Emenda Aglutinativa nº 7;;;2007-09-19T11:20:00;https://www.camara.leg.br/proposicoesWeb/prop_mostrarintegra?codteor=507231;2007-09-19T11:20:00;Apresentação de Proposição;;Indefinida;https://www.camara.leg.br/proposicoesWeb/prop_mostrarintegra?codteor=507231
368831;74813.0;Ronaldo Caiado;DEM;GO;1;1;2007;RONALDO CAIADO;EMA;6;2007;Emenda Aglutinativa;Emenda Aglutinativa nº 6;;;2007-09-19T11:18:00;https://www.camara.leg.br/proposicoesWeb/prop_mostrarintegra?codteor=507220;2007-09-19T11:18:00;Apresentação de Proposição;;Indefinida;https://www.camara.leg.br/proposicoesWeb/prop_mostrarintegra?codteor=507220
368588;74813.0;Ronaldo Caiado;DEM;GO;2;0;2007;RONALDO CAIADO;REC;113;2007;Recurso contra decisão do Presidente da CD em Questao de Ordem (Art. 95, § 8º, RICD);Recorre, nos termos do Art. 98, § 8º, da decisão da Presidência da Câmara dos Deputados, nº 185, de 2007, que indeferiu requerimento de preferência apresentado à PEC 558, de 2006 (CPMF).;;;2007-09-20T16:21:00;https://www.camara.leg.br/proposicoesWeb/prop_mostrarintegra?codteor=506209;2013-02-25T00:00:00;Encaminhamento;Arquivada;Proposição Sujeita à Apreciação do Plenário;
368484;74813.0;Ronaldo Caiado;DEM;GO;7;0;2007;RONALDO CAIADO;REQ;1703;2007;Requerimento de Urgência (Art. 155 do RICD);Requerimento de urgência para o Projeto de Lei n° 2.086/07;;;2007-09-20T11:26:00;https://www.camara.leg.br/proposicoesWeb/prop_mostrarintegra?codteor=505891;2007-09-20T10:00:00;Aprovação de Proposição em Plenário;Tramitação Finalizada;Indefinida;
368159;74813.0;Ronaldo Caiado;DEM;GO;1;1;2007;RONALDO CAIADO;REC;108;2007;Recurso contra decisão do Presidente da CD em Questao de Ordem (Art. 95, § 8º, RICD);Recorre, nos termos do art. 95, § 8º, contra decisão do Presidente na Questão de Ordem nº 180, de 2007, a respeito da revogação de Medidas Provisórias.;;;2007-09-19T01:47:00;https://www.camara.leg.br/proposicoesWeb/prop_mostrarintegra?codteor=505570;2013-02-25T00:00:00;Encaminhamento;Arquivada;Proposição Sujeita à Apreciação do Plenário;
368152;74813.0;Ronaldo Caiado;DEM;GO;1;1;2007;RONALDO CAIADO;REC;106;2007;Recurso;Recorre, nos termos do art. 57, ,XXI, contra decisão do Presidente da Comissão Especial destinada a apreciar a PEC 558, de 2006, que prorroga a cobrança da CPMF.;;;2007-09-19T00:36:00;https://www.camara.leg.br/proposicoesWeb/prop_mostrarintegra?codteor=505568;2007-10-02T00:00:00;Notificações;;Indefinida;https://www.camara.leg.br/proposicoesWeb/prop_mostrarintegra?codteor=509981
367309;74813.0;Ronaldo Caiado;DEM;GO;1;1;2007;RONALDO CAIADO;REC;98;2007;Recurso contra decisão de Presidente de Comissão em Questão de Ordem (Art. 57, XXI c/c art. 17, III, f, RICD);Recorre contra a decisão do Presidente da Comissão Especial destinada a apreciar a PEC 558 de 2006.;;;2007-09-12T17:36:00;https://www.camara.leg.br/proposicoesWeb/prop_mostrarintegra?codteor=502934;2007-10-02T00:00:00;Notificações;;Indefinida;https://www.camara.leg.br/proposicoesWeb/prop_mostrarintegra?codteor=509981
366538;74813.0;Ronaldo Caiado;DEM;GO;8;0;2007;RONALDO CAIADO;REQ;1628;2007;Requerimento de Transformação de Sessão Plenária em Comissão Geral;Requer a realização de Comissão Geral.;;;2007-09-05T20:26:00;https://www.camara.leg.br/proposicoesWeb/prop_mostrarintegra?codteor=500856;2011-01-12T00:00:00;Arquivamento;Arquivada;Indefinida;
365960;74813.0;Ronaldo Caiado;DEM;GO;8;0;2007;RONALDO CAIADO;REQ;1599;2007;Requerimento de Inclusão ou Retirada de Assinatura em Proposição de Iniciativa Coletiva Obrigatória;Requer a retirada de assinaturas de apoiamento ao Recurso 93, de 2007, contra a apreciação conclusiva da Comissão de Constituição e Justiça e Cidadania sobre o Projeto de Lei 4747/2005.;;;2007-09-04T19:08:00;;2007-09-04T19:08:00;Apresentação de Proposição;Tramitação Finalizada;Indefinida;
362748;74813.0;Ronaldo Caiado;DEM;GO;1;1;2007;RONALDO CAIADO;EMC;82;2007;Emenda na Comissão;Dá nova redação à Medida Provisória 382 de 2007.;;;2007-08-06T10:22:00;https://www.camara.leg.br/proposicoesWeb/prop_mostrarintegra?codteor=491527;2007-08-06T10:22:00;Apresentação de Proposição;;Indefinida;https://www.camara.leg.br/proposicoesWeb/prop_mostrarintegra?codteor=491527
362745;74813.0;Ronaldo Caiado;DEM;GO;1;1;2007;RONALDO CAIADO;EMC;80;2007;Emenda na Comissão;Dá nova redação à Medida Provisória 382 de 2007.;;;2007-08-03T10:22:00;https://www.camara.leg.br/proposicoesWeb/prop_mostrarintegra?codteor=491525;2007-08-03T10:22:00;Apresentação de Proposição;;Indefinida;https://www.camara.leg.br/proposicoesWeb/prop_mostrarintegra?codteor=491525
358527;74813.0;Ronaldo Caiado;DEM;GO;1;1;2007;RONALDO CAIADO;PEA;1;0;Parecer à Emenda Aglutinativa;"Parecer à Emenda Aglutinativa Substitutiva Global de Plenário nº 3 pelo Relator, Dep. Ronaldo Caiado (DEM-GO), pela Comissão de Constituição e Justiça e de Cidadania, que conclui pela constitucionalidade, juridicidade e técnica legislativa; e, no mérito, pela aprovação desta, e pela rejeição do parágrafo único do art. 26-A da Lei nº 9.096/95, constante do artigo 5º desta Emenda.";;;2007-07-04T14:30:00;https://www.camara.leg.br/proposicoesWeb/prop_mostrarintegra?codteor=479636;2007-07-04T14:30:00;Análise Parecer;;Indefinida;https://www.camara.leg.br/proposicoesWeb/prop_mostrarintegra?codteor=479636
357543;74813.0;Ronaldo Caiado;DEM;GO;1;1;2007;RONALDO CAIADO;SBT;1;0;Substitutivo;Dispõe sobre as pesquisas eleitorais, o voto de legenda em listas partidárias, as federações partidárias, a propaganda eleitoral, o financiamento de campanhas e as coligações partidárias, alterando a Lei nº 4.737, de 15 de julho de 1965 (Código Eleitoral), a Lei nº 9.096, de 19 de setembro de 1995 (Lei dos Partidos Políticos) e a Lei nº 9.504, de 30 de setembro de 1997 (Lei das Eleições).;Institui o voto em lista preordenad fechada.;Alteração, Código Eleitoral, Lei dos Partidos Políticos, Lei das Eleições, Reforma Política, restrição, candidato eleito, prefeito, transferência, domicílio eleitoral, pesquisa eleitoral, voto, legenda, lista partidária, funcionamento, atuação parlamentar,  distribuição, lugar, inexistência, quociente eleitoral, criação, registro, federação, partido político, coligação partidária, quociente partidário, propaganda eleitoral, horário gratuito, emissora, rádio, televisão, exclusividade, financiamento público, proibição, doação, pessoa física, pessoa jurídica, despesa, campanha eleitoral, (TSE), prazo, distribuição, recursos públicos, fundo partidário, eleição majoritária, eleição proporcional, prestação de contas, comício, cota, vaga, mulher, participação, política, jovem.;2007-06-27T19:02:00;https://www.camara.leg.br/proposicoesWeb/prop_mostrarintegra?codteor=475885;2007-06-27T19:02:00;Apresentação de Proposição;;Indefinida;https://www.camara.leg.br/proposicoesWeb/prop_mostrarintegra?codteor=475885
357533;74813.0;Ronaldo Caiado;DEM;GO;1;1;2007;RONALDO CAIADO;PEP;1;0;Parecer às Emendas de Plenário;"Parecer às Emendas de Plenário pelo Relator, Dep. Ronaldo Caiado (DEM-GO), pela Comissão de Constituição e Justiça e de Cidadania, que conclui pela constitucionalidade, juridicidade e técnica legislativa das Emendas de Plenário de nºs 1 a 18, 20 a 34, 36 a 131, 135 a 141, 143 a 147, 149 a 164, 166 a 168, 170 a 174, 176 a 184, 186 a 197, 200 a 204, 206, 207, 209 a 239, 241 a 255, 257 a 309 e 311 a 346;  pela inconstitucionalidade das Emendas de Plenário de nºs 19, 35, 132 a 134, 142, 148, 165, 169, 175, 185, 198, 199, 205, 208, 240, 256 e 310;  e, no mérito pela aprovação das Emendas de Plenário de nºs 7, 11, 12, 14, 16, 18, 21, 28, 30, 31, 42, 47, 52, 53, 57, 61, 62, 64, 70, 74, 75, 81, 92, 112 a 114, 122, 128, 129, 154, 174, 176, 177, 179 a 183, 188, 189, 192, 193, 203, 220, 233, 241, 248, 250, 252, 254, 255, 263, 264, 267, 268, 271, 279, 289, 290, 291, 293, 306, 311, 312, 322 e 333, na forma do Substitutivo apresentado;  e pela rejeição das Emendas de Plenário de nºs 1 a 6, 8 a 10, 13, 15, 17, 20, 22 a 27, 29, 32 a 34, 36 a 41, 43 a 46, 48 a 51, 54 a 56, 58 a 60, 63, 65 a 69, 71 a 73, 76 a 80, 82 a 91, 93 a 111, 115 a 121, 123 a 127, 130, 131, 135 a 141, 143 a 147, 149 a 153, 155 a 164, 166 a 168, 170 a 173, 178, 184, 186, 187, 190, 191, 194 a 197, 200 a 202, 204, 206, 207, 209 a 219, 221 a 232, 234 a 239, 342 a 247, 249, 251, 253, 257 a 262, 265, 266, 269, 270, 272 a 278, 280 a 288, 292, 294 a 305, 307 a 309, 313 a 321, 323 a 332 e 334 a 346.";;;2007-06-27T14:30:00;https://www.camara.leg.br/proposicoesWeb/prop_mostrarintegra?codteor=475884;2007-06-27T14:30:00;Análise Parecer;;Indefinida;https://www.camara.leg.br/proposicoesWeb/prop_mostrarintegra?codteor=475884
356570;74813.0;Ronaldo Caiado;DEM;GO;1;1;2007;RONALDO CAIADO;PRL;1;0;Parecer do Relator;Parecer do Relator, Dep. Ronaldo Caiado (DEM-GO), pela rejeição.;;;2007-06-20T17:26:00;https://www.camara.leg.br/proposicoesWeb/prop_mostrarintegra?codteor=472714;2007-06-20T17:26:00;Análise Parecer;;Indefinida;https://www.camara.leg.br/proposicoesWeb/prop_mostrarintegra?codteor=472714
355699;74813.0;Ronaldo Caiado;DEM;GO;1;1;2007;RONALDO CAIADO;PPP;1;2007;Parecer Proferido em Plenário - Notas Taquigráficas;;;;2007-06-13T16:49:00;https://www.camara.leg.br/proposicoesWeb/prop_mostrarintegra?codteor=470376;2007-06-13T16:49:00;Apresentação de Proposição;;Indefinida;https://www.camara.leg.br/proposicoesWeb/prop_mostrarintegra?codteor=470376
355132;74813.0;Ronaldo Caiado;DEM;GO;1;1;2007;RONALDO CAIADO;PPP;1;0;Parecer Proferido em Plenário;"Parecer proferido em Plenário pelo Relator, Dep. Ronaldo Caiado (DEM-GO), pela Comissão de Constituição e Justiça e de Cidadania, que conclui pela constitucionalidade, juridicidade e técnica legislativa; e, no mérito, pela aprovação deste.";;;2007-06-13T09:00:00;https://www.camara.leg.br/proposicoesWeb/prop_mostrarintegra?codteor=470376;2007-06-13T09:00:00;Análise Parecer;;Indefinida;https://www.camara.leg.br/proposicoesWeb/prop_mostrarintegra?codteor=470376
354731;74813.0;Ronaldo Caiado;DEM;GO;1;1;2007;RONALDO CAIADO;EMC;173;2007;Emenda na Comissão;Acrescentem-se os seguintes artigos à Medida Provisória nº. 372, de 22 de maio de 2007, renumerando-se os demais.;;;2007-05-28T14:22:00;https://www.camara.leg.br/proposicoesWeb/prop_mostrarintegra?codteor=467417;2007-05-28T14:22:00;Apresentação de Proposição;;Indefinida;https://www.camara.leg.br/proposicoesWeb/prop_mostrarintegra?codteor=467417
354730;74813.0;Ronaldo Caiado;DEM;GO;1;1;2007;RONALDO CAIADO;EMC;172;2007;Emenda na Comissão;Acrescentem-se os seguintes artigos à Medida Provisória nº. 372, de 22 de maio de 2007, renumerando-se os demais.;;;2007-05-28T14:22:00;https://www.camara.leg.br/proposicoesWeb/prop_mostrarintegra?codteor=467416;2007-05-28T14:22:00;Apresentação de Proposição;;Indefinida;https://www.camara.leg.br/proposicoesWeb/prop_mostrarintegra?codteor=467416
354729;74813.0;Ronaldo Caiado;DEM;GO;1;1;2007;RONALDO CAIADO;EMC;171;2007;Emenda na Comissão;Acrescente-se os seguintes artigos à Medida Provisória nº. 372, de 22 de maio de 2007, renumerando-se os demais.;;;2007-05-28T14:22:00;https://www.camara.leg.br/proposicoesWeb/prop_mostrarintegra?codteor=467415;2007-05-28T14:22:00;Apresentação de Proposição;;Indefinida;https://www.camara.leg.br/proposicoesWeb/prop_mostrarintegra?codteor=467415
354728;74813.0;Ronaldo Caiado;DEM;GO;1;1;2007;RONALDO CAIADO;EMC;170;2007;Emenda na Comissão;Acrescente-se o seguinte artigo à Medida Provisória nº. 372, de 22 de maio de 2007, renumerando-se os demais.;;;2007-05-28T14:22:00;https://www.camara.leg.br/proposicoesWeb/prop_mostrarintegra?codteor=467414;2007-05-28T14:22:00;Apresentação de Proposição;;Indefinida;https://www.camara.leg.br/proposicoesWeb/prop_mostrarintegra?codteor=467414
354727;74813.0;Ronaldo Caiado;DEM;GO;1;1;2007;RONALDO CAIADO;EMC;169;2007;Emenda na Comissão;Acrescente-se o seguinte artigo à Medida Provisória nº 372, de 22 de maio de 2007, renumerando-se os demais;;;2007-05-28T14:22:00;https://www.camara.leg.br/proposicoesWeb/prop_mostrarintegra?codteor=467413;2007-05-28T14:22:00;Apresentação de Proposição;;Indefinida;https://www.camara.leg.br/proposicoesWeb/prop_mostrarintegra?codteor=467413
354726;74813.0;Ronaldo Caiado;DEM;GO;1;1;2007;RONALDO CAIADO;EMC;168;2007;Emenda na Comissão;Acrescente-se o seguinte artigo à Medida Provisória nº 372, de 22 de maio de 2007, renumerando-se os demais.;;;2007-05-28T14:22:00;https://www.camara.leg.br/proposicoesWeb/prop_mostrarintegra?codteor=467412;2007-05-28T14:22:00;Apresentação de Proposição;;Indefinida;https://www.camara.leg.br/proposicoesWeb/prop_mostrarintegra?codteor=467412
354724;74813.0;Ronaldo Caiado;DEM;GO;1;1;2007;RONALDO CAIADO;EMC;167;2007;Emenda na Comissão;Acrescente-se o seguintes artigos à Medida Provisória nº 372, de 22 de maio de 2007, renumerando-se os demais.;;;2007-05-28T14:22:00;https://www.camara.leg.br/proposicoesWeb/prop_mostrarintegra?codteor=467409;2007-05-28T14:22:00;Apresentação de Proposição;;Indefinida;https://www.camara.leg.br/proposicoesWeb/prop_mostrarintegra?codteor=467409
354723;74813.0;Ronaldo Caiado;DEM;GO;1;1;2007;RONALDO CAIADO;EMC;166;2007;Emenda na Comissão;Acrescenta artigos à Medida Provisória;;;2007-05-28T14:22:00;https://www.camara.leg.br/proposicoesWeb/prop_mostrarintegra?codteor=468122;2007-05-28T14:22:00;Apresentação de Proposição;;Indefinida;https://www.camara.leg.br/proposicoesWeb/prop_mostrarintegra?codteor=468122
354721;74813.0;Ronaldo Caiado;DEM;GO;1;1;2007;RONALDO CAIADO;EMC;165;2007;Emenda na Comissão;Acrescenta dispositivos à Medida Provisória;;;2007-05-28T14:22:00;https://www.camara.leg.br/proposicoesWeb/prop_mostrarintegra?codteor=468121;2007-05-28T14:22:00;Apresentação de Proposição;;Indefinida;https://www.camara.leg.br/proposicoesWeb/prop_mostrarintegra?codteor=468121
354717;74813.0;Ronaldo Caiado;DEM;GO;1;1;2007;RONALDO CAIADO;EMC;164;2007;Emenda na Comissão;Acrescenta artigo à Medida Provisória;;;2007-05-24T14:22:00;https://www.camara.leg.br/proposicoesWeb/prop_mostrarintegra?codteor=468120;2007-05-24T14:22:00;Apresentação de Proposição;;Indefinida;https://www.camara.leg.br/proposicoesWeb/prop_mostrarintegra?codteor=468120
354682;74813.0;Ronaldo Caiado;DEM;GO;1;1;2007;RONALDO CAIADO;EMC;99;2007;Emenda na Comissão;Acrescentem-se novos artigos (9º e 10º) à MP 372 de 2007, remunerando-se os demais.;;;2007-05-30T13:24:00;https://www.camara.leg.br/proposicoesWeb/prop_mostrarintegra?codteor=468180;2007-05-30T13:24:00;Apresentação de Proposição;;Indefinida;https://www.camara.leg.br/proposicoesWeb/prop_mostrarintegra?codteor=468180
354608;74813.0;Ronaldo Caiado;DEM;GO;1;1;2007;RONALDO CAIADO;EMC;68;2007;Emenda na Comissão;Dá nova redação ao inciso V, do parágrafo único, do art. 3º da Medida Provisória 372 de 2007.;;;2007-05-28T12:41:00;https://www.camara.leg.br/proposicoesWeb/prop_mostrarintegra?codteor=468095;2007-05-28T12:41:00;Apresentação de Proposição;;Indefinida;https://www.camara.leg.br/proposicoesWeb/prop_mostrarintegra?codteor=468095
354526;74813.0;Ronaldo Caiado;DEM;GO;1;1;2007;RONALDO CAIADO;EMC;30;2007;Emenda na Comissão;Dá nova nova redação ao art. 1º da Medida Provisória 372/07.;;;2007-05-28T10:19:00;https://www.camara.leg.br/proposicoesWeb/prop_mostrarintegra?codteor=467780;2007-05-28T10:19:00;Apresentação de Proposição;;Indefinida;https://www.camara.leg.br/proposicoesWeb/prop_mostrarintegra?codteor=467780
354479;74813.0;Ronaldo Caiado;DEM;GO;1;1;2007;RONALDO CAIADO;EMC;6;2007;Emenda na Comissão;Dá nova nova redação ao art. 1º da Medida Provisória 372/07.;;;2007-05-28T10:19:00;https://www.camara.leg.br/proposicoesWeb/prop_mostrarintegra?codteor=467730;2007-05-28T10:19:00;Apresentação de Proposição;;Indefinida;https://www.camara.leg.br/proposicoesWeb/prop_mostrarintegra?codteor=467730
354476;74813.0;Ronaldo Caiado;DEM;GO;1;1;2007;RONALDO CAIADO;EMC;45;2007;Emenda na Comissão;Dá nova redação ao §4º , do art 1º da Medida Provisória nº 372, de 2007.;;;2007-05-30T10:19:00;https://www.camara.leg.br/proposicoesWeb/prop_mostrarintegra?codteor=467817;2007-05-30T10:19:00;Apresentação de Proposição;;Indefinida;https://www.camara.leg.br/proposicoesWeb/prop_mostrarintegra?codteor=467817
353773;74813.0;Ronaldo Caiado;DEM;GO;27;0;2007;RONALDO CAIADO;RCP;4;2007;Requerimento de Instituição de CPI;Requer a instituição de Comissão Parlamentar de Inquérito com a finalidade de investigar os contratos celebrados entre a ANATEL - Agência Nacional de Telecomunicações e as empresas Outorgatárias dos Serviços Públicos na aréa de telefonia móvel e fixa, no período de 1997 a 2007.;;Criação, (CPI), investigação, contrato, (Anatel), empresa operadora, telefonia, telefone fixo, telefone celular, prestação de serviço, consumidor.;2007-05-30T21:05:35;https://www.camara.leg.br/proposicoesWeb/prop_mostrarintegra?codteor=465308;2011-01-12T00:00:00;Arquivamento;Arquivada;Indefinida;
353503;74813.0;Ronaldo Caiado;DEM;GO;14;0;2007;RONALDO CAIADO;REQ;80;2007;Requerimento de Convocação de Ministro de Estado na Comissão (art. 50, CF);Solicita seja convocado o Senhor Ministro da Fazenda, Senhor Guido Mantega, a fim de discutir e prestar esclarecimentos sobre a renegociação das dívidas dos agricultores brasileiros, a edição do novo Plano Safra, redução dos juros da agricultura e  o não atendimento ao pedido de audiência, solicitado pela Comissão de Agricultura desta Casa.;;;2007-05-30T12:27:00;https://www.camara.leg.br/proposicoesWeb/prop_mostrarintegra?codteor=465109;2007-05-30T10:00:00;Aprovação de Proposição Interna;Arquivada;Proposição Sujeita à Apreciação Conclusiva pelas Comissões(Art. 24, II, do RICD);
353491;74813.0;Ronaldo Caiado;DEM;GO;5;0;2007;RONALDO CAIADO;REQ;79;2007;Requerimento de Convocação de Ministro de Estado na Comissão (art. 50, CF);"Requeremos, nos termos do art. 52, § 5º, do Regimento Interno desta Casa, seja incluído na pauta, para votação imediata, o requerimento de convocação do Ministro de Estado da Fazenda, Guido Mantega;";;;2007-05-30T12:18:00;;2007-05-30T10:00:00;Aprovação de Proposição Interna;Arquivada;Proposição Sujeita à Apreciação Conclusiva pelas Comissões(Art. 24, II, do RICD);
353351;74813.0;Ronaldo Caiado;DEM;GO;38;0;2007;RONALDO CAIADO;PEC;72;2007;Proposta de Emenda à Constituição;Dá nova redação ao parágrafo 5º do art. 14 da Constituição Federal e acrescenta artigo ao Ato das Disposições Transitórias.;Proíbe a reeleição do Presidente da República, dos Governadores e Prefeitos para mandato subseqüente, ressalvado os atuais titulares dos cargos mencionados.;Alteração, Ato das Disposições Constitucionais Transitórias, proibição, reeleição, Presidente da República, Governador, Prefeito.;2007-05-29T16:22:00;https://www.camara.leg.br/proposicoesWeb/prop_mostrarintegra?codteor=464587;2015-06-17T00:00:00;Declaração de Prejudicialidade;Arquivada;Proposição Sujeita à Apreciação do Plenário;
351828;74813.0;Ronaldo Caiado;DEM;GO;1;1;2007;RONALDO CAIADO;PDC;43;2007;Projeto de Decreto Legislativo;"Susta a aplicação do art. 13 do Decreto n° 5.820, de 29 de junho de 2006, que ""dispõe sobre a implantação do SBTVD-T, estabelece diretrizes para a transição do sistema de transmissão analógica para o sistema de transmissão digital do serviço de radiodifusão de sons e imagens e do serviço de retransmissão de televisão, e dá outras providências.""";Dispositivos que autoriza a Administração Federal a explorar o serviço de radiodifusão de sons e imagens em tecnologia digital.;Sustação, dispositivos, decreto federal, implantação, Sistema Brasileiro de Televisão Digital, Administração Pública Federal, exploração, serviço, radiodifusão, tecnologia digital, emissora, televisão pública, Executivo, Educação, Cultura, Cidadania.;2007-05-16T16:44:00;https://www.camara.leg.br/proposicoesWeb/prop_mostrarintegra?codteor=460583;2008-08-12T00:00:00;Arquivamento;Arquivada;Proposição Sujeita à Apreciação do Plenário;https://www.camara.leg.br/proposicoesWeb/prop_mostrarintegra?codteor=590844
350571;74813.0;Ronaldo Caiado;DEM;GO;8;0;2007;RONALDO CAIADO;REC;42;2007;Recurso contra apreciação conclusiva de comissão (Art. 58, § 1º c/c art. 132, § 2º, RICD);Contra apreciação conclusiva das Comissões sobre o Projeto de Lei nº  1/2007.;;;2007-05-08T17:09:00;https://www.camara.leg.br/proposicoesWeb/prop_mostrarintegra?codteor=457706;2007-05-23T00:00:00;Encaminhamento;Tramitação Finalizada;Proposição Sujeita à Apreciação do Plenário;https://www.camara.leg.br/proposicoesWeb/prop_mostrarintegra?codteor=550953
349661;74813.0;Ronaldo Caiado;DEM;GO;1;1;2007;RONALDO CAIADO;PRC;46;2007;Projeto de Resolução de Alteração do Regimento e outros;Altera a redação dos arts. 9º e 102 do Regimento Interno da Câmara dos Deputados para determinar que a representação dos Líderes se refere ao número de Deputados Federais eleitos pela legenda partidária.;;Alteração, Regimento Interno, Câmara dos Deputados, ampliação, legitimidade, Líder, Bancada, autorização, subscrição, proposição, representante, número, Deputado Federal, candidato eleito, legenda partidária, representação partidária, partido político, eleição.;2007-04-26T15:39:00;https://www.camara.leg.br/proposicoesWeb/prop_mostrarintegra?codteor=455354;2023-01-31T00:00:00;Despacho de Apensação;Tramitando em Conjunto;Proposição Sujeita à Apreciação do Plenário;
348776;74813.0;Ronaldo Caiado;DEM;GO;146;0;2007;RONALDO CAIADO;PEC;48;2007;Proposta de Emenda à Constituição;Altera o art. 228 da Constituição Federal.;Reduz a idade penal para 16 (dezesseis) anos, considerando os maiores de dezesseis anos imputáveis penalmente.;Ordem Social, redução, limite de idade, imputabilidade penal, adolescente, menor.;2007-04-19T15:50:00;https://www.camara.leg.br/proposicoesWeb/prop_mostrarintegra?codteor=453192;2015-07-01T00:00:00;Desapensação;Arquivada;Proposição Sujeita à Apreciação do Plenário;
348719;74813.0;Ronaldo Caiado;DEM;GO;30;0;2007;RONALDO CAIADO;PEC;45;2007;Proposta de Emenda à Constituição;Altera o Sistema Tributário Nacional e dá outras providências.;"Introduz os impostos seletivos na competência federal e estadual, pago ao Estado consumidor, através da substituição tributária, sem oneração para as exportações; estabelece na competência da União a criação do imposto sobre movimentação financeira, com alíquota máxima de 0,76% e retira a CSLL; extingue o imposto sobre grandes fortunas; entrega aos Municípios o IPVA, o imposto sobre propriedade territorial rural e o imposto sobre transmissão ""causa mortis"".";"Constituição Federal (1988), Reforma Tributária, criação, imposto seletivo, competência, União,Estado (ente federado), incidência, importação, petróleo, combustível, lubrificante, cigarro, fumo, energia elétrica, bebidas, bebida alcóolica, veículo automotor, telecomunicações, aparelho eletrônico, aparelho eletrodoméstico, produto supérfluo, devolução, exportador, valor, aumento, aquisição, produto exportado.  
_ Competência União,   imposto,  movimentação financeira,  alíquota,  Imposto sobre Produtos Industrializados (IPI), Imposto sobre Operações de Crédito, Câmbio e Seguro ou Relativas a Títulos ou Valores Mobiliários (IOF), Contribuição Social sobre o Lucro Líquido (CSLL), Imposto sobre Grandes Fortunas (IGF).
_ Competência, Município,  Imposto sobre a Propriedade Territorial Rural (ITR), Imposto sobre Transmissão Causa Mortis e Doação de Quaisquer Bens ou Direitos (ITCD), Imposto sobre a Propriedade de Veículos Automotores (IPVA), retirada, Imposto sobre Serviços de Qualquer Natureza (ISS), percentual, participação, imposto seletivo, Estado (ente federado).  
_ Percentual, repasse, imposto de renda, Imposto Provisório sobre Movimentação Financeira (IPMF), imposto seletivo, Fundo de Participação dos Estados e do Distrito Federal (FPE), Fundo de Participação dos Municípios (FPM), Fundos Constitucionais, revogação, dispositivo legal, tributação.";2007-04-19T11:59:20;https://www.camara.leg.br/proposicoesWeb/prop_mostrarintegra?codteor=453067;2024-12-19T00:00:00;Desapensação;Arquivada;Proposição Sujeita à Apreciação do Plenário;
348066;74813.0;Ronaldo Caiado;DEM;GO;21;0;2007;RONALDO CAIADO;PEC;41;2007;Proposta de Emenda à Constituição;Altera o § 1º do Art. 27 da Constituição Federal  e acrescenta artigo ao Ato das Disposições Constitucionais Transitórias para possibilitar aos Estados Federados alterarem o início do mandato dos Deputados Estaduais.;Para os Deputados Estaduais da Legislatura de 2011 a 2015, para o fim de alteração da data de início da Legislatura de 2016.;Alteração, Ato das Disposições Constitucionais Transitórias, autorização, Estados, redução, duração, mandato eletivo, Deputado Estadual, data, posse, Assembléia Legislativa.;2007-04-12T17:09:00;https://www.camara.leg.br/proposicoesWeb/prop_mostrarintegra?codteor=451103;2015-06-17T00:00:00;Declaração de Prejudicialidade;Arquivada;Proposição Sujeita à Apreciação do Plenário;
347718;74813.0;Ronaldo Caiado;DEM;GO;28;0;2007;RONALDO CAIADO;PEC;34;2007;Proposta de Emenda à Constituição;Dá nova redação ao art. 37 da Constituição Federal.;Estabelece critérios para realização de concurso interno para ascensão funcional na Administração Pública.;Administração Pública, critérios, realização, concurso interno, concurso de provas, ascensão funcional, servidor público civil, cargo efetivo, competência, Judiciário, declaração, nulidade.;2007-04-10T22:06:30;https://www.camara.leg.br/proposicoesWeb/prop_mostrarintegra?codteor=450232;2019-01-31T00:00:00;Arquivamento;Arquivada;Proposição Sujeita à Apreciação do Plenário;
347707;74813.0;Ronaldo Caiado;PFL;GO;33;0;2007;RONALDO CAIADO;PEC;33;2007;Proposta de Emenda à Constituição;Altera o § 6º do art. 226 da Constituição Federal, para supressão do instituto da separação judicial.;Estabelece que o casamento civil será dissolvido pelo divórcio consensual ou litigioso. Altera a Constituição Federal de 1988.;Alteração, Constituição Federal, Família, supressão, separação judicial, dissolução, casamento civil, utilização, divórcio.;2007-04-10T21:05:00;https://www.camara.leg.br/proposicoesWeb/prop_mostrarintegra?codteor=450217;2009-05-20T00:00:00;Desapensação;Arquivada;Proposição Sujeita à Apreciação do Plenário;
345662;74813.0;Ronaldo Caiado;PFL;GO;1;1;2007;RONALDO CAIADO;REQ;44;2007;Requerimento;Requer seja realizada audiência pública, para que sejam discutidos os caminhos evolutivos do milho.;;;2007-03-22T15:07:00;https://www.camara.leg.br/proposicoesWeb/prop_mostrarintegra?codteor=445059;2007-03-28T10:00:00;Aprovação de Proposição Interna;Arquivada;Indefinida;
344626;74813.0;Ronaldo Caiado;PFL;GO;35;0;2007;RONALDO CAIADO;PEC;19;2007;Proposta de Emenda à Constituição;Modifica a redação do art. 50 e acrescenta incisos VII ao art. 55 e VII ao parágrafo 2º do art. 58 da Constituição Federal.;Inclui competência às Comissões das Casas do Congresso Nacional para que aprovem Relatório de Acompanhamento e Avaliação periódica do desempenho dos órgãos da Administração Pública Federal, contendo recomendações para a melhoria da qualidade do serviço de cada órgão. Altera a Constituição Federal de 1988.;Alteração, Constituição Federal, Legislativo, autorização, Câmara dos Deputados, Senado, Comissão, convocação, cidadão,  informações, competência, Comissão Permanente, Comissão Temporária, (CPI), elaboração, aprovação, Relatório, Acompanhamento, Avaliação, atuação, órgão público, Administração Pública Federal, qualidade, prestação de serviço, serviço público, gestão, fiscalização, desvio, arrecadação, aplicação de recursos, recursos públicos, Comissões, investigação, informação reservada, perda, mandato parlamentar, Deputado Federal, Senador, divulgação, dados, conclusão, recomendação, anterioridade, publicação oficial.;2007-03-14T14:57:45;https://www.camara.leg.br/proposicoesWeb/prop_mostrarintegra?codteor=442189;2012-05-18T00:00:00;Notificações;Arquivada;Proposição Sujeita à Apreciação do Plenário;https://www.camara.leg.br/proposicoesWeb/prop_mostrarintegra?codteor=1014627
344176;74813.0;Ronaldo Caiado;DEM;GO;31;0;2007;RONALDO CAIADO;PEC;14;2007;Proposta de Emenda à Constituição;Dá nova redação ao  § 5º do art. 40 e ao § 8º do art. 201 da Constituição Federal.;Inclui todos os profissionais da educação escolar que comprove exclusivamente tempo de efetivo exercício nas funções de magistério de docência ou de suporte pedagógico à docência como beneficiário da aposentadoria especial, com redução de 5 (cinco) anos no tempo de contribuição e na idade.;Constituição Federal (1988), Redução, Tempo de contribuição, requisito, aposentadoria voluntária, aposentadoria especial, profissional de educação, comprovação, exclusividade, atividade, magistério, professor, Especialista em educação, Orientador educacional.;2007-03-08T17:03:25;https://www.camara.leg.br/proposicoesWeb/prop_mostrarintegra?codteor=440789;2024-03-14T00:00:00;Notificações;Tramitando em Conjunto;Proposição Sujeita à Apreciação do Plenário;
343832;74813.0;Ronaldo Caiado;PFL;GO;16;0;2007;RONALDO CAIADO;REQ;31;2007;Requerimento;"Requeremos sejam criadas as seguintes Subcomissões, nos termos do art. 29, inciso I e II, do Regimento Interno da Câmara dos Deputados: 1) - Subcomissão Permanente para tratar de Política Agrícola, de Pecuária e de Floresta, Endividamento e Renda Rural; 2) - Subcomissão Permanente para tratar de Agricultura Familiar, Assuntos Agrários e Fundiários - Subtemas: Agroindústrias, Reforma agrária e Movimentos Sociais no Campo, Demarcação e Titulações de Terras, Políticas para assentamentos Rurais, e Assuntos Indígenas. 3) - Subcomicomissão Permanente para tratar do Extrativismo, da Pesca, da Silvicultura, da Fruticultura e do Cacau; 4) - Subcomissão Especial para tratar da Cadeia de Pecuária de Corte; 5) - Subcomissão Especial para tratar da Bioenergia e Meio Ambiente.";;;2007-03-07T11:34:00;https://www.camara.leg.br/proposicoesWeb/prop_mostrarintegra?codteor=440648;2007-03-07T10:00:00;Aprovação de Proposição Interna;Arquivada;Indefinida;
343831;74813.0;Ronaldo Caiado;PFL;GO;16;0;2007;RONALDO CAIADO;REQ;30;2007;Requerimento;Requeremos, nos termos do art. 52, § 5º. do Regimento Interno desta Casa, seja incluído na pauta, para votação imediata, o requerimento que propõe a criação de Subcomissões Especiais e Permanentes, proposto pelos representantes dos partidos, em reunião na presidência da Comissão, dia 6/3/07.;;;2007-03-07T11:25:00;https://www.camara.leg.br/proposicoesWeb/prop_mostrarintegra?codteor=440647;2007-03-07T10:00:00;Aprovação de Proposição Interna;Arquivada;Indefinida;
343431;74813.0;Ronaldo Caiado;PFL;GO;37;0;2007;RONALDO CAIADO;PEC;10;2007;Proposta de Emenda à Constituição;Acresce parágrafo ao art. 217 da Constituição Federal.;Dispõe que lei específica definirá a destinação e a redistribuição dos recursos financeiros de origem pública que são administrados por entidade de prática desportiva, incluindo os repassados à CBF. Altera a Constituição Federal de 1988.;Alteração, Constituição Federal, Desporto, lei federal, definição, distribuição, recursos públicos, entidade de prática desportiva, clube, confederação, futebol, contrato, convênio, órgão público,  Administração Pública, concessionária, permissionária, serviços públicos.;2007-03-05T17:00:18;https://www.camara.leg.br/proposicoesWeb/prop_mostrarintegra?codteor=439246;2012-05-18T00:00:00;Notificações;Arquivada;Proposição Sujeita à Apreciação do Plenário;https://www.camara.leg.br/proposicoesWeb/prop_mostrarintegra?codteor=1014627
343286;74813.0;Ronaldo Caiado;PFL;GO;153;0;2007;RONALDO CAIADO;REQ;419;2007;Requerimento de Transformação de Sessão Plenária em Comissão Geral;Requer que a sessão plenária da Câmara dos Deputados seja transformada em Comissão Geral.;;;2007-03-01T18:32:00;https://www.camara.leg.br/proposicoesWeb/prop_mostrarintegra?codteor=438746;2011-01-12T00:00:00;Arquivamento;Arquivada;Indefinida;
343224;74813.0;Ronaldo Caiado;PFL;GO;38;0;2007;RONALDO CAIADO;PEC;9;2007;Proposta de Emenda à Constituição;Acrescenta alínea ao inciso XLVI  do art. 5º da Constituição Federal, determinando o cumprimento da pena em regime disciplinar diferenciado, por parte de integrantes de organizações criminosas.;;Alteração, Direitos e Garantias Fundamentais, cumprimento, pena,  regime disciplinar diferenciado, preso, criminoso, organização criminosa.;2007-03-01T16:44:14;https://www.camara.leg.br/proposicoesWeb/prop_mostrarintegra?codteor=438639;2019-08-22T00:00:00;Devolução à CCP;Arquivada;Proposição Sujeita à Apreciação do Plenário;
343162;74813.0;Ronaldo Caiado;PFL;GO;3;0;2007;RONALDO CAIADO;EMP;100;2007;Emenda de Plenário;Altera dispositivos da Lei nº 8.666, de 21 de junho de 1993, que regulamenta o art. 37, inciso XXI, da Constituição, institui normas para licitações e contratos da Administração Pública, e dá outras providências.;;;2007-02-15T15:48:00;https://www.camara.leg.br/proposicoesWeb/prop_mostrarintegra?codteor=438883;2007-02-15T15:48:00;Apresentação de Proposição;;Indefinida;https://www.camara.leg.br/proposicoesWeb/prop_mostrarintegra?codteor=438883
342798;74813.0;Ronaldo Caiado;PFL;GO;1;1;2007;RONALDO CAIADO;REQ;378;2007;Requerimento de Desarquivamento de Proposições;Requer o desarquivamento de proposições retomando a tramitação desde o estágio em que se encontrava no término da 52ª Legislatura.;;;2007-02-28T15:20:00;https://www.camara.leg.br/proposicoesWeb/prop_mostrarintegra?codteor=437929;2007-04-20T00:00:00;Desarquivamento a Pedido;Tramitação Finalizada;Indefinida;https://www.camara.leg.br/proposicoesWeb/prop_mostrarintegra?codteor=449325
342750;74813.0;Ronaldo Caiado;PFL;GO;1;1;2007;RONALDO CAIADO;REQ;18;2007;Requerimento;Nos termos regimentais requeiro o adiamento de votação do PDC 2351/06 da Comissão de Relações Exteriores e de Defesa Nacional da Câmara dos Deputados.;;;2007-02-28T11:44:00;;2007-02-28T10:00:00;Aprovação de Proposição Interna;Arquivada;Indefinida;
342723;74813.0;Ronaldo Caiado;DEM;GO;30;0;2007;RONALDO CAIADO;RCP;1;2007;Requerimento de Instituição de CPI;"Requer a criação de Comissão Parlamentar de Inquérito para investigar as causas, conseqüências e responsáveis pela crise do sistema de tráfego aéreo brasileiro, chamada de ""apagão aéreo"", desencadeada após o acidente aéreo ocorrido no dia 29 de setembro de 2006, envolvendo um Boeing 737-800, da Gol (vôo 1907) e um jato Legacy, da América ExcelAire, com mais de uma centena de vítimas.";CPI - Apagão Aéreo.;Criação, (CPI), investigação, responsável, crise, controle, tráfego aéreo, posterioridade, acidente aéreo.;2007-02-27T19:51:00;https://www.camara.leg.br/proposicoesWeb/prop_mostrarintegra?codteor=437694;2007-09-27T00:00:00;Despacho;Arquivada;Indefinida;
341945;74813.0;Ronaldo Caiado;PFL;GO;1;1;2007;RONALDO CAIADO;EMC;88;2007;Emenda na Comissão;Acrescenta ao art. 1º da Lei 10.925, de 2004, os incisos XIII e XIV.;;;2007-02-07T18:42:00;https://www.camara.leg.br/proposicoesWeb/prop_mostrarintegra?codteor=436878;2007-02-07T18:42:00;Apresentação de Proposição;;Indefinida;https://www.camara.leg.br/proposicoesWeb/prop_mostrarintegra?codteor=436878
341849;74813.0;Ronaldo Caiado;PFL;GO;1;1;2007;RONALDO CAIADO;EMC;26;2007;Emenda na Comissão;Acrescenta artigo à  MPV 351/07.;;;2007-02-07T17:42:00;https://www.camara.leg.br/proposicoesWeb/prop_mostrarintegra?codteor=436843;2007-02-07T17:42:00;Apresentação de Proposição;;Indefinida;https://www.camara.leg.br/proposicoesWeb/prop_mostrarintegra?codteor=436843
341848;74813.0;Ronaldo Caiado;PFL;GO;1;1;2007;RONALDO CAIADO;EMC;25;2007;Emenda na Comissão;Acrescenta artigo à  MPV 351/07.;;;2007-02-07T17:42:00;https://www.camara.leg.br/proposicoesWeb/prop_mostrarintegra?codteor=436842;2007-02-07T17:42:00;Apresentação de Proposição;;Indefinida;https://www.camara.leg.br/proposicoesWeb/prop_mostrarintegra?codteor=436842
341847;74813.0;Ronaldo Caiado;PFL;GO;1;1;2007;RONALDO CAIADO;EMC;24;2007;Emenda na Comissão;Acrescenta artigo à  MPV 351/07.;;;2007-02-07T17:42:00;https://www.camara.leg.br/proposicoesWeb/prop_mostrarintegra?codteor=436841;2007-02-07T17:42:00;Apresentação de Proposição;;Indefinida;https://www.camara.leg.br/proposicoesWeb/prop_mostrarintegra?codteor=436841
341846;74813.0;Ronaldo Caiado;PFL;GO;1;1;2007;RONALDO CAIADO;EMC;23;2007;Emenda na Comissão;Acrescenta artigo à  MPV 351/07.;;;2007-02-07T17:42:00;https://www.camara.leg.br/proposicoesWeb/prop_mostrarintegra?codteor=436840;2007-02-07T17:42:00;Apresentação de Proposição;;Indefinida;https://www.camara.leg.br/proposicoesWeb/prop_mostrarintegra?codteor=436840
341586;74813.0;Ronaldo Caiado;PFL;GO;1;1;2007;RONALDO CAIADO;EMC;77;2007;Emenda na Comissão;Dá nova redação à MPV 347 de 2007;;;2007-02-07T18:12:00;https://www.camara.leg.br/proposicoesWeb/prop_mostrarintegra?codteor=436462;2007-02-07T18:12:00;Apresentação de Proposição;;Indefinida;https://www.camara.leg.br/proposicoesWeb/prop_mostrarintegra?codteor=436462
341585;74813.0;Ronaldo Caiado;PFL;GO;1;1;2007;RONALDO CAIADO;EMC;76;2007;Emenda na Comissão;Dá nova redação à MPV 347 de 2007;;;2007-02-07T18:12:00;https://www.camara.leg.br/proposicoesWeb/prop_mostrarintegra?codteor=436433;2007-02-07T18:12:00;Apresentação de Proposição;;Indefinida;https://www.camara.leg.br/proposicoesWeb/prop_mostrarintegra?codteor=436433
341584;74813.0;Ronaldo Caiado;PFL;GO;1;1;2007;RONALDO CAIADO;EMC;75;2007;Emenda na Comissão;Dá nova redação à MPV 347 de 2007;;;2007-02-07T18:12:00;https://www.camara.leg.br/proposicoesWeb/prop_mostrarintegra?codteor=436461;2007-02-07T18:12:00;Apresentação de Proposição;;Indefinida;https://www.camara.leg.br/proposicoesWeb/prop_mostrarintegra?codteor=436461
341583;74813.0;Ronaldo Caiado;PFL;GO;1;1;2007;RONALDO CAIADO;EMC;74;2007;Emenda na Comissão;Dá nova redação à MPV 347 de 2007;;;2007-02-07T18:12:00;https://www.camara.leg.br/proposicoesWeb/prop_mostrarintegra?codteor=436432;2007-02-07T18:12:00;Apresentação de Proposição;;Indefinida;https://www.camara.leg.br/proposicoesWeb/prop_mostrarintegra?codteor=436432
341548;74813.0;Ronaldo Caiado;PFL;GO;1;1;2007;RONALDO CAIADO;EMC;57;2007;Emenda na Comissão;Dá nova redação à MPV 347 de 2007.;;;2007-02-07T16:51:00;https://www.camara.leg.br/proposicoesWeb/prop_mostrarintegra?codteor=436455;2007-02-07T16:51:00;Apresentação de Proposição;;Indefinida;https://www.camara.leg.br/proposicoesWeb/prop_mostrarintegra?codteor=436455
341024;74813.0;Ronaldo Caiado;PFL;GO;5;0;2007;RONALDO CAIADO;REQ;5;2007;Requerimento;Solicita sejam convidados os Representantes do Ministério da Agricultura Pecuária e Abastecimento, do Ministro do Ministério das Relações Exteriores, do Ministério da Indústria e Comércio Exterior, o representante da ABITRIGO - Associação Brasileira da Indústria do Trigo , o representante da OCB - Organização das Cooperativas Brasileiras, o representante da CNA - Confederação Nacional da Agricultura, para paticipar de reunião de audiência pública, com o objetivo de discutir os problemas da produção e da comercialização nacional do trigo e os prejuízos que a importação da farinha subsidiada pela Argentina estão causando no nível interno de renda e emprego na área agrícola e industrial, bem como propor uma política de recuperação de plantio para as culturas de inverno no Brasil.;;;2007-02-15T15:32:00;https://www.camara.leg.br/proposicoesWeb/prop_mostrarintegra?codteor=435482;2007-02-28T10:00:00;Aprovação de Proposição Interna;Arquivada;Indefinida;
340893;74813.0;Ronaldo Caiado;PFL;GO;27;0;2007;RONALDO CAIADO;PEC;7;2007;Proposta de Emenda à Constituição;Altera os  arts. 98 e 144 da Constituição Federal.;"Institui Juizado de Instrução Criminal para investigar infração de maior potencial ofensivo; dá poder de investigação à polícia militar, que ficará responsável pelos boletins de ocorrência; inclui as Guardas Municipais entre os órgãos de Segurança Pública, atribuindo-lhes competência para investigar infrações criminais, nas cidades com mais de dois milhões de habitantes.";Constituição Federal (1988),   criação, Juizado de  Instrução Criminal,   investigação, infração penal, competência, Polícia Militar, lavratura, Termo Circunstanciado de Ocorrência (TCO),  infração penal de menor potencial ofensivo,  inclusão, Guarda Municipal, Órgão de segurança pública.;2007-02-14T22:06:00;https://www.camara.leg.br/proposicoesWeb/prop_mostrarintegra?codteor=435294;2023-01-31T00:00:00;Despacho de Apensação;Tramitando em Conjunto;Proposição Sujeita à Apreciação do Plenário;
340372;74813.0;Ronaldo Caiado;PFL;GO;1;1;2007;RONALDO CAIADO;REQ;143;2007;Requerimento de Inclusão de Matéria na Ordem do Dia;Requer inclusão na Ordem do Dia da Proposta  de  Emenda  à Constituição nº 02,  de  2003,  que   acrescenta  artigos   90  e 91  no    ato   das   Disposições   Constitucionais Transitórias, possibilitando que os servidores públicos requisitados  optem pela  alteração  da  sua  lotação funcional, do órgão  cedente para o órgão cessionário.;;;2007-02-08T17:28:00;https://www.camara.leg.br/proposicoesWeb/prop_mostrarintegra?codteor=1047536;2011-01-12T00:00:00;Arquivamento;Arquivada;Indefinida;
340054;74813.0;Ronaldo Caiado;PFL;GO;1;1;2007;RONALDO CAIADO;REQ;25;2007;Requerimento de Desarquivamento de Proposições;Requer o desarquivamento de proposições retomando a tramitação desde o estágio em que se encontrava no término da 52ª Legislatura.;;;2007-02-06T15:33:00;;2007-03-07T00:00:00;Desarquivamento a Pedido;Tramitação Finalizada;Indefinida;https://www.camara.leg.br/proposicoesWeb/prop_mostrarintegra?codteor=435302
340029;74813.0;Ronaldo Caiado;PFL;GO;41;0;2007;RONALDO CAIADO;PEC;1;2007;Proposta de Emenda à Constituição;Revoga o § 5º do art. 14 da Constituição Federal, que autoriza a reeleição do Presidente da República, dos Governadores de Estado e do Distrito Federal e dos Prefeitos.;Altera a Constituição Federal de 1988.;Alteração, Constituição Federal, Direitos Políticos, proibição, reeleição, Presidente da República, Governador, Estado (ente federado), Distrito Federal, Prefeito Municipal.;2007-02-06T14:08:00;https://www.camara.leg.br/proposicoesWeb/prop_mostrarintegra?codteor=433869;2015-03-27T11:52:00;Desarquivamento a Pedido;Arquivada;Proposição Sujeita à Apreciação do Plenário;https://www.camara.leg.br/proposicoesWeb/prop_mostrarintegra?codteor=1315051
421319;74813.0;Ronaldo Caiado;DEM;GO;1;1;2008;RONALDO CAIADO;REC;232;2008;Recurso contra apreciação conclusiva de comissão (Art. 58, § 1º c/c art. 132, § 2º, RICD);Contra a apreciação conclusiva do Projeto de Lei nº 3829, de 1997, dispõe sobre a estabilidade provisória no emprego do trabalhador cuja companheira estiver grávida.;;;2008-12-17T16:10:00;https://www.camara.leg.br/proposicoesWeb/prop_mostrarintegra?codteor=626843;2015-06-23T17:57:00;Não Informado;Arquivada;Proposição Sujeita à Apreciação do Plenário;
421318;74813.0;Ronaldo Caiado;DEM;GO;5;0;2008;RONALDO CAIADO;REQ;3804;2008;Requerimento de Urgência (Art. 155 do RICD);Requeremos , nos termos do art. 155 do Regimento Interno da Camara dos Deputados, Urgencia para tramitacao do Projeto de Lei n. 2.804, de 1991,de autoria do Deputado Augusto Carvalho PPS\DF, que regulamenta a profissao de bombeiro civil, conhecido como brigadista.;;;2008-12-17T16:00:00;https://www.camara.leg.br/proposicoesWeb/prop_mostrarintegra?codteor=626914;2008-12-17T20:31:00;Aprovação de Proposição em Plenário;Tramitação Finalizada;Indefinida;
420875;74813.0;Ronaldo Caiado;DEM;GO;1;1;2008;RONALDO CAIADO;DTQ;1;0;Destaque;Requer nos termos do art. 161, VI e § 2º do Regimento Interno, destaque para votação em separado da parte do parecer do Relator referente à admissibilidade da PEC nº 106/03, apensada à PEC nº 142/95. Requer, ainda, que o presente destaque estenda-se às proposições apensadas à PEC nº 142/95 de identico teor, notadamente a PEC nº 1/07 e o art. 1º da PEC 77/03.;;;2008-12-16T16:47:00;;2008-12-16T13:00:00;Aprovação de Proposição Interna;Arquivada;Indefinida;
419964;74813.0;Ronaldo Caiado;DEM;GO;8;0;2008;RONALDO CAIADO;ESP;1;0;Emenda Substitutiva de Plenário;Emenda Substitutiva de Plenário nº 1.;;;2008-12-09T21:45:00;https://www.camara.leg.br/proposicoesWeb/prop_mostrarintegra?codteor=624093;2008-12-09T21:45:00;Apresentação de Proposição;;Indefinida;https://www.camara.leg.br/proposicoesWeb/prop_mostrarintegra?codteor=624093
419534;74813.0;Ronaldo Caiado;DEM;GO;1;1;2008;RONALDO CAIADO;CVO;1;0;Complementação de Voto;Parecer com Complementação de Voto, Dep. Ronaldo Caiado (DEM-GO), pela aprovação, com substitutivo.;;;2008-12-03T10:48:00;https://www.camara.leg.br/proposicoesWeb/prop_mostrarintegra?codteor=622493;2008-12-03T10:48:00;Análise Parecer;;Indefinida;https://www.camara.leg.br/proposicoesWeb/prop_mostrarintegra?codteor=622493
419533;74813.0;Ronaldo Caiado;DEM;GO;1;1;2008;RONALDO CAIADO;SBT;2;0;Substitutivo;;;;2008-12-05T10:49:00;;2008-12-05T10:49:00;Apresentação de Proposição;;Indefinida;
418843;74813.0;Ronaldo Caiado;DEM;GO;3;0;2008;RONALDO CAIADO;REQ;331;2008;Requerimento;Requer que seja realizada audiência pública para tratar do crédito e comercialização da safra de 2008.;;;2008-12-03T11:35:00;https://www.camara.leg.br/proposicoesWeb/prop_mostrarintegra?codteor=621095;2008-12-03T14:00:00;Aprovação de Proposição Interna;Arquivada;Indefinida;
417556;74813.0;Ronaldo Caiado;DEM;GO;13;0;2008;RONALDO CAIADO;REQ;329;2008;Requerimento;Requer seja incluído na pauta, para votação imediata, o Requerimento nº 327/08, de autoria da Deputada Jusmari Oliveira.;;;2008-11-26T11:57:00;https://www.camara.leg.br/proposicoesWeb/prop_mostrarintegra?codteor=618678;2008-11-26T10:00:00;Aprovação de Proposição Interna;Arquivada;Indefinida;
415654;74813.0;Ronaldo Caiado;DEM;GO;93;0;2008;RONALDO CAIADO;PRN;3;2008;Projeto de Resolução do Congresso Nacional;"Altera os arts. 26, 44 e 47 da Resolução nº 1, de 2006-CN, bem como o seu anexo, que ""dispõe sobre a Comissão Mista Permanente a que se refere o § 1º do art. 166 da Constituição Federal, bem como a tramitação das matérias a que se refere o mesmo artigo e dá outras providências.";Dispensa a confecção de ata da reunião da bancada que decidir pela apresentação de emendas ao projeto de lei orçamentária, substituindo-a pela obrigatoriedade de assinatura dos membros da bancada na emenda apresentada à Comissão Mista de Orçamento.;Alteração, Resolução do Congresso Nacional, Comissão Mista Permanente, dispensa, ata, reunião, bancada parlamentar, apresentação, emenda coletiva de bancada estadual, Projeto de Lei Orçamentária Anual, obrigatoriedade, assinatura, membros, bancada, texto, entrega, Comissão Mista de Planos, Orçamentos Públicos e Fiscalização.;2008-11-12T15:44:00;https://www.camara.leg.br/proposicoesWeb/prop_mostrarintegra?codteor=613400;2025-01-21T00:00:00;Arquivamento;Arquivada;Proposição Sujeita à Apreciação do Plenário;
414446;74813.0;Ronaldo Caiado;DEM;GO;10;0;2008;RONALDO CAIADO;REQ;319;2008;Requerimento;Solicita a inclusão de proposição na ordem do dia para apreciação imediata.;;;2008-11-05T11:03:00;https://www.camara.leg.br/proposicoesWeb/prop_mostrarintegra?codteor=610398;2008-11-05T10:00:00;Aprovação de Proposição Interna;Arquivada;Indefinida;
413416;74813.0;Ronaldo Caiado;DEM;GO;21;0;2008;RONALDO CAIADO;EMC;1;2008;Emenda na Comissão;"Art. 1º - Acrescente-se o art. 96 ao Ato das Disposições Constitucionais Transitórias, com a seguinte redação: 

	Art. 96 - ""Ficam ratificados os atos de criação, incorporação, fusão, desmembramento ou instalação de municípios, ocorridos até a entrada em vigor da presente emenda constitucional"".

Art. 2º - Esta emenda constitucional entra em vigor na data de sua publicação.";;;2008-10-28T19:38:00;https://www.camara.leg.br/proposicoesWeb/prop_mostrarintegra?codteor=607886;2008-10-28T19:38:00;Apresentação de Proposição;;Indefinida;https://www.camara.leg.br/proposicoesWeb/prop_mostrarintegra?codteor=607886
412485;74813.0;Ronaldo Caiado;DEM;GO;3;0;2008;RONALDO CAIADO;REQ;3227;2008;Requerimento de Urgência (Art. 155 do RICD);Requer, nos termos do art. 155 do Regimento Interno, urgência para votação do PL 3931/2008.;;;2008-10-15T18:28:00;https://www.camara.leg.br/proposicoesWeb/prop_mostrarintegra?codteor=604683;2011-01-14T00:00:00;Arquivamento;Arquivada;Indefinida;
411907;74813.0;Ronaldo Caiado;DEM;GO;2;0;2008;RONALDO CAIADO;REQ;315;2008;Requerimento;Requer seja realizado Encontro desta Comissão, durante a EXPOGRAMADO 2008, no município de Gramado/RS.;;;2008-10-13T16:33:00;https://www.camara.leg.br/proposicoesWeb/prop_mostrarintegra?codteor=603380;2008-10-20T00:00:00;Providência Interna;Arquivada;Indefinida;
410487;74813.0;Ronaldo Caiado;DEM;GO;1;1;2008;RONALDO CAIADO;EMC;418;2008;Emenda na Comissão;Dá nova redação à MPV 441/20O8.;;;2008-09-03T16:38:00;https://www.camara.leg.br/proposicoesWeb/prop_mostrarintegra?codteor=599853;2008-09-03T16:38:00;Apresentação de Proposição;;Indefinida;https://www.camara.leg.br/proposicoesWeb/prop_mostrarintegra?codteor=599853
410451;74813.0;Ronaldo Caiado;DEM;GO;1;1;2008;RONALDO CAIADO;EMC;383;2008;Emenda na Comissão;Altera dispositivos da MPV 441/08.;;;2008-09-03T16:11:00;https://www.camara.leg.br/proposicoesWeb/prop_mostrarintegra?codteor=599812;2008-09-03T16:11:00;Apresentação de Proposição;;Indefinida;https://www.camara.leg.br/proposicoesWeb/prop_mostrarintegra?codteor=599812
410098;74813.0;Ronaldo Caiado;DEM;GO;1;1;2008;RONALDO CAIADO;EMC;209;2008;Emenda na Comissão;Dá nova redação à MPV 441/208.;;;2008-09-03T18:40:00;https://www.camara.leg.br/proposicoesWeb/prop_mostrarintegra?codteor=599327;2008-09-03T18:40:00;Apresentação de Proposição;;Indefinida;https://www.camara.leg.br/proposicoesWeb/prop_mostrarintegra?codteor=599327
409454;74813.0;Ronaldo Caiado;DEM;GO;1;1;2008;RONALDO CAIADO;EMC;1;2008;Emenda na Comissão;Dá nova redação à MPV 441/2008.;;;2008-09-03T09:31:00;https://www.camara.leg.br/proposicoesWeb/prop_mostrarintegra?codteor=598546;2008-09-03T09:31:00;Apresentação de Proposição;;Indefinida;https://www.camara.leg.br/proposicoesWeb/prop_mostrarintegra?codteor=598546
407429;74813.0;Ronaldo Caiado;DEM;GO;1;1;2008;RONALDO CAIADO;EMC;19;2008;Emenda na Comissão;Suprima-se o art. 6º, inciso I, II, III, IV, V, VI, VII, VIII da MPV nº 437 de 29 de julho de 2008.;;;2008-08-06T11:51:00;https://www.camara.leg.br/proposicoesWeb/prop_mostrarintegra?codteor=592313;2008-08-06T11:51:00;Apresentação de Proposição;;Indefinida;https://www.camara.leg.br/proposicoesWeb/prop_mostrarintegra?codteor=592313
407317;74813.0;Ronaldo Caiado;DEM;GO;2;0;2008;RONALDO CAIADO;EMP;2;2008;Emenda de Plenário;Emenda de Plenário nº 2.;;;2008-08-13T22:45:00;https://www.camara.leg.br/proposicoesWeb/prop_mostrarintegra?codteor=591992;2008-08-13T22:45:00;Apresentação de Proposição;;Indefinida;https://www.camara.leg.br/proposicoesWeb/prop_mostrarintegra?codteor=591992
406306;74813.0;Ronaldo Caiado;DEM;GO;1;1;2008;RONALDO CAIADO;REC;198;2008;Recurso contra decisão do Presidente da CD em Questao de Ordem (Art. 95, § 8º, RICD);Recorre, nos termos do art. 95 § 8º do RICD contra decisão da Presidência que indeferiu Questão de Ordem a respeito da retirada de requerimento de retirada de pauta da Medida Provisória 432/2008.;;;2008-08-06T18:50:00;https://www.camara.leg.br/proposicoesWeb/prop_mostrarintegra?codteor=590391;2013-02-25T00:00:00;Encaminhamento;Arquivada;Indefinida;
405628;74813.0;Ronaldo Caiado;DEM;GO;1;1;2008;RONALDO CAIADO;EMP;24;2008;Emenda de Plenário;Altera a redação do art. 9º do PL 3674/2008.;;;2008-07-10T15:38:00;https://www.camara.leg.br/proposicoesWeb/prop_mostrarintegra?codteor=589034;2008-07-10T15:38:00;Apresentação de Proposição;;Indefinida;https://www.camara.leg.br/proposicoesWeb/prop_mostrarintegra?codteor=589034
405627;74813.0;Ronaldo Caiado;DEM;GO;1;1;2008;RONALDO CAIADO;EMP;23;2008;Emenda de Plenário;Altera a redação do art. 4º do PL 3674/2008.;;;2008-07-10T15:38:00;https://www.camara.leg.br/proposicoesWeb/prop_mostrarintegra?codteor=589033;2008-07-10T15:38:00;Apresentação de Proposição;;Indefinida;https://www.camara.leg.br/proposicoesWeb/prop_mostrarintegra?codteor=589033
405626;74813.0;Ronaldo Caiado;DEM;GO;1;1;2008;RONALDO CAIADO;EMP;22;2008;Emenda de Plenário;Altera a redação do art. 4º do PL 3674/2008.;;;2008-07-10T15:38:00;https://www.camara.leg.br/proposicoesWeb/prop_mostrarintegra?codteor=589032;2008-07-10T15:38:00;Apresentação de Proposição;;Indefinida;https://www.camara.leg.br/proposicoesWeb/prop_mostrarintegra?codteor=589032
405625;74813.0;Ronaldo Caiado;DEM;GO;1;1;2008;RONALDO CAIADO;EMP;21;2008;Emenda de Plenário;Altera a redação do art. 2º do PL 3674/2008.;;;2008-07-10T15:38:00;https://www.camara.leg.br/proposicoesWeb/prop_mostrarintegra?codteor=589031;2008-07-10T15:38:00;Apresentação de Proposição;;Indefinida;https://www.camara.leg.br/proposicoesWeb/prop_mostrarintegra?codteor=589031
405624;74813.0;Ronaldo Caiado;DEM;GO;1;1;2008;RONALDO CAIADO;EMP;20;2008;Emenda de Plenário;Altera a redação do art. 5º do PL 3674/2008.;;;2008-07-10T15:38:00;https://www.camara.leg.br/proposicoesWeb/prop_mostrarintegra?codteor=589030;2008-07-10T15:38:00;Apresentação de Proposição;;Indefinida;https://www.camara.leg.br/proposicoesWeb/prop_mostrarintegra?codteor=589030
405623;74813.0;Ronaldo Caiado;DEM;GO;1;1;2008;RONALDO CAIADO;EMP;19;2008;Emenda de Plenário;Altera a redação do art. 2º do PL 3674/2008.;;;2008-07-10T15:38:00;https://www.camara.leg.br/proposicoesWeb/prop_mostrarintegra?codteor=589029;2008-07-10T15:38:00;Apresentação de Proposição;;Indefinida;https://www.camara.leg.br/proposicoesWeb/prop_mostrarintegra?codteor=589029
405622;74813.0;Ronaldo Caiado;DEM;GO;1;1;2008;RONALDO CAIADO;EMP;18;2008;Emenda de Plenário;Altera a redação do art. 6º do PL 3674/2008.;;;2008-07-10T15:38:00;https://www.camara.leg.br/proposicoesWeb/prop_mostrarintegra?codteor=589027;2008-07-10T15:38:00;Apresentação de Proposição;;Indefinida;https://www.camara.leg.br/proposicoesWeb/prop_mostrarintegra?codteor=589027
403640;74813.0;Ronaldo Caiado;DEM;GO;1;1;2008;RONALDO CAIADO;REC;191;2008;Recurso contra decisão de Presidente de Comissão em Questão de Ordem (Art. 57, XXI c/c art. 17, III, f, RICD);Recorre ao Presidente da Câmara dos Deputados contra decisão do Presidente da Comissão de Constituição e Justiça e Cidadania.;;;2008-07-08T16:51:05;https://www.camara.leg.br/proposicoesWeb/prop_mostrarintegra?codteor=584223;2011-01-31T00:00:00;Arquivamento;Arquivada;Indefinida;https://www.camara.leg.br/proposicoesWeb/prop_mostrarintegra?codteor=850547
402910;74813.0;Ronaldo Caiado;DEM;GO;1;1;2008;RONALDO CAIADO;RIC;3064;2008;Requerimento de Informação;Solicita informações ao Ministro das Cidades sobre a agenda oficial cumprida nos últimos seis meses, a contar de 01 de janeiro de 2008 até 30 de junho de 2008.;;;2008-07-02T15:45:20;https://www.camara.leg.br/proposicoesWeb/prop_mostrarintegra?codteor=582399;2008-10-16T13:00:00;Ratificação de Parecer;Arquivada;Indefinida;
400722;74813.0;Ronaldo Caiado;DEM;GO;1;1;2008;RONALDO CAIADO;EMC;12;2008;Emenda na Comissão;Dá nova redação ao art. 2º da MPV 434/2008.;;;2008-06-11T19:41:00;https://www.camara.leg.br/proposicoesWeb/prop_mostrarintegra?codteor=577679;2008-06-11T19:41:00;Apresentação de Proposição;;Indefinida;https://www.camara.leg.br/proposicoesWeb/prop_mostrarintegra?codteor=577679
400187;74813.0;Ronaldo Caiado;DEM;GO;1;1;2008;RONALDO CAIADO;EMC;535;2008;Emenda na Comissão;Dá nova redação à MPV 432/2008.;;;2008-06-03T10:15:00;https://www.camara.leg.br/proposicoesWeb/prop_mostrarintegra?codteor=576526;2008-06-03T10:15:00;Apresentação de Proposição;;Indefinida;https://www.camara.leg.br/proposicoesWeb/prop_mostrarintegra?codteor=576526
400129;74813.0;Ronaldo Caiado;DEM;GO;1;1;2008;RONALDO CAIADO;EMC;522;2008;Emenda na Comissão;Dá nova redação à MPV 432/2008.;;;2008-06-03T09:59:00;https://www.camara.leg.br/proposicoesWeb/prop_mostrarintegra?codteor=576460;2008-06-03T09:59:00;Apresentação de Proposição;;Indefinida;https://www.camara.leg.br/proposicoesWeb/prop_mostrarintegra?codteor=576460
400122;74813.0;Ronaldo Caiado;DEM;GO;1;1;2008;RONALDO CAIADO;EMC;518;2008;Emenda na Comissão;Acrescenta artigos à MPV 432/2008.;;;2008-06-03T09:22:00;https://www.camara.leg.br/proposicoesWeb/prop_mostrarintegra?codteor=576453;2008-06-03T09:22:00;Apresentação de Proposição;;Indefinida;https://www.camara.leg.br/proposicoesWeb/prop_mostrarintegra?codteor=576453
400119;74813.0;Ronaldo Caiado;DEM;GO;1;1;2008;RONALDO CAIADO;EMC;515;2008;Emenda na Comissão;Acrescenta artigos à MPV 432/2008.;;;2008-06-03T09:22:00;https://www.camara.leg.br/proposicoesWeb/prop_mostrarintegra?codteor=576449;2008-06-03T09:22:00;Apresentação de Proposição;;Indefinida;https://www.camara.leg.br/proposicoesWeb/prop_mostrarintegra?codteor=576449
400111;74813.0;Ronaldo Caiado;DEM;GO;1;1;2008;RONALDO CAIADO;EMC;507;2008;Emenda na Comissão;Altera a redação da MPV 432/2008.;;;2008-06-03T09:22:00;https://www.camara.leg.br/proposicoesWeb/prop_mostrarintegra?codteor=576439;2008-06-03T09:22:00;Apresentação de Proposição;;Indefinida;https://www.camara.leg.br/proposicoesWeb/prop_mostrarintegra?codteor=576439
400109;74813.0;Ronaldo Caiado;DEM;GO;1;1;2008;RONALDO CAIADO;EMC;505;2008;Emenda na Comissão;Altera a redação da MPV 432/2008.;;;2008-06-03T09:22:00;https://www.camara.leg.br/proposicoesWeb/prop_mostrarintegra?codteor=576436;2008-06-03T09:22:00;Apresentação de Proposição;;Indefinida;https://www.camara.leg.br/proposicoesWeb/prop_mostrarintegra?codteor=576436
400104;74813.0;Ronaldo Caiado;DEM;GO;1;1;2008;RONALDO CAIADO;EMC;500;2008;Emenda na Comissão;Altera a redação do Anexo XI da MPV 432/2008.;;;2008-06-03T09:22:00;https://www.camara.leg.br/proposicoesWeb/prop_mostrarintegra?codteor=576430;2008-06-03T09:22:00;Apresentação de Proposição;;Indefinida;https://www.camara.leg.br/proposicoesWeb/prop_mostrarintegra?codteor=576430
400103;74813.0;Ronaldo Caiado;DEM;GO;1;1;2008;RONALDO CAIADO;EMC;499;2008;Emenda na Comissão;Altera a redação do Anexo X da MPV 432/2008.;;;2008-06-03T09:22:00;https://www.camara.leg.br/proposicoesWeb/prop_mostrarintegra?codteor=576429;2008-06-03T09:22:00;Apresentação de Proposição;;Indefinida;https://www.camara.leg.br/proposicoesWeb/prop_mostrarintegra?codteor=576429
400102;74813.0;Ronaldo Caiado;DEM;GO;1;1;2008;RONALDO CAIADO;EMC;498;2008;Emenda na Comissão;Altera a redação do Anexo IX da MPV 432/2008.;;;2008-06-03T09:22:00;https://www.camara.leg.br/proposicoesWeb/prop_mostrarintegra?codteor=576428;2008-06-03T09:22:00;Apresentação de Proposição;;Indefinida;https://www.camara.leg.br/proposicoesWeb/prop_mostrarintegra?codteor=576428
400095;74813.0;Ronaldo Caiado;DEM;GO;1;1;2008;RONALDO CAIADO;EMC;491;2008;Emenda na Comissão;Altera o Anexo II da MPV 432/2008.;;;2008-06-03T09:22:00;https://www.camara.leg.br/proposicoesWeb/prop_mostrarintegra?codteor=576420;2008-06-03T09:22:00;Apresentação de Proposição;;Indefinida;https://www.camara.leg.br/proposicoesWeb/prop_mostrarintegra?codteor=576420
400094;74813.0;Ronaldo Caiado;DEM;GO;1;1;2008;RONALDO CAIADO;EMC;490;2008;Emenda na Comissão;Altera o Anexo I da MPV 432/2008.;;;2008-06-03T09:22:00;https://www.camara.leg.br/proposicoesWeb/prop_mostrarintegra?codteor=576419;2008-06-03T09:22:00;Apresentação de Proposição;;Indefinida;https://www.camara.leg.br/proposicoesWeb/prop_mostrarintegra?codteor=576419
400087;74813.0;Ronaldo Caiado;DEM;GO;1;1;2008;RONALDO CAIADO;EMC;483;2008;Emenda na Comissão;Altera a redação da MPV 432/2008.;;;2008-06-03T09:22:00;https://www.camara.leg.br/proposicoesWeb/prop_mostrarintegra?codteor=576411;2008-06-03T09:22:00;Apresentação de Proposição;;Indefinida;https://www.camara.leg.br/proposicoesWeb/prop_mostrarintegra?codteor=576411
400067;74813.0;Ronaldo Caiado;DEM;GO;1;1;2008;RONALDO CAIADO;EMC;465;2008;Emenda na Comissão;Altera a redação do art. 45 da MPV 432/2008.;;;2008-06-03T18:01:00;https://www.camara.leg.br/proposicoesWeb/prop_mostrarintegra?codteor=576386;2008-06-03T18:01:00;Apresentação de Proposição;;Indefinida;https://www.camara.leg.br/proposicoesWeb/prop_mostrarintegra?codteor=576386
400061;74813.0;Ronaldo Caiado;DEM;GO;1;1;2008;RONALDO CAIADO;EMC;459;2008;Emenda na Comissão;Altera a redação do art. 45 da MPV 432/2008.;;;2008-06-03T18:01:00;https://www.camara.leg.br/proposicoesWeb/prop_mostrarintegra?codteor=576380;2008-06-03T18:01:00;Apresentação de Proposição;;Indefinida;https://www.camara.leg.br/proposicoesWeb/prop_mostrarintegra?codteor=576380
400033;74813.0;Ronaldo Caiado;DEM;GO;1;1;2008;RONALDO CAIADO;EMC;431;2008;Emenda na Comissão;Altera a redação do art. 33 da MPV 432/2008.;;;2008-06-03T18:01:00;https://www.camara.leg.br/proposicoesWeb/prop_mostrarintegra?codteor=576339;2008-06-03T18:01:00;Apresentação de Proposição;;Indefinida;https://www.camara.leg.br/proposicoesWeb/prop_mostrarintegra?codteor=576339
399971;74813.0;Ronaldo Caiado;DEM;GO;1;1;2008;RONALDO CAIADO;EMC;373;2008;Emenda na Comissão;Altera a redação do art. 30 da MPV 432/2008.;;;2008-06-03T17:07:00;https://www.camara.leg.br/proposicoesWeb/prop_mostrarintegra?codteor=576270;2008-06-03T17:07:00;Apresentação de Proposição;;Indefinida;https://www.camara.leg.br/proposicoesWeb/prop_mostrarintegra?codteor=576270
399923;74813.0;Ronaldo Caiado;DEM;GO;1;1;2008;RONALDO CAIADO;EMC;328;2008;Emenda na Comissão;Altera a redação do art. 29 da MPV 432/2008.;;;2008-06-03T16:24:00;https://www.camara.leg.br/proposicoesWeb/prop_mostrarintegra?codteor=576212;2008-06-03T16:24:00;Apresentação de Proposição;;Indefinida;https://www.camara.leg.br/proposicoesWeb/prop_mostrarintegra?codteor=576212
399853;74813.0;Ronaldo Caiado;DEM;GO;1;1;2008;RONALDO CAIADO;EMC;262;2008;Emenda na Comissão;Altera a redação do art. 13 da MPV 432/2008.;;;2008-06-03T14:45:00;https://www.camara.leg.br/proposicoesWeb/prop_mostrarintegra?codteor=576128;2008-06-03T14:45:00;Apresentação de Proposição;;Indefinida;https://www.camara.leg.br/proposicoesWeb/prop_mostrarintegra?codteor=576128
399846;74813.0;Ronaldo Caiado;DEM;GO;1;1;2008;RONALDO CAIADO;EMC;255;2008;Emenda na Comissão;Altera a redação do art. 12 da MPV 432/2008.;;;2008-06-03T14:45:00;https://www.camara.leg.br/proposicoesWeb/prop_mostrarintegra?codteor=576121;2008-06-03T14:45:00;Apresentação de Proposição;;Indefinida;https://www.camara.leg.br/proposicoesWeb/prop_mostrarintegra?codteor=576121
399833;74813.0;Ronaldo Caiado;DEM;GO;1;1;2008;RONALDO CAIADO;EMC;242;2008;Emenda na Comissão;Altera a redação do art. 12 da MPV 432/2008.;;;2008-06-03T14:45:00;https://www.camara.leg.br/proposicoesWeb/prop_mostrarintegra?codteor=576108;2008-06-03T14:45:00;Apresentação de Proposição;;Indefinida;https://www.camara.leg.br/proposicoesWeb/prop_mostrarintegra?codteor=576108
399825;74813.0;Ronaldo Caiado;DEM;GO;1;1;2008;RONALDO CAIADO;EMC;234;2008;Emenda na Comissão;Altera a redação do art. 11 da MPV 432/2008.;;;2008-06-03T14:45:00;https://www.camara.leg.br/proposicoesWeb/prop_mostrarintegra?codteor=576100;2008-06-03T14:45:00;Apresentação de Proposição;;Indefinida;https://www.camara.leg.br/proposicoesWeb/prop_mostrarintegra?codteor=576100
399816;74813.0;Ronaldo Caiado;DEM;GO;1;1;2008;RONALDO CAIADO;EMC;225;2008;Emenda na Comissão;Altera a redação do art. 10 da MPV 432/2008.;;;2008-06-03T14:45:00;https://www.camara.leg.br/proposicoesWeb/prop_mostrarintegra?codteor=576088;2008-06-03T14:45:00;Apresentação de Proposição;;Indefinida;https://www.camara.leg.br/proposicoesWeb/prop_mostrarintegra?codteor=576088
399809;74813.0;Ronaldo Caiado;DEM;GO;1;1;2008;RONALDO CAIADO;EMC;218;2008;Emenda na Comissão;Altera a redação do art. 10 da MPV 432/2008.;;;2008-06-03T14:45:00;https://www.camara.leg.br/proposicoesWeb/prop_mostrarintegra?codteor=576077;2008-06-03T14:45:00;Apresentação de Proposição;;Indefinida;https://www.camara.leg.br/proposicoesWeb/prop_mostrarintegra?codteor=576077
399796;74813.0;Ronaldo Caiado;DEM;GO;1;1;2008;RONALDO CAIADO;EMC;205;2008;Emenda na Comissão;Altera a redação do art. 8º da MPV 432/2008.;;;2008-06-03T14:45:00;https://www.camara.leg.br/proposicoesWeb/prop_mostrarintegra?codteor=576062;2008-06-03T14:45:00;Apresentação de Proposição;;Indefinida;https://www.camara.leg.br/proposicoesWeb/prop_mostrarintegra?codteor=576062
399794;74813.0;Ronaldo Caiado;DEM;GO;1;1;2008;RONALDO CAIADO;EMC;203;2008;Emenda na Comissão;Altera a redação do art. 8º da MPV 432/2008.;;;2008-06-03T14:45:00;https://www.camara.leg.br/proposicoesWeb/prop_mostrarintegra?codteor=576060;2008-06-03T14:45:00;Apresentação de Proposição;;Indefinida;https://www.camara.leg.br/proposicoesWeb/prop_mostrarintegra?codteor=576060
399766;74813.0;Ronaldo Caiado;DEM;GO;1;1;2008;RONALDO CAIADO;EMC;187;2008;Emenda na Comissão;Dá nova redação ao art. 8º da Medida Provisória nº 432 de 27 de maio de 2008.;;;2008-06-03T10:43:00;https://www.camara.leg.br/proposicoesWeb/prop_mostrarintegra?codteor=575990;2008-06-03T10:43:00;Apresentação de Proposição;;Indefinida;https://www.camara.leg.br/proposicoesWeb/prop_mostrarintegra?codteor=575990
399762;74813.0;Ronaldo Caiado;DEM;GO;1;1;2008;RONALDO CAIADO;EMC;185;2008;Emenda na Comissão;Dá nova redação ao art. 8º da Medida Provisória nº 432 de 27 de maio de 2008.;;;2008-06-03T10:43:00;https://www.camara.leg.br/proposicoesWeb/prop_mostrarintegra?codteor=575983;2008-06-03T10:43:00;Apresentação de Proposição;;Indefinida;https://www.camara.leg.br/proposicoesWeb/prop_mostrarintegra?codteor=575983
399663;74813.0;Ronaldo Caiado;DEM;GO;1;1;2008;RONALDO CAIADO;EMC;122;2008;Emenda na Comissão;Inclua-se o art. 4°-A após o art. 4° da MPV 432/2008.;;;2008-06-03T09:36:00;https://www.camara.leg.br/proposicoesWeb/prop_mostrarintegra?codteor=575768;2008-06-03T09:36:00;Apresentação de Proposição;;Indefinida;https://www.camara.leg.br/proposicoesWeb/prop_mostrarintegra?codteor=575768
399662;74813.0;Ronaldo Caiado;DEM;GO;1;1;2008;RONALDO CAIADO;EMC;121;2008;Emenda na Comissão;Inclua-se o art. 4°-A após o art. 4° da MPV 432/2008.;;;2008-06-03T09:36:00;https://www.camara.leg.br/proposicoesWeb/prop_mostrarintegra?codteor=575767;2008-06-03T09:36:00;Apresentação de Proposição;;Indefinida;https://www.camara.leg.br/proposicoesWeb/prop_mostrarintegra?codteor=575767
399646;74813.0;Ronaldo Caiado;DEM;GO;1;1;2008;RONALDO CAIADO;EMC;105;2008;Emenda na Comissão;Suprime o artigo 3º da MPV 432/2008.;;;2008-06-03T18:07:00;https://www.camara.leg.br/proposicoesWeb/prop_mostrarintegra?codteor=575737;2008-06-03T18:07:00;Apresentação de Proposição;;Indefinida;https://www.camara.leg.br/proposicoesWeb/prop_mostrarintegra?codteor=575737
399645;74813.0;Ronaldo Caiado;DEM;GO;1;1;2008;RONALDO CAIADO;EMC;104;2008;Emenda na Comissão;Suprime o artigo 3º da MPV 432/2008.;;;2008-06-03T18:07:00;https://www.camara.leg.br/proposicoesWeb/prop_mostrarintegra?codteor=575735;2008-06-03T18:07:00;Apresentação de Proposição;;Indefinida;https://www.camara.leg.br/proposicoesWeb/prop_mostrarintegra?codteor=575735
399644;74813.0;Ronaldo Caiado;DEM;GO;1;1;2008;RONALDO CAIADO;EMC;103;2008;Emenda na Comissão;Suprime o artigo 3º da MPV 432/2008.;;;2008-06-03T18:07:00;https://www.camara.leg.br/proposicoesWeb/prop_mostrarintegra?codteor=575734;2008-06-03T18:07:00;Apresentação de Proposição;;Indefinida;https://www.camara.leg.br/proposicoesWeb/prop_mostrarintegra?codteor=575734
399643;74813.0;Ronaldo Caiado;DEM;GO;1;1;2008;RONALDO CAIADO;EMC;102;2008;Emenda na Comissão;Suprime o artigo 3º da MPV 432/2008.;;;2008-06-03T18:07:00;https://www.camara.leg.br/proposicoesWeb/prop_mostrarintegra?codteor=575733;2008-06-03T18:07:00;Apresentação de Proposição;;Indefinida;https://www.camara.leg.br/proposicoesWeb/prop_mostrarintegra?codteor=575733
399569;74813.0;Ronaldo Caiado;DEM;GO;1;1;2008;RONALDO CAIADO;EMC;85;2008;Emenda na Comissão;Dá nova redação o inciso I do art. 3º  da MPV 432/2008.;;;2008-06-03T15:26:00;https://www.camara.leg.br/proposicoesWeb/prop_mostrarintegra?codteor=575542;2008-06-03T15:26:00;Apresentação de Proposição;;Indefinida;https://www.camara.leg.br/proposicoesWeb/prop_mostrarintegra?codteor=575542
399568;74813.0;Ronaldo Caiado;DEM;GO;1;1;2008;RONALDO CAIADO;EMC;84;2008;Emenda na Comissão;Dá nova redação o inciso I do art. 3º  da MPV 432/2008.;;;2008-06-03T15:26:00;https://www.camara.leg.br/proposicoesWeb/prop_mostrarintegra?codteor=575541;2008-06-03T15:26:00;Apresentação de Proposição;;Indefinida;https://www.camara.leg.br/proposicoesWeb/prop_mostrarintegra?codteor=575541
399556;74813.0;Ronaldo Caiado;DEM;GO;1;1;2008;RONALDO CAIADO;EMC;78;2008;Emenda na Comissão;Suprime o art. 2º da MPV 432/2008;;;2008-06-03T15:26:00;https://www.camara.leg.br/proposicoesWeb/prop_mostrarintegra?codteor=575528;2008-06-03T15:26:00;Apresentação de Proposição;;Indefinida;https://www.camara.leg.br/proposicoesWeb/prop_mostrarintegra?codteor=575528
399555;74813.0;Ronaldo Caiado;DEM;GO;1;1;2008;RONALDO CAIADO;EMC;77;2008;Emenda na Comissão;Suprime o art. 2º da MPV 432/2008;;;2008-06-03T15:26:00;https://www.camara.leg.br/proposicoesWeb/prop_mostrarintegra?codteor=575527;2008-06-03T15:26:00;Apresentação de Proposição;;Indefinida;https://www.camara.leg.br/proposicoesWeb/prop_mostrarintegra?codteor=575527
399473;74813.0;Ronaldo Caiado;DEM;GO;1;1;2008;RONALDO CAIADO;EMC;54;2008;Emenda na Comissão;Altera a redação do art. 2º da MPV 432/2008.;;;2008-06-03T10:59:00;https://www.camara.leg.br/proposicoesWeb/prop_mostrarintegra?codteor=575321;2008-06-03T10:59:00;Apresentação de Proposição;;Indefinida;https://www.camara.leg.br/proposicoesWeb/prop_mostrarintegra?codteor=575321
399472;74813.0;Ronaldo Caiado;DEM;GO;1;1;2008;RONALDO CAIADO;EMC;53;2008;Emenda na Comissão;Altera a redação do art. 2º da MPV 432/2008.;;;2008-06-03T10:59:00;https://www.camara.leg.br/proposicoesWeb/prop_mostrarintegra?codteor=575320;2008-06-03T10:59:00;Apresentação de Proposição;;Indefinida;https://www.camara.leg.br/proposicoesWeb/prop_mostrarintegra?codteor=575320
399459;74813.0;Ronaldo Caiado;DEM;GO;1;1;2008;RONALDO CAIADO;EMC;44;2008;Emenda na Comissão;Altera a redação do art. 1º da MPV 432/2008.;;;2008-06-03T10:59:00;https://www.camara.leg.br/proposicoesWeb/prop_mostrarintegra?codteor=575304;2008-06-03T10:59:00;Apresentação de Proposição;;Indefinida;https://www.camara.leg.br/proposicoesWeb/prop_mostrarintegra?codteor=575304
399456;74813.0;Ronaldo Caiado;DEM;GO;1;1;2008;RONALDO CAIADO;EMC;43;2008;Emenda na Comissão;Altera a redação do art. 1º da MPV 432/2008.;;;2008-06-03T10:59:00;https://www.camara.leg.br/proposicoesWeb/prop_mostrarintegra?codteor=575298;2008-06-03T10:59:00;Apresentação de Proposição;;Indefinida;https://www.camara.leg.br/proposicoesWeb/prop_mostrarintegra?codteor=575298
399409;74813.0;Ronaldo Caiado;DEM;GO;1;1;2008;RONALDO CAIADO;EMC;26;2008;Emenda na Comissão;Altera a redação do Artigo 1º da MPV 432/2008.;;;2008-06-03T09:53:00;https://www.camara.leg.br/proposicoesWeb/prop_mostrarintegra?codteor=575195;2008-06-03T09:53:00;Apresentação de Proposição;;Indefinida;https://www.camara.leg.br/proposicoesWeb/prop_mostrarintegra?codteor=575195
399408;74813.0;Ronaldo Caiado;DEM;GO;1;1;2008;RONALDO CAIADO;EMC;25;2008;Emenda na Comissão;Altera a redação do Artigo 1º da MPV 432/2008.;;;2008-06-03T09:53:00;https://www.camara.leg.br/proposicoesWeb/prop_mostrarintegra?codteor=575193;2008-06-03T09:53:00;Apresentação de Proposição;;Indefinida;https://www.camara.leg.br/proposicoesWeb/prop_mostrarintegra?codteor=575193
399339;74813.0;Ronaldo Caiado;DEM;GO;1;1;2008;RONALDO CAIADO;EMC;11;2008;Emenda na Comissão;Altera a redação da MPV 433/2008.;;;2008-06-03T21:01:00;https://www.camara.leg.br/proposicoesWeb/prop_mostrarintegra?codteor=575077;2008-06-03T21:01:00;Apresentação de Proposição;;Indefinida;https://www.camara.leg.br/proposicoesWeb/prop_mostrarintegra?codteor=575077
399338;74813.0;Ronaldo Caiado;DEM;GO;1;1;2008;RONALDO CAIADO;EMC;10;2008;Emenda na Comissão;Altera a redação do artigo 1º da MPV 433/2008.;;;2008-06-03T21:01:00;https://www.camara.leg.br/proposicoesWeb/prop_mostrarintegra?codteor=575076;2008-06-03T21:01:00;Apresentação de Proposição;;Indefinida;https://www.camara.leg.br/proposicoesWeb/prop_mostrarintegra?codteor=575076
399306;74813.0;Ronaldo Caiado;DEM;GO;45;0;2008;RONALDO CAIADO;REC;178;2008;Recurso contra parecer terminativo de comissão (Art. 132, § 2º c/c art. 144, caput, RICD);Recorre contra o Parecer do Relator da Comissão de Finanças e Tributação pela inadequação financeira e orçamentária da Emenda de Plenário nº 1 ao Projeto de Lei Complementar nº 306, de 2008.;;;2008-06-11T19:10:00;https://www.camara.leg.br/proposicoesWeb/prop_mostrarintegra?codteor=575108;2008-06-11T00:00:00;Rejeição de Recurso;Arquivada;Proposição Sujeita à Apreciação do Plenário;
398875;74813.0;Ronaldo Caiado;DEM;GO;1;1;2008;RONALDO CAIADO;REQ;219;2008;Requerimento;Solicita a realização de audiência pública para debaterem os temas constantes dos Projetos de Lei n° 6111/02, 6112/02, 3030/04.;;;2008-06-10T15:57:00;https://www.camara.leg.br/proposicoesWeb/prop_mostrarintegra?codteor=574233;2008-07-02T09:30:00;Aprovação de Proposição Interna;Arquivada;Indefinida;
398708;74813.0;Ronaldo Caiado;DEM;GO;1;1;2008;RONALDO CAIADO;REQ;218;2008;Requerimento;Solicita o comparecimento dos Ministros da Saúde e do Desenvolvimento, Indústria e Comércio Exterior para debaterem, em audiência pública, os temas constantes dos Projetos de Lei n° 6111/02, 6112/02, 3030/04.;;;2008-06-05T16:43:00;https://www.camara.leg.br/proposicoesWeb/prop_mostrarintegra?codteor=573203;2008-07-02T09:30:00;Aprovação de Proposição Interna;Arquivada;Indefinida;
398540;74813.0;Ronaldo Caiado;DEM;GO;1;1;2008;RONALDO CAIADO;REQ;2855;2008;Requerimento de Urgência (Art. 155 do RICD);Requer  regime de urgência na apreciação do Projeto de Lei nº 3.514/2008.;;;2008-06-04T18:48:00;https://www.camara.leg.br/proposicoesWeb/prop_mostrarintegra?codteor=572730;2009-06-16T14:00:00;Aprovação de Proposição em Plenário;Tramitação Finalizada;Indefinida;
398510;74813.0;Ronaldo Caiado;DEM;GO;1;1;2008;RONALDO CAIADO;REQ;2851;2008;Requerimento de Convocação de Ministro de Estado no Plenário (art. 50, CF);Convocação do Excelentíssimo Senhor Ministro da Saúde, Doutor José Gomes Temporão para prestar esclarecimentos sobre a pretensa necessidade de criação de novo tributo para suprir as necessidades da área de saúde, imposta pela regulamentação da Emenda Constitucional nº 29, de 13 de setembro de 2000, que dispõe sobre a vinculação orçamentária nos repasses para a saúde pública, não obstante os constantes recordes de arrecadação registrados a cada mês.;;;2008-06-04T17:45:00;https://www.camara.leg.br/proposicoesWeb/prop_mostrarintegra?codteor=572677;2011-01-12T00:00:00;Arquivamento;Arquivada;Indefinida;
398509;74813.0;Ronaldo Caiado;DEM;GO;1;1;2008;RONALDO CAIADO;REQ;2850;2008;Requerimento de Convocação de Ministro de Estado no Plenário (art. 50, CF);Convocação do Excelentíssimo Senhor Ministro da Fazenda Guido Mantega, para prestar esclarecimentos sobre a pretensa necessidade de criação de novo tributo para suprir as necessidades da área de saúde, imposta pela regulamentação da Emenda Constitucional nº 29, de 13 de setembro de 2000, que dispõe sobre a vinculação orçamentária nos repasses para a saúde pública, não obstante os constantes recordes de arrecadação registrados a cada mês.;;;2008-06-04T17:44:00;https://www.camara.leg.br/proposicoesWeb/prop_mostrarintegra?codteor=572676;2011-01-12T00:00:00;Arquivamento;Arquivada;Indefinida;
398507;74813.0;Ronaldo Caiado;DEM;GO;1;1;2008;RONALDO CAIADO;REQ;2849;2008;Requerimento de Convocação de Ministro de Estado no Plenário (art. 50, CF);Convocação do Excelentíssimo Senhor Ministro do Planejamento, Orçamento e Gestão, Paulo Bernardo Silva, para prestar esclarecimentos sobre a pretensa necessidade de criação de novo tributo para suprir as necessidades da área de saúde, imposta pela regulamentação da Emenda Constitucional nº 29, de 13 de setembro de 2000, que dispõe sobre a vinculação orçamentária nos repasses para a saúde pública, não obstante os constantes recordes de arrecadação registrados a cada mês.;;;2008-06-04T17:43:00;https://www.camara.leg.br/proposicoesWeb/prop_mostrarintegra?codteor=572674;2011-01-12T00:00:00;Arquivamento;Arquivada;Indefinida;
398468;74813.0;Ronaldo Caiado;DEM;GO;6;0;2008;RONALDO CAIADO;REQ;2846;2008;Requerimento de Sessão Solene;Requer, nos termos do art. 68 do Regimento Interno da Câmara dos Deputados, seja realizada Sessão solene, para homenagem póstuma ao ex-governador Leonel de Moura Brizola, falecido no dia 21 de junho de 2004.;;;2008-06-04T16:58:00;https://www.camara.leg.br/proposicoesWeb/prop_mostrarintegra?codteor=572636;2012-07-16T00:00:00;Arquivamento;Arquivada;Indefinida;
398321;74813.0;Ronaldo Caiado;DEM;GO;1;1;2008;RONALDO CAIADO;SBT;1;0;Substitutivo;Direciona ao Sistema Único de Saúde percentual da arrecadação das loterias e concursos de prognósticos administrados pela Caixa Econômica Federal.;Destina ao Fundo Nacional de Saúde.;Destinação,  (FNS), percentual, renda líquida, concurso de prognóstico.;2008-06-04T11:48:00;https://www.camara.leg.br/proposicoesWeb/prop_mostrarintegra?codteor=572243;2008-06-04T11:48:00;Apresentação de Proposição;;Indefinida;https://www.camara.leg.br/proposicoesWeb/prop_mostrarintegra?codteor=572243
398280;74813.0;Ronaldo Caiado;DEM;GO;1;1;2008;RONALDO CAIADO;PRL;1;0;Parecer do Relator;Parecer do Relator, Dep. Ronaldo Caiado (DEM-GO), pela aprovação, com substitutivo.;;;2008-06-04T10:55:00;https://www.camara.leg.br/proposicoesWeb/prop_mostrarintegra?codteor=572243;2008-06-04T10:55:00;Análise Parecer;;Indefinida;https://www.camara.leg.br/proposicoesWeb/prop_mostrarintegra?codteor=572243
398207;74813.0;Ronaldo Caiado;DEM;GO;2;0;2008;RONALDO CAIADO;REQ;2839;2008;Requerimento de Sessão Solene;Requer a convocação de sessão solene da Câmara dos Deputados em homenagem (In Memoriam) ao General Osório.;;;2008-06-03T20:34:00;https://www.camara.leg.br/proposicoesWeb/prop_mostrarintegra?codteor=572060;2012-07-16T00:00:00;Arquivamento;Arquivada;Indefinida;
397897;74813.0;Ronaldo Caiado;DEM;GO;93;0;2008;RONALDO CAIADO;EMC;483;2008;Emenda na Comissão;Altera o Sistema Tributário Nacional e dá outras providências.;;;2008-05-29T18:42:00;https://www.camara.leg.br/proposicoesWeb/prop_mostrarintegra?codteor=570914;2008-05-29T18:42:00;Apresentação de Proposição;;Indefinida;https://www.camara.leg.br/proposicoesWeb/prop_mostrarintegra?codteor=570914
397892;74813.0;Ronaldo Caiado;DEM;GO;32;0;2008;RONALDO CAIADO;EMC;472;2008;Emenda na Comissão;Altera o Sistema Tributário Nacional e dá outras providências.;;;2008-05-29T18:37:00;https://www.camara.leg.br/proposicoesWeb/prop_mostrarintegra?codteor=570901;2008-05-29T18:37:00;Apresentação de Proposição;;Indefinida;https://www.camara.leg.br/proposicoesWeb/prop_mostrarintegra?codteor=570901
397889;74813.0;Ronaldo Caiado;DEM;GO;21;0;2008;RONALDO CAIADO;EMC;471;2008;Emenda na Comissão;Altera o Sistema Tributário Nacional e dá outras providências.;;;2008-05-29T18:35:00;https://www.camara.leg.br/proposicoesWeb/prop_mostrarintegra?codteor=570898;2008-05-29T18:35:00;Apresentação de Proposição;;Indefinida;https://www.camara.leg.br/proposicoesWeb/prop_mostrarintegra?codteor=570898
397875;74813.0;Ronaldo Caiado;DEM;GO;20;0;2008;RONALDO CAIADO;EMC;461;2008;Emenda na Comissão;"Altera a alínea ""c"" do inciso IV do artigo 155-A da PEC 31/2007.";;;2008-05-29T17:53:00;https://www.camara.leg.br/proposicoesWeb/prop_mostrarintegra?codteor=570878;2008-05-29T17:53:00;Apresentação de Proposição;;Indefinida;https://www.camara.leg.br/proposicoesWeb/prop_mostrarintegra?codteor=570878
397835;74813.0;Ronaldo Caiado;DEM;GO;28;0;2008;RONALDO CAIADO;EMC;441;2008;Emenda na Comissão;A proposição prevê a separação do ressarcimento da desoneração das exportações do ressarcimento que a PEC prevê para as perdas que eventualmente sejam impostas aos entes federados em função da Reforma Tributária.;;;2008-05-29T16:24:00;https://www.camara.leg.br/proposicoesWeb/prop_mostrarintegra?codteor=570807;2008-05-29T16:24:00;Apresentação de Proposição;;Indefinida;https://www.camara.leg.br/proposicoesWeb/prop_mostrarintegra?codteor=570807
397832;74813.0;Ronaldo Caiado;DEM;GO;28;0;2008;RONALDO CAIADO;EMC;440;2008;Emenda na Comissão;A proposição objetiva manter a idéia de simplificação prevista em todas as propostas de reforma tributária discutidas nos últimos anos.;;;2008-05-29T16:24:00;https://www.camara.leg.br/proposicoesWeb/prop_mostrarintegra?codteor=570804;2008-05-29T16:24:00;Apresentação de Proposição;;Indefinida;https://www.camara.leg.br/proposicoesWeb/prop_mostrarintegra?codteor=570804
397831;74813.0;Ronaldo Caiado;DEM;GO;28;0;2008;RONALDO CAIADO;EMC;439;2008;Emenda na Comissão;A proposição procura manter a finalidade de retirar a cumulatividade existente na tributação efetuada por meio das contribuições, sem, contudo criar um IVA de competência federal.;;;2008-05-29T16:24:00;https://www.camara.leg.br/proposicoesWeb/prop_mostrarintegra?codteor=570802;2008-05-29T16:24:00;Apresentação de Proposição;;Indefinida;https://www.camara.leg.br/proposicoesWeb/prop_mostrarintegra?codteor=570802
397829;74813.0;Ronaldo Caiado;DEM;GO;27;0;2008;RONALDO CAIADO;EMC;438;2008;Emenda na Comissão;A proposta pretende definir o quorum mínimo para aprovação das matérias de competência do órgão colegiado responsável pela administração do novo ICMS.;;;2008-05-29T16:24:00;https://www.camara.leg.br/proposicoesWeb/prop_mostrarintegra?codteor=570799;2008-05-29T16:24:00;Apresentação de Proposição;;Indefinida;https://www.camara.leg.br/proposicoesWeb/prop_mostrarintegra?codteor=570799
397827;74813.0;Ronaldo Caiado;DEM;GO;27;0;2008;RONALDO CAIADO;EMC;437;2008;Emenda na Comissão;Objetivo suprir omissão da PEC 233 no que respeita à convalidação e manutenção dos benefícios fiscais do ICMS, concedidos sem a observância da Lei Complementar nº 24, de 7 de janeiro de 2008.;;;2008-05-29T16:24:00;https://www.camara.leg.br/proposicoesWeb/prop_mostrarintegra?codteor=570797;2008-05-29T16:24:00;Apresentação de Proposição;;Indefinida;https://www.camara.leg.br/proposicoesWeb/prop_mostrarintegra?codteor=570797
397768;74813.0;Ronaldo Caiado;DEM;GO;135;0;2008;RONALDO CAIADO;EMC;416;2008;Emenda na Comissão;Altera o Sistema Tributário Nacional, unifica a legislação do Imposto sobre Operações Relativas à Circulação de Mercadorias e sobre Prestações de Serviços de Transporte Interestadual e Intermunicipal e de Comunicação, dentre outras providências;;;2008-05-29T15:36:00;https://www.camara.leg.br/proposicoesWeb/prop_mostrarintegra?codteor=570665;2008-05-29T15:36:00;Apresentação de Proposição;;Indefinida;https://www.camara.leg.br/proposicoesWeb/prop_mostrarintegra?codteor=570665
397600;74813.0;Ronaldo Caiado;DEM;GO;104;0;2008;RONALDO CAIADO;EMC;362;2008;Emenda na Comissão;Altera o Sistema Tributário Nacional e dá outras providências;;;2008-05-29T11:55:00;https://www.camara.leg.br/proposicoesWeb/prop_mostrarintegra?codteor=564070;2008-05-29T11:55:00;Apresentação de Proposição;;Indefinida;https://www.camara.leg.br/proposicoesWeb/prop_mostrarintegra?codteor=564070
397585;74813.0;Ronaldo Caiado;DEM;GO;31;0;2008;RONALDO CAIADO;EMC;355;2008;Emenda na Comissão;Altera o Sistema Tributário Nacional e dá outras providências.;;;2008-05-29T11:34:00;https://www.camara.leg.br/proposicoesWeb/prop_mostrarintegra?codteor=570357;2008-05-29T11:34:00;Apresentação de Proposição;;Indefinida;https://www.camara.leg.br/proposicoesWeb/prop_mostrarintegra?codteor=570357
397584;74813.0;Ronaldo Caiado;DEM;GO;32;0;2008;RONALDO CAIADO;EMC;354;2008;Emenda na Comissão;Altera o Sistema Tributário Nacional e dá outras providências.;;;2008-05-29T11:32:00;https://www.camara.leg.br/proposicoesWeb/prop_mostrarintegra?codteor=570356;2008-05-29T11:32:00;Apresentação de Proposição;;Indefinida;https://www.camara.leg.br/proposicoesWeb/prop_mostrarintegra?codteor=570356
397582;74813.0;Ronaldo Caiado;DEM;GO;29;0;2008;RONALDO CAIADO;EMC;353;2008;Emenda na Comissão;Altera o Sistema Tributário Nacional e dá outras providências.;;;2008-05-29T11:26:00;https://www.camara.leg.br/proposicoesWeb/prop_mostrarintegra?codteor=570352;2008-05-29T11:26:00;Apresentação de Proposição;;Indefinida;https://www.camara.leg.br/proposicoesWeb/prop_mostrarintegra?codteor=570352
397579;74813.0;Ronaldo Caiado;DEM;GO;29;0;2008;RONALDO CAIADO;EMC;352;2008;Emenda na Comissão;Altera o Sistema Tributário Nacional e dá outras providências.;;;2008-05-29T11:26:00;https://www.camara.leg.br/proposicoesWeb/prop_mostrarintegra?codteor=570348;2008-05-29T11:26:00;Apresentação de Proposição;;Indefinida;https://www.camara.leg.br/proposicoesWeb/prop_mostrarintegra?codteor=570348
397569;74813.0;Ronaldo Caiado;DEM;GO;31;0;2008;RONALDO CAIADO;EMC;351;2008;Emenda na Comissão;Altera o Sistema Tributário Nacional e dá outras providências.;;;2008-05-29T11:11:00;https://www.camara.leg.br/proposicoesWeb/prop_mostrarintegra?codteor=570315;2008-05-29T11:11:00;Apresentação de Proposição;;Indefinida;https://www.camara.leg.br/proposicoesWeb/prop_mostrarintegra?codteor=570315
397568;74813.0;Ronaldo Caiado;DEM;GO;25;0;2008;RONALDO CAIADO;EMC;350;2008;Emenda na Comissão;Emenda Modificativa a Proposta de Emenda Constitucional nº. 233, DE 2008, que Altera o Sistema Tributário Nacional e dá outras providências, apresentada na Comissão Especial Destinada a Proferir Parecer à PEC nº  233, DE 2008.;;;2008-05-29T11:08:00;https://www.camara.leg.br/proposicoesWeb/prop_mostrarintegra?codteor=570312;2008-05-29T11:08:00;Apresentação de Proposição;;Indefinida;https://www.camara.leg.br/proposicoesWeb/prop_mostrarintegra?codteor=570312
397554;74813.0;Ronaldo Caiado;DEM;GO;29;0;2008;RONALDO CAIADO;EMC;345;2008;Emenda na Comissão;Altera o Sistema Tributário Nacional e dá outras providências.;;;2008-05-29T10:46:00;https://www.camara.leg.br/proposicoesWeb/prop_mostrarintegra?codteor=570282;2008-05-29T10:46:00;Apresentação de Proposição;;Indefinida;https://www.camara.leg.br/proposicoesWeb/prop_mostrarintegra?codteor=570282
397551;74813.0;Ronaldo Caiado;DEM;GO;226;0;2008;RONALDO CAIADO;EMC;344;2008;Emenda na Comissão;Altera o Sistema Tributário Nacional e dá outras providências.;;;2008-05-29T10:44:00;https://www.camara.leg.br/proposicoesWeb/prop_mostrarintegra?codteor=570277;2008-05-29T10:44:00;Apresentação de Proposição;;Indefinida;https://www.camara.leg.br/proposicoesWeb/prop_mostrarintegra?codteor=570277
397549;74813.0;Ronaldo Caiado;DEM;GO;37;0;2008;RONALDO CAIADO;EMC;343;2008;Emenda na Comissão;Altera o Sistema Tributário Nacional e dá outras providências.;;;2008-05-29T10:42:00;https://www.camara.leg.br/proposicoesWeb/prop_mostrarintegra?codteor=570273;2008-05-29T10:42:00;Apresentação de Proposição;;Indefinida;https://www.camara.leg.br/proposicoesWeb/prop_mostrarintegra?codteor=570273
397548;74813.0;Ronaldo Caiado;DEM;GO;31;0;2008;RONALDO CAIADO;EMC;342;2008;Emenda na Comissão;Altera o Sistema Tributário Nacional e dá outras providências.;;;2008-05-29T10:40:00;https://www.camara.leg.br/proposicoesWeb/prop_mostrarintegra?codteor=570268;2008-05-29T10:40:00;Apresentação de Proposição;;Indefinida;https://www.camara.leg.br/proposicoesWeb/prop_mostrarintegra?codteor=570268
397418;74813.0;Ronaldo Caiado;DEM;GO;1;1;2008;RONALDO CAIADO;EMC;229;2008;Emenda na Comissão;Dá nova redação ao  art. 166  da MPV 431,de 2008.;;;2008-05-20T20:22:00;https://www.camara.leg.br/proposicoesWeb/prop_mostrarintegra?codteor=570011;2008-05-20T20:22:00;Apresentação de Proposição;;Indefinida;https://www.camara.leg.br/proposicoesWeb/prop_mostrarintegra?codteor=570011
397219;74813.0;Ronaldo Caiado;DEM;GO;115;0;2008;RONALDO CAIADO;EMC;300;2008;Emenda na Comissão;Altera o Sistema Tributário Nacional e dá outras providências.;;;2008-05-28T17:38:00;https://www.camara.leg.br/proposicoesWeb/prop_mostrarintegra?codteor=569751;2008-05-28T17:38:00;Apresentação de Proposição;;Indefinida;https://www.camara.leg.br/proposicoesWeb/prop_mostrarintegra?codteor=569751
397197;74813.0;Ronaldo Caiado;DEM;GO;27;0;2008;RONALDO CAIADO;EMC;297;2008;Emenda na Comissão;Acrescenta o § 1º ao artigo 3º da PEC nº 233, de  2008, com a seguinte redação, ficando renumerado para § 2º o atual parágrafo único;;;2008-05-28T17:25:00;https://www.camara.leg.br/proposicoesWeb/prop_mostrarintegra?codteor=569724;2008-05-28T17:25:00;Apresentação de Proposição;;Indefinida;https://www.camara.leg.br/proposicoesWeb/prop_mostrarintegra?codteor=569724
397189;74813.0;Ronaldo Caiado;DEM;GO;27;0;2008;RONALDO CAIADO;EMC;294;2008;Emenda na Comissão;Acrescenta ao art. 10 da PEC 233, de 2008, o parágrafo único com a seguinte redação.;;;2008-05-28T17:25:00;https://www.camara.leg.br/proposicoesWeb/prop_mostrarintegra?codteor=569716;2008-05-28T17:25:00;Apresentação de Proposição;;Indefinida;https://www.camara.leg.br/proposicoesWeb/prop_mostrarintegra?codteor=569716
396832;74813.0;Ronaldo Caiado;DEM;GO;28;0;2008;RONALDO CAIADO;EMC;281;2008;Emenda na Comissão;Altera o Sistema Tributário Nacional e dá outras providências.;;;2008-05-28T14:06:00;https://www.camara.leg.br/proposicoesWeb/prop_mostrarintegra?codteor=569275;2008-05-28T14:06:00;Apresentação de Proposição;;Indefinida;https://www.camara.leg.br/proposicoesWeb/prop_mostrarintegra?codteor=569275
396827;74813.0;Ronaldo Caiado;DEM;GO;29;0;2008;RONALDO CAIADO;EMC;280;2008;Emenda na Comissão;Altera o Sistema Tributário Nacional e dá outras providências.;;;2008-05-28T14:04:00;https://www.camara.leg.br/proposicoesWeb/prop_mostrarintegra?codteor=569267;2008-05-28T14:04:00;Apresentação de Proposição;;Indefinida;https://www.camara.leg.br/proposicoesWeb/prop_mostrarintegra?codteor=569267
396759;74813.0;Ronaldo Caiado;DEM;GO;20;0;2008;RONALDO CAIADO;EMC;279;2008;Emenda na Comissão;"Altera o Sistema  Tributário Nacional e dá outras providências.
    

EMENDA ADITIVA Nº_________DE 2008
(Da Senhora Vanessa Grazziotin e Outros)



Acrescenta o art. 4º-A à PEC nº 233, de  2008, com a seguinte redação:
................................................................

“Art. 96 - Em relação à Zona Franca de Manaus, nos termos disposto o Art. 40 do Ato das Disposições Constitucionais Transitórias, a lei assegurará que as operações relativas a mercadorias a ela destinadas, dela proveniente ou realizadas em seu território receberão tratamento tributário no mínimo igual ao  dispensado pelas contribuições e impostos existentes em 31 de dezembro de 2007, seja daqueles tributos de competência da União seja daqueles de competência dos Estados e do Distrito Federal.”";;;2008-05-28T11:09:00;https://www.camara.leg.br/proposicoesWeb/prop_mostrarintegra?codteor=569119;2008-05-28T11:09:00;Apresentação de Proposição;;Indefinida;https://www.camara.leg.br/proposicoesWeb/prop_mostrarintegra?codteor=569119
396755;74813.0;Ronaldo Caiado;DEM;GO;31;0;2008;RONALDO CAIADO;EMC;278;2008;Emenda na Comissão;Altera o Sistema Tributário Nacional e dá outras providências.;;;2008-05-28T10:59:00;https://www.camara.leg.br/proposicoesWeb/prop_mostrarintegra?codteor=569102;2008-05-28T10:59:00;Apresentação de Proposição;;Indefinida;https://www.camara.leg.br/proposicoesWeb/prop_mostrarintegra?codteor=569102
396751;74813.0;Ronaldo Caiado;DEM;GO;36;0;2008;RONALDO CAIADO;EMC;277;2008;Emenda na Comissão;Altera o Sistema Tributário Nacional e dá outras providências;;;2008-05-28T10:30:00;https://www.camara.leg.br/proposicoesWeb/prop_mostrarintegra?codteor=569070;2008-05-28T10:30:00;Apresentação de Proposição;;Indefinida;https://www.camara.leg.br/proposicoesWeb/prop_mostrarintegra?codteor=569070
396611;74813.0;Ronaldo Caiado;DEM;GO;32;0;2008;RONALDO CAIADO;EMC;269;2008;Emenda na Comissão;Altera o Sistema Tributário Nacional e dá outras providências.;;;2008-05-27T18:13:00;https://www.camara.leg.br/proposicoesWeb/prop_mostrarintegra?codteor=568777;2008-05-27T18:13:00;Apresentação de Proposição;;Indefinida;https://www.camara.leg.br/proposicoesWeb/prop_mostrarintegra?codteor=568777
396061;74813.0;Ronaldo Caiado;DEM;GO;1;1;2008;RONALDO CAIADO;EMP;2;2008;Emenda de Plenário;Suprimam-se os incisos III e IV do art. 1º do PL 1.746/2008.;;;2008-05-20T16:34:00;https://www.camara.leg.br/proposicoesWeb/prop_mostrarintegra?codteor=578064;2008-05-20T16:34:00;Apresentação de Proposição;;Indefinida;https://www.camara.leg.br/proposicoesWeb/prop_mostrarintegra?codteor=578064
395932;74813.0;Ronaldo Caiado;DEM;GO;25;0;2008;RONALDO CAIADO;EMC;202;2008;Emenda na Comissão;Altera o Sistema Tributário Nacional e dá outras providências.;;;2008-05-21T11:46:00;https://www.camara.leg.br/proposicoesWeb/prop_mostrarintegra?codteor=566899;2008-05-21T11:46:00;Apresentação de Proposição;;Indefinida;https://www.camara.leg.br/proposicoesWeb/prop_mostrarintegra?codteor=566899
395931;74813.0;Ronaldo Caiado;DEM;GO;22;0;2008;RONALDO CAIADO;EMC;201;2008;Emenda na Comissão;Altera o Sistema Tributário Nacional e dá outras providências.;;;2008-05-21T11:46:00;https://www.camara.leg.br/proposicoesWeb/prop_mostrarintegra?codteor=566898;2008-05-21T11:46:00;Apresentação de Proposição;;Indefinida;https://www.camara.leg.br/proposicoesWeb/prop_mostrarintegra?codteor=566898
395838;74813.0;Ronaldo Caiado;DEM;GO;1;1;2008;RONALDO CAIADO;REQ;2760;2008;Requerimento de Retirada de Proposição de Iniciativa Coletiva;Requer a retirada de tramitação do Projeto de Decreto Legislativo n. 43 de 2007.;;;2008-05-20T19:40:00;https://www.camara.leg.br/proposicoesWeb/prop_mostrarintegra?codteor=566460;2008-05-28T00:00:00;Distribuição;Arquivada;Indefinida;https://www.camara.leg.br/proposicoesWeb/prop_mostrarintegra?codteor=569757
395749;74813.0;Ronaldo Caiado;DEM;GO;1;1;2008;RONALDO CAIADO;REQ;2751;2008;Requerimento de Desapensação;Requer a desapensação do PL-2.262, de 2007, ao PL-1.153, de 1995.;;;2008-05-20T16:22:00;https://www.camara.leg.br/proposicoesWeb/prop_mostrarintegra?codteor=566250;2008-06-04T00:00:00;Despacho de Apensação;Tramitação Finalizada;Indefinida;https://www.camara.leg.br/proposicoesWeb/prop_mostrarintegra?codteor=572325
395741;74813.0;Ronaldo Caiado;DEM;GO;1;1;2008;RONALDO CAIADO;RIC;2892;2008;Requerimento de Informação;Solicita informações ao Ministério da Agricultura, Pecuária e Abastecimento, sobre a responsabilidade pelo envio de relação de propriedade rurais a União Européia.;;;2008-05-20T16:17:22;https://www.camara.leg.br/proposicoesWeb/prop_mostrarintegra?codteor=566239;2008-10-16T13:00:00;Ratificação de Parecer;Arquivada;Indefinida;
395213;74813.0;Ronaldo Caiado;DEM;GO;35;0;2008;RONALDO CAIADO;EMC;154;2008;Emenda na Comissão;Altera o Sistema Tributário Nacional e dá outras providências.;;;2008-05-16T14:52:00;https://www.camara.leg.br/proposicoesWeb/prop_mostrarintegra?codteor=564772;2008-05-16T14:52:00;Apresentação de Proposição;;Indefinida;https://www.camara.leg.br/proposicoesWeb/prop_mostrarintegra?codteor=564772
395101;74813.0;Ronaldo Caiado;DEM;GO;31;0;2008;RONALDO CAIADO;EMC;114;2008;Emenda na Comissão;Altera o Sistema Tributário Nacional e dá outras providências.;;;2008-05-15T16:11:00;https://www.camara.leg.br/proposicoesWeb/prop_mostrarintegra?codteor=564398;2008-05-15T16:11:00;Apresentação de Proposição;;Indefinida;https://www.camara.leg.br/proposicoesWeb/prop_mostrarintegra?codteor=564398
395076;74813.0;Ronaldo Caiado;DEM;GO;1;1;2008;RONALDO CAIADO;PRC;131;2008;Projeto de Resolução;Disciplina a tramitação de mensagens relativas a tratados e convenções internacionais sobre direitos humanos a serem aprovadas com eficácia de emenda constitucional.;Aplica o disposto no § 3º do art. 5º da Constituição Federal de 1988.;Aplicação, Constituição Federal, Direitos e Garantias Fundamentais, regime de tramitação, proposição, Mensagem, ato internacional, tratado, convenção internacional, matéria, direitos humanos, aprovação, eficácia, Emenda Constitucional, competência, plenário, Câmara dos Deputados, deliberação, maioria absoluta, voto, indicação, Comissão de Relações Exteriores e de Defesa Nacional.;2008-05-15T15:39:15;https://www.camara.leg.br/proposicoesWeb/prop_mostrarintegra?codteor=564351;2011-01-31T00:00:00;Arquivamento;Arquivada;Proposição Sujeita à Apreciação do Plenário;https://www.camara.leg.br/proposicoesWeb/prop_mostrarintegra?codteor=850547
395059;74813.0;Ronaldo Caiado;DEM;GO;29;0;2008;RONALDO CAIADO;EMC;111;2008;Emenda na Comissão;Emenda Aditiva a Proposta de Emenda a Constituição nº 233/2008, que altera o Sistema Tributário Nacional e dá outras providências, modificando o inciso I do § 6º do art. 153 da CF, alterado pelo art. 1º do Substitutivo adotado pela CCJC.;;;2008-05-15T15:30:00;https://www.camara.leg.br/proposicoesWeb/prop_mostrarintegra?codteor=564329;2008-05-15T15:30:00;Apresentação de Proposição;;Indefinida;https://www.camara.leg.br/proposicoesWeb/prop_mostrarintegra?codteor=564329
395018;74813.0;Ronaldo Caiado;DEM;GO;1;1;2008;RONALDO CAIADO;REQ;282;2008;Requerimento;Requer seja prestada homenagem póstuma ao Senhor Macel Caixeta - que foi Presidente da Federação da Agricultura do Estado de Goiás.;;;2008-05-15T14:44:00;https://www.camara.leg.br/proposicoesWeb/prop_mostrarintegra?codteor=564237;2008-06-11T10:00:00;Aprovação de Proposição Interna;Arquivada;Indefinida;
394973;74813.0;Ronaldo Caiado;DEM;GO;26;0;2008;RONALDO CAIADO;EMC;99;2008;Emenda na Comissão;Altera o Sistema Tributário Nacional e dá outras providências.;;;2008-05-15T11:50:00;https://www.camara.leg.br/proposicoesWeb/prop_mostrarintegra?codteor=564115;2008-05-15T11:50:00;Apresentação de Proposição;;Indefinida;https://www.camara.leg.br/proposicoesWeb/prop_mostrarintegra?codteor=564115
394972;74813.0;Ronaldo Caiado;DEM;GO;28;0;2008;RONALDO CAIADO;EMC;98;2008;Emenda na Comissão;Altera o Sistema Tributário Nacional e dá outras providências.;;;2008-05-15T11:50:00;https://www.camara.leg.br/proposicoesWeb/prop_mostrarintegra?codteor=564114;2008-05-15T11:50:00;Apresentação de Proposição;;Indefinida;https://www.camara.leg.br/proposicoesWeb/prop_mostrarintegra?codteor=564114
394971;74813.0;Ronaldo Caiado;DEM;GO;30;0;2008;RONALDO CAIADO;EMC;97;2008;Emenda na Comissão;Altera o Sistema Tributário Nacional e dá outras providências.;;;2008-05-15T11:50:00;https://www.camara.leg.br/proposicoesWeb/prop_mostrarintegra?codteor=564113;2008-05-15T11:50:00;Apresentação de Proposição;;Indefinida;https://www.camara.leg.br/proposicoesWeb/prop_mostrarintegra?codteor=564113
394968;74813.0;Ronaldo Caiado;DEM;GO;32;0;2008;RONALDO CAIADO;EMC;96;2008;Emenda na Comissão;Altera o Sistema Tributário Nacional e dá outras providências.;;;2008-05-15T11:50:00;https://www.camara.leg.br/proposicoesWeb/prop_mostrarintegra?codteor=564110;2008-05-15T11:50:00;Apresentação de Proposição;;Indefinida;https://www.camara.leg.br/proposicoesWeb/prop_mostrarintegra?codteor=564110
394627;74813.0;Ronaldo Caiado;DEM;GO;26;0;2008;RONALDO CAIADO;EMC;72;2008;Emenda na Comissão;Altera o art 1º da PEC nº 233/2008 com o objetivo de criar estímulos ao desenvolvimento sustentável da região amazônica.;;;2008-05-14T15:52:00;https://www.camara.leg.br/proposicoesWeb/prop_mostrarintegra?codteor=563546;2008-05-14T15:52:00;Apresentação de Proposição;;Indefinida;https://www.camara.leg.br/proposicoesWeb/prop_mostrarintegra?codteor=563546
394355;74813.0;Ronaldo Caiado;DEM;GO;31;0;2008;RONALDO CAIADO;EMC;69;2008;Emenda na Comissão;Dá nova redação ao art. 159, para aumentar a participação dos Estados, do Distrito Federal e dos Municípios no produto da arrecadação dos impostos sobre renda e proventos de qualquer natureza e sobre produtos industrializados.;;;2008-05-14T09:57:00;https://www.camara.leg.br/proposicoesWeb/prop_mostrarintegra?codteor=563113;2008-05-14T09:57:00;Apresentação de Proposição;;Indefinida;https://www.camara.leg.br/proposicoesWeb/prop_mostrarintegra?codteor=563113
394354;74813.0;Ronaldo Caiado;DEM;GO;26;0;2008;RONALDO CAIADO;EMC;68;2008;Emenda na Comissão;Altera o Sistema Tributário Nacional e dá outras providências.;;;2008-05-14T09:57:00;https://www.camara.leg.br/proposicoesWeb/prop_mostrarintegra?codteor=563112;2008-05-14T09:57:00;Apresentação de Proposição;;Indefinida;https://www.camara.leg.br/proposicoesWeb/prop_mostrarintegra?codteor=563112
394353;74813.0;Ronaldo Caiado;DEM;GO;26;0;2008;RONALDO CAIADO;EMC;67;2008;Emenda na Comissão;Altera o Sistema Tributário Nacional e dá outras providências.;;;2008-05-14T09:57:00;https://www.camara.leg.br/proposicoesWeb/prop_mostrarintegra?codteor=563110;2008-05-14T09:57:00;Apresentação de Proposição;;Indefinida;https://www.camara.leg.br/proposicoesWeb/prop_mostrarintegra?codteor=563110
394336;74813.0;Ronaldo Caiado;DEM;GO;6;0;2008;RONALDO CAIADO;REQ;2717;2008;Requerimento de Urgência (Art. 155 do RICD);Requer, nos termos do art. 155 do RICD, urgência na apreciação do PL 2.579 de 2007.;;;2008-05-13T21:12:00;https://www.camara.leg.br/proposicoesWeb/prop_mostrarintegra?codteor=563040;2009-03-24T00:00:00;Arquivamento;Arquivada;Indefinida;
394163;74813.0;Ronaldo Caiado;DEM;GO;13;0;2008;RONALDO CAIADO;REQ;2705;2008;Requerimento de Urgência (Art. 155 do RICD);Requer, nos termos do art. 155 do RICD, urgência na apreciação do PLP 306/2008.;;;2008-05-13T14:59:00;https://www.camara.leg.br/proposicoesWeb/prop_mostrarintegra?codteor=562673;2008-05-14T14:00:00;Aprovação de Proposição em Plenário;Tramitação Finalizada;Indefinida;
393874;74813.0;Ronaldo Caiado;DEM;GO;21;0;2008;RONALDO CAIADO;EMC;48;2008;Emenda na Comissão;Altera o Sistema Tributário Nacional e dá outras providências.;;;2008-05-08T14:35:00;https://www.camara.leg.br/proposicoesWeb/prop_mostrarintegra?codteor=561715;2008-05-08T14:35:00;Apresentação de Proposição;;Indefinida;https://www.camara.leg.br/proposicoesWeb/prop_mostrarintegra?codteor=561715
393816;74813.0;Ronaldo Caiado;DEM;GO;27;0;2008;RONALDO CAIADO;EMC;22;2008;Emenda na Comissão;Altera o Sistema Tributário Nacional, unifica a legislação do Imposto sobre Operações Relativas à Circulação de Mercadorias e sobre Prestações de Serviços de Transporte Interestadual e Intermunicipal e de Comunicação, dentre outras providências;;;2008-05-08T11:03:00;https://www.camara.leg.br/proposicoesWeb/prop_mostrarintegra?codteor=561627;2008-05-08T11:03:00;Apresentação de Proposição;;Indefinida;https://www.camara.leg.br/proposicoesWeb/prop_mostrarintegra?codteor=561627
393812;74813.0;Ronaldo Caiado;DEM;GO;30;0;2008;RONALDO CAIADO;EMC;21;2008;Emenda na Comissão;Altera o Sistema Tributário Nacional, unifica a legislação do Imposto sobre Operações Relativas à Circulação de Mercadorias e sobre Prestações de Serviços de Transporte Interestadual e Intermunicipal e de Comunicação, dentre outras providências;;;2008-05-08T11:02:00;https://www.camara.leg.br/proposicoesWeb/prop_mostrarintegra?codteor=561623;2008-05-08T11:02:00;Apresentação de Proposição;;Indefinida;https://www.camara.leg.br/proposicoesWeb/prop_mostrarintegra?codteor=561623
393810;74813.0;Ronaldo Caiado;DEM;GO;29;0;2008;RONALDO CAIADO;EMC;19;2008;Emenda na Comissão;Altera o Sistema Tributário Nacional, unifica a legislação do Imposto sobre Operações Relativas à Circulação de Mercadorias e sobre Prestações de Serviços de Transporte Interestadual e Intermunicipal e de Comunicação, dentre outras providências;;;2008-05-08T11:00:00;https://www.camara.leg.br/proposicoesWeb/prop_mostrarintegra?codteor=561621;2008-05-08T11:00:00;Apresentação de Proposição;;Indefinida;https://www.camara.leg.br/proposicoesWeb/prop_mostrarintegra?codteor=561621
393230;74813.0;Ronaldo Caiado;DEM;GO;9;0;2008;RONALDO CAIADO;REQ;2665;2008;Requerimento de Urgência (Art. 155 do RICD);Requer, nos termos do Art. 155 do Regimento Interno, urgencia para apreciação do PLP 132/2007.;;;2008-05-06T20:08:00;https://www.camara.leg.br/proposicoesWeb/prop_mostrarintegra?codteor=560680;2008-05-20T14:00:00;Aprovação de Proposição em Plenário;Tramitação Finalizada;Indefinida;
392882;74813.0;Ronaldo Caiado;DEM;GO;24;0;2008;RONALDO CAIADO;EMC;6;2008;Emenda na Comissão;Emenda Modificativa à PEC nº 233, de 2008.;;;2008-04-30T12:12:00;https://www.camara.leg.br/proposicoesWeb/prop_mostrarintegra?codteor=559428;2008-04-30T12:12:00;Apresentação de Proposição;;Indefinida;https://www.camara.leg.br/proposicoesWeb/prop_mostrarintegra?codteor=559428
392881;74813.0;Ronaldo Caiado;DEM;GO;25;0;2008;RONALDO CAIADO;EMC;5;2008;Emenda na Comissão;Emenda Aditiva à PEC nº 233, de 2008.;;;2008-04-30T12:09:00;https://www.camara.leg.br/proposicoesWeb/prop_mostrarintegra?codteor=559424;2008-04-30T12:09:00;Apresentação de Proposição;;Indefinida;https://www.camara.leg.br/proposicoesWeb/prop_mostrarintegra?codteor=559424
392557;74813.0;Ronaldo Caiado;DEM;GO;1;1;2008;RONALDO CAIADO;RIC;2773;2008;Requerimento de Informação;Solicita informações ao Sr. Ministro de Estado da Justiça sobre a reportagem veiculada na edição de 24 de abril de 2008 da Folha de São Paulo.;Sobre diálogos gravados pela Polícia Federal e o Governador de Goiás, Alcides Rodrigues, próximo alvo das investigações relacionadas à Operação Navalha.;;2008-04-29T14:51:45;https://www.camara.leg.br/proposicoesWeb/prop_mostrarintegra?codteor=558713;2008-10-16T13:00:00;Ratificação de Parecer;Arquivada;Indefinida;
391743;74813.0;Ronaldo Caiado;DEM;GO;12;0;2008;RONALDO CAIADO;REQ;268;2008;Requerimento;Requer seja incluído na pauta para votação imediata o Requerimento do Deputado Moacir Micheletto;;;2008-04-23T11:59:00;https://www.camara.leg.br/proposicoesWeb/prop_mostrarintegra?codteor=556971;2008-04-23T10:00:00;Aprovação de Proposição Interna;Arquivada;Indefinida;
390756;74813.0;Ronaldo Caiado;DEM;GO;4;0;2008;RONALDO CAIADO;REQ;256;2008;Requerimento;Solicita inclusão extrapauta do Plano de Trabalho da Subcomissão Especial para tratar da Rastreabilidade;;;2008-04-16T11:34:00;https://www.camara.leg.br/proposicoesWeb/prop_mostrarintegra?codteor=554463;2008-04-16T10:00:00;Aprovação de Proposição Interna;Arquivada;Indefinida;
388795;74813.0;Ronaldo Caiado;DEM;GO;6;0;2008;RONALDO CAIADO;REQ;246;2008;Requerimento;Requeremos, nos termos Regimentais, seja votado extrapauta requerimento do Deputado Paulo Piau, para tratar da Operação Ouro Branco.;;;2008-04-02T13:13:00;https://www.camara.leg.br/proposicoesWeb/prop_mostrarintegra?codteor=550014;2008-04-02T10:00:00;Aprovação de Proposição Interna;Arquivada;Indefinida;
388793;74813.0;Ronaldo Caiado;DEM;GO;9;0;2008;RONALDO CAIADO;REQ;245;2008;Requerimento;Solicita inclusão de requerimento na pauta, para votação imediata, de autoria do Deputado Giovanni Queiroz.;;;2008-04-02T12:56:00;https://www.camara.leg.br/proposicoesWeb/prop_mostrarintegra?codteor=550013;2008-04-02T10:00:00;Aprovação de Proposição Interna;Arquivada;Indefinida;
386710;74813.0;Ronaldo Caiado;DEM;GO;6;0;2008;RONALDO CAIADO;EMP;32;2008;Emenda de Plenário;Emenda de Plenário nº 32.;;;2008-03-13T13:39:00;https://www.camara.leg.br/proposicoesWeb/prop_mostrarintegra?codteor=544375;2008-03-13T13:39:00;Apresentação de Proposição;;Indefinida;https://www.camara.leg.br/proposicoesWeb/prop_mostrarintegra?codteor=544375
386524;74813.0;Ronaldo Caiado;DEM;GO;1;1;2008;RONALDO CAIADO;EMR;1;0;Emenda de Relator;;;;2008-03-12T17:34:00;https://www.camara.leg.br/proposicoesWeb/prop_mostrarintegra?codteor=543919;2008-03-12T17:34:00;Apresentação de Proposição;;Indefinida;
386375;74813.0;Ronaldo Caiado;DEM;GO;1;1;2008;RONALDO CAIADO;CVO;1;0;Complementação de Voto;Parecer do Relator, Dep. Ronaldo Caiado (DEM-GO), pelo provimento, com emenda.;;;2008-03-12T10:00:00;https://www.camara.leg.br/proposicoesWeb/prop_mostrarintegra?codteor=543919;2008-03-12T10:00:00;Análise Parecer;;Indefinida;https://www.camara.leg.br/proposicoesWeb/prop_mostrarintegra?codteor=543919
385560;74813.0;Ronaldo Caiado;DEM;GO;10;0;2008;RONALDO CAIADO;REQ;231;2008;Requerimento;Requer inclusão extra-pauta do requerimento 216/2008.;;;2008-03-05T12:34:00;;2008-03-05T10:00:00;Aprovação de Proposição Interna;Arquivada;Indefinida;
385383;74813.0;Ronaldo Caiado;DEM;GO;1;1;2008;RONALDO CAIADO;REQ;223;2008;Requerimento;Requer seja realizada reunião de audiência pública, para discutir as questões relativas à legislação sobre identificação de animais e a sistema de rastreabilidade bovina.;;;2008-03-04T17:22:00;https://www.camara.leg.br/proposicoesWeb/prop_mostrarintegra?codteor=541744;2008-03-19T00:00:00;Providência Interna;Arquivada;Indefinida;
385358;74813.0;Ronaldo Caiado;DEM;GO;1;1;2008;RONALDO CAIADO;REQ;221;2008;Requerimento de Convocação de Ministro de Estado na Comissão (art. 50, CF);Requer seja convocado o Ministro da Agricultura, Pecuária e Abastecimento, para discutir o embargo da União Européia à importação de carne bovina brasileira.;;;2008-03-04T16:48:00;https://www.camara.leg.br/proposicoesWeb/prop_mostrarintegra?codteor=541707;2008-03-19T00:00:00;Providência Interna;Arquivada;Proposição Sujeita à Apreciação Conclusiva pelas Comissões(Art. 24, II, do RICD);
385054;74813.0;Ronaldo Caiado;DEM;GO;24;0;2008;RONALDO CAIADO;EMC;28;2008;Emenda na Comissão;Emenda perante a Comissão Especial que proferirá parecer à PEC 511 de 2006 e seus apensos.;;;2008-02-29T10:51:00;https://www.camara.leg.br/proposicoesWeb/prop_mostrarintegra?codteor=540895;2008-02-29T10:51:00;Apresentação de Proposição;;Indefinida;https://www.camara.leg.br/proposicoesWeb/prop_mostrarintegra?codteor=540895
385053;74813.0;Ronaldo Caiado;DEM;GO;26;0;2008;RONALDO CAIADO;EMC;27;2008;Emenda na Comissão;Emenda apresentada à Comissão Especial que apreciará a PEC 511 de 2006.;;;2008-02-29T10:49:00;https://www.camara.leg.br/proposicoesWeb/prop_mostrarintegra?codteor=540894;2008-02-29T10:49:00;Apresentação de Proposição;;Indefinida;https://www.camara.leg.br/proposicoesWeb/prop_mostrarintegra?codteor=540894
385007;74813.0;Ronaldo Caiado;DEM;GO;30;0;2008;RONALDO CAIADO;EMC;26;2008;Emenda na Comissão;Altera o art. 62 da Constituição Federal para disciplinar a edição de medidas provisórias.;;;2008-02-28T17:11:00;https://www.camara.leg.br/proposicoesWeb/prop_mostrarintegra?codteor=540812;2008-02-28T17:11:00;Apresentação de Proposição;;Indefinida;https://www.camara.leg.br/proposicoesWeb/prop_mostrarintegra?codteor=540812
385005;74813.0;Ronaldo Caiado;DEM;GO;29;0;2008;RONALDO CAIADO;EMC;25;2008;Emenda na Comissão;Altera o art. 62 da Constituição Federal para disciplinar a edição de medidas provisórias.;;;2008-02-28T17:11:00;https://www.camara.leg.br/proposicoesWeb/prop_mostrarintegra?codteor=540810;2008-02-28T17:11:00;Apresentação de Proposição;;Indefinida;https://www.camara.leg.br/proposicoesWeb/prop_mostrarintegra?codteor=540810
385001;74813.0;Ronaldo Caiado;DEM;GO;31;0;2008;RONALDO CAIADO;EMC;23;2008;Emenda na Comissão;Altera o art. 62 da Constituição Federal para disciplinar a edição de medidas provisórias.;;;2008-02-28T17:11:00;https://www.camara.leg.br/proposicoesWeb/prop_mostrarintegra?codteor=540805;2008-02-28T17:11:00;Apresentação de Proposição;;Indefinida;https://www.camara.leg.br/proposicoesWeb/prop_mostrarintegra?codteor=540805
385000;74813.0;Ronaldo Caiado;DEM;GO;31;0;2008;RONALDO CAIADO;EMC;22;2008;Emenda na Comissão;Altera o art. 62 da Constituição Federal para disciplinar a edição de medidas provisórias.;;;2008-02-28T17:11:00;https://www.camara.leg.br/proposicoesWeb/prop_mostrarintegra?codteor=540803;2008-02-28T17:11:00;Apresentação de Proposição;;Indefinida;https://www.camara.leg.br/proposicoesWeb/prop_mostrarintegra?codteor=540803
384999;74813.0;Ronaldo Caiado;DEM;GO;29;0;2008;RONALDO CAIADO;EMC;21;2008;Emenda na Comissão;Altera o art. 62 da Constituição Federal para disciplinar a edição de medidas provisórias.;;;2008-02-28T17:11:00;https://www.camara.leg.br/proposicoesWeb/prop_mostrarintegra?codteor=540802;2008-02-28T17:11:00;Apresentação de Proposição;;Indefinida;https://www.camara.leg.br/proposicoesWeb/prop_mostrarintegra?codteor=540802
384995;74813.0;Ronaldo Caiado;DEM;GO;28;0;2008;RONALDO CAIADO;EMC;19;2008;Emenda na Comissão;Altera o art. 62 da Constituição Federal para disciplinar a edição de medidas provisórias.;;;2008-02-28T17:11:00;https://www.camara.leg.br/proposicoesWeb/prop_mostrarintegra?codteor=540797;2008-02-28T17:11:00;Apresentação de Proposição;;Indefinida;https://www.camara.leg.br/proposicoesWeb/prop_mostrarintegra?codteor=540797
384994;74813.0;Ronaldo Caiado;DEM;GO;31;0;2008;RONALDO CAIADO;EMC;18;2008;Emenda na Comissão;Altera o art. 62 da Constituição Federal para disciplinar a edição de medidas provisórias.;;;2008-02-28T17:11:00;https://www.camara.leg.br/proposicoesWeb/prop_mostrarintegra?codteor=540796;2008-02-28T17:11:00;Apresentação de Proposição;;Indefinida;https://www.camara.leg.br/proposicoesWeb/prop_mostrarintegra?codteor=540796
384976;74813.0;Ronaldo Caiado;DEM;GO;30;0;2008;RONALDO CAIADO;EMC;16;2008;Emenda na Comissão;"Dá nova redação ao texto da PEC 511/06, que ""altera o art. 62 da Constituição Federal para disciplinar a edição de medidas provisórias"".";;;2008-02-28T16:35:00;https://www.camara.leg.br/proposicoesWeb/prop_mostrarintegra?codteor=540763;2008-02-28T16:35:00;Apresentação de Proposição;;Indefinida;https://www.camara.leg.br/proposicoesWeb/prop_mostrarintegra?codteor=540763
384916;74813.0;Ronaldo Caiado;DEM;GO;29;0;2008;RONALDO CAIADO;EMC;14;2008;Emenda na Comissão;Altera o art. 62 da Constituição Federal para disciplinar a edição de medidas provisórias.;;;2008-02-28T12:04:00;https://www.camara.leg.br/proposicoesWeb/prop_mostrarintegra?codteor=540685;2008-02-28T12:04:00;Apresentação de Proposição;;Indefinida;https://www.camara.leg.br/proposicoesWeb/prop_mostrarintegra?codteor=540685
384218;74813.0;Ronaldo Caiado;DEM;GO;1;1;2008;RONALDO CAIADO;PDC;479;2008;Projeto de Decreto Legislativo;Susta o PARECER/CONJUR/MPS/nº 10/2008, aprovado por despacho do Ministro de Estado da Previdência Social, de 17 de janeiro de 2008 (D.O.U. de 18.01.2008).;;Sustação, Parecer, aprovação, Ministro de Estado, Ministério da Previdência Social, inclusão, beneficiário, Previdência Social, trabalhador rural, invasão, ocupação, irregularidade, terras, agricultura.;2008-02-21T16:18:12;https://www.camara.leg.br/proposicoesWeb/prop_mostrarintegra?codteor=539378;2012-05-18T00:00:00;Notificações;Arquivada;Proposição Sujeita à Apreciação do Plenário;https://www.camara.leg.br/proposicoesWeb/prop_mostrarintegra?codteor=1014627
384205;74813.0;Ronaldo Caiado;DEM;GO;1;1;2008;RONALDO CAIADO;REQ;2313;2008;Requerimento de Voto de pesar;Requer voto de pesar pelo falecimento do Senador Jonas Pinheiro.;;;2008-02-21T16:09:00;https://www.camara.leg.br/proposicoesWeb/prop_mostrarintegra?codteor=539373;2008-03-05T00:00:00;Arquivamento;Arquivada;Indefinida;
384204;74813.0;Ronaldo Caiado;DEM;GO;1;1;2008;RONALDO CAIADO;REQ;2312;2008;Requerimento de Sessão Solene;Requer a convocação de sessão solene da Câmara dos Deputados em homenagem (In Memoriam) ao Senador Jonas Pinheiro.;;;2008-02-21T16:06:00;https://www.camara.leg.br/proposicoesWeb/prop_mostrarintegra?codteor=539372;2012-07-16T00:00:00;Arquivamento;Arquivada;Indefinida;
383720;74813.0;Ronaldo Caiado;DEM;GO;14;0;2008;RONALDO CAIADO;REC;148;2008;Recurso contra apreciação conclusiva de comissão (Art. 58, § 1º c/c art. 132, § 2º, RICD);Contra a apreciação conclusiva da Comissão de Trabalho, de Administração e Serviço Público sobre o  Projeto de Lei nº 7.528/2006.;;;2008-02-19T17:47:00;https://www.camara.leg.br/proposicoesWeb/prop_mostrarintegra?codteor=538774;2012-07-25T00:00:00;Notificações;Arquivada;Proposição Sujeita à Apreciação do Plenário;https://www.camara.leg.br/proposicoesWeb/prop_mostrarintegra?codteor=1030004
383344;74813.0;Ronaldo Caiado;DEM;GO;1;1;2008;RONALDO CAIADO;PDC;477;2008;Projeto de Decreto Legislativo;Susta a  Instrução Normativa nº 017, de 13 de julho de 2006,  do Ministro de Estado da Agricultura, Pecuária e Abastecimento.;Instrução que estabelece a Norma Operacional do Serviço de Rastreabilidade da Cadeia Produtiva de Bovinos e Bubalinos (SISBOV), aplicável a todas as fases da produção, transformação, distribuição e dos serviços agropecuários.;Sustação, Instrução Normativa, Ministério da Agricultura, Pecuária e Abastecimento, procedimento, rastreamento, produção, transformação, atividade pecuária, bovino, búfalo, condições sanitárias, inspeção fitossanitária, distribuição, embargos, exportação, carne bovina.;2008-02-14T11:18:20;https://www.camara.leg.br/proposicoesWeb/prop_mostrarintegra?codteor=537878;2012-05-18T00:00:00;Notificações;Arquivada;Proposição Sujeita à Apreciação do Plenário;https://www.camara.leg.br/proposicoesWeb/prop_mostrarintegra?codteor=1014627
383343;74813.0;Ronaldo Caiado;DEM;GO;1;1;2008;RONALDO CAIADO;PDC;476;2008;Projeto de Decreto Legislativo;Susta a tramitação congressual de acordos bilaterais celebrados entre a República Federativa do Brasil e os países que compõem a  União Européia.;;Sustação, tramitação, Congresso Nacional, ato internacional, acordo internacional, País, Brasil, Governo Estrangeiro, União Européia, inclusão, País Estrangeiro, Inglaterra, Irlanda, negociação, embargos, exportação, carne bovina, prejuízo, pecuária.;2008-02-14T11:16:13;https://www.camara.leg.br/proposicoesWeb/prop_mostrarintegra?codteor=537877;2009-12-24T00:00:00;Notificações;Retirado pelo(a) Autor(a);Proposição Sujeita à Apreciação do Plenário;https://www.camara.leg.br/proposicoesWeb/prop_mostrarintegra?codteor=728266
464909;74813.0;Ronaldo Caiado;DEM;GO;1;1;2009;RONALDO CAIADO;PEC;454;2009;Proposta de Emenda à Constituição;"Altera o Título VIII, Capítulo II, Seção II - ""Da Saúde"" -, da Constituição da República Federativa do Brasil de 1988.";Estabelece diretrizes para a organização da carreira única de Médico de Estado.;Saúde, criação, cargo de carreira, Médico, competência privativa, exercício profissional, medicina, serviço público, servidor público, União Federal, Estados, Municípios, cargo efetivo, exigência, concurso público, ascensão funcional, inclusão, Ato das Disposições Constitucionais Transitórias, exigência, lei federal, fixação, valor, reajuste, remuneração, início, carreira.;2009-12-16T19:33:00;https://www.camara.leg.br/proposicoesWeb/prop_mostrarintegra?codteor=727136;2025-07-02T17:46:13;Apresentação de Requerimento;Pronta para Pauta;Proposição Sujeita à Apreciação do Plenário;https://www.camara.leg.br/proposicoesWeb/prop_mostrarintegra?codteor=2948253
464349;74813.0;Ronaldo Caiado;DEM;GO;9;0;2009;RONALDO CAIADO;REQ;6055;2009;Requerimento de Urgência (Art. 155 do RICD);REGIME DE URGÊNCIA na apreciação do Projeto de Lei nº 3.777, de 2008.;;;2009-12-15T16:42:00;https://www.camara.leg.br/proposicoesWeb/prop_mostrarintegra?codteor=726049;2009-12-16T00:00:00;Aprovação de Proposição em Plenário;Tramitação Finalizada;Indefinida;https://www.camara.leg.br/proposicoesWeb/prop_mostrarintegra?codteor=773869
463971;74813.0;Ronaldo Caiado;DEM;GO;1;1;2009;RONALDO CAIADO;REC;341;2009;Recurso contra decisão do Presidente da CD em Questao de Ordem (Art. 95, § 8º, RICD);Recorre, nos termos do art. 95,  § 8° do Regimento Interno, contra a decisão da Presidência que indeferiu a Questão de Ordem n. 570, de 2009, sobre a votação de emendas aglutinativas.;;;2009-12-10T16:15:00;https://www.camara.leg.br/proposicoesWeb/prop_mostrarintegra?codteor=724802;2013-02-25T00:00:00;Encaminhamento;Arquivada;Indefinida;
463815;74813.0;Ronaldo Caiado;DEM;GO;4;0;2009;RONALDO CAIADO;REQ;6048;2009;Requerimento de Urgência (Art. 155 do RICD);"Requer urgência para apreciação do Projeto de Lei n° 5917, de 2009, que ""Dispõe sobre os valores das parcelas remuneratórias dos integrantes das Carreiras e do Plano Especial de Cargos do DNIT, de que trata a Lei nº 11.171, de 2 de setembro de 2005, da Carreira de Analista de Infraestrutura e do cargo isolado de Especialista em Infraestrutura Sênior, de que trata a Lei nº 11.539, de 8 de novembro de 2007, e dá outras providências l"".";;;2009-12-09T21:19:00;https://www.camara.leg.br/proposicoesWeb/prop_mostrarintegra?codteor=724309;2009-12-16T00:00:00;Aprovação de Proposição em Plenário;Tramitação Finalizada;Indefinida;https://www.camara.leg.br/proposicoesWeb/prop_mostrarintegra?codteor=773866
463606;74813.0;Ronaldo Caiado;DEM;GO;1;1;2009;RONALDO CAIADO;RIC;4582;2009;Requerimento de Informação;Solicita informações à Sra. Ministra-Chefe da Casa Civil, Dilma Vana Roussef, sobre a comitiva que embarcou para Copenhague para participar da 15ª Conferência do Clima das Nações Unidas (ONU) - a COP-15.;;;2009-12-09T17:31:15;https://www.camara.leg.br/proposicoesWeb/prop_mostrarintegra?codteor=723985;2011-01-10T00:00:00;Arquivamento;Arquivada;Indefinida;
463390;74813.0;Ronaldo Caiado;DEM;GO;9;0;2009;RONALDO CAIADO;REQ;6028;2009;Requerimento de Urgência (Art. 155 do RICD);"Requer urgência para apreciação dp Projeto de Lei nº 5883, de 2009, que ""Autoriza a Mesa sa Câmara dos Deputados a alterar a tabela de fatores da Gratificação de Atividade Legislativa devida aos servidores"".";;;2009-12-09T14:14:00;https://www.camara.leg.br/proposicoesWeb/prop_mostrarintegra?codteor=723632;2009-12-09T00:00:00;Aprovação de Proposição em Plenário;Tramitação Finalizada;Indefinida;https://www.camara.leg.br/proposicoesWeb/prop_mostrarintegra?codteor=773234
463381;74813.0;Ronaldo Caiado;DEM;GO;3;0;2009;RONALDO CAIADO;EMP;393;2009;Emenda de Plenário;Altera a redação do artigo 44 do Substitutivo oferecido pelo Relator da Comissão Especial.;;;2009-12-09T13:19:00;https://www.camara.leg.br/proposicoesWeb/prop_mostrarintegra?codteor=723859;2009-12-09T13:19:00;Apresentação de Proposição;;Indefinida;https://www.camara.leg.br/proposicoesWeb/prop_mostrarintegra?codteor=723859
463380;74813.0;Ronaldo Caiado;DEM;GO;3;0;2009;RONALDO CAIADO;EMP;392;2009;Emenda de Plenário;Altera a redação do artigo 44 do Substitutivo oferecido pelo Relator da Comissão Especial.;;;2009-12-09T13:19:00;https://www.camara.leg.br/proposicoesWeb/prop_mostrarintegra?codteor=723851;2009-12-09T13:19:00;Apresentação de Proposição;;Indefinida;https://www.camara.leg.br/proposicoesWeb/prop_mostrarintegra?codteor=723851
463379;74813.0;Ronaldo Caiado;DEM;GO;3;0;2009;RONALDO CAIADO;EMP;391;2009;Emenda de Plenário;Altera a redação do artigo 44 do Substitutivo oferecido pelo Relator da Comissão Especial.;;;2009-12-09T13:19:00;https://www.camara.leg.br/proposicoesWeb/prop_mostrarintegra?codteor=723843;2009-12-09T13:19:00;Apresentação de Proposição;;Indefinida;https://www.camara.leg.br/proposicoesWeb/prop_mostrarintegra?codteor=723843
463307;74813.0;Ronaldo Caiado;DEM;GO;3;0;2009;RONALDO CAIADO;EMP;378;2009;Emenda de Plenário;Acrescenta artigo ao Projeto de Lei nº 5.938/09, apensado.;;;2009-12-08T22:22:00;https://www.camara.leg.br/proposicoesWeb/prop_mostrarintegra?codteor=725541;2009-12-08T22:22:00;Apresentação de Proposição;;Indefinida;https://www.camara.leg.br/proposicoesWeb/prop_mostrarintegra?codteor=725541
463306;74813.0;Ronaldo Caiado;DEM;GO;1;1;2009;RONALDO CAIADO;ESP;377;2009;Emenda Substitutiva de Plenário;Dispõe sobre a exploração e a produção de petróleo, de gás natural e de outros hidrocarbonetos fluidos em áreas do pré-sal e em áreas estratégicas, e dá outras providências.;;;2009-12-08T22:22:00;https://www.camara.leg.br/proposicoesWeb/prop_mostrarintegra?codteor=725537;2009-12-08T22:22:00;Apresentação de Proposição;;Indefinida;https://www.camara.leg.br/proposicoesWeb/prop_mostrarintegra?codteor=725537
463305;74813.0;Ronaldo Caiado;DEM;GO;1;1;2009;RONALDO CAIADO;ESP;376;2009;Emenda Substitutiva de Plenário;Dispõe sobre a exploração e a produção de petróleo, de gás natural e de outros hidrocarbonetos fluidos em áreas do pré-sal e em áreas estratégicas, e dá outras providências.;;;2009-12-08T22:22:00;https://www.camara.leg.br/proposicoesWeb/prop_mostrarintegra?codteor=723794;2009-12-08T22:22:00;Apresentação de Proposição;;Indefinida;https://www.camara.leg.br/proposicoesWeb/prop_mostrarintegra?codteor=723794
463304;74813.0;Ronaldo Caiado;DEM;GO;3;0;2009;RONALDO CAIADO;EMP;375;2009;Emenda de Plenário;Acrescenta artigo nas Disposições Finais e Transitórias do Projeto de Lei nº 2.502/07.;;;2009-12-08T22:22:00;https://www.camara.leg.br/proposicoesWeb/prop_mostrarintegra?codteor=723946;2009-12-08T22:22:00;Apresentação de Proposição;;Indefinida;https://www.camara.leg.br/proposicoesWeb/prop_mostrarintegra?codteor=723946
463303;74813.0;Ronaldo Caiado;DEM;GO;3;0;2009;RONALDO CAIADO;EMP;374;2009;Emenda de Plenário;Altera a redação do artigo 51 do Substitutivo adotado pela Comissão Especial.;;;2009-12-08T22:22:00;https://www.camara.leg.br/proposicoesWeb/prop_mostrarintegra?codteor=723932;2009-12-08T22:22:00;Apresentação de Proposição;;Indefinida;https://www.camara.leg.br/proposicoesWeb/prop_mostrarintegra?codteor=723932
463302;74813.0;Ronaldo Caiado;DEM;GO;3;0;2009;RONALDO CAIADO;EMP;373;2009;Emenda de Plenário;Altera a redação do artigo 13 do Substitutivo adotado pela Comissão Especial.;;;2009-12-08T22:22:00;https://www.camara.leg.br/proposicoesWeb/prop_mostrarintegra?codteor=723931;2009-12-08T22:22:00;Apresentação de Proposição;;Indefinida;https://www.camara.leg.br/proposicoesWeb/prop_mostrarintegra?codteor=723931
463301;74813.0;Ronaldo Caiado;DEM;GO;3;0;2009;RONALDO CAIADO;EMP;372;2009;Emenda de Plenário;Altera a redação do artigo 25 do Substitutivo adotado pela Comissão Especial.;;;2009-12-08T22:21:00;https://www.camara.leg.br/proposicoesWeb/prop_mostrarintegra?codteor=723928;2009-12-08T22:21:00;Apresentação de Proposição;;Indefinida;https://www.camara.leg.br/proposicoesWeb/prop_mostrarintegra?codteor=723928
463292;74813.0;Ronaldo Caiado;DEM;GO;4;0;2009;RONALDO CAIADO;EMP;365;2009;Emenda de Plenário;Inclui artigo no Projeto de Lei nº 5.938/09, apensado.;;;2009-12-08T21:38:00;https://www.camara.leg.br/proposicoesWeb/prop_mostrarintegra?codteor=723873;2009-12-08T21:38:00;Apresentação de Proposição;;Indefinida;https://www.camara.leg.br/proposicoesWeb/prop_mostrarintegra?codteor=723873
463291;74813.0;Ronaldo Caiado;DEM;GO;3;0;2009;RONALDO CAIADO;EMP;364;2009;Emenda de Plenário;Altera a redação do inciso II do artigo 44 do Substitutivo oferecido pelo Relator da Comissão Especial.;;;2009-12-08T21:38:00;https://www.camara.leg.br/proposicoesWeb/prop_mostrarintegra?codteor=723868;2009-12-08T21:38:00;Apresentação de Proposição;;Indefinida;https://www.camara.leg.br/proposicoesWeb/prop_mostrarintegra?codteor=723868
463290;74813.0;Ronaldo Caiado;DEM;GO;2;0;2009;RONALDO CAIADO;EMP;363;2009;Emenda de Plenário;"Suprime a expressão ""áreas estratégicas"" de vários dispositivos do Projeto de Lei nº 5.938/09, apensado.";;;2009-12-08T21:30:00;https://www.camara.leg.br/proposicoesWeb/prop_mostrarintegra?codteor=723862;2009-12-08T21:30:00;Apresentação de Proposição;;Indefinida;https://www.camara.leg.br/proposicoesWeb/prop_mostrarintegra?codteor=723862
463265;74813.0;Ronaldo Caiado;DEM;GO;2;0;2009;RONALDO CAIADO;REQ;6023;2009;Requerimento de Urgência (Art. 155 do RICD);Requer regime de urgência para apreciação do PDC nº 2300, de 2009.;;;2009-12-08T19:13:00;https://www.camara.leg.br/proposicoesWeb/prop_mostrarintegra?codteor=723446;2011-01-14T00:00:00;Arquivamento;Arquivada;Indefinida;
463240;74813.0;Ronaldo Caiado;DEM;GO;2;0;2009;RONALDO CAIADO;REQ;6020;2009;Requerimento de Urgência (Art. 155 do RICD);Requer urgência para apreciação do Projeto de Decreto Legislativo nº 731/2000 que Convoca plebiscito sobre a criação do Estado do Tapajós.;;;2009-12-08T18:18:00;https://www.camara.leg.br/proposicoesWeb/prop_mostrarintegra?codteor=723396;2011-01-14T00:00:00;Arquivamento;Arquivada;Indefinida;
462842;74813.0;Ronaldo Caiado;DEM;GO;10;0;2009;RONALDO CAIADO;REQ;6006;2009;Requerimento de Urgência (Art. 155 do RICD);"Requer regime de urgência na apreciação do Projeto de Lei  Nº 2.872/08 - do Sr. Carlos Zarattini - que ""altera dispositivos da Lei nº 9.503, de 23 de setembro de 1997 - Código de Trânsito Brasileiro e dá outras providências"".";;;2009-12-02T21:15:00;https://www.camara.leg.br/proposicoesWeb/prop_mostrarintegra?codteor=721748;2011-01-14T00:00:00;Arquivamento;Arquivada;Indefinida;
462826;74813.0;Ronaldo Caiado;DEM;GO;1;1;2009;RONALDO CAIADO;EMA;2;2009;Emenda Aglutinativa;Altera a redação do § 2º do artigo 3º da Medida Provisória.;;;2009-12-02T19:38:00;https://www.camara.leg.br/proposicoesWeb/prop_mostrarintegra?codteor=721735;2009-12-02T19:38:00;Apresentação de Proposição;;Indefinida;https://www.camara.leg.br/proposicoesWeb/prop_mostrarintegra?codteor=721735
462821;74813.0;Ronaldo Caiado;DEM;GO;6;0;2009;RONALDO CAIADO;REQ;6002;2009;Requerimento de Urgência (Art. 155 do RICD);Solicita urgência urgentíssima para apreciação do Projeto de Lei nº 5393, de 2005, que altera a Lei nº 7.418, de 16 de dezembro de 1985, o Decreto-Lei nº 5452, de 1º de maio de 1943, o Decreto-Lei nº 2848, de 07 de dezembro de 1940 e dá outras providências.;;;2009-12-02T19:34:00;https://www.camara.leg.br/proposicoesWeb/prop_mostrarintegra?codteor=721711;2011-01-14T00:00:00;Arquivamento;Arquivada;Indefinida;
462807;74813.0;Ronaldo Caiado;DEM;GO;1;1;2009;RONALDO CAIADO;REQ;6000;2009;Requerimento de Convocação de Sessão Extraordinária do CN;Requer a realização de Sessão Extraordinária para apreciação do PL 1/2007.;;;2009-12-02T19:09:00;https://www.camara.leg.br/proposicoesWeb/prop_mostrarintegra?codteor=721749;2011-01-12T00:00:00;Arquivamento;Arquivada;Indefinida;
462724;74813.0;Ronaldo Caiado;DEM;GO;5;0;2009;RONALDO CAIADO;REQ;5989;2009;Requerimento de Urgência (Art. 155 do RICD);Requer a urgência para a apreciação do PL 6124/05, que torna crime a discriminação em razão do HIV/AIDS.;;;2009-12-02T16:43:00;https://www.camara.leg.br/proposicoesWeb/prop_mostrarintegra?codteor=721493;2011-01-14T00:00:00;Arquivamento;Arquivada;Indefinida;
462341;74813.0;Ronaldo Caiado;DEM;GO;1;1;2009;RONALDO CAIADO;REC;334;2009;Recurso contra nao recebimento de emenda (Art. 125, caput, RICD);Recorre ao Plenário, com fundamento no art. 125 do Regimento Interno da Câmara dos Deputados, da decisão da Presidência que indeferiu liminarmente as Emendas nº 28 e 29, apresentadas à Medida Provisória nº 470, de 2009.;;;2009-12-01T17:03:00;https://www.camara.leg.br/proposicoesWeb/prop_mostrarintegra?codteor=720439;2009-12-01T00:00:00;Rejeição de Proposicao;Arquivada;Indefinida;
461493;74813.0;Ronaldo Caiado;DEM;GO;1;1;2009;RONALDO CAIADO;RIC;4546;2009;Requerimento de Informação;Solicita informações ao Sr. Ministro de Estado do Turismo sobre eventuais contratos celebrados com as empresas patrocinadoras do filme Lula, o filho do Brasil.;;;2009-11-25T17:00:51;https://www.camara.leg.br/proposicoesWeb/prop_mostrarintegra?codteor=717872;2011-01-10T00:00:00;Arquivamento;Arquivada;Indefinida;
461492;74813.0;Ronaldo Caiado;DEM;GO;1;1;2009;RONALDO CAIADO;RIC;4545;2009;Requerimento de Informação;Solicita informações ao Sr. Ministro de Estado dos Transportes sobre eventuais contratos celebrados com as empresas patrocinadoras do filme Lula, o filho do Brasil.;;;2009-11-25T17:00:33;https://www.camara.leg.br/proposicoesWeb/prop_mostrarintegra?codteor=717871;2011-01-10T00:00:00;Arquivamento;Arquivada;Indefinida;
461491;74813.0;Ronaldo Caiado;DEM;GO;1;1;2009;RONALDO CAIADO;RIC;4544;2009;Requerimento de Informação;Solicita informações ao Sr. Ministro de Estado do Trabalho e Emprego sobre eventuais contratos celebrados com as empresas patrocinadoras do filme Lula, o filho do Brasil.;;;2009-11-25T17:00:16;https://www.camara.leg.br/proposicoesWeb/prop_mostrarintegra?codteor=717868;2011-01-10T00:00:00;Arquivamento;Arquivada;Indefinida;
461489;74813.0;Ronaldo Caiado;DEM;GO;1;1;2009;RONALDO CAIADO;RIC;4543;2009;Requerimento de Informação;Solicita informações ao Sr. Ministro de Estado da Saúde sobre eventuais contratos celebrados com as empresas patrocinadoras do filme Lula, o filho do Brasil.;;;2009-11-25T16:59:50;https://www.camara.leg.br/proposicoesWeb/prop_mostrarintegra?codteor=717865;2011-01-10T00:00:00;Arquivamento;Arquivada;Indefinida;
461488;74813.0;Ronaldo Caiado;DEM;GO;1;1;2009;RONALDO CAIADO;RIC;4542;2009;Requerimento de Informação;Solicita informações ao Sr. Ministro de Estado das Relações Exteriores sobre eventuais contratos celebrados com as empresas patrocinadoras do filme Lula, o filho do Brasil.;;;2009-11-25T16:59:30;https://www.camara.leg.br/proposicoesWeb/prop_mostrarintegra?codteor=717864;2011-01-10T00:00:00;Arquivamento;Arquivada;Indefinida;
461487;74813.0;Ronaldo Caiado;DEM;GO;1;1;2009;RONALDO CAIADO;RIC;4541;2009;Requerimento de Informação;Solicita informações ao Sr. Ministro de Estado da Previdência Social sobre eventuais contratos celebrados com as empresas patrocinadoras do filme Lula, o filho do Brasil.;;;2009-11-25T16:59:12;https://www.camara.leg.br/proposicoesWeb/prop_mostrarintegra?codteor=717863;2011-01-10T00:00:00;Arquivamento;Arquivada;Indefinida;
461486;74813.0;Ronaldo Caiado;DEM;GO;1;1;2009;RONALDO CAIADO;RIC;4540;2009;Requerimento de Informação;Solicita informações ao Sr. Ministro de Estado da Pesca e Aquicultura sobre eventuais contratos celebrados com as empresas patrocinadoras do filme Lula, o filho do Brasil.;;;2009-11-25T16:58:51;https://www.camara.leg.br/proposicoesWeb/prop_mostrarintegra?codteor=717861;2011-01-10T00:00:00;Arquivamento;Arquivada;Indefinida;
461485;74813.0;Ronaldo Caiado;DEM;GO;1;1;2009;RONALDO CAIADO;RIC;4539;2009;Requerimento de Informação;Solicita informações ao Sr. Ministro de Estado de Minas e Energia sobre eventuais contratos celebrados com as empresas patrocinadoras do filme Lula, o filho do Brasil.;;;2009-11-25T16:58:34;https://www.camara.leg.br/proposicoesWeb/prop_mostrarintegra?codteor=717860;2011-01-10T00:00:00;Arquivamento;Arquivada;Indefinida;
461484;74813.0;Ronaldo Caiado;DEM;GO;1;1;2009;RONALDO CAIADO;RIC;4538;2009;Requerimento de Informação;Solicita informações ao Sr. Ministro de Estado do Meio Ambiente sobre eventuais contratos celebrados com as empresas patrocinadoras do filme Lula, o filho do Brasil.;;;2009-11-25T16:58:16;https://www.camara.leg.br/proposicoesWeb/prop_mostrarintegra?codteor=717858;2011-04-26T00:00:00;Providência Interna;Arquivada;Indefinida;
461483;74813.0;Ronaldo Caiado;DEM;GO;1;1;2009;RONALDO CAIADO;RIC;4537;2009;Requerimento de Informação;Solicita informações ao Sr. Ministro de Estado da Justiça sobre eventuais contratos celebrados com as empresas patrocinadoras do filme Lula, o filho do Brasil.;;;2009-11-25T16:57:56;https://www.camara.leg.br/proposicoesWeb/prop_mostrarintegra?codteor=717857;2011-01-10T00:00:00;Arquivamento;Arquivada;Indefinida;
461482;74813.0;Ronaldo Caiado;DEM;GO;1;1;2009;RONALDO CAIADO;RIC;4536;2009;Requerimento de Informação;Solicita informações ao Sr. Ministro de Estado da Integração Nacional sobre eventuais contratos celebrados com as empresas patrocinadoras do filme Lula, o filho do Brasil.;;;2009-11-25T16:57:40;https://www.camara.leg.br/proposicoesWeb/prop_mostrarintegra?codteor=717856;2011-01-10T00:00:00;Arquivamento;Arquivada;Indefinida;
461480;74813.0;Ronaldo Caiado;DEM;GO;1;1;2009;RONALDO CAIADO;RIC;4535;2009;Requerimento de Informação;Solicita informações ao Sr. Ministro de Estado da Fazenda sobre eventuais contratos celebrados ou financiamentos concedidos a empresas patrocinadoras do filme Lula, o filho do Brasil.;;;2009-11-25T16:57:24;https://www.camara.leg.br/proposicoesWeb/prop_mostrarintegra?codteor=717854;2011-01-10T00:00:00;Arquivamento;Arquivada;Indefinida;
461479;74813.0;Ronaldo Caiado;DEM;GO;1;1;2009;RONALDO CAIADO;RIC;4534;2009;Requerimento de Informação;Solicita informações ao Sr. Ministro de Estado do Esporte sobre eventuais contratos celebrados com as empresas patrocinadoras do filme Lula, o filho do Brasil.;;;2009-11-25T16:57:06;https://www.camara.leg.br/proposicoesWeb/prop_mostrarintegra?codteor=717853;2011-01-10T00:00:00;Arquivamento;Arquivada;Indefinida;
461478;74813.0;Ronaldo Caiado;DEM;GO;1;1;2009;RONALDO CAIADO;RIC;4533;2009;Requerimento de Informação;Solicita informações ao Sr. Ministro de Estado da Educação sobre eventuais contratos celebrados com as empresas patrocinadoras do filme Lula, o filho do Brasil.;;;2009-11-25T16:56:42;https://www.camara.leg.br/proposicoesWeb/prop_mostrarintegra?codteor=717851;2011-01-10T00:00:00;Arquivamento;Arquivada;Indefinida;
461477;74813.0;Ronaldo Caiado;DEM;GO;1;1;2009;RONALDO CAIADO;RIC;4532;2009;Requerimento de Informação;Solicita informações ao Sr. Ministro de Estado do Desenvolvimento Social e Combate à Fome sobre eventuais contratos celebrados com as empresas patrocinadoras do filme Lula, o filho do Brasil.;;;2009-11-25T16:56:27;https://www.camara.leg.br/proposicoesWeb/prop_mostrarintegra?codteor=717849;2011-01-10T00:00:00;Arquivamento;Arquivada;Indefinida;
461476;74813.0;Ronaldo Caiado;DEM;GO;1;1;2009;RONALDO CAIADO;RIC;4531;2009;Requerimento de Informação;Solicita informações ao Sr. Ministro de Estado do Desenvolvimento, Indústria e Comércio Exterior sobre eventuais contratos celebrados com as empresas patrocinadoras do filme Lula, o filho do Brasil.;;;2009-11-25T16:56:09;https://www.camara.leg.br/proposicoesWeb/prop_mostrarintegra?codteor=717848;2011-01-10T00:00:00;Arquivamento;Arquivada;Indefinida;
461474;74813.0;Ronaldo Caiado;DEM;GO;1;1;2009;RONALDO CAIADO;RIC;4530;2009;Requerimento de Informação;Solicita informações ao Sr. Ministro de Estado do Desenvolvimento Agrário sobre eventuais contratos celebrados com as empresas patrocinadoras do filme Lula, o filho do Brasil.;;;2009-11-25T16:55:51;https://www.camara.leg.br/proposicoesWeb/prop_mostrarintegra?codteor=717846;2011-01-10T00:00:00;Arquivamento;Arquivada;Indefinida;
461473;74813.0;Ronaldo Caiado;DEM;GO;1;1;2009;RONALDO CAIADO;RIC;4529;2009;Requerimento de Informação;Solicita informações ao Sr. Ministro de Estado da Defesa sobre eventuais contratos celebrados com as empresas patrocinadoras do filme Lula, o filho do Brasil.;;;2009-11-25T16:55:07;https://www.camara.leg.br/proposicoesWeb/prop_mostrarintegra?codteor=717845;2011-01-10T00:00:00;Arquivamento;Arquivada;Indefinida;
461472;74813.0;Ronaldo Caiado;DEM;GO;1;1;2009;RONALDO CAIADO;RIC;4528;2009;Requerimento de Informação;Solicita informações ao Sr. Ministro de Estado da Cultura sobre eventuais contratos celebrados com as empresas patrocinadoras do filme Lula, o filho do Brasil.;;;2009-11-25T16:54:54;https://www.camara.leg.br/proposicoesWeb/prop_mostrarintegra?codteor=717844;2011-01-10T00:00:00;Arquivamento;Arquivada;Indefinida;
461471;74813.0;Ronaldo Caiado;DEM;GO;1;1;2009;RONALDO CAIADO;RIC;4527;2009;Requerimento de Informação;Solicita informações ao Sr. Ministro de Estado das Comunicações sobre eventuais contratos celebrados com as empresas patrocinadoras do filme Lula, o filho do Brasil.;;;2009-11-25T16:54:32;https://www.camara.leg.br/proposicoesWeb/prop_mostrarintegra?codteor=717843;2011-01-10T00:00:00;Arquivamento;Arquivada;Indefinida;
461470;74813.0;Ronaldo Caiado;DEM;GO;1;1;2009;RONALDO CAIADO;RIC;4526;2009;Requerimento de Informação;Solicita informações ao Sr. Ministro de Estado da Ciência e Tecnologia sobre eventuais contratos celebrados com as empresas patrocinadoras do filme Lula, o filho do Brasil.;;;2009-11-25T16:54:15;https://www.camara.leg.br/proposicoesWeb/prop_mostrarintegra?codteor=717842;2011-01-10T00:00:00;Arquivamento;Arquivada;Indefinida;
461469;74813.0;Ronaldo Caiado;DEM;GO;1;1;2009;RONALDO CAIADO;RIC;4525;2009;Requerimento de Informação;Solicita informações ao Sr. Ministro de Estado das Cidades sobre eventuais contratos celebrados com as empresas patrocinadoras do filme Lula, o filho do Brasil.;;;2009-11-25T16:53:57;https://www.camara.leg.br/proposicoesWeb/prop_mostrarintegra?codteor=717841;2011-01-10T00:00:00;Arquivamento;Arquivada;Indefinida;
461468;74813.0;Ronaldo Caiado;DEM;GO;1;1;2009;RONALDO CAIADO;RIC;4524;2009;Requerimento de Informação;Solicita informações ao Sr. Ministro de Estado da Agricultura, Pecuária e Abastecimento sobre eventuais contratos celebrados com as empresas patrocinadoras do filme Lula, o filho do Brasil.;;;2009-11-25T16:53:33;https://www.camara.leg.br/proposicoesWeb/prop_mostrarintegra?codteor=717840;2011-01-10T00:00:00;Arquivamento;Arquivada;Indefinida;
461466;74813.0;Ronaldo Caiado;DEM;GO;1;1;2009;RONALDO CAIADO;RIC;4523;2009;Requerimento de Informação;Solicita informações ao Sr. Ministro de Estado do Planejamento, Orçamento e Gestão sobre eventuais contratos celebrados ou financiamentos concedidos a empresas patrocinadoras do filme Lula, o filho do Brasil.;;;2009-11-25T16:52:13;https://www.camara.leg.br/proposicoesWeb/prop_mostrarintegra?codteor=717838;2011-01-10T00:00:00;Arquivamento;Arquivada;Indefinida;
461129;74813.0;Ronaldo Caiado;DEM;GO;2;0;2009;RONALDO CAIADO;REQ;5932;2009;Requerimento de Urgência (Art. 155 do RICD);Requer regime de urgência para apreciação do Projeto de Decreto Legislativo n° 159-B, de 1992.;;;2009-11-24T18:07:00;https://www.camara.leg.br/proposicoesWeb/prop_mostrarintegra?codteor=717269;2011-01-14T00:00:00;Arquivamento;Arquivada;Indefinida;
460976;74813.0;Ronaldo Caiado;DEM;GO;1;1;2009;RONALDO CAIADO;EMA;7;2009;Emenda Aglutinativa;Fusão das emendas 114 e 14, dando nova redação ao artigo 14 do projeto.;;;2009-11-24T11:26:00;;2009-11-24T11:26:00;Apresentação de Proposição;;Indefinida;
460975;74813.0;Ronaldo Caiado;DEM;GO;1;1;2009;RONALDO CAIADO;EMA;6;2009;Emenda Aglutinativa;Fusão das emendas 114 e 16, dando nova redação aos artigos 4º e 7º do projeto.;;;2009-11-24T11:25:00;;2009-11-24T11:25:00;Apresentação de Proposição;;Indefinida;
460974;74813.0;Ronaldo Caiado;DEM;GO;1;1;2009;RONALDO CAIADO;EMA;5;2009;Emenda Aglutinativa;Fusão das emendas 114 e 43, dando nova redação ao artigo 11 do projeto.;;;2009-11-24T11:24:00;;2009-11-24T11:24:00;Apresentação de Proposição;;Indefinida;
460973;74813.0;Ronaldo Caiado;DEM;GO;1;1;2009;RONALDO CAIADO;EMA;4;2009;Emenda Aglutinativa;Fusão das emendas 114 e 92, dando nova redação ao artigo 14 do projeto.;;;2009-11-24T11:23:00;;2009-11-24T11:23:00;Apresentação de Proposição;;Indefinida;
460972;74813.0;Ronaldo Caiado;DEM;GO;1;1;2009;RONALDO CAIADO;EMA;3;2009;Emenda Aglutinativa;Fusão das emendas 114 e 105, dando nova redação ao artigo 6º do projeto.;;;2009-11-24T11:21:00;;2009-11-24T11:21:00;Apresentação de Proposição;;Indefinida;
460971;74813.0;Ronaldo Caiado;DEM;GO;1;1;2009;RONALDO CAIADO;EMA;2;2009;Emenda Aglutinativa;Fusão das emendas 108 e 113, dando nova redação ao artigo 17 do projeto.;;;2009-11-24T11:20:00;;2009-11-24T11:20:00;Apresentação de Proposição;;Indefinida;
460970;74813.0;Ronaldo Caiado;DEM;GO;3;0;2009;RONALDO CAIADO;EMA;1;2009;Emenda Aglutinativa;Fusão das emendas 109, 111, 113 e 27, modificando o § 1º  do artigo 11 do projeto.;;;2009-11-24T11:16:00;;2009-11-24T11:16:00;Apresentação de Proposição;;Indefinida;
460578;74813.0;Ronaldo Caiado;DEM;GO;4;0;2009;RONALDO CAIADO;REQ;5915;2009;Requerimento de Urgência (Art. 155 do RICD);"Requer, nos termos do Art. 155 do Regimentos Interno, urgência para apreciação do PL - 6417/2009, de autoria do Poder Executivo, que ""concede promo9ção 'post mortem"" ao diplomata conhecido como ""Vinicius de Moraes"".";;;2009-11-18T22:16:00;https://www.camara.leg.br/proposicoesWeb/prop_mostrarintegra?codteor=715693;2010-02-09T14:00:00;Aprovação de Proposição em Plenário;Tramitação Finalizada;Indefinida;
460294;74813.0;Ronaldo Caiado;DEM;GO;1;1;2009;RONALDO CAIADO;ESP;114;0;Emenda Substitutiva de Plenário;Autoriza o Poder Executivo a criar a empresa pública denominada Empresa Brasileira de Administração de Petróleo e Gás Natural S.A. - PETRO-SAL, e dá outras providências.;;;2009-11-18T15:08:00;https://www.camara.leg.br/proposicoesWeb/prop_mostrarintegra?codteor=715355;2009-11-18T15:08:00;Apresentação de Proposição;;Indefinida;https://www.camara.leg.br/proposicoesWeb/prop_mostrarintegra?codteor=715355
460093;74813.0;Ronaldo Caiado;DEM;GO;7;0;2009;RONALDO CAIADO;REQ;5896;2009;Requerimento de Urgência (Art. 155 do RICD);Solicita urgência urgentíssima para apreciação do Projeto de Lei nº 6.126, de 2009, que criminaliza a falsificação, adulteração ou fabricação de cigarro em desacordo com a legislação sanitária.;;;2009-11-17T18:13:00;https://www.camara.leg.br/proposicoesWeb/prop_mostrarintegra?codteor=714904;2011-01-14T00:00:00;Arquivamento;Arquivada;Indefinida;
459082;74813.0;Ronaldo Caiado;DEM;GO;1;1;2009;RONALDO CAIADO;RIC;4463;2009;Requerimento de Informação;Solicita informações ao Sr. Ministro de Minas e Energia sobre o apagão elétrico que assolou boa parte do país no dia 10 de novembro de 2009.;;;2009-11-11T14:53:39;https://www.camara.leg.br/proposicoesWeb/prop_mostrarintegra?codteor=712677;2011-01-10T00:00:00;Arquivamento;Arquivada;Indefinida;
458893;74813.0;Ronaldo Caiado;DEM;GO;4;0;2009;RONALDO CAIADO;REQ;5843;2009;Requerimento de Urgência (Art. 155 do RICD);Requer urgência para a apreciação do Projeto de Resolução nº 152/09.;;;2009-11-10T18:55:00;https://www.camara.leg.br/proposicoesWeb/prop_mostrarintegra?codteor=712211;2011-01-14T00:00:00;Arquivamento;Arquivada;Indefinida;
457525;74813.0;Ronaldo Caiado;DEM;GO;1;1;2009;RONALDO CAIADO;EMC;29;2009;Emenda na Comissão;Dá nova redação à MPV 470/2009.;;;2009-10-15T16:17:00;https://www.camara.leg.br/proposicoesWeb/prop_mostrarintegra?codteor=708233;2009-10-15T16:17:00;Apresentação de Proposição;;Indefinida;https://www.camara.leg.br/proposicoesWeb/prop_mostrarintegra?codteor=708233
457524;74813.0;Ronaldo Caiado;DEM;GO;1;1;2009;RONALDO CAIADO;EMC;28;2009;Emenda na Comissão;Dá nova redação à MPV 470/2009.;;;2009-10-15T16:17:00;https://www.camara.leg.br/proposicoesWeb/prop_mostrarintegra?codteor=708232;2009-10-15T16:17:00;Apresentação de Proposição;;Indefinida;https://www.camara.leg.br/proposicoesWeb/prop_mostrarintegra?codteor=708232
457492;74813.0;Ronaldo Caiado;DEM;GO;1;1;2009;RONALDO CAIADO;EMC;6;2009;Emenda na Comissão;Dá nova redação à  MPV 470/2009;;;2009-10-15T16:17:00;https://www.camara.leg.br/proposicoesWeb/prop_mostrarintegra?codteor=708189;2009-10-15T16:17:00;Apresentação de Proposição;;Indefinida;https://www.camara.leg.br/proposicoesWeb/prop_mostrarintegra?codteor=708189
457486;74813.0;Ronaldo Caiado;DEM;GO;1;1;2009;RONALDO CAIADO;EMC;2;2009;Emenda na Comissão;Dá nova redação à  MPV 470/2009;;;2009-10-15T16:17:00;https://www.camara.leg.br/proposicoesWeb/prop_mostrarintegra?codteor=708179;2009-10-15T16:17:00;Apresentação de Proposição;;Indefinida;https://www.camara.leg.br/proposicoesWeb/prop_mostrarintegra?codteor=708179
457274;74813.0;Ronaldo Caiado;DEM;GO;3;0;2009;RONALDO CAIADO;REQ;5780;2009;Requerimento de Inclusão de Matéria na Ordem do Dia;Requer nos termos do art. 114, inciso XIV, do RICD, a inclusão na Ordem do Dia do Plenário da Câmara dos Deputados do Projeto de Decreto Legislativo n°1.665 de 2009, que aprova os textos do Acordo-Quadro de Comércio entre o MERCOSUL e o Estado de Israel, assinado em Montevidéu, em 08 de dezembro de 2005, e do Acordo de Livre Comércio entre o MERCOSUL e o Estado de Israel, assinado em Montevidéu, em 18 de dezembro de 2007.;;;2009-10-28T17:39:00;https://www.camara.leg.br/proposicoesWeb/prop_mostrarintegra?codteor=707655;2014-09-18T00:00:00;Notificações;Arquivada;Indefinida;https://www.camara.leg.br/proposicoesWeb/prop_mostrarintegra?codteor=1279370
457264;74813.0;Ronaldo Caiado;DEM;GO;10;0;2009;RONALDO CAIADO;REQ;5777;2009;Requerimento de Urgência (Art. 155 do RICD);Requer nos termos do artigo 155 do Regimento Interno da Câmara dos Deputados, urgência para apreciação do Projeto de Lei nº 6133, de 2009.;;;2009-10-28T17:16:00;https://www.camara.leg.br/proposicoesWeb/prop_mostrarintegra?codteor=708140;2009-11-12T09:00:00;Aprovação de Proposição em Plenário;Tramitação Finalizada;Indefinida;
456969;74813.0;Ronaldo Caiado;DEM;GO;3;0;2009;RONALDO CAIADO;EMP;2;2009;Emenda de Plenário;Dá nova redação ao inciso I do artigo 5º do PL 3.535/08, apensado.;;;2009-10-27T19:38:00;https://www.camara.leg.br/proposicoesWeb/prop_mostrarintegra?codteor=706969;2009-10-27T19:38:00;Apresentação de Proposição;;Indefinida;https://www.camara.leg.br/proposicoesWeb/prop_mostrarintegra?codteor=706969
456968;74813.0;Ronaldo Caiado;DEM;GO;3;0;2009;RONALDO CAIADO;EMP;1;2009;Emenda de Plenário;Altera a redação do inciso X do artigo 6º do PL 3.535/08, apensado.;;;2009-10-27T19:36:00;https://www.camara.leg.br/proposicoesWeb/prop_mostrarintegra?codteor=706967;2009-10-27T19:36:00;Apresentação de Proposição;;Indefinida;https://www.camara.leg.br/proposicoesWeb/prop_mostrarintegra?codteor=706967
456572;74813.0;Ronaldo Caiado;DEM;GO;3;0;2009;RONALDO CAIADO;EMP;2;2009;Emenda de Plenário;Altera a redação do inciso I do artigo 5º do projeto.;;;2009-10-22T10:57:00;https://www.camara.leg.br/proposicoesWeb/prop_mostrarintegra?codteor=705772;2009-10-22T10:57:00;Apresentação de Proposição;;Indefinida;https://www.camara.leg.br/proposicoesWeb/prop_mostrarintegra?codteor=705772
456543;74813.0;Ronaldo Caiado;DEM;GO;3;0;2009;RONALDO CAIADO;EMP;1;2009;Emenda de Plenário;Altera a redação do inciso X do artigo 6º do projeto.;;;2009-10-21T23:37:00;https://www.camara.leg.br/proposicoesWeb/prop_mostrarintegra?codteor=705771;2009-10-21T23:37:00;Apresentação de Proposição;;Indefinida;https://www.camara.leg.br/proposicoesWeb/prop_mostrarintegra?codteor=705771
456511;74813.0;Ronaldo Caiado;DEM;GO;3;0;2009;RONALDO CAIADO;EMP;4;2009;Emenda de Plenário;Acrescenta dispositivo ao artigo 1º do Substitutivo oferecido pelo Relator da Comissão de Educação e Cultura.;;;2009-10-21T19:44:00;https://www.camara.leg.br/proposicoesWeb/prop_mostrarintegra?codteor=705575;2009-10-21T19:44:00;Apresentação de Proposição;;Indefinida;https://www.camara.leg.br/proposicoesWeb/prop_mostrarintegra?codteor=705575
456162;74813.0;Ronaldo Caiado;DEM;GO;1;1;2009;RONALDO CAIADO;REQ;5736;2009;Requerimento de Registro de Frente Parlamentar na Câmara dos Deputados;Requer a criação da Frente Parlamentar Mista Para a Democratização dos Royalties do Pré-Sal.;;;2009-10-21T16:36:00;https://www.camara.leg.br/proposicoesWeb/prop_mostrarintegra?codteor=705155;2009-10-23T00:00:00;Devolução ao(à) autor(a);Arquivada;Indefinida;
455719;74813.0;Ronaldo Caiado;DEM;GO;5;0;2009;RONALDO CAIADO;REQ;5719;2009;Requerimento de Urgência (Art. 155 do RICD);Requer urgência, nos termos do art. 155 do Regimento Interno da Câmara dos Deputados, para a apreciação do Projeto de Lei nº 5.919-A, de 2009, do Poder Executivo, que dispõe sobre o acesso às graduações superiores de militares oriundos do Quadro de Taifeiros da Aeronáutica.;;;2009-10-20T16:19:00;https://www.camara.leg.br/proposicoesWeb/prop_mostrarintegra?codteor=704363;2009-10-27T00:00:00;Aprovação de Proposição em Plenário;Tramitação Finalizada;Indefinida;https://www.camara.leg.br/proposicoesWeb/prop_mostrarintegra?codteor=746516
455648;74813.0;Ronaldo Caiado;DEM;GO;1;1;2009;RONALDO CAIADO;REQ;5718;2009;Requerimento de Retirada de Proposição de Iniciativa Individual;"Solicita a retirada de tramitação do PDC nº 476/2008, que ""susta a tramitação congressual de acordos bilaterais celebrados entre a República Federativa do Brasil e os países que compõem a União Européia"".";;;2009-10-20T14:48:00;https://www.camara.leg.br/proposicoesWeb/prop_mostrarintegra?codteor=704256;2009-11-03T00:00:00;Notificação de Despacho;Arquivada;Indefinida;
455368;74813.0;Ronaldo Caiado;DEM;GO;1;1;2009;RONALDO CAIADO;RIC;4367;2009;Requerimento de Informação;Solicita informações ao Senhor Miguel Jorge, Ministro do Desenvolvimento, Indústria e Comércio Exterior, sobre a atuação do BNDES nas operações de fusão e aquisição.;;;2009-10-15T14:05:53;https://www.camara.leg.br/proposicoesWeb/prop_mostrarintegra?codteor=702937;2011-01-10T00:00:00;Arquivamento;Arquivada;Indefinida;
454506;74813.0;Ronaldo Caiado;DEM;GO;3;0;2009;RONALDO CAIADO;EMP;27;2009;Emenda de Plenário;Acrescenta parágrafo ao artigo 7º do projeto.;;;2009-10-08T10:43:00;https://www.camara.leg.br/proposicoesWeb/prop_mostrarintegra?codteor=700458;2009-10-08T10:43:00;Apresentação de Proposição;;Indefinida;https://www.camara.leg.br/proposicoesWeb/prop_mostrarintegra?codteor=700458
454439;74813.0;Ronaldo Caiado;DEM;GO;1;1;2009;RONALDO CAIADO;REQ;5677;2009;Requerimento de Sessão Solene;Requer a convocação de Sessão Solene da Câmara dos Deputados para o dia 20 de outubro de 2009, às 10:00 horas.;;;2009-10-07T21:19:00;https://www.camara.leg.br/proposicoesWeb/prop_mostrarintegra?codteor=700283;2012-08-01T00:00:00;Arquivamento;Arquivada;Indefinida;
454223;74813.0;Ronaldo Caiado;DEM;GO;4;0;2009;RONALDO CAIADO;REQ;5656;2009;Requerimento de Transformação de Sessão Plenária em Comissão Geral;Requer a transformação de sessão plenária da Câmara dos Deputados em Comissão Geral para debater o Plano Nacional de Educação - PNE.;;;2009-10-07T16:48:00;https://www.camara.leg.br/proposicoesWeb/prop_mostrarintegra?codteor=699998;2011-01-12T00:00:00;Arquivamento;Arquivada;Indefinida;
453862;74813.0;Ronaldo Caiado;DEM;GO;13;0;2009;RONALDO CAIADO;REQ;5634;2009;Requerimento de Inclusão de Matéria na Ordem do Dia;"Requer inclusão na Ordem do Dia a PEC n° 98 de 2007, que Acrescenta a alínea ""e"" ao inciso VI do art. 150 da Constituição Federal, instituindo imunidade tributária sobre os Fonogramas e Videofonogramas musicais produzidos no Brasil, contendo obras musicais ou lítero-musicais de autores brasileiros, e/ou obras em geral interpretadas por artistas brasileiros, bem como os suportes materiais ou arquivos digitais que os contenham.";;;2009-10-06T15:47:00;https://www.camara.leg.br/proposicoesWeb/prop_mostrarintegra?codteor=992052;2011-01-12T00:00:00;Arquivamento;Arquivada;Indefinida;
452433;74813.0;Ronaldo Caiado;DEM;GO;3;0;2009;RONALDO CAIADO;REQ;5574;2009;Requerimento de Urgência (Art. 155 do RICD);Requer regime de urgência para apreciação de proposição.;;;2009-09-23T20:15:00;https://www.camara.leg.br/proposicoesWeb/prop_mostrarintegra?codteor=695115;2011-01-14T00:00:00;Arquivamento;Arquivada;Indefinida;
452358;74813.0;Ronaldo Caiado;DEM;GO;1;1;2009;RONALDO CAIADO;REQ;5567;2009;Requerimento de Sessão Solene;Requer a convocação de Sessão Solene da Câmara dos Deputados para o dia 23 de outubro de 2009, às 10:00 horas.;;;2009-09-23T18:02:00;https://www.camara.leg.br/proposicoesWeb/prop_mostrarintegra?codteor=694954;2012-08-01T00:00:00;Arquivamento;Arquivada;Indefinida;
452347;74813.0;Ronaldo Caiado;DEM;GO;19;0;2009;RONALDO CAIADO;REQ;5565;2009;Requerimento de Inclusão de Matéria na Ordem do Dia;Requer nos termos do art. 114, inciso XIV, do RICD inclusão na Ordem do Dia da PEC 215-A de 2003.;;;2009-09-23T17:43:00;https://www.camara.leg.br/proposicoesWeb/prop_mostrarintegra?codteor=1053781;2011-01-12T00:00:00;Arquivamento;Arquivada;Indefinida;
452041;74813.0;Ronaldo Caiado;DEM;GO;5;0;2009;RONALDO CAIADO;REQ;5558;2009;Requerimento de Urgência (Art. 155 do RICD);Requeremos a Vossa Excelência, nos termos do art. 155, combinado com o art. 117, XV, do Regimento Interno da Câmara dos Deputados, a INCLUSÃO NA PAUTA DA ORDEM DO DIA do PL-6877/2006 (que institui o vale-cultura).;;;2009-09-22T20:44:00;https://www.camara.leg.br/proposicoesWeb/prop_mostrarintegra?codteor=694400;2011-01-14T00:00:00;Arquivamento;Arquivada;Indefinida;
452035;74813.0;Ronaldo Caiado;DEM;GO;1;1;2009;RONALDO CAIADO;REC;309;2009;Recurso contra nao recebimento de emenda (Art. 125, caput, RICD);Contra o despacho que indefere liminarmente emenda de nº 03 apresentada a Medida Provisória nº 468 de 2009, sob fundamento de que a proposição versa sobre matéria estranha.;;;2009-09-22T19:50:00;https://www.camara.leg.br/proposicoesWeb/prop_mostrarintegra?codteor=694408;2009-09-24T00:00:00;Distribuição;Arquivada;Indefinida;https://www.camara.leg.br/proposicoesWeb/prop_mostrarintegra?codteor=695202
451488;74813.0;Ronaldo Caiado;DEM;GO;1;1;2009;RONALDO CAIADO;EMP;287;2009;Emenda de Plenário;Dispõe sobre a exploração e a produção de petróleo, de gás natural e de outros hidrocarbonetos fluidos sob o regime de partilha de produção, em áreas do pré-sal e em áreas estratégicas, altera dispositivos da Lei nº 9.478, de 6 de agosto de 1997, e dá outras providências.;;;2009-09-17T19:10:00;https://www.camara.leg.br/proposicoesWeb/prop_mostrarintegra?codteor=693056;2009-09-17T19:10:00;Apresentação de Proposição;;Indefinida;https://www.camara.leg.br/proposicoesWeb/prop_mostrarintegra?codteor=693056
451477;74813.0;Ronaldo Caiado;DEM;GO;1;1;2009;RONALDO CAIADO;EMP;276;2009;Emenda de Plenário;Dispõe sobre a exploração e a produção de petróleo, de gás natural e de outros hidrocarbonetos fluidos sob o regime de partilha de produção, em áreas do pré-sal e em áreas estratégicas, altera dispositivos da Lei nº 9.478, de 6 de agosto de 1997, e dá outras providências.;;;2009-09-17T19:10:00;https://www.camara.leg.br/proposicoesWeb/prop_mostrarintegra?codteor=693045;2009-09-17T19:10:00;Apresentação de Proposição;;Indefinida;https://www.camara.leg.br/proposicoesWeb/prop_mostrarintegra?codteor=693045
451476;74813.0;Ronaldo Caiado;DEM;GO;1;1;2009;RONALDO CAIADO;EMP;275;2009;Emenda de Plenário;Dispõe sobre a exploração e a produção de petróleo, de gás natural e de outros hidrocarbonetos fluidos sob o regime de partilha de produção, em áreas do pré-sal e em áreas estratégicas, altera dispositivos da Lei nº 9.478, de 6 de agosto de 1997, e dá outras providências.;;;2009-09-17T19:10:00;https://www.camara.leg.br/proposicoesWeb/prop_mostrarintegra?codteor=693044;2009-09-17T19:10:00;Apresentação de Proposição;;Indefinida;https://www.camara.leg.br/proposicoesWeb/prop_mostrarintegra?codteor=693044
451262;74813.0;Ronaldo Caiado;DEM;GO;1;1;2009;RONALDO CAIADO;EMP;239;2009;Emenda de Plenário;Cria o Fundo Social, e dá outras providências.;;;2009-09-17T17:37:00;https://www.camara.leg.br/proposicoesWeb/prop_mostrarintegra?codteor=692906;2009-09-17T17:37:00;Apresentação de Proposição;;Indefinida;https://www.camara.leg.br/proposicoesWeb/prop_mostrarintegra?codteor=692906
451259;74813.0;Ronaldo Caiado;DEM;GO;1;1;2009;RONALDO CAIADO;EMP;238;2009;Emenda de Plenário;Cria o Fundo Social, e dá outras providências.;;;2009-09-17T17:37:00;https://www.camara.leg.br/proposicoesWeb/prop_mostrarintegra?codteor=692901;2009-09-17T17:37:00;Apresentação de Proposição;;Indefinida;https://www.camara.leg.br/proposicoesWeb/prop_mostrarintegra?codteor=692901
451257;74813.0;Ronaldo Caiado;DEM;GO;1;1;2009;RONALDO CAIADO;EMP;237;2009;Emenda de Plenário;PROJETO DE LEI Nº. 5940, DE 2009 que cria o Fundo Social - FS com a finalidade de constituir fonte regular de recursos para a realização de projetos e programas nas áreas de combate à pobreza e de desenvolvimento da educação, da cultura, da ciência e tecnologia e da sustentabilidade ambiental.;;;2009-09-17T17:37:00;https://www.camara.leg.br/proposicoesWeb/prop_mostrarintegra?codteor=692898;2009-09-17T17:37:00;Apresentação de Proposição;;Indefinida;https://www.camara.leg.br/proposicoesWeb/prop_mostrarintegra?codteor=692898
451253;74813.0;Ronaldo Caiado;DEM;GO;1;1;2009;RONALDO CAIADO;EMP;235;2009;Emenda de Plenário;PROJETO DE LEI Nº. 5940, DE 2009 que cria o Fundo Social - FS com a finalidade de constituir fonte regular de recursos para a realização de projetos e programas nas áreas de combate à pobreza e de desenvolvimento da educação, da cultura, da ciência e tecnologia e da sustentabilidade ambiental.;;;2009-09-17T17:26:00;https://www.camara.leg.br/proposicoesWeb/prop_mostrarintegra?codteor=692884;2009-09-17T17:26:00;Apresentação de Proposição;;Indefinida;https://www.camara.leg.br/proposicoesWeb/prop_mostrarintegra?codteor=692884
451238;74813.0;Ronaldo Caiado;DEM;GO;1;1;2009;RONALDO CAIADO;EMP;234;2009;Emenda de Plenário;Cria o Fundo Social, e dá outras providências.;;;2009-09-17T16:56:00;https://www.camara.leg.br/proposicoesWeb/prop_mostrarintegra?codteor=692868;2009-09-17T16:56:00;Apresentação de Proposição;;Indefinida;https://www.camara.leg.br/proposicoesWeb/prop_mostrarintegra?codteor=692868
451200;74813.0;Ronaldo Caiado;DEM;GO;1;1;2009;RONALDO CAIADO;EMP;68;2009;Emenda de Plenário;Autoriza o Poder Executivo a criar a empresa pública denominada Empresa Brasileira de Administração de Petróleo e Gás Natural S.A. - PETRO-SAL, e dá outras providências.;;;2009-09-17T16:37:00;https://www.camara.leg.br/proposicoesWeb/prop_mostrarintegra?codteor=692821;2009-09-17T16:37:00;Apresentação de Proposição;;Indefinida;https://www.camara.leg.br/proposicoesWeb/prop_mostrarintegra?codteor=692821
451199;74813.0;Ronaldo Caiado;DEM;GO;1;1;2009;RONALDO CAIADO;EMP;67;2009;Emenda de Plenário;Autoriza o Poder Executivo a criar a empresa pública denominada Empresa Brasileira de Administração de Petróleo e Gás Natural S.A. - PETRO-SAL, e dá outras providências.;;;2009-09-17T16:37:00;https://www.camara.leg.br/proposicoesWeb/prop_mostrarintegra?codteor=692820;2009-09-17T16:37:00;Apresentação de Proposição;;Indefinida;https://www.camara.leg.br/proposicoesWeb/prop_mostrarintegra?codteor=692820
451198;74813.0;Ronaldo Caiado;DEM;GO;1;1;2009;RONALDO CAIADO;EMP;66;2009;Emenda de Plenário;Autoriza o Poder Executivo a criar a empresa pública denominada Empresa Brasileira de Administração de Petróleo e Gás Natural S.A. - PETRO-SAL, e dá outras providências.;;;2009-09-17T16:37:00;https://www.camara.leg.br/proposicoesWeb/prop_mostrarintegra?codteor=692817;2009-09-17T16:37:00;Apresentação de Proposição;;Indefinida;https://www.camara.leg.br/proposicoesWeb/prop_mostrarintegra?codteor=692817
449720;74813.0;Ronaldo Caiado;DEM;GO;1;1;2009;RONALDO CAIADO;EMC;5;2009;Emenda na Comissão;Dar nova redação à MPV 468/09.;;;2009-09-15T10:29:00;https://www.camara.leg.br/proposicoesWeb/prop_mostrarintegra?codteor=690411;2009-09-15T10:29:00;Apresentação de Proposição;;Indefinida;https://www.camara.leg.br/proposicoesWeb/prop_mostrarintegra?codteor=690411
449719;74813.0;Ronaldo Caiado;DEM;GO;1;1;2009;RONALDO CAIADO;EMC;4;2009;Emenda na Comissão;Dar nova redação à MPV 468/09.;;;2009-09-15T10:29:00;https://www.camara.leg.br/proposicoesWeb/prop_mostrarintegra?codteor=690410;2009-09-15T10:29:00;Apresentação de Proposição;;Indefinida;https://www.camara.leg.br/proposicoesWeb/prop_mostrarintegra?codteor=690410
449718;74813.0;Ronaldo Caiado;DEM;GO;1;1;2009;RONALDO CAIADO;EMC;3;2009;Emenda na Comissão;Dar nova redação à MPV 468/09.;;;2009-09-15T10:29:00;https://www.camara.leg.br/proposicoesWeb/prop_mostrarintegra?codteor=690408;2009-09-15T10:29:00;Apresentação de Proposição;;Indefinida;https://www.camara.leg.br/proposicoesWeb/prop_mostrarintegra?codteor=690408
449717;74813.0;Ronaldo Caiado;DEM;GO;1;1;2009;RONALDO CAIADO;EMC;2;2009;Emenda na Comissão;Dar nova redação à MPV 468/09.;;;2009-09-15T10:29:00;https://www.camara.leg.br/proposicoesWeb/prop_mostrarintegra?codteor=690407;2009-09-15T10:29:00;Apresentação de Proposição;;Indefinida;https://www.camara.leg.br/proposicoesWeb/prop_mostrarintegra?codteor=690407
449716;74813.0;Ronaldo Caiado;DEM;GO;1;1;2009;RONALDO CAIADO;EMC;1;2009;Emenda na Comissão;Dar nova redação à MPV 468/09.;;;2009-09-15T10:29:00;https://www.camara.leg.br/proposicoesWeb/prop_mostrarintegra?codteor=690405;2009-09-15T10:29:00;Apresentação de Proposição;;Indefinida;https://www.camara.leg.br/proposicoesWeb/prop_mostrarintegra?codteor=690405
449436;74813.0;Ronaldo Caiado;DEM;GO;1;1;2009;RONALDO CAIADO;EMP;22;2009;Emenda de Plenário;Inclua-se novo dispositivo ao PL nº 5941, de 2009.;;;2009-09-09T21:50:00;https://www.camara.leg.br/proposicoesWeb/prop_mostrarintegra?codteor=689449;2009-09-09T21:50:00;Apresentação de Proposição;;Indefinida;https://www.camara.leg.br/proposicoesWeb/prop_mostrarintegra?codteor=689449
449435;74813.0;Ronaldo Caiado;DEM;GO;1;1;2009;RONALDO CAIADO;EMP;21;2009;Emenda de Plenário;Inclua-se novo dispositivo ao PL nº 5941, de 2009.;;;2009-09-09T21:50:00;https://www.camara.leg.br/proposicoesWeb/prop_mostrarintegra?codteor=689448;2009-09-09T21:50:00;Apresentação de Proposição;;Indefinida;https://www.camara.leg.br/proposicoesWeb/prop_mostrarintegra?codteor=689448
449331;74813.0;Ronaldo Caiado;DEM;GO;1;1;2009;RONALDO CAIADO;EMP;52;2009;Emenda de Plenário;Inclua-se novo dispositivo ao PL nº 5940, de 2009;;;2009-09-09T21:05:00;https://www.camara.leg.br/proposicoesWeb/prop_mostrarintegra?codteor=689273;2009-09-09T21:05:00;Apresentação de Proposição;;Indefinida;https://www.camara.leg.br/proposicoesWeb/prop_mostrarintegra?codteor=689273
449330;74813.0;Ronaldo Caiado;DEM;GO;1;1;2009;RONALDO CAIADO;EMP;51;2009;Emenda de Plenário;Inclua-se novo dispositivo ao Pl Nº 5940, de 2009.;;;2009-09-09T21:05:00;https://www.camara.leg.br/proposicoesWeb/prop_mostrarintegra?codteor=689272;2009-09-09T21:05:00;Apresentação de Proposição;;Indefinida;https://www.camara.leg.br/proposicoesWeb/prop_mostrarintegra?codteor=689272
449312;74813.0;Ronaldo Caiado;DEM;GO;1;1;2009;RONALDO CAIADO;EMP;37;2009;Emenda de Plenário;Dá nova redação ao art. 10 do PL nº 5940, de 2009.;;;2009-09-09T20:53:00;https://www.camara.leg.br/proposicoesWeb/prop_mostrarintegra?codteor=689253;2009-09-09T20:53:00;Apresentação de Proposição;;Indefinida;https://www.camara.leg.br/proposicoesWeb/prop_mostrarintegra?codteor=689253
449276;74813.0;Ronaldo Caiado;DEM;GO;1;1;2009;RONALDO CAIADO;EMP;66;2009;Emenda de Plenário;Inclua-se dispositivo no PL Nº 5938 de 2009.;;;2009-09-09T20:40:00;https://www.camara.leg.br/proposicoesWeb/prop_mostrarintegra?codteor=689192;2009-09-09T20:40:00;Apresentação de Proposição;;Indefinida;https://www.camara.leg.br/proposicoesWeb/prop_mostrarintegra?codteor=689192
449275;74813.0;Ronaldo Caiado;DEM;GO;1;1;2009;RONALDO CAIADO;EMP;65;2009;Emenda de Plenário;Inclui dispositivo no PL Nº 5938 de 2009.;;;2009-09-09T20:40:00;https://www.camara.leg.br/proposicoesWeb/prop_mostrarintegra?codteor=689191;2009-09-09T20:40:00;Apresentação de Proposição;;Indefinida;https://www.camara.leg.br/proposicoesWeb/prop_mostrarintegra?codteor=689191
449230;74813.0;Ronaldo Caiado;DEM;GO;1;1;2009;RONALDO CAIADO;EMP;34;2009;Emenda de Plenário;Dá nova redação ao artigo 12 do PL nº 5939, de 2009.;;;2009-09-09T20:26:00;https://www.camara.leg.br/proposicoesWeb/prop_mostrarintegra?codteor=689127;2009-09-09T20:26:00;Apresentação de Proposição;;Indefinida;https://www.camara.leg.br/proposicoesWeb/prop_mostrarintegra?codteor=689127
449227;74813.0;Ronaldo Caiado;DEM;GO;1;1;2009;RONALDO CAIADO;EMP;32;2009;Emenda de Plenário;Altera o art. 10 do PL nº 5939, de 2009.;;;2009-09-09T20:23:00;https://www.camara.leg.br/proposicoesWeb/prop_mostrarintegra?codteor=689124;2009-09-09T20:23:00;Apresentação de Proposição;;Indefinida;https://www.camara.leg.br/proposicoesWeb/prop_mostrarintegra?codteor=689124
449225;74813.0;Ronaldo Caiado;DEM;GO;1;1;2009;RONALDO CAIADO;EMP;31;2009;Emenda de Plenário;Dá nova redação ao art. 14 do PL nº 5939, de 2009;;;2009-09-09T20:23:00;https://www.camara.leg.br/proposicoesWeb/prop_mostrarintegra?codteor=689122;2009-09-09T20:23:00;Apresentação de Proposição;;Indefinida;https://www.camara.leg.br/proposicoesWeb/prop_mostrarintegra?codteor=689122
449204;74813.0;Ronaldo Caiado;DEM;GO;1;1;2009;RONALDO CAIADO;EMP;22;2009;Emenda de Plenário;Dê-se nova redação ao PL nº 5939, de 2009.;;;2009-09-09T20:05:00;https://www.camara.leg.br/proposicoesWeb/prop_mostrarintegra?codteor=689096;2009-09-09T20:05:00;Apresentação de Proposição;;Indefinida;https://www.camara.leg.br/proposicoesWeb/prop_mostrarintegra?codteor=689096
449203;74813.0;Ronaldo Caiado;DEM;GO;1;1;2009;RONALDO CAIADO;EMP;21;2009;Emenda de Plenário;Inclua-se novo dispositivo ao PL Nº 5939 de 2009;;;2009-09-09T20:05:00;https://www.camara.leg.br/proposicoesWeb/prop_mostrarintegra?codteor=689094;2009-09-09T20:05:00;Apresentação de Proposição;;Indefinida;https://www.camara.leg.br/proposicoesWeb/prop_mostrarintegra?codteor=689094
449200;74813.0;Ronaldo Caiado;DEM;GO;1;1;2009;RONALDO CAIADO;EMP;20;2009;Emenda de Plenário;Inclua-se  novo dispositivo no PL nº 5939, de 2009;;;2009-09-09T20:05:00;https://www.camara.leg.br/proposicoesWeb/prop_mostrarintegra?codteor=689091;2009-09-09T20:05:00;Apresentação de Proposição;;Indefinida;https://www.camara.leg.br/proposicoesWeb/prop_mostrarintegra?codteor=689091
449181;74813.0;Ronaldo Caiado;DEM;GO;1;1;2009;RONALDO CAIADO;EMP;18;2009;Emenda de Plenário;Dispõe sobre a capitalização da Petróleo Brasileiro S.A. – PETROBRAS, necessária à exploração de áreas localizadas no pré-sal.;;;2009-09-09T20:01:00;https://www.camara.leg.br/proposicoesWeb/prop_mostrarintegra?codteor=689065;2009-09-09T20:01:00;Apresentação de Proposição;;Indefinida;https://www.camara.leg.br/proposicoesWeb/prop_mostrarintegra?codteor=689065
449174;74813.0;Ronaldo Caiado;DEM;GO;1;1;2009;RONALDO CAIADO;EMP;13;2009;Emenda de Plenário;Autoriza a União a ceder onerosamente à Petróleo Brasileiro S.A. - PETROBRAS o exercício das atividades de pesquisa e lavra de petróleo, de gás natural e de outros hidrocarbonetos fluidos de que trata o inciso I do art. 177 da Constituição, e dá outras providências.;;;2009-09-09T20:01:00;https://www.camara.leg.br/proposicoesWeb/prop_mostrarintegra?codteor=689057;2009-09-09T20:01:00;Apresentação de Proposição;;Indefinida;https://www.camara.leg.br/proposicoesWeb/prop_mostrarintegra?codteor=689057
449172;74813.0;Ronaldo Caiado;DEM;GO;1;1;2009;RONALDO CAIADO;EMP;12;2009;Emenda de Plenário;Autoriza a União a ceder onerosamente à Petróleo Brasileiro S.A. - PETROBRAS o exercício das atividades de pesquisa e lavra de petróleo, de gás natural e de outros hidrocarbonetos fluidos de que trata o inciso I do art. 177 da Constituição, e dá outras providências.;;;2009-09-09T20:00:00;https://www.camara.leg.br/proposicoesWeb/prop_mostrarintegra?codteor=689054;2009-09-09T20:00:00;Apresentação de Proposição;;Indefinida;https://www.camara.leg.br/proposicoesWeb/prop_mostrarintegra?codteor=689054
449118;74813.0;Ronaldo Caiado;DEM;GO;1;1;2009;RONALDO CAIADO;EMP;11;2009;Emenda de Plenário;Autoriza a União a ceder onerosamente à Petróleo Brasileiro S.A. - PETROBRAS o exercício das atividades de pesquisa e lavra de petróleo, de gás natural e de outros hidrocarbonetos fluidos de que trata o inciso I do art. 177 da Constituição, e dá outras providências.;;;2009-09-09T20:31:00;https://www.camara.leg.br/proposicoesWeb/prop_mostrarintegra?codteor=688939;2009-09-09T20:31:00;Apresentação de Proposição;;Indefinida;https://www.camara.leg.br/proposicoesWeb/prop_mostrarintegra?codteor=688939
449043;74813.0;Ronaldo Caiado;DEM;GO;1;1;2009;RONALDO CAIADO;EMP;28;2009;Emenda de Plenário;Cria o Fundo Social - FS, e dá outras providências.;;;2009-09-09T19:39:00;https://www.camara.leg.br/proposicoesWeb/prop_mostrarintegra?codteor=688899;2009-09-09T19:39:00;Apresentação de Proposição;;Indefinida;https://www.camara.leg.br/proposicoesWeb/prop_mostrarintegra?codteor=688899
449042;74813.0;Ronaldo Caiado;DEM;GO;1;1;2009;RONALDO CAIADO;EMP;27;2009;Emenda de Plenário;Cria o Fundo Social, e dá outras providências.;;;2009-09-09T19:39:00;https://www.camara.leg.br/proposicoesWeb/prop_mostrarintegra?codteor=688898;2009-09-09T19:39:00;Apresentação de Proposição;;Indefinida;https://www.camara.leg.br/proposicoesWeb/prop_mostrarintegra?codteor=688898
449041;74813.0;Ronaldo Caiado;DEM;GO;1;1;2009;RONALDO CAIADO;EMP;26;2009;Emenda de Plenário;Cria o Fundo Social, e dá outras providências.;;;2009-09-09T19:39:00;https://www.camara.leg.br/proposicoesWeb/prop_mostrarintegra?codteor=688897;2009-09-09T19:39:00;Apresentação de Proposição;;Indefinida;https://www.camara.leg.br/proposicoesWeb/prop_mostrarintegra?codteor=688897
449040;74813.0;Ronaldo Caiado;DEM;GO;1;1;2009;RONALDO CAIADO;EMP;25;2009;Emenda de Plenário;Cria o Fundo Social, e dá outras providências.;;;2009-09-09T19:39:00;https://www.camara.leg.br/proposicoesWeb/prop_mostrarintegra?codteor=688896;2009-09-09T19:39:00;Apresentação de Proposição;;Indefinida;https://www.camara.leg.br/proposicoesWeb/prop_mostrarintegra?codteor=688896
449039;74813.0;Ronaldo Caiado;DEM;GO;1;1;2009;RONALDO CAIADO;EMP;24;2009;Emenda de Plenário;Cria o Fundo Social, e dá outras providências.;;;2009-09-09T19:39:00;https://www.camara.leg.br/proposicoesWeb/prop_mostrarintegra?codteor=688895;2009-09-09T19:39:00;Apresentação de Proposição;;Indefinida;https://www.camara.leg.br/proposicoesWeb/prop_mostrarintegra?codteor=688895
449037;74813.0;Ronaldo Caiado;DEM;GO;1;1;2009;RONALDO CAIADO;EMP;23;2009;Emenda de Plenário;Cria o Fundo Social - FS, e dá outras providências.;;;2009-09-09T19:39:00;https://www.camara.leg.br/proposicoesWeb/prop_mostrarintegra?codteor=688893;2009-09-09T19:39:00;Apresentação de Proposição;;Indefinida;https://www.camara.leg.br/proposicoesWeb/prop_mostrarintegra?codteor=688893
449031;74813.0;Ronaldo Caiado;DEM;GO;1;1;2009;RONALDO CAIADO;EMP;17;2009;Emenda de Plenário;Autoriza o Poder Executivo a criar a empresa pública denominada Empresa Brasileira de Administração de Petróleo e Gás Natural S.A. - PETRO-SAL, e dá outras providências.;;;2009-09-09T19:24:00;https://www.camara.leg.br/proposicoesWeb/prop_mostrarintegra?codteor=688885;2009-09-09T19:24:00;Apresentação de Proposição;;Indefinida;https://www.camara.leg.br/proposicoesWeb/prop_mostrarintegra?codteor=688885
449019;74813.0;Ronaldo Caiado;DEM;GO;1;1;2009;RONALDO CAIADO;EMP;15;2009;Emenda de Plenário;Autoriza o Poder Executivo a criar a empresa pública denominada Empresa Brasileira de Administração de Petróleo e Gás Natural S.A. - PETRO-SAL, e dá outras providências.;;;2009-09-09T19:03:00;https://www.camara.leg.br/proposicoesWeb/prop_mostrarintegra?codteor=688865;2009-09-09T19:03:00;Apresentação de Proposição;;Indefinida;https://www.camara.leg.br/proposicoesWeb/prop_mostrarintegra?codteor=688865
448982;74813.0;Ronaldo Caiado;DEM;GO;1;1;2009;RONALDO CAIADO;EMP;25;2009;Emenda de Plenário;Dispõe sobre a exploração e a produção de petróleo, de gás natural e de outros hidrocarbonetos fluidos sob o regime de partilha de produção, em áreas do pré-sal e em áreas estratégicas, altera dispositivos da Lei nº 9.478, de 6 de agosto de 1997, e dá outras providências.;;;2009-09-09T17:57:00;https://www.camara.leg.br/proposicoesWeb/prop_mostrarintegra?codteor=688802;2009-09-09T17:57:00;Apresentação de Proposição;;Indefinida;https://www.camara.leg.br/proposicoesWeb/prop_mostrarintegra?codteor=688802
448979;74813.0;Ronaldo Caiado;DEM;GO;1;1;2009;RONALDO CAIADO;EMP;23;2009;Emenda de Plenário;Dispõe sobre a exploração e a produção de petróleo, de gás natural e de outros hidrocarbonetos fluidos sob o regime de partilha de produção, em áreas do pré-sal e em áreas estratégicas, altera dispositivos da Lei nº 9.478, de 6 de agosto de 1997, e dá outras providências.;;;2009-09-09T17:57:00;https://www.camara.leg.br/proposicoesWeb/prop_mostrarintegra?codteor=688797;2009-09-09T17:57:00;Apresentação de Proposição;;Indefinida;https://www.camara.leg.br/proposicoesWeb/prop_mostrarintegra?codteor=688797
448978;74813.0;Ronaldo Caiado;DEM;GO;1;1;2009;RONALDO CAIADO;EMP;22;2009;Emenda de Plenário;Dispõe sobre a exploração e a produção de petróleo, de gás natural e de outros hidrocarbonetos fluidos sob o regime de partilha de produção, em áreas do pré-sal e em áreas estratégicas, altera dispositivos da Lei nº 9.478, de 6 de agosto de 1997, e dá outras providências.;;;2009-09-09T17:57:00;https://www.camara.leg.br/proposicoesWeb/prop_mostrarintegra?codteor=688795;2009-09-09T17:57:00;Apresentação de Proposição;;Indefinida;https://www.camara.leg.br/proposicoesWeb/prop_mostrarintegra?codteor=688795
448977;74813.0;Ronaldo Caiado;DEM;GO;1;1;2009;RONALDO CAIADO;EMP;21;2009;Emenda de Plenário;Dispõe sobre a exploração e a produção de petróleo, de gás natural e de outros hidrocarbonetos fluidos sob o regime de partilha de produção, em áreas do pré-sal e em áreas estratégicas, altera dispositivos da Lei nº 9.478, de 6 de agosto de 1997, e dá outras providências.;;;2009-09-09T17:57:00;https://www.camara.leg.br/proposicoesWeb/prop_mostrarintegra?codteor=688793;2009-09-09T17:57:00;Apresentação de Proposição;;Indefinida;https://www.camara.leg.br/proposicoesWeb/prop_mostrarintegra?codteor=688793
448967;74813.0;Ronaldo Caiado;DEM;GO;1;1;2009;RONALDO CAIADO;EMP;16;2009;Emenda de Plenário;Dispõe sobre a exploração e a produção de petróleo, de gás natural e de outros hidrocarbonetos fluidos sob o regime de partilha de produção, em áreas do pré-sal e em áreas estratégicas, altera dispositivos da Lei no 9.478, de 6 de agosto de 1997, e dá outras providências.;;;2009-09-09T17:57:00;https://www.camara.leg.br/proposicoesWeb/prop_mostrarintegra?codteor=688780;2009-09-09T17:57:00;Apresentação de Proposição;;Indefinida;https://www.camara.leg.br/proposicoesWeb/prop_mostrarintegra?codteor=688780
448964;74813.0;Ronaldo Caiado;DEM;GO;1;1;2009;RONALDO CAIADO;EMP;15;2009;Emenda de Plenário;Dispõe sobre a exploração e a produção de petróleo, de gás natural e de outros hidrocarbonetos fluidos sob o regime de partilha de produção, em áreas do pré-sal e em áreas estratégicas, altera dispositivos da Lei no 9.478, de 6 de agosto de 1997, e dá outras providências.;;;2009-09-09T17:57:00;https://www.camara.leg.br/proposicoesWeb/prop_mostrarintegra?codteor=688777;2009-09-09T17:57:00;Apresentação de Proposição;;Indefinida;https://www.camara.leg.br/proposicoesWeb/prop_mostrarintegra?codteor=688777
448618;74813.0;Ronaldo Caiado;DEM;GO;24;0;2009;RONALDO CAIADO;REQ;5471;2009;Requerimento de Inclusão de Matéria na Ordem do Dia;"""Requer a inclusão em Ordem do Dia de proposição com parecer.""";;;2009-09-08T15:23:00;https://www.camara.leg.br/proposicoesWeb/prop_mostrarintegra?codteor=1055470;2011-01-12T00:00:00;Arquivamento;Arquivada;Indefinida;
448567;74813.0;Ronaldo Caiado;DEM;GO;1;1;2009;RONALDO CAIADO;EMP;5;2009;Emenda de Plenário;Altera a redação do artigo 12 do PL 5939/09.;;;2009-09-02T14:15:00;https://www.camara.leg.br/proposicoesWeb/prop_mostrarintegra?codteor=687701;2009-09-02T14:15:00;Apresentação de Proposição;;Indefinida;https://www.camara.leg.br/proposicoesWeb/prop_mostrarintegra?codteor=687701
448566;74813.0;Ronaldo Caiado;DEM;GO;1;1;2009;RONALDO CAIADO;EMP;4;2009;Emenda de Plenário;Altera redação do artigo 10 do PL 5939/09.;;;2009-09-02T14:15:00;https://www.camara.leg.br/proposicoesWeb/prop_mostrarintegra?codteor=687700;2009-09-02T14:15:00;Apresentação de Proposição;;Indefinida;https://www.camara.leg.br/proposicoesWeb/prop_mostrarintegra?codteor=687700
448565;74813.0;Ronaldo Caiado;DEM;GO;1;1;2009;RONALDO CAIADO;EMP;3;2009;Emenda de Plenário;Suprime os artigos 14 e 15 do PL 5939/09, renumerando os seguintes.;;;2009-09-02T14:14:00;https://www.camara.leg.br/proposicoesWeb/prop_mostrarintegra?codteor=687699;2009-09-02T14:14:00;Apresentação de Proposição;;Indefinida;https://www.camara.leg.br/proposicoesWeb/prop_mostrarintegra?codteor=687699
448564;74813.0;Ronaldo Caiado;DEM;GO;1;1;2009;RONALDO CAIADO;EMP;2;2009;Emenda de Plenário;Altera a redação do artigo 11 do PL 5939/09.;;;2009-09-02T14:13:00;https://www.camara.leg.br/proposicoesWeb/prop_mostrarintegra?codteor=687698;2009-09-02T14:13:00;Apresentação de Proposição;;Indefinida;https://www.camara.leg.br/proposicoesWeb/prop_mostrarintegra?codteor=687698
448275;74813.0;Ronaldo Caiado;DEM;GO;8;0;2009;RONALDO CAIADO;REQ;5460;2009;Requerimento de Urgência (Art. 155 do RICD);Requer, nos termos do Art. 155 do RICD, urgência para a apreciação do Projeto de Lei nº 5921/09.;;;2009-09-02T18:51:00;https://www.camara.leg.br/proposicoesWeb/prop_mostrarintegra?codteor=686753;2009-09-09T20:01:00;Aprovação de Proposição em Plenário;Tramitação Finalizada;Indefinida;
448274;74813.0;Ronaldo Caiado;DEM;GO;4;0;2009;RONALDO CAIADO;REQ;5459;2009;Requerimento de Urgência (Art. 155 do RICD);Requer, nos termos do Art. 155 do RICD,  urgência para a apreciação do Projeto de Lei nº 5.922/09.;;;2009-09-02T18:50:00;https://www.camara.leg.br/proposicoesWeb/prop_mostrarintegra?codteor=686751;2009-09-09T20:01:00;Aprovação de Proposição em Plenário;Tramitação Finalizada;Indefinida;
448239;74813.0;Ronaldo Caiado;DEM;GO;1;1;2009;RONALDO CAIADO;RIC;4272;2009;Requerimento de Informação;Solicita informações ao Sr. Ministro de Estado da Fazenda sobre os fatos narrados na exposição de motivos da Medida Provisória nº 468, de 31 de agosto de 2009.;Existência de depósitos tributários, judiciais e extrajudiciais, efetuados em outras instituições financeiras em desacordo com a Lei nº 9.703, de 17 de novembro de 1998.;;2009-09-02T18:01:08;https://www.camara.leg.br/proposicoesWeb/prop_mostrarintegra?codteor=686713;2011-01-10T00:00:00;Arquivamento;Arquivada;Indefinida;
448168;74813.0;Ronaldo Caiado;DEM;GO;1;1;2009;RONALDO CAIADO;REQ;5447;2009;Requerimento de Retirada de Proposição de Iniciativa Individual;Requer a retirada de tramitação  do Requerimento Nº 5.369 de 2009.;;;2009-09-02T16:43:00;https://www.camara.leg.br/proposicoesWeb/prop_mostrarintegra?codteor=686568;2009-09-10T00:00:00;Distribuição;Arquivada;Indefinida;https://www.camara.leg.br/proposicoesWeb/prop_mostrarintegra?codteor=689653
447534;74813.0;Ronaldo Caiado;DEM;GO;2;0;2009;RONALDO CAIADO;REC;299;2009;Recurso contra decisão do Presidente da CD em Questao de Ordem (Art. 95, § 8º, RICD);Recorre, nos termos do art. 95, § 8° do RICD, da decisão da Presidência na Questão de Ordem n. 511, de 2009, sobre o poder de emendamento do Congresso Nacional a tratados internacionais celebrados pelo Presidente da República.;;;2009-08-28T12:04:00;https://www.camara.leg.br/proposicoesWeb/prop_mostrarintegra?codteor=684872;2013-02-25T00:00:00;Encaminhamento;Arquivada;Proposição Sujeita à Apreciação do Plenário;
447246;74813.0;Ronaldo Caiado;DEM;GO;1;1;2009;RONALDO CAIADO;REC;297;2009;Recurso contra decisão do Presidente da CD em Questao de Ordem (Art. 95, § 8º, RICD);Recorre, nos termos do art. 95,§ 8° do RICD, contra decisão da Presidência na Questão de Ordem n. 509, de 2009, sobre a introdução de matéria estranha em projeto de lei de conversão oferecido a medida provisória.;;;2009-08-26T23:38:00;https://www.camara.leg.br/proposicoesWeb/prop_mostrarintegra?codteor=684094;2013-02-25T00:00:00;Encaminhamento;Arquivada;Proposição Sujeita à Apreciação do Plenário;
447062;74813.0;Ronaldo Caiado;DEM;GO;2;0;2009;RONALDO CAIADO;REQ;5387;2009;Requerimento de Urgência (Art. 155 do RICD);Requer regime de urgência na apreciação do Projeto de Lei nº 5598/2009.;;;2009-08-26T17:13:00;https://www.camara.leg.br/proposicoesWeb/prop_mostrarintegra?codteor=683789;2009-08-26T17:00:00;Aprovação de Proposição em Plenário;Tramitação Finalizada;Indefinida;
447059;74813.0;Ronaldo Caiado;DEM;GO;2;0;2009;RONALDO CAIADO;REQ;5386;2009;Requerimento de Urgência (Art. 155 do RICD);Requer urgência, nos termos do art. 155 do Regimento Interno da Câmara dos Deputados, na apreciação do Projeto de Lei nº 3191 de  2008.;;;2009-08-26T17:07:00;https://www.camara.leg.br/proposicoesWeb/prop_mostrarintegra?codteor=683781;2011-01-14T00:00:00;Arquivamento;Arquivada;Indefinida;
446738;74813.0;Ronaldo Caiado;DEM;GO;1;1;2009;RONALDO CAIADO;REQ;5374;2009;Requerimento de Urgência (Art. 155 do RICD);Requer urgência para apreciação do Projeto de Lei nº 7.703, de 2006;;;2009-08-25T19:00:00;https://www.camara.leg.br/proposicoesWeb/prop_mostrarintegra?codteor=683173;2009-09-16T14:00:00;Aprovação de Proposição em Plenário;Tramitação Finalizada;Indefinida;
446715;74813.0;Ronaldo Caiado;DEM;GO;1;1;2009;RONALDO CAIADO;REQ;5371;2009;Requerimento de Convocação de Ministro de Estado no Plenário (art. 50, CF);Solicita a convocação do Ministro-Chefe do Gabinete de Segurança Institucional (GSI), General Armando Félix, para prestar esclarecimentos sobre a exclusão das imagens do circuito interno do Palácio do Planalto.;;;2009-08-25T18:17:00;https://www.camara.leg.br/proposicoesWeb/prop_mostrarintegra?codteor=683128;2011-01-12T00:00:00;Arquivamento;Arquivada;Proposição Sujeita à Apreciação Conclusiva pelas Comissões(Art. 24, II, do RICD);
446670;74813.0;Ronaldo Caiado;DEM;GO;1;1;2009;RONALDO CAIADO;REQ;5369;2009;Requerimento de Convocação de Ministro de Estado no Plenário (art. 50, CF);Solicita a convocação do Ministro-Chefe do Gabinete de Segurança Institucional (GSI), General Armando Félix, para prestar esclarecimentos sobre a exclusão das imagens do circuito interno da Câmara dos Deputados.;;;2009-08-25T17:24:00;https://www.camara.leg.br/proposicoesWeb/prop_mostrarintegra?codteor=683016;2009-09-10T00:00:00;Retirada pelo(a) Autor(a);Arquivada;Indefinida;https://www.camara.leg.br/proposicoesWeb/prop_mostrarintegra?codteor=740534
446658;74813.0;Ronaldo Caiado;DEM;GO;1;1;2009;RONALDO CAIADO;RIC;4240;2009;Requerimento de Informação;Solicita ao Ministro-Chefe do Gabinete de Segurança Institucional da Presidência da República as informações que especifica.;"Gravações dos circuitos internos de TV do Palácio do Planalto, realizadas em outubro, novembro e dezembro; controle de acesso de veículos às garagens e aos estacionamentos; normas Internas que regulamentam a segurança.";;2009-08-25T17:04:09;https://www.camara.leg.br/proposicoesWeb/prop_mostrarintegra?codteor=682989;2011-01-10T00:00:00;Arquivamento;Arquivada;Indefinida;
446137;74813.0;Ronaldo Caiado;DEM;GO;2;0;2009;RONALDO CAIADO;REQ;5354;2009;Requerimento de Transformação de Sessão Plenária em Comissão Geral;Requer a transformação da sessão plenária em Comissão Geral, em data a ser definida.;;;2009-08-19T20:28:00;https://www.camara.leg.br/proposicoesWeb/prop_mostrarintegra?codteor=681474;2011-01-12T00:00:00;Arquivamento;Arquivada;Indefinida;
445843;74813.0;Ronaldo Caiado;DEM;GO;1;1;2009;RONALDO CAIADO;REQ;5333;2009;Requerimento de Redistribuição;Requer a revisão do despacho de distribuição do PL Nº 7.703, de 2006.;;;2009-08-19T14:07:00;https://www.camara.leg.br/proposicoesWeb/prop_mostrarintegra?codteor=680939;2009-08-26T00:00:00;Distribuição;Tramitação Finalizada;Indefinida;https://www.camara.leg.br/proposicoesWeb/prop_mostrarintegra?codteor=683857
445801;74813.0;Ronaldo Caiado;DEM;GO;1;1;2009;RONALDO CAIADO;EMC;2;2009;Emenda na Comissão;Dá nova redação ao art. 3º da MPV 467/2009.;;;2009-08-05T12:59:00;https://www.camara.leg.br/proposicoesWeb/prop_mostrarintegra?codteor=680893;2009-08-05T12:59:00;Apresentação de Proposição;;Indefinida;https://www.camara.leg.br/proposicoesWeb/prop_mostrarintegra?codteor=680893
445800;74813.0;Ronaldo Caiado;DEM;GO;1;1;2009;RONALDO CAIADO;EMC;1;2009;Emenda na Comissão;Dá nova redação ao art. 3º da MPV 467/2009.;;;2009-08-05T12:59:00;https://www.camara.leg.br/proposicoesWeb/prop_mostrarintegra?codteor=680892;2009-08-05T12:59:00;Apresentação de Proposição;;Indefinida;https://www.camara.leg.br/proposicoesWeb/prop_mostrarintegra?codteor=680892
445627;74813.0;Ronaldo Caiado;DEM;GO;1;1;2009;RONALDO CAIADO;REQ;5331;2009;Requerimento de Convocação de Ministro de Estado no Plenário (art. 50, CF);Solicita a convocação da Ministra-chefe da Casa Civil, Sra. Dilma Rousseff, para prestar esclarecimentos acerca de suposta interferência em assuntos referentes à Receita Federal.;;;2009-08-18T18:11:00;https://www.camara.leg.br/proposicoesWeb/prop_mostrarintegra?codteor=680553;2011-01-12T00:00:00;Arquivamento;Arquivada;Indefinida;
445573;74813.0;Ronaldo Caiado;DEM;GO;2;0;2009;RONALDO CAIADO;REQ;5327;2009;Requerimento de Urgência (Art. 155 do RICD);Requer, nos termos do art. 155, seja incluído automaticamente na Ordem do Dia, o Projeto de Lei nº 5.789, de 2009.;;;2009-08-18T17:03:00;https://www.camara.leg.br/proposicoesWeb/prop_mostrarintegra?codteor=680438;2011-01-14T00:00:00;Arquivamento;Arquivada;Indefinida;
445454;74813.0;Ronaldo Caiado;DEM;GO;6;0;2009;RONALDO CAIADO;REQ;5320;2009;Requerimento de Urgência (Art. 155 do RICD);Requer, nos termos do art. 155, seja incluído automaticamente na Ordem do Dia, o Projeto de Lei nº  5800/09.;;;2009-08-18T14:12:00;https://www.camara.leg.br/proposicoesWeb/prop_mostrarintegra?codteor=680177;2011-01-14T00:00:00;Arquivamento;Arquivada;Indefinida;
445232;74813.0;Ronaldo Caiado;DEM;GO;2;0;2009;RONALDO CAIADO;EMP;23;2009;Emenda de Plenário;Institui a Política Nacional de Assistência Técnica e Extensão Rural para a Agricultura Familiar e Reforma Agrária - PNATER, cria o Programa Nacional de Assistência Técnica e Extensão Rural na Agricultura Familiar e na Reforma Agrária - PRONATER, e dá outras providências.;;;2009-08-13T11:49:00;https://www.camara.leg.br/proposicoesWeb/prop_mostrarintegra?codteor=679526;2009-08-13T11:49:00;Apresentação de Proposição;;Indefinida;https://www.camara.leg.br/proposicoesWeb/prop_mostrarintegra?codteor=679526
445225;74813.0;Ronaldo Caiado;DEM;GO;2;0;2009;RONALDO CAIADO;EMP;16;2009;Emenda de Plenário;Institui a Política Nacional de Assistência Técnica e Extensão Rural para a Agricultura Familiar e Reforma Agrária - PNATER, cria o Programa Nacional de Assistência Técnica e Extensão Rural na Agricultura Familiar e na Reforma Agrária - PRONATER, e dá outras providências.;;;2009-08-13T11:45:00;https://www.camara.leg.br/proposicoesWeb/prop_mostrarintegra?codteor=679517;2009-08-13T11:45:00;Apresentação de Proposição;;Indefinida;https://www.camara.leg.br/proposicoesWeb/prop_mostrarintegra?codteor=679517
445224;74813.0;Ronaldo Caiado;DEM;GO;2;0;2009;RONALDO CAIADO;EMP;15;2009;Emenda de Plenário;Institui a Política Nacional de Assistência Técnica e Extensão Rural para a Agricultura Familiar e Reforma Agrária - PNATER, cria o Programa Nacional de Assistência Técnica e Extensão Rural na Agricultura Familiar e na Reforma Agrária - PRONATER, e dá outras providências.;;;2009-08-13T11:45:00;https://www.camara.leg.br/proposicoesWeb/prop_mostrarintegra?codteor=679515;2009-08-13T11:45:00;Apresentação de Proposição;;Indefinida;https://www.camara.leg.br/proposicoesWeb/prop_mostrarintegra?codteor=679515
445223;74813.0;Ronaldo Caiado;DEM;GO;2;0;2009;RONALDO CAIADO;EMP;14;2009;Emenda de Plenário;Institui a Política Nacional de Assistência Técnica e Extensão Rural para a Agricultura Familiar e Reforma Agrária - PNATER, cria o Programa Nacional de Assistência Técnica e Extensão Rural na Agricultura Familiar e na Reforma Agrária - PRONATER, e dá outras providências.;;;2009-08-13T11:44:00;https://www.camara.leg.br/proposicoesWeb/prop_mostrarintegra?codteor=679514;2009-08-13T11:44:00;Apresentação de Proposição;;Indefinida;https://www.camara.leg.br/proposicoesWeb/prop_mostrarintegra?codteor=679514
445222;74813.0;Ronaldo Caiado;DEM;GO;2;0;2009;RONALDO CAIADO;EMP;13;2009;Emenda de Plenário;Institui a Política Nacional de Assistência Técnica e Extensão Rural para a Agricultura Familiar e Reforma Agrária - PNATER, cria o Programa Nacional de Assistência Técnica e Externsão Rual na Agricultura Familiar e na Reforma Agrária PRONATER, e dá outras providências.;;;2009-08-13T11:43:00;https://www.camara.leg.br/proposicoesWeb/prop_mostrarintegra?codteor=679513;2009-08-13T11:43:00;Apresentação de Proposição;;Indefinida;https://www.camara.leg.br/proposicoesWeb/prop_mostrarintegra?codteor=679513
445153;74813.0;Ronaldo Caiado;DEM;GO;1;1;2009;RONALDO CAIADO;EMP;15;2009;Emenda de Plenário;Dispõe sobre transação tributária, nas hipóteses que especifica, altera a legislação tributária e dá outras providências.;;;2009-08-13T19:41:00;https://www.camara.leg.br/proposicoesWeb/prop_mostrarintegra?codteor=679289;2009-08-13T19:41:00;Apresentação de Proposição;;Indefinida;https://www.camara.leg.br/proposicoesWeb/prop_mostrarintegra?codteor=679289
445152;74813.0;Ronaldo Caiado;DEM;GO;1;1;2009;RONALDO CAIADO;EMP;14;2009;Emenda de Plenário;Dispõe sobre transação tributária, nas hipóteses que especifica, altera a legislação tributária e dá outras providências.;;;2009-08-13T19:41:00;https://www.camara.leg.br/proposicoesWeb/prop_mostrarintegra?codteor=679567;2009-08-13T19:41:00;Apresentação de Proposição;;Indefinida;https://www.camara.leg.br/proposicoesWeb/prop_mostrarintegra?codteor=679567
445151;74813.0;Ronaldo Caiado;DEM;GO;1;1;2009;RONALDO CAIADO;EMP;13;2009;Emenda de Plenário;Dispõe sobre transação tributária, nas hipóteses que especifica, altera a legislação tributária e dá outras providências.;;;2009-08-13T19:41:00;https://www.camara.leg.br/proposicoesWeb/prop_mostrarintegra?codteor=679566;2009-08-13T19:41:00;Apresentação de Proposição;;Indefinida;https://www.camara.leg.br/proposicoesWeb/prop_mostrarintegra?codteor=679566
445150;74813.0;Ronaldo Caiado;DEM;GO;1;1;2009;RONALDO CAIADO;EMP;12;2009;Emenda de Plenário;Dispõe sobre transação tributária, nas hipóteses que especifica, altera a legislação tributária e dá outras providências.;;;2009-08-13T19:41:00;https://www.camara.leg.br/proposicoesWeb/prop_mostrarintegra?codteor=679565;2009-08-13T19:41:00;Apresentação de Proposição;;Indefinida;https://www.camara.leg.br/proposicoesWeb/prop_mostrarintegra?codteor=679565
445149;74813.0;Ronaldo Caiado;DEM;GO;1;1;2009;RONALDO CAIADO;EMP;11;2009;Emenda de Plenário;Dispõe sobre transação tributária, nas hipóteses que especifica, altera a legislação tributária e dá outras providências.;;;2009-08-13T19:41:00;https://www.camara.leg.br/proposicoesWeb/prop_mostrarintegra?codteor=679564;2009-08-13T19:41:00;Apresentação de Proposição;;Indefinida;https://www.camara.leg.br/proposicoesWeb/prop_mostrarintegra?codteor=679564
445148;74813.0;Ronaldo Caiado;DEM;GO;1;1;2009;RONALDO CAIADO;EMP;10;2009;Emenda de Plenário;Dispõe sobre transação tributária, nas hipóteses que especifica, altera a legislação tributária e dá outras providências.;;;2009-08-13T19:41:00;https://www.camara.leg.br/proposicoesWeb/prop_mostrarintegra?codteor=679288;2009-08-13T19:41:00;Apresentação de Proposição;;Indefinida;https://www.camara.leg.br/proposicoesWeb/prop_mostrarintegra?codteor=679288
445147;74813.0;Ronaldo Caiado;DEM;GO;1;1;2009;RONALDO CAIADO;EMP;9;2009;Emenda de Plenário;Dispõe sobre transação tributária, nas hipóteses que especifica, altera a legislação tributária e dá outras providências.;;;2009-08-13T19:41:00;https://www.camara.leg.br/proposicoesWeb/prop_mostrarintegra?codteor=679287;2009-08-13T19:41:00;Apresentação de Proposição;;Indefinida;https://www.camara.leg.br/proposicoesWeb/prop_mostrarintegra?codteor=679287
445137;74813.0;Ronaldo Caiado;DEM;GO;3;0;2009;RONALDO CAIADO;EMP;22;2009;Emenda de Plenário;Suprima-se no artigo 1º do PLP nº 269/2009 o parágrafo 5º introduzido no artigo 134, proposto à Lei nº 5.172, de 25 de outubro de 1966 - Código Tributário Nacional.;;;2009-08-13T19:12:00;https://www.camara.leg.br/proposicoesWeb/prop_mostrarintegra?codteor=679278;2009-08-13T19:12:00;Apresentação de Proposição;;Indefinida;https://www.camara.leg.br/proposicoesWeb/prop_mostrarintegra?codteor=679278
445136;74813.0;Ronaldo Caiado;DEM;GO;3;0;2009;RONALDO CAIADO;EMP;21;2009;Emenda de Plenário;"Inclua-se, no artigo 1º do PLP nº 469/2009, a seguinte nova redação para o artigo 206 da Lei nº 5.172, de 25 de outubro de 1966 - Código Tributário Nacional:

""Art. 206. Tem os mesmos efeitos previstos no artigo anterior a certidão de que conste a existência de créditos não vencidos, que seja objeto de garantia administrativa ou judicial, em curso de cobrança executiva em que tenha sido efetivada a penhora, cuja exigibilidade esteja suspensa ou quando houver decisão da autoridade administrativa legalmente incumbida da cobrança da Dívida Ativa suspendendo o seu curso, no âmbito administrativo ou judicial.""";;;2009-08-13T19:12:00;https://www.camara.leg.br/proposicoesWeb/prop_mostrarintegra?codteor=679277;2009-08-13T19:12:00;Apresentação de Proposição;;Indefinida;https://www.camara.leg.br/proposicoesWeb/prop_mostrarintegra?codteor=679277
445135;74813.0;Ronaldo Caiado;DEM;GO;3;0;2009;RONALDO CAIADO;EMP;20;2009;Emenda de Plenário;"Dê-se ao parágrafo único do artigo 163 da Lei nº 5. 172, de 25 de outubro de 1966 - Código Tributário Nacional, redação proposta pelo artigo 1º do PLP 469/2009, a seguinte nova redação:

""Art. 163. (...)
(...)
Parágrafo único. Sendo o débito composto de principal e acréscimos legais, e não tendo não tendo o devedor indicado a qual parcela deve ser imputado o pagamento, o pagamento imputar-se-á proporcionalmente.""";;;2009-08-13T19:12:00;https://www.camara.leg.br/proposicoesWeb/prop_mostrarintegra?codteor=679276;2009-08-13T19:12:00;Apresentação de Proposição;;Indefinida;https://www.camara.leg.br/proposicoesWeb/prop_mostrarintegra?codteor=679276
445134;74813.0;Ronaldo Caiado;DEM;GO;3;0;2009;RONALDO CAIADO;EMP;19;2009;Emenda de Plenário;"Inclua-se, no artigo 1º do PLP nº 469/2009, o seguinte novo parágrafo ao artigo 151 da Lei nº 5.172, de 25 de outubro de 1966 - Código Tributário Nacional:

""Art. 151. (...)
(...)
§ - A suspensão da exigibilidade, nos termos do inciso VIII deste artigo, não suspende a prescrição do crédito tributário.""";;;2009-08-13T19:12:00;https://www.camara.leg.br/proposicoesWeb/prop_mostrarintegra?codteor=679275;2009-08-13T19:12:00;Apresentação de Proposição;;Indefinida;https://www.camara.leg.br/proposicoesWeb/prop_mostrarintegra?codteor=679275
445133;74813.0;Ronaldo Caiado;DEM;GO;3;0;2009;RONALDO CAIADO;EMP;18;2009;Emenda de Plenário;Suprima-se no artigo 1º do PLP nº 469/2009 o inciso VIII e suas alíneas do artigo 134, proposto à Lei nº 5.172, de 25 de outubro de 1966 - Código Tributário Nacional.;;;2009-08-13T19:12:00;https://www.camara.leg.br/proposicoesWeb/prop_mostrarintegra?codteor=679274;2009-08-13T19:12:00;Apresentação de Proposição;;Indefinida;https://www.camara.leg.br/proposicoesWeb/prop_mostrarintegra?codteor=679274
445132;74813.0;Ronaldo Caiado;DEM;GO;3;0;2009;RONALDO CAIADO;EMP;17;2009;Emenda de Plenário;Suprima-se no artigo 1º do PLP nº 469/2009 o parágrafo 4º introduzido no artigo 134, proposto à Lei nº 5.172, de 25 de outubro de 1966 - Código Tributário Nacional.;;;2009-08-13T19:12:00;https://www.camara.leg.br/proposicoesWeb/prop_mostrarintegra?codteor=679273;2009-08-13T19:12:00;Apresentação de Proposição;;Indefinida;https://www.camara.leg.br/proposicoesWeb/prop_mostrarintegra?codteor=679273
445131;74813.0;Ronaldo Caiado;DEM;GO;3;0;2009;RONALDO CAIADO;EMP;16;2009;Emenda de Plenário;Suprima-se no artigo 1º do PLP nº 469/2009 o parágrafo 3º introduzido no artigo 134, proposto à Lei nº 5.172, de 25 de outubro de 1966 - Código Tributário Nacional.;;;2009-08-13T19:05:00;https://www.camara.leg.br/proposicoesWeb/prop_mostrarintegra?codteor=679272;2009-08-13T19:05:00;Apresentação de Proposição;;Indefinida;https://www.camara.leg.br/proposicoesWeb/prop_mostrarintegra?codteor=679272
445130;74813.0;Ronaldo Caiado;DEM;GO;3;0;2009;RONALDO CAIADO;EMP;15;2009;Emenda de Plenário;Suprima-se no artigo 1º do PLP nº 469/2009 o parágrafo 2º introduzido no artigo 134, proposto à Lei nº 5.172, de 25 de outubro de 1966 - Código Tributário Nacional.;;;2009-08-13T19:05:00;https://www.camara.leg.br/proposicoesWeb/prop_mostrarintegra?codteor=679271;2009-08-13T19:05:00;Apresentação de Proposição;;Indefinida;https://www.camara.leg.br/proposicoesWeb/prop_mostrarintegra?codteor=679271
445129;74813.0;Ronaldo Caiado;DEM;GO;3;0;2009;RONALDO CAIADO;EMP;14;2009;Emenda de Plenário;Suprima-se no artigo 1ª do PLP nº 469/2009 o artigo 122-A, caput e parágrafo único, proposto à Lei nº 5.172, de 25 de outubro de 1966 - Código Tributário Nacional.;;;2009-08-13T19:05:00;https://www.camara.leg.br/proposicoesWeb/prop_mostrarintegra?codteor=679270;2009-08-13T19:05:00;Apresentação de Proposição;;Indefinida;https://www.camara.leg.br/proposicoesWeb/prop_mostrarintegra?codteor=679270
445128;74813.0;Ronaldo Caiado;DEM;GO;3;0;2009;RONALDO CAIADO;EMP;13;2009;Emenda de Plenário;"Dê-se ao parágrafo 3º do artigo 202 introduzido na Lei nº 5.172, de 25 de outubro de 1966 - Código Tributário Nacional, redação proposta pelo artigo 1º do PLP nº 469/2009, a seguinte nova redação:

""art. 202. (...)
(...)
 § 3º A inscrição, que se constitui no ato de controle administrativo da legalidade, será feita pelo órgão competente para apurar a liquidez e certeza do crédito.""";;;2009-08-13T19:05:00;https://www.camara.leg.br/proposicoesWeb/prop_mostrarintegra?codteor=679269;2009-08-13T19:05:00;Apresentação de Proposição;;Indefinida;https://www.camara.leg.br/proposicoesWeb/prop_mostrarintegra?codteor=679269
445127;74813.0;Ronaldo Caiado;DEM;GO;3;0;2009;RONALDO CAIADO;EMP;12;2009;Emenda de Plenário;Suprima-se no artigo 1º do PLP nº 469/2009 o inciso I do parágrafo único do artigo 174, proposto à Lei nº 5.172, de 25 de outubro de 1966 - Código Tributário Nacional.;;;2009-08-13T19:05:00;https://www.camara.leg.br/proposicoesWeb/prop_mostrarintegra?codteor=679268;2009-08-13T19:05:00;Apresentação de Proposição;;Indefinida;https://www.camara.leg.br/proposicoesWeb/prop_mostrarintegra?codteor=679268
445126;74813.0;Ronaldo Caiado;DEM;GO;3;0;2009;RONALDO CAIADO;EMP;11;2009;Emenda de Plenário;Suprima-se no artigo 1º do PLP nº 469/2009 o parágrafo 2º do artigo 202, proposto à Lei nº 5.172, de 25 de outubro de 1966 - Código Tributário Nacional.;;;2009-08-13T19:05:00;https://www.camara.leg.br/proposicoesWeb/prop_mostrarintegra?codteor=679267;2009-08-13T19:05:00;Apresentação de Proposição;;Indefinida;https://www.camara.leg.br/proposicoesWeb/prop_mostrarintegra?codteor=679267
445125;74813.0;Ronaldo Caiado;DEM;GO;3;0;2009;RONALDO CAIADO;EMP;10;2009;Emenda de Plenário;Suprima-se no artigo 1º do PLP nº 469/2009 o parágrafo 2º do artigo 151, proposto à Lei nº 5.172, de 25 de outubro de 1966 - Código Tributário Nacional.;;;2009-08-13T19:05:00;https://www.camara.leg.br/proposicoesWeb/prop_mostrarintegra?codteor=679266;2009-08-13T19:05:00;Apresentação de Proposição;;Indefinida;https://www.camara.leg.br/proposicoesWeb/prop_mostrarintegra?codteor=679266
445116;74813.0;Ronaldo Caiado;DEM;GO;1;1;2009;RONALDO CAIADO;EMP;2;2009;Emenda de Plenário;Altera e acrescenta dispositivos à Lei nº 5.172, de 25 de outubro de 1966 - Código Tributário Nacional.;;;2009-08-13T18:56:00;https://www.camara.leg.br/proposicoesWeb/prop_mostrarintegra?codteor=679257;2009-08-13T18:56:00;Apresentação de Proposição;;Indefinida;https://www.camara.leg.br/proposicoesWeb/prop_mostrarintegra?codteor=679257
444991;74813.0;Ronaldo Caiado;DEM;GO;7;0;2009;RONALDO CAIADO;REQ;5306;2009;Requerimento de Urgência (Art. 155 do RICD);Requerem a inclusão automática na Ordem do Dia, para discussão e votação imediata, do PL 3.059 de 2008, com base no art. 155 do Regimento Interno da Câmara dos Deputados.;;;2009-08-13T13:00:00;https://www.camara.leg.br/proposicoesWeb/prop_mostrarintegra?codteor=1053779;2011-01-14T00:00:00;Arquivamento;Arquivada;Indefinida;
444981;74813.0;Ronaldo Caiado;DEM;GO;1;1;2009;RONALDO CAIADO;RIC;4216;2009;Requerimento de Informação;Solicita informações à Ministra de Estado da Casa Civil, Sra. Dilma Vana Rousseff, as informações que especifica.;"Informações sobre a agenda oficial da Sra. Ministra;  as gravações do(s) circuito(s) interno(s) do Palácio do Planalto, que monitora(m) o acesso ao gabinete da Sra. Ministra; o controle de acesso de veículos ao Palácio do Planalto; a existência de um controle dos encontros e atividades realizados pela Sra. Ministra de Estado.";;2009-08-13T12:19:11;https://www.camara.leg.br/proposicoesWeb/prop_mostrarintegra?codteor=678937;2011-01-10T00:00:00;Arquivamento;Arquivada;Indefinida;
444493;74813.0;Ronaldo Caiado;DEM;GO;2;0;2009;RONALDO CAIADO;REQ;5279;2009;Requerimento de Sessão Solene;Requerimento de Sessão Solene em homenagem ao ex-deputado Tenório Cavalcanti.;;;2009-08-11T18:54:00;https://www.camara.leg.br/proposicoesWeb/prop_mostrarintegra?codteor=677877;2012-08-01T00:00:00;Arquivamento;Arquivada;Indefinida;
444269;74813.0;Ronaldo Caiado;DEM;GO;1;1;2009;RONALDO CAIADO;REQ;5271;2009;Requerimento de Sessão Solene;Requer a realização de Sessão Solene, para comemoração do 49º aniversário da Universidade Federal de Goiás;;;2009-08-11T14:13:00;https://www.camara.leg.br/proposicoesWeb/prop_mostrarintegra?codteor=677463;2012-08-01T00:00:00;Arquivamento;Arquivada;Indefinida;
444168;74813.0;Ronaldo Caiado;DEM;GO;1;1;2009;RONALDO CAIADO;EMP;9;2009;Emenda de Plenário;Dispõe sobre a certificação das entidades beneficentes de assistência social, regula os procedimentos de isenção de contribuições para a seguridade social e dá outras providências.;;;2009-08-07T18:01:00;https://www.camara.leg.br/proposicoesWeb/prop_mostrarintegra?codteor=677005;2009-08-07T18:01:00;Apresentação de Proposição;;Indefinida;https://www.camara.leg.br/proposicoesWeb/prop_mostrarintegra?codteor=677005
443864;74813.0;Ronaldo Caiado;DEM;GO;1;1;2009;RONALDO CAIADO;REQ;5263;2009;Requerimento de Constituição de Comissão Externa;Requer a constituição de Comissão Externa, para acompanhar e fiscalizar os procedimentos do Governo em relação a gripe H1N1 e suas sintomatologias.;;;2009-08-05T19:15:00;https://www.camara.leg.br/proposicoesWeb/prop_mostrarintegra?codteor=676356;2011-01-13T00:00:00;Arquivamento;Arquivada;;
443314;74813.0;Ronaldo Caiado;DEM;GO;5;0;2009;RONALDO CAIADO;REQ;5223;2009;Requerimento de Urgência (Art. 155 do RICD);"""Dispõe sobre os militares da Polícia Militar do Distrito Federal e do Corpo de Bombeiros Militar do Distrito Federal, e dá outras providências"".";;;2009-08-04T15:51:00;https://www.camara.leg.br/proposicoesWeb/prop_mostrarintegra?codteor=675441;2009-09-16T00:00:00;Prejudicado;Arquivada;Indefinida;
442571;74813.0;Ronaldo Caiado;DEM;GO;1;1;2009;RONALDO CAIADO;EMC;18;2009;Emenda na Comissão;Dá nova redação à MPV 465, de 29 de junho de 2009.;;;2009-07-02T12:00:00;https://www.camara.leg.br/proposicoesWeb/prop_mostrarintegra?codteor=673078;2009-07-02T12:00:00;Apresentação de Proposição;;Indefinida;https://www.camara.leg.br/proposicoesWeb/prop_mostrarintegra?codteor=673078
442067;74813.0;Ronaldo Caiado;DEM;GO;3;0;2009;RONALDO CAIADO;EMP;135;2009;Emenda de Plenário;Acrescenta-se ao art. 3º do projeto, o § 3º  do art. 59 da Lei nº 9.504/97;;;2009-07-09T16:50:00;https://www.camara.leg.br/proposicoesWeb/prop_mostrarintegra?codteor=671916;2009-07-09T16:50:00;Apresentação de Proposição;;Indefinida;https://www.camara.leg.br/proposicoesWeb/prop_mostrarintegra?codteor=671916
441811;74813.0;Ronaldo Caiado;DEM;GO;4;0;2009;RONALDO CAIADO;EMP;121;2009;Emenda de Plenário;Da nova redação ao art. 41 da Lei nº 9.504/97, constante no art. 3º  do projeto.;;;2009-07-09T12:28:00;https://www.camara.leg.br/proposicoesWeb/prop_mostrarintegra?codteor=671909;2009-07-09T12:28:00;Apresentação de Proposição;;Indefinida;https://www.camara.leg.br/proposicoesWeb/prop_mostrarintegra?codteor=671909
441809;74813.0;Ronaldo Caiado;DEM;GO;4;0;2009;RONALDO CAIADO;EMP;119;2009;Emenda de Plenário;Suprimir o § 2º  do art. 97-A da Lei nº 9.504/97, constante no art. 4º do projeto.;;;2009-07-09T12:23:00;https://www.camara.leg.br/proposicoesWeb/prop_mostrarintegra?codteor=671907;2009-07-09T12:23:00;Apresentação de Proposição;;Indefinida;https://www.camara.leg.br/proposicoesWeb/prop_mostrarintegra?codteor=671907
441808;74813.0;Ronaldo Caiado;DEM;GO;4;0;2009;RONALDO CAIADO;EMP;118;2009;Emenda de Plenário;Da nova redação ao caput do art. 34-A da Lei nº 9.504/97, constante do art. 4º do projeto.;;;2009-07-09T12:20:00;https://www.camara.leg.br/proposicoesWeb/prop_mostrarintegra?codteor=671906;2009-07-09T12:20:00;Apresentação de Proposição;;Indefinida;https://www.camara.leg.br/proposicoesWeb/prop_mostrarintegra?codteor=671906
441803;74813.0;Ronaldo Caiado;DEM;GO;3;0;2009;RONALDO CAIADO;EMP;114;2009;Emenda de Plenário;Da nova redação ao § 3º do art. 5º do projeto.;;;2009-07-09T12:10:00;https://www.camara.leg.br/proposicoesWeb/prop_mostrarintegra?codteor=671903;2009-07-09T12:10:00;Apresentação de Proposição;;Indefinida;https://www.camara.leg.br/proposicoesWeb/prop_mostrarintegra?codteor=671903
441795;74813.0;Ronaldo Caiado;DEM;GO;1;1;2009;RONALDO CAIADO;EMP;14;2009;Emenda de Plenário;Dá nova redação ao  PL 5080/2009.;;;2009-07-01T11:36:00;https://www.camara.leg.br/proposicoesWeb/prop_mostrarintegra?codteor=671264;2009-07-01T11:36:00;Apresentação de Proposição;;Indefinida;https://www.camara.leg.br/proposicoesWeb/prop_mostrarintegra?codteor=671264
441794;74813.0;Ronaldo Caiado;DEM;GO;1;1;2009;RONALDO CAIADO;EMP;13;2009;Emenda de Plenário;Dá nova redação ao  PL 5080/2009.;;;2009-07-01T11:36:00;https://www.camara.leg.br/proposicoesWeb/prop_mostrarintegra?codteor=671262;2009-07-01T11:36:00;Apresentação de Proposição;;Indefinida;https://www.camara.leg.br/proposicoesWeb/prop_mostrarintegra?codteor=671262
441793;74813.0;Ronaldo Caiado;DEM;GO;1;1;2009;RONALDO CAIADO;EMP;12;2009;Emenda de Plenário;Dá nova redação ao  PL 5080/2009.;;;2009-07-01T11:36:00;https://www.camara.leg.br/proposicoesWeb/prop_mostrarintegra?codteor=671261;2009-07-01T11:36:00;Apresentação de Proposição;;Indefinida;https://www.camara.leg.br/proposicoesWeb/prop_mostrarintegra?codteor=671261
441792;74813.0;Ronaldo Caiado;DEM;GO;1;1;2009;RONALDO CAIADO;EMP;11;2009;Emenda de Plenário;Dá nova redação ao  PL 5080/2009.;;;2009-07-01T11:36:00;https://www.camara.leg.br/proposicoesWeb/prop_mostrarintegra?codteor=671260;2009-07-01T11:36:00;Apresentação de Proposição;;Indefinida;https://www.camara.leg.br/proposicoesWeb/prop_mostrarintegra?codteor=671260
441791;74813.0;Ronaldo Caiado;DEM;GO;1;1;2009;RONALDO CAIADO;EMP;10;2009;Emenda de Plenário;Dá nova redação ao art. 8º do PL 5080/2009.;;;2009-07-01T11:36:00;https://www.camara.leg.br/proposicoesWeb/prop_mostrarintegra?codteor=671259;2009-07-01T11:36:00;Apresentação de Proposição;;Indefinida;https://www.camara.leg.br/proposicoesWeb/prop_mostrarintegra?codteor=671259
441790;74813.0;Ronaldo Caiado;DEM;GO;1;1;2009;RONALDO CAIADO;EMP;9;2009;Emenda de Plenário;Dá nova redação ao art. 2º do PL 5080/2009.;;;2009-07-01T11:36:00;https://www.camara.leg.br/proposicoesWeb/prop_mostrarintegra?codteor=671258;2009-07-01T11:36:00;Apresentação de Proposição;;Indefinida;https://www.camara.leg.br/proposicoesWeb/prop_mostrarintegra?codteor=671258
441787;74813.0;Ronaldo Caiado;DEM;GO;1;1;2009;RONALDO CAIADO;EMP;6;2009;Emenda de Plenário;Dá nova redação ao PL 5080/2009.;;;2009-07-01T11:36:00;https://www.camara.leg.br/proposicoesWeb/prop_mostrarintegra?codteor=671254;2009-07-01T11:36:00;Apresentação de Proposição;;Indefinida;https://www.camara.leg.br/proposicoesWeb/prop_mostrarintegra?codteor=671254
441764;74813.0;Ronaldo Caiado;DEM;GO;3;0;2009;RONALDO CAIADO;EMP;103;2009;Emenda de Plenário;Altera o § 4º do art. 39 da Lei nº 9.504/97, acrescentando ao projeto.;;;2009-07-09T10:59:00;https://www.camara.leg.br/proposicoesWeb/prop_mostrarintegra?codteor=671897;2009-07-09T10:59:00;Apresentação de Proposição;;Indefinida;https://www.camara.leg.br/proposicoesWeb/prop_mostrarintegra?codteor=671897
441758;74813.0;Ronaldo Caiado;DEM;GO;3;0;2009;RONALDO CAIADO;EMP;102;2009;Emenda de Plenário;Altera o art. 48 da Lei nº 9.504/97, acrescentando ao projeto;;;2009-07-09T10:56:00;https://www.camara.leg.br/proposicoesWeb/prop_mostrarintegra?codteor=671896;2009-07-09T10:56:00;Apresentação de Proposição;;Indefinida;https://www.camara.leg.br/proposicoesWeb/prop_mostrarintegra?codteor=671896
441756;74813.0;Ronaldo Caiado;DEM;GO;3;0;2009;RONALDO CAIADO;EMP;101;2009;Emenda de Plenário;Da nova redação aos §§ 10, 12 e 13 do art. 73 do projeto;;;2009-07-09T10:54:00;https://www.camara.leg.br/proposicoesWeb/prop_mostrarintegra?codteor=671895;2009-07-09T10:54:00;Apresentação de Proposição;;Indefinida;https://www.camara.leg.br/proposicoesWeb/prop_mostrarintegra?codteor=671895
441755;74813.0;Ronaldo Caiado;DEM;GO;3;0;2009;RONALDO CAIADO;EMP;100;2009;Emenda de Plenário;Suprima-se o § 1º do art. 43 do projeto, renumerando o § 2º como parágrafo único.;;;2009-07-09T10:52:00;https://www.camara.leg.br/proposicoesWeb/prop_mostrarintegra?codteor=671894;2009-07-09T10:52:00;Apresentação de Proposição;;Indefinida;https://www.camara.leg.br/proposicoesWeb/prop_mostrarintegra?codteor=671894
441754;74813.0;Ronaldo Caiado;DEM;GO;3;0;2009;RONALDO CAIADO;EMP;99;2009;Emenda de Plenário;Acrescente-se o § 11 ao art. 39 do projeto.;;;2009-07-09T10:50:00;https://www.camara.leg.br/proposicoesWeb/prop_mostrarintegra?codteor=671893;2009-07-09T10:50:00;Apresentação de Proposição;;Indefinida;https://www.camara.leg.br/proposicoesWeb/prop_mostrarintegra?codteor=671893
441752;74813.0;Ronaldo Caiado;DEM;GO;3;0;2009;RONALDO CAIADO;EMP;98;2009;Emenda de Plenário;Da nova redação ao art. 31 do projeto.;;;2009-07-09T10:48:00;https://www.camara.leg.br/proposicoesWeb/prop_mostrarintegra?codteor=671892;2009-07-09T10:48:00;Apresentação de Proposição;;Indefinida;https://www.camara.leg.br/proposicoesWeb/prop_mostrarintegra?codteor=671892
441751;74813.0;Ronaldo Caiado;DEM;GO;3;0;2009;RONALDO CAIADO;EMP;97;2009;Emenda de Plenário;Da nova redação ao caput do art. 30-A e acrescentando-lhe o § 4º.;;;2009-07-09T10:46:00;https://www.camara.leg.br/proposicoesWeb/prop_mostrarintegra?codteor=671891;2009-07-09T10:46:00;Apresentação de Proposição;;Indefinida;https://www.camara.leg.br/proposicoesWeb/prop_mostrarintegra?codteor=671891
441748;74813.0;Ronaldo Caiado;DEM;GO;3;0;2009;RONALDO CAIADO;EMP;96;2009;Emenda de Plenário;Altera o art. 30 da Lei nº 9.504/97, acrescentando ao projeto.;;;2009-07-09T10:42:00;https://www.camara.leg.br/proposicoesWeb/prop_mostrarintegra?codteor=671890;2009-07-09T10:42:00;Apresentação de Proposição;;Indefinida;https://www.camara.leg.br/proposicoesWeb/prop_mostrarintegra?codteor=671890
441737;74813.0;Ronaldo Caiado;DEM;GO;3;0;2009;RONALDO CAIADO;EMP;95;2009;Emenda de Plenário;Da nova redação ao § 3º do art. 29 do projeto.;;;2009-07-09T10:40:00;https://www.camara.leg.br/proposicoesWeb/prop_mostrarintegra?codteor=671889;2009-07-09T10:40:00;Apresentação de Proposição;;Indefinida;https://www.camara.leg.br/proposicoesWeb/prop_mostrarintegra?codteor=671889
441730;74813.0;Ronaldo Caiado;DEM;GO;3;0;2009;RONALDO CAIADO;EMP;94;2009;Emenda de Plenário;Da nova redação ao art. 23 do projeto;;;2009-07-09T10:37:00;https://www.camara.leg.br/proposicoesWeb/prop_mostrarintegra?codteor=671888;2009-07-09T10:37:00;Apresentação de Proposição;;Indefinida;https://www.camara.leg.br/proposicoesWeb/prop_mostrarintegra?codteor=671888
441725;74813.0;Ronaldo Caiado;DEM;GO;3;0;2009;RONALDO CAIADO;EMP;93;2009;Emenda de Plenário;Da nova redação ao § 1º  do art. 16 do projeto;;;2009-07-09T10:31:00;https://www.camara.leg.br/proposicoesWeb/prop_mostrarintegra?codteor=671887;2009-07-09T10:31:00;Apresentação de Proposição;;Indefinida;https://www.camara.leg.br/proposicoesWeb/prop_mostrarintegra?codteor=671887
441723;74813.0;Ronaldo Caiado;DEM;GO;3;0;2009;RONALDO CAIADO;EMP;92;2009;Emenda de Plenário;Da nova redação ao § 7º do art. 11 do projeto, suprimindo os §§ 8º e 9º;;;2009-07-09T10:27:00;https://www.camara.leg.br/proposicoesWeb/prop_mostrarintegra?codteor=671886;2009-07-09T10:27:00;Apresentação de Proposição;;Indefinida;https://www.camara.leg.br/proposicoesWeb/prop_mostrarintegra?codteor=671886
441721;74813.0;Ronaldo Caiado;DEM;GO;3;0;2009;RONALDO CAIADO;EMP;91;2009;Emenda de Plenário;Suprime o art. 5º do projeto.;;;2009-07-09T10:24:00;https://www.camara.leg.br/proposicoesWeb/prop_mostrarintegra?codteor=671885;2009-07-09T10:24:00;Apresentação de Proposição;;Indefinida;https://www.camara.leg.br/proposicoesWeb/prop_mostrarintegra?codteor=671885
441658;74813.0;Ronaldo Caiado;DEM;GO;3;0;2009;RONALDO CAIADO;EMP;89;2009;Emenda de Plenário;Insere parágrafo no artigo 39 da Lei n. 9.504, de 30 de setembro de 1997.;;;2009-07-08T20:11:00;https://www.camara.leg.br/proposicoesWeb/prop_mostrarintegra?codteor=671298;2009-07-08T20:11:00;Apresentação de Proposição;;Indefinida;https://www.camara.leg.br/proposicoesWeb/prop_mostrarintegra?codteor=671298
441655;74813.0;Ronaldo Caiado;DEM;GO;1;1;2009;RONALDO CAIADO;EMP;87;2009;Emenda de Plenário;"Altera a Lei nº 9.096, de 19 de setembro de 1995 (Lei dos Partidos Políticos) e a Lei nº 9.504, de 30 de setembro de 1997, que ""estabelece normas para as eleições"".";;;2009-07-08T20:08:00;https://www.camara.leg.br/proposicoesWeb/prop_mostrarintegra?codteor=671017;2009-07-08T20:08:00;Apresentação de Proposição;;Indefinida;https://www.camara.leg.br/proposicoesWeb/prop_mostrarintegra?codteor=671017
441654;74813.0;Ronaldo Caiado;DEM;GO;1;1;2009;RONALDO CAIADO;EMP;86;2009;Emenda de Plenário;"Altera a Lei nº 9.096, de 19 de setembro de 1995 (Lei dos Partidos Políticos) e a Lei nº 9.504, de 30 de setembro de 1997, que ""estabelece normas para as eleições"".";;;2009-07-08T20:06:00;https://www.camara.leg.br/proposicoesWeb/prop_mostrarintegra?codteor=671016;2009-07-08T20:06:00;Apresentação de Proposição;;Indefinida;https://www.camara.leg.br/proposicoesWeb/prop_mostrarintegra?codteor=671016
441653;74813.0;Ronaldo Caiado;DEM;GO;1;1;2009;RONALDO CAIADO;EMP;85;2009;Emenda de Plenário;"Altera a Lei nº 9.096, de 19 de setembro de 1995 (Lei dos Partidos Políticos) e a Lei nº 9.504, de 30 de setembro de 1997, que ""estabelece normas para as eleições"".";;;2009-07-08T20:06:00;https://www.camara.leg.br/proposicoesWeb/prop_mostrarintegra?codteor=671015;2009-07-08T20:06:00;Apresentação de Proposição;;Indefinida;https://www.camara.leg.br/proposicoesWeb/prop_mostrarintegra?codteor=671015
441651;74813.0;Ronaldo Caiado;DEM;GO;1;1;2009;RONALDO CAIADO;EMP;84;2009;Emenda de Plenário;"Altera a Lei nº 9.096, de 19 de setembro de 1995 (Lei dos Partidos Políticos) e a Lei nº 9.504, de 30 de setembro de 1997, que ""estabelece normas para as eleições"".";;;2009-07-08T20:05:00;https://www.camara.leg.br/proposicoesWeb/prop_mostrarintegra?codteor=671013;2009-07-08T20:05:00;Apresentação de Proposição;;Indefinida;https://www.camara.leg.br/proposicoesWeb/prop_mostrarintegra?codteor=671013
441650;74813.0;Ronaldo Caiado;DEM;GO;1;1;2009;RONALDO CAIADO;EMP;83;2009;Emenda de Plenário;"Altera a Lei nº 9.096, de 19 de setembro de 1995 (Lei dos Partidos Políticos) e a Lei nº 9.504, de 30 de setembro de 1997, que ""estabelece normas para as eleições"".";;;2009-07-08T20:04:00;https://www.camara.leg.br/proposicoesWeb/prop_mostrarintegra?codteor=671012;2009-07-08T20:04:00;Apresentação de Proposição;;Indefinida;https://www.camara.leg.br/proposicoesWeb/prop_mostrarintegra?codteor=671012
441648;74813.0;Ronaldo Caiado;DEM;GO;1;1;2009;RONALDO CAIADO;EMP;82;2009;Emenda de Plenário;"Altera a Lei nº 9.096, de 19 de setembro de 1995 (Lei dos Partidos Políticos) e a Lei nº 9.504, de 30 de setembro de 1997, que ""estabelece normas para as eleições"".";;;2009-07-08T20:03:00;https://www.camara.leg.br/proposicoesWeb/prop_mostrarintegra?codteor=671010;2009-07-08T20:03:00;Apresentação de Proposição;;Indefinida;https://www.camara.leg.br/proposicoesWeb/prop_mostrarintegra?codteor=671010
441647;74813.0;Ronaldo Caiado;DEM;GO;1;1;2009;RONALDO CAIADO;EMP;81;2009;Emenda de Plenário;"Altera a Lei nº 9.096, de 19 de setembro de 1995 (Lei dos Partidos Políticos) e a Lei nº 9.504, de 30 de setembro de 1997, que ""estabelece normas para as eleições"".";;;2009-07-08T20:02:00;https://www.camara.leg.br/proposicoesWeb/prop_mostrarintegra?codteor=671007;2009-07-08T20:02:00;Apresentação de Proposição;;Indefinida;https://www.camara.leg.br/proposicoesWeb/prop_mostrarintegra?codteor=671007
441646;74813.0;Ronaldo Caiado;DEM;GO;1;1;2009;RONALDO CAIADO;EMP;80;2009;Emenda de Plenário;"Altera a Lei nº 9.096, de 19 de setembro de 1995 (Lei dos Partidos Políticos) e a Lei nº 9.504, de 30 de setembro de 1997, que ""estabelece normas para as eleições"".";;;2009-07-08T20:01:00;https://www.camara.leg.br/proposicoesWeb/prop_mostrarintegra?codteor=671005;2009-07-08T20:01:00;Apresentação de Proposição;;Indefinida;https://www.camara.leg.br/proposicoesWeb/prop_mostrarintegra?codteor=671005
441644;74813.0;Ronaldo Caiado;DEM;GO;1;1;2009;RONALDO CAIADO;EMP;79;2009;Emenda de Plenário;"Altera a Lei nº 9.096, de 19 de setembro de 1995 (Lei dos Partidos Políticos) e a Lei nº 9.504, de 30 de setembro de 1997, que ""estabelece normas para as eleições"".";;;2009-07-08T19:55:00;https://www.camara.leg.br/proposicoesWeb/prop_mostrarintegra?codteor=671003;2009-07-08T19:55:00;Apresentação de Proposição;;Indefinida;https://www.camara.leg.br/proposicoesWeb/prop_mostrarintegra?codteor=671003
441643;74813.0;Ronaldo Caiado;DEM;GO;1;1;2009;RONALDO CAIADO;EMP;78;2009;Emenda de Plenário;"Altera a Lei nº 9.096, de 19 de setembro de 1995 (Lei dos Partidos Políticos) e a Lei nº 9.504, de 30 de setembro de 1997, que ""estabelece normas para as eleições"".";;;2009-07-08T19:54:00;https://www.camara.leg.br/proposicoesWeb/prop_mostrarintegra?codteor=671002;2009-07-08T19:54:00;Apresentação de Proposição;;Indefinida;https://www.camara.leg.br/proposicoesWeb/prop_mostrarintegra?codteor=671002
441641;74813.0;Ronaldo Caiado;DEM;GO;1;1;2009;RONALDO CAIADO;EMP;77;2009;Emenda de Plenário;"Altera a Lei nº 9.096, de 19 de setembro de 1995 (Lei dos Partidos Políticos) e a Lei nº 9.504, de 30 de setembro de 1997, que ""estabelece normas para as eleições"".";;;2009-07-08T19:53:00;https://www.camara.leg.br/proposicoesWeb/prop_mostrarintegra?codteor=671000;2009-07-08T19:53:00;Apresentação de Proposição;;Indefinida;https://www.camara.leg.br/proposicoesWeb/prop_mostrarintegra?codteor=671000
441636;74813.0;Ronaldo Caiado;DEM;GO;3;0;2009;RONALDO CAIADO;EMP;73;2009;Emenda de Plenário;"Altera a Lei n. 9.096, de 19 de setembro de 1995 (Lei dos Partidos Políticos) e a Lei n. 9.504, de 30 de setembro de 1997, que ""estabelece normas para as eleições"".";;;2009-07-08T19:47:00;https://www.camara.leg.br/proposicoesWeb/prop_mostrarintegra?codteor=671290;2009-07-08T19:47:00;Apresentação de Proposição;;Indefinida;https://www.camara.leg.br/proposicoesWeb/prop_mostrarintegra?codteor=671290
441635;74813.0;Ronaldo Caiado;DEM;GO;2;0;2009;RONALDO CAIADO;EMP;72;2009;Emenda de Plenário;"Altera a Lei n. 9.096, de 19 de setembro de 1995 (Lei dos Partidos Políticos) e a Lei n. 9.504, de 30 de setembro de 1997, que ""estabelece normas para as eleições"".";;;2009-07-08T19:41:00;https://www.camara.leg.br/proposicoesWeb/prop_mostrarintegra?codteor=671287;2009-07-08T19:41:00;Apresentação de Proposição;;Indefinida;https://www.camara.leg.br/proposicoesWeb/prop_mostrarintegra?codteor=671287
441633;74813.0;Ronaldo Caiado;DEM;GO;2;0;2009;RONALDO CAIADO;EMP;71;2009;Emenda de Plenário;"Altera a Lei n. 9.096, de 19 de setembro de 1995 (Lei dos Partidos Políticos) e a Lei n. 9.504, de 30 de setembro de 1997, que ""estabelece normas para as eleições"".";;;2009-07-08T19:41:00;https://www.camara.leg.br/proposicoesWeb/prop_mostrarintegra?codteor=671285;2009-07-08T19:41:00;Apresentação de Proposição;;Indefinida;https://www.camara.leg.br/proposicoesWeb/prop_mostrarintegra?codteor=671285
441632;74813.0;Ronaldo Caiado;DEM;GO;2;0;2009;RONALDO CAIADO;EMP;70;2009;Emenda de Plenário;"Altera a Lei n. 9.096, de 19 de setembro de 1995 (Lei dos Partidos Políticos) e a Lei n. 9.504, de 30 de setembro de 1997, que ""estabelece normas para as eleições"".";;;2009-07-08T19:40:00;https://www.camara.leg.br/proposicoesWeb/prop_mostrarintegra?codteor=671282;2009-07-08T19:40:00;Apresentação de Proposição;;Indefinida;https://www.camara.leg.br/proposicoesWeb/prop_mostrarintegra?codteor=671282
441631;74813.0;Ronaldo Caiado;DEM;GO;2;0;2009;RONALDO CAIADO;EMP;69;2009;Emenda de Plenário;"Altera a Lei n. 9.096, de 19 de setembro de 1995 (Lei dos Partidos Políticos) e a Lei n. 9.504, de 30 de setembro de 1997, que ""estabelece normas para as eleições"".";;;2009-07-08T19:39:00;https://www.camara.leg.br/proposicoesWeb/prop_mostrarintegra?codteor=671281;2009-07-08T19:39:00;Apresentação de Proposição;;Indefinida;https://www.camara.leg.br/proposicoesWeb/prop_mostrarintegra?codteor=671281
441630;74813.0;Ronaldo Caiado;DEM;GO;2;0;2009;RONALDO CAIADO;EMP;68;2009;Emenda de Plenário;"Altera a Lei n. 9.096, de 19 de setembro de 1995 (Lei dos Partidos Políticos) e a Lei n. 9.504, de 30 de setembro de 1997, que ""estabelece normas para as eleições"".";;;2009-07-08T19:39:00;https://www.camara.leg.br/proposicoesWeb/prop_mostrarintegra?codteor=671280;2009-07-08T19:39:00;Apresentação de Proposição;;Indefinida;https://www.camara.leg.br/proposicoesWeb/prop_mostrarintegra?codteor=671280
441629;74813.0;Ronaldo Caiado;DEM;GO;2;0;2009;RONALDO CAIADO;EMP;67;2009;Emenda de Plenário;"Altera a Lei n. 9.096, de 19 de setembro de 1995 (Lei dos Partidos Políticos) e a Lei n. 9.504, de 30 de setembro de 1997, que ""estabelece normas para as eleições"".";;;2009-07-08T19:37:00;https://www.camara.leg.br/proposicoesWeb/prop_mostrarintegra?codteor=671279;2009-07-08T19:37:00;Apresentação de Proposição;;Indefinida;https://www.camara.leg.br/proposicoesWeb/prop_mostrarintegra?codteor=671279
441628;74813.0;Ronaldo Caiado;DEM;GO;2;0;2009;RONALDO CAIADO;EMP;66;2009;Emenda de Plenário;"Altera a Lei n. 9.096, de 19 de setembro de 1995 (Lei dos Partidos Políticos) e a Lei n. 9.504, de 30 de setembro de 1997, que ""estabelece normas para as eleições"".";;;2009-07-08T19:36:00;https://www.camara.leg.br/proposicoesWeb/prop_mostrarintegra?codteor=671277;2009-07-08T19:36:00;Apresentação de Proposição;;Indefinida;https://www.camara.leg.br/proposicoesWeb/prop_mostrarintegra?codteor=671277
441627;74813.0;Ronaldo Caiado;DEM;GO;2;0;2009;RONALDO CAIADO;EMP;65;2009;Emenda de Plenário;"Altera a Lei n. 9.096, de 19 de setembro de 1995 (Lei dos Partidos Políticos) e a Lei n. 9.504, de 30 de setembro de 1997, que ""estabelece normas para as eleições"".";;;2009-07-08T19:36:00;https://www.camara.leg.br/proposicoesWeb/prop_mostrarintegra?codteor=671272;2009-07-08T19:36:00;Apresentação de Proposição;;Indefinida;https://www.camara.leg.br/proposicoesWeb/prop_mostrarintegra?codteor=671272
441626;74813.0;Ronaldo Caiado;DEM;GO;2;0;2009;RONALDO CAIADO;EMP;64;2009;Emenda de Plenário;"Altera a Lei n. 9.096, de 19 de setembro de 1995 (Lei dos Partidos Políticos) e a Lei n. 9.504, de 30 de setembro de 1997, que ""estabelece normas para as eleições"".";;;2009-07-08T19:35:00;https://www.camara.leg.br/proposicoesWeb/prop_mostrarintegra?codteor=671271;2009-07-08T19:35:00;Apresentação de Proposição;;Indefinida;https://www.camara.leg.br/proposicoesWeb/prop_mostrarintegra?codteor=671271
441624;74813.0;Ronaldo Caiado;DEM;GO;2;0;2009;RONALDO CAIADO;EMP;63;2009;Emenda de Plenário;"Altera a Lei n. 9.096, de 19 de setembro de 1995 (Lei dos Partidos Políticos) e a Lei n. 9.504, de 30 de setembro de 1997, que ""estabelece normas para as eleições"".";;;2009-07-08T19:34:00;https://www.camara.leg.br/proposicoesWeb/prop_mostrarintegra?codteor=671270;2009-07-08T19:34:00;Apresentação de Proposição;;Indefinida;https://www.camara.leg.br/proposicoesWeb/prop_mostrarintegra?codteor=671270
441623;74813.0;Ronaldo Caiado;DEM;GO;2;0;2009;RONALDO CAIADO;EMP;62;2009;Emenda de Plenário;"Altera a Lei n. 9.096, de 19 de setembro de 1995 (Lei dos Partidos Políticos) e a Lei n. 9.504, de 30 de setembro de 1997, que ""estabelece normas para as eleições"".";;;2009-07-08T19:32:00;https://www.camara.leg.br/proposicoesWeb/prop_mostrarintegra?codteor=671324;2009-07-08T19:32:00;Apresentação de Proposição;;Indefinida;https://www.camara.leg.br/proposicoesWeb/prop_mostrarintegra?codteor=671324
441621;74813.0;Ronaldo Caiado;DEM;GO;2;0;2009;RONALDO CAIADO;EMP;61;2009;Emenda de Plenário;"Altera a Lei n. 9.096, de 19 de setembro de 1995 (Lei dos Partidos Políticos) e a Lei n. 9.504, de 30 de setembro de 1997, que ""estabelece normas para as eleições"".";;;2009-07-08T19:29:00;https://www.camara.leg.br/proposicoesWeb/prop_mostrarintegra?codteor=671323;2009-07-08T19:29:00;Apresentação de Proposição;;Indefinida;https://www.camara.leg.br/proposicoesWeb/prop_mostrarintegra?codteor=671323
441620;74813.0;Ronaldo Caiado;DEM;GO;2;0;2009;RONALDO CAIADO;EMP;60;2009;Emenda de Plenário;"Altera a Lei n. 9.096, de 19 de setembro de 1995 (Lei dos Partidos Políticos) e a Lei n. 9.504, de 30 de setembro de 1997, que ""estabelece normas para as eleições"".";;;2009-07-08T19:28:00;https://www.camara.leg.br/proposicoesWeb/prop_mostrarintegra?codteor=671322;2009-07-08T19:28:00;Apresentação de Proposição;;Indefinida;https://www.camara.leg.br/proposicoesWeb/prop_mostrarintegra?codteor=671322
441619;74813.0;Ronaldo Caiado;DEM;GO;2;0;2009;RONALDO CAIADO;EMP;59;2009;Emenda de Plenário;"Altera a Lei n. 9.096, de 19 de setembro de 1995 (Lei dos Partidos Políticos) e a Lei n. 9.504, de 30 de setembro de 1997, que ""estabelece normas para as eleições"".";;;2009-07-08T19:27:00;https://www.camara.leg.br/proposicoesWeb/prop_mostrarintegra?codteor=671320;2009-07-08T19:27:00;Apresentação de Proposição;;Indefinida;https://www.camara.leg.br/proposicoesWeb/prop_mostrarintegra?codteor=671320
441617;74813.0;Ronaldo Caiado;DEM;GO;2;0;2009;RONALDO CAIADO;EMP;58;2009;Emenda de Plenário;"Altera a Lei n. 9.096, de 19 de setembro de 1995 (Lei dos Partidos Políticos) e a Lei n. 9.504, de 30 de setembro de 1997, que ""estabelece normas para as eleições"".";;;2009-07-08T19:25:00;https://www.camara.leg.br/proposicoesWeb/prop_mostrarintegra?codteor=671319;2009-07-08T19:25:00;Apresentação de Proposição;;Indefinida;https://www.camara.leg.br/proposicoesWeb/prop_mostrarintegra?codteor=671319
441616;74813.0;Ronaldo Caiado;DEM;GO;2;0;2009;RONALDO CAIADO;EMP;57;2009;Emenda de Plenário;"Altera a Lei n. 9.096, de 19 de setembro de 1995 (Lei dos Partidos Políticos) e a Lei n. 9.504, de 30 de setembro de 1997, que ""estabelece normas para as eleições"".";;;2009-07-08T19:23:00;https://www.camara.leg.br/proposicoesWeb/prop_mostrarintegra?codteor=671318;2009-07-08T19:23:00;Apresentação de Proposição;;Indefinida;https://www.camara.leg.br/proposicoesWeb/prop_mostrarintegra?codteor=671318
441614;74813.0;Ronaldo Caiado;DEM;GO;3;0;2009;RONALDO CAIADO;EMP;56;2009;Emenda de Plenário;Acrescenta § 8º ao artigo 45 da Lei n. 9.504/97, com a redação proposta pelo artigo 3º do projeto.;;;2009-07-08T19:21:00;https://www.camara.leg.br/proposicoesWeb/prop_mostrarintegra?codteor=671317;2009-07-08T19:21:00;Apresentação de Proposição;;Indefinida;https://www.camara.leg.br/proposicoesWeb/prop_mostrarintegra?codteor=671317
441469;74813.0;Ronaldo Caiado;DEM;GO;3;0;2009;RONALDO CAIADO;EMP;38;2009;Emenda de Plenário;Inclui artigo no projeto.;;;2009-07-08T15:55:00;https://www.camara.leg.br/proposicoesWeb/prop_mostrarintegra?codteor=671311;2009-07-08T15:55:00;Apresentação de Proposição;;Indefinida;https://www.camara.leg.br/proposicoesWeb/prop_mostrarintegra?codteor=671311
441466;74813.0;Ronaldo Caiado;DEM;GO;5;0;2009;RONALDO CAIADO;EMP;37;2009;Emenda de Plenário;Altera a redação do § 2º do artigo 37 da Lei n. 9.504/97, proposto no artigo 3º do projeto.;;;2009-07-08T15:27:00;https://www.camara.leg.br/proposicoesWeb/prop_mostrarintegra?codteor=670732;2009-07-08T15:27:00;Apresentação de Proposição;;Indefinida;https://www.camara.leg.br/proposicoesWeb/prop_mostrarintegra?codteor=670732
441303;74813.0;Ronaldo Caiado;DEM;GO;3;0;2009;RONALDO CAIADO;REQ;5152;2009;Requerimento de Urgência (Art. 155 do RICD);Requer, nos termos do art. 155 do RICD, regime de urgência na apreciação do Projeto de Resolução n° 196/2009.;;;2009-07-08T11:09:00;https://www.camara.leg.br/proposicoesWeb/prop_mostrarintegra?codteor=670436;2009-08-06T00:00:00;Arquivamento;Arquivada;Indefinida;
441239;74813.0;Ronaldo Caiado;DEM;GO;1;1;2009;RONALDO CAIADO;REQ;5150;2009;Requerimento de Sessão Solene;Requer a convocação de sessão solene da Câmara dos Deputados em homenagem (In Memoriam) ao Deputado Dr. Pinotti.;;;2009-07-08T10:22:00;https://www.camara.leg.br/proposicoesWeb/prop_mostrarintegra?codteor=670370;2012-08-01T00:00:00;Arquivamento;Arquivada;Indefinida;
441069;74813.0;Ronaldo Caiado;DEM;GO;1;1;2009;RONALDO CAIADO;REQ;5142;2009;Requerimento de Urgência (Art. 155 do RICD);Requer urgência, nos termos do Art. 155, do Regimento Interno da Câmara dos Deputados, para apreciação do Projeto de Resolução nº 197/09.;;;2009-07-07T18:10:00;https://www.camara.leg.br/proposicoesWeb/prop_mostrarintegra?codteor=670130;2009-07-07T17:10:00;Aprovação de Proposição em Plenário;Tramitação Finalizada;Indefinida;
441037;74813.0;Ronaldo Caiado;DEM;GO;1;1;2009;RONALDO CAIADO;PRC;197;2009;Projeto de Resolução;Denomina o Plenário de nº 07 da ala das Comissões Permanentes da Câmara dos Deputados de Deputado Professor Pinotti.;;Denominação, plenário da comissão, Comissão de Seguridade Social e Família, Câmara dos Deputados, homenagem póstuma, Deputado Federal.;2009-07-07T17:20:00;https://www.camara.leg.br/proposicoesWeb/prop_mostrarintegra?codteor=670062;2009-07-16T00:00:00;Publicação de Proposição;Arquivada;Proposição Sujeita à Apreciação do Plenário;https://www.camara.leg.br/proposicoesWeb/prop_mostrarintegra?codteor=706500
440460;74813.0;Ronaldo Caiado;DEM;GO;1;1;2009;RONALDO CAIADO;ESP;9;0;Emenda Substitutiva de Plenário;Altera dispositivos da Lei Complementar n. 80, de 12 de janeiro de 1994, que organiza a Defensoria Pública da União, do Distrito Federal e dos Territórios, e prescreve normas gerais para a sua organização os Estados, e dá outras providências.;;;2009-07-01T11:32:00;https://www.camara.leg.br/proposicoesWeb/prop_mostrarintegra?codteor=668591;2009-07-01T11:32:00;Apresentação de Proposição;;Indefinida;https://www.camara.leg.br/proposicoesWeb/prop_mostrarintegra?codteor=668591
440446;74813.0;Ronaldo Caiado;DEM;GO;5;0;2009;RONALDO CAIADO;EMP;1;2009;Emenda de Plenário;Altera a redação do inciso V do artigo 46 da Lei Complementar n. 80, de 12 de janeiro de 1994, alterada pelo Substitutivo da Comissão de Constituição e Justiça e de Cidadania.;;;2009-07-01T11:08:00;https://www.camara.leg.br/proposicoesWeb/prop_mostrarintegra?codteor=668581;2009-07-01T11:08:00;Apresentação de Proposição;;Indefinida;https://www.camara.leg.br/proposicoesWeb/prop_mostrarintegra?codteor=668581
440311;74813.0;Ronaldo Caiado;DEM;GO;4;0;2009;RONALDO CAIADO;REQ;5105;2009;Requerimento de Sessão Solene;Requer a convocação de sessão solene da Câmara dos Deputados para o dia 10 de agosto de 2009, às 15 horas, a fim de prestar homenagem póstuma ao Professor Goffredo da Silva Telles Jr.;;;2009-06-30T17:30:00;https://www.camara.leg.br/proposicoesWeb/prop_mostrarintegra?codteor=668278;2012-08-01T00:00:00;Arquivamento;Arquivada;Indefinida;
440274;74813.0;Ronaldo Caiado;DEM;GO;4;0;2009;RONALDO CAIADO;REQ;5099;2009;Requerimento de Urgência (Art. 155 do RICD);Requer urgência para a apreciação do PL nº 5498/2009.;;;2009-06-30T16:04:00;https://www.camara.leg.br/proposicoesWeb/prop_mostrarintegra?codteor=668188;2009-06-30T00:00:00;Aprovação de Proposição em Plenário;Tramitação Finalizada;Indefinida;https://www.camara.leg.br/proposicoesWeb/prop_mostrarintegra?codteor=693717
440269;74813.0;Ronaldo Caiado;DEM;GO;4;1;2009;RONALDO CAIADO;PL;5498;2009;Projeto de Lei;"Altera a Lei nº 9.096, de 19 de setembro de 1995 (Lei dos Partidos Políticos) e a Lei nº 9.504, de 30 de setembro de 1997, que ""estabelece normas para as eleições"".";"Projeto de Reforma Eleitoral (Minirreforma Eleitoral), que autoriza o uso da internet nas campanhas eleitorais e o recebimento de doação de recursos por este meio (web); define critérios para propaganda eleitoral antecipada e o horário eleitoral gratuito, proibindo o uso de trucagem ou montagem; institui o voto impresso para conferência com os da urna eletrônica.";Alteração, Lei Orgânica dos Partidos Políticos, Reforma Eleitoral, assunção de dívida, débito, despesa, campanha eleitoral, diretório, partido político, prestação de contas, Tribunal Superior Eleitoral (TSE), desaprovação,  proporcionalidade, suspensão, repasse, cota, Fundo Partidário, cabimento, recurso judicial, Tribunal Regional Eleitoral (TRE), rejeição, contas, autorização, candidato, arrecadação, recursos financeiros, doação, pessoa física, pessoa jurídica, ano eleitoral, aplicação de recursos,  propaganda partidária, horário gratuito, rádio, televisão, difusão, participação, política, mulher, proibição, pagamento. _Alteração, Lei das Eleições, legitimidade, coligação partidária, anulação, deliberação, partido político, convenção partidária, proposta, solicitação, registro, Justiça Eleitoral, prioridade, prazo, julgamento, preferência, candidatura, acesso, documento, gozo, direitos políticos, certidão de quitação eleitoral, multa, condição, elegibilidade, inelegibilidade, exigência, denominação, coligação, igualdade, nome, candidato, escolha, substituto, autorização, pessoa física, pessoa jurídica, doação, campanha eleitoral, formulário, Internet, meio eletrônico, dispensa, assinatura, doador, identificação, documentação, prestação de contas, regularidade, rejeição, publicação, Diário Oficial, representação, recurso judicial, prazo, representação, ato ilícito, captação de sufrágio, compra, voto, gastos, agente público, abuso de autoridade, comparecimento, inaguração, obra pública, anterioridade, eleições. _Divulgação, Justiça Eleitoral, resultado, pesquisa eleitoral, opinião pública, autorização,  antecipação, propaganda eleitoral, (Internet), mensagem eletrônica, candidato, partido político, inclusão, nome, vice-candidato, suplente, Senador, propaganda, bens particulares, gratuidade, definição, bens comuns, proibição, fixação, cartaz, árvore, jardim, autorização, utilização, via pública, divulgação, horário, dados, empresa, valor, pagamento, panfleto, material gráfico, possibilidade, eleitor, uso pessoal, adesivo, bandeira, dia, eleição, proibição, empresa, fornecimento, venda, dados, cadastro, endereço eletrônico, propaganda eleitoral gratuita, emissora, rádio, televisão, utilização, Língua Brasileira de Sinais (Libras), legenda, restrição, promoção, produto, propaganda comercial, facultatividade, transmissão, debate, eleição majoritária, eleição proporcional, reserva, horário, direito de resposta, abuso de autoridade, perda, registro, diploma, preferência, tramitação, processo judicial, obrigatoriedade, Ministério Público, fiscalização, legislação. _Manutenção, direitos, candidato, registro, sub judice, inclusão, utilização, horário eleitoral gratuito, validade, voto, escolha, representante, partido político. _Criação, impressão, voto, máquinas, urna eletrônica, conferência, eleitor, eleição proporcional, eleição majoritária, identificação, assinatura digital.;2009-06-30T16:03:00;https://www.camara.leg.br/proposicoesWeb/prop_mostrarintegra?codteor=668202;2025-06-25T00:00:00;Notificações;Transformado em Norma Jurídica;Indefinida;
440115;74813.0;Ronaldo Caiado;DEM;GO;1;1;2009;RONALDO CAIADO;EMC;16;2009;Emenda na Comissão;Dá nova redação à MPV nº 464/2009.;;;2009-06-16T17:45:00;https://www.camara.leg.br/proposicoesWeb/prop_mostrarintegra?codteor=667714;2009-06-16T17:45:00;Apresentação de Proposição;;Indefinida;https://www.camara.leg.br/proposicoesWeb/prop_mostrarintegra?codteor=667714
440113;74813.0;Ronaldo Caiado;DEM;GO;1;1;2009;RONALDO CAIADO;EMC;14;2009;Emenda na Comissão;Dá nova redação à MPV nº 464/2009.;;;2009-06-16T17:13:00;https://www.camara.leg.br/proposicoesWeb/prop_mostrarintegra?codteor=667712;2009-06-16T17:13:00;Apresentação de Proposição;;Indefinida;https://www.camara.leg.br/proposicoesWeb/prop_mostrarintegra?codteor=667712
440112;74813.0;Ronaldo Caiado;DEM;GO;1;1;2009;RONALDO CAIADO;EMC;13;2009;Emenda na Comissão;Dá nova redação à MPV nº 464/2009.;;;2009-06-16T17:13:00;https://www.camara.leg.br/proposicoesWeb/prop_mostrarintegra?codteor=667711;2009-06-16T17:13:00;Apresentação de Proposição;;Indefinida;https://www.camara.leg.br/proposicoesWeb/prop_mostrarintegra?codteor=667711
440111;74813.0;Ronaldo Caiado;DEM;GO;1;1;2009;RONALDO CAIADO;EMC;12;2009;Emenda na Comissão;Dá nova redação à MPV nº 464/2009.;;;2009-06-16T17:13:00;https://www.camara.leg.br/proposicoesWeb/prop_mostrarintegra?codteor=667709;2009-06-16T17:13:00;Apresentação de Proposição;;Indefinida;https://www.camara.leg.br/proposicoesWeb/prop_mostrarintegra?codteor=667709
440109;74813.0;Ronaldo Caiado;DEM;GO;1;1;2009;RONALDO CAIADO;EMC;10;2009;Emenda na Comissão;Dá nova redação à MPV nº 464/2009.;;;2009-06-16T16:40:00;https://www.camara.leg.br/proposicoesWeb/prop_mostrarintegra?codteor=667707;2009-06-16T16:40:00;Apresentação de Proposição;;Indefinida;https://www.camara.leg.br/proposicoesWeb/prop_mostrarintegra?codteor=667707
440107;74813.0;Ronaldo Caiado;DEM;GO;1;1;2009;RONALDO CAIADO;EMC;8;2009;Emenda na Comissão;Dá nova redação à MPV nº 464/2009.;;;2009-06-16T17:13:00;https://www.camara.leg.br/proposicoesWeb/prop_mostrarintegra?codteor=667704;2009-06-16T17:13:00;Apresentação de Proposição;;Indefinida;https://www.camara.leg.br/proposicoesWeb/prop_mostrarintegra?codteor=667704
439930;74813.0;Ronaldo Caiado;DEM;GO;2;1;2009;RONALDO CAIADO;REQ;200;2009;Requerimento;Solicita informações ao Senhor Diretor-Geral da  Agência Nacional de Energia Elétrica - ANEEL, acerca da metodologia das revisões tarifárias das concessionárias distribuidoras de energia elétrica, bem como os índices a elas aplicados.;;;2009-06-24T15:30:00;https://www.camara.leg.br/proposicoesWeb/prop_mostrarintegra?codteor=667295;2009-08-28T00:00:00;Notificações;Arquivada;Indefinida;
439908;74813.0;Ronaldo Caiado;DEM;GO;4;0;2009;RONALDO CAIADO;REQ;5092;2009;Requerimento de Retirada de Proposição de Iniciativa Individual;Solicita a retirada de tramitação do Requerimento nº 5.046/2009, que “requer, nos termos do art. 155, seja submetido ao Plenário, o texto do Acordo Internacional do Café de 2007, assinado no Brasil, em 19 de maio de 2009”.;;;2009-06-24T17:29:00;https://www.camara.leg.br/proposicoesWeb/prop_mostrarintegra?codteor=667223;2009-07-01T00:00:00;Distribuição;Arquivada;Indefinida;https://www.camara.leg.br/proposicoesWeb/prop_mostrarintegra?codteor=668697
439803;74813.0;Ronaldo Caiado;DEM;GO;6;0;2009;RONALDO CAIADO;REQ;420;2009;Requerimento;Requer informações ao Senhor Diretor-Geral da  Agência Nacional de Energia Elétrica - ANEEL, acerca da metodologia das revisões tarifárias das concessionárias distribuidoras de energia elétrica, bem como os índices a elas aplicados.;;;2009-06-24T14:45:00;https://www.camara.leg.br/proposicoesWeb/prop_mostrarintegra?codteor=667011;2010-03-24T00:00:00;Aprovação;Arquivada;Indefinida;
439770;74813.0;Ronaldo Caiado;DEM;GO;3;0;2009;RONALDO CAIADO;REQ;190;2009;Requerimento;Solicita informações ao Senhor Diretor-Geral da  Agência Nacional de Energia Elétrica - ANEEL, acerca da metodologia das revisões tarifárias das concessionárias distribuidoras de energia elétrica, bem como os índices a elas aplicados.;;;2009-06-24T14:36:00;https://www.camara.leg.br/proposicoesWeb/prop_mostrarintegra?codteor=666962;2019-01-31T00:00:00;Arquivamento;Arquivada;Indefinida;
439653;74813.0;Ronaldo Caiado;DEM;GO;1;1;2009;RONALDO CAIADO;REQ;5079;2009;Requerimento de Urgência (Art. 155 do RICD);Requer, nos termos do art. 155, seja incluído automaticamente na Ordem do Dia, o Projeto de Lei nº 7297/06.;;;2009-06-24T10:21:00;https://www.camara.leg.br/proposicoesWeb/prop_mostrarintegra?codteor=666800;2011-01-14T00:00:00;Arquivamento;Arquivada;Indefinida;
439219;74813.0;Ronaldo Caiado;DEM;GO;1;1;2009;RONALDO CAIADO;REQ;5047;2009;Requerimento de Moção;O DEMOCRATAS requer o reconhecimento dos esforços envidados pelas Forças Armadas do Brasil nas operações de resgate do avião da Air France, em face do acidente ocorrido no dia 31 de maio de 2009.;;;2009-06-17T20:17:00;https://www.camara.leg.br/proposicoesWeb/prop_mostrarintegra?codteor=665500;2009-08-10T00:00:00;Arquivamento;Arquivada;Indefinida;
439177;74813.0;Ronaldo Caiado;DEM;GO;6;0;2009;RONALDO CAIADO;REQ;5045;2009;Requerimento de Transformação de Sessão Plenária em Comissão Geral;"Requer a transformação da sessão plenária do dia 21 de outubro de 2009 em Comissão Geral, com a finalidade de debater sobre a ""Ciência no Brasil"".";;;2009-06-17T19:07:00;https://www.camara.leg.br/proposicoesWeb/prop_mostrarintegra?codteor=665434;2011-01-12T00:00:00;Arquivamento;Arquivada;Indefinida;
438756;74813.0;Ronaldo Caiado;DEM;GO;1;1;2009;RONALDO CAIADO;REQ;5025;2009;Requerimento de Urgência (Art. 155 do RICD);Requer Urgência, nos termos do Art. 155, do Regimento Interno da Câmara dos Deputados, para apreciação do Projeto de Lei nº 1.472 de 2007.;;;2009-06-16T16:04:00;https://www.camara.leg.br/proposicoesWeb/prop_mostrarintegra?codteor=664859;2009-06-16T14:00:00;Aprovação de Proposição em Plenário;Tramitação Finalizada;Indefinida;
438742;74813.0;Ronaldo Caiado;DEM;GO;3;0;2009;RONALDO CAIADO;REQ;5024;2009;Requerimento de Urgência (Art. 155 do RICD);Requer regime de urgência para a tramitação da Mensagem nº 134/2009, que submete à apreciação do Congresso Nacional o texto do Acordo entre a República Federativa do Brasil e a Santa Sé, relativo ao Estatuto Jurídico da Igreja Católica no Brasil, assinado na Cidade-Estado do Vaticano, em 13 de novembro de 2008.;;;2009-06-16T15:29:00;https://www.camara.leg.br/proposicoesWeb/prop_mostrarintegra?codteor=664617;2009-06-30T00:00:00;Prejudicado;Arquivada;Indefinida;
438642;74813.0;Ronaldo Caiado;DEM;GO;1;1;2009;RONALDO CAIADO;REQ;5021;2009;Requerimento de Desapensação;Requer  a  desapensação   do   PL  n° 5089/09, que foi apensado ao PL n° 7604/06.;;;2009-06-16T14:14:00;https://www.camara.leg.br/proposicoesWeb/prop_mostrarintegra?codteor=664489;2009-06-26T00:00:00;Distribuição;Tramitação Finalizada;Indefinida;https://www.camara.leg.br/proposicoesWeb/prop_mostrarintegra?codteor=667652
437471;74813.0;Ronaldo Caiado;DEM;GO;1;1;2009;RONALDO CAIADO;REC;282;2009;Recurso contra decisão do Presidente da CD em Questao de Ordem (Art. 95, § 8º, RICD);Recorre, nos termos do art. 95, §8° do RICD da decisão da Presidência que indeferiu a Questão de Ordem n. 479, de 2009, sobre a reapresentação de proposição devolvida ao autor por insuficiência de assinaturas.;;;2009-06-04T12:53:00;https://www.camara.leg.br/proposicoesWeb/prop_mostrarintegra?codteor=662247;2013-02-25T00:00:00;Encaminhamento;Arquivada;Proposição Sujeita à Apreciação do Plenário;
437377;74813.0;Ronaldo Caiado;DEM;GO;2;0;2009;RONALDO CAIADO;REQ;4936;2009;Requerimento de Urgência (Art. 155 do RICD);Requer urgência nos termos do Art. 155, do Regimento Interno da Câmara dos Deputados, para apreciação do Projeto de Lei Complementar nº 429 de 2008, que altera os artigos 19 e 20 da Lei Complementar nº 101, de 04 de maio de 2000 - Lei de Responsabilidade Fiscal, e dá outras providências;;;2009-06-03T20:31:00;https://www.camara.leg.br/proposicoesWeb/prop_mostrarintegra?codteor=662061;2011-01-14T00:00:00;Arquivamento;Arquivada;Indefinida;
437370;74813.0;Ronaldo Caiado;DEM;GO;34;1;2009;RONALDO CAIADO;PL;5367;2009;Projeto de Lei;"Institui o Código Ambiental Brasileiro, estabelece a Política Nacional de Meio Ambiente, definindo os bens que pretende proteger e criando os instrumentos para essa proteção; cria a política geral de meio ambiente urbano; revoga o Decreto-Lei nº 1.413, de 14 de agosto de 1975, o Decreto nº 4.297, de 10 de julho de 2002, as Leis nºs 6.938, de 31 de agosto de 1981 e 4.771, de 15 de setembro de 1965, o art. 7º da Lei nº 9.605, de 12 de fevereiro de 1998, e o art. 22 da Lei nº 9.985, de 18 de julho de 2000.";;"Criação, Código Ambiental Brasileiro, fixação, diretrizes, Política Nacional do Meio Ambiente, organização administrativa, Sistema Nacional de Meio Ambiente, Instituto Brasileiro do Meio Ambiente e dos Recursos Naturais Renováveis (Ibama), Instituto Chico Mendes, Conselho Nacional do Meio Ambiente, proteção, sociedade, água, solo, ar, biodiversidade, flora, fauna, zoneamento ecológico-econômico, licenciamento ambiental, área de proteção ambiental, vegetação, mata ciliar, reserva florestal, remuneração, serviços, recursos ambientais, sistema de informação, matéria ambiental, critérios, parcelamento, solo urbano.  
_Alteração, Lei do SNUC, criação, unidade de conservação da natureza, aprovação, Legislativo, elaboração, estudo técnico, equipe interdisciplinar, prazo determinado, caducidade, ação de indenização, propositura, ação  de desapropriação, propriedade particular, recursos orçamentários, regularização fundiária, direitos, permanência, propriedade rural, prazo, recebimento, indenização, população tradicional, continuação, utilização, recursos ambientais, período, implementação, dispensa, averbação, reserva legal, demarcação, área de preservação permanente.
_Alteração, Lei dos Crimes Ambientais, gradação, penalidade, crime ambiental, substituição, pena restritiva de direitos, pena privativa de liberdade, reparação, dano ambiental, melhoria, qualidade, meio ambiente, revogação, Lei da Política Nacional do Meio Ambiente, Código Florestal.
_ Executivo, prazo, levantamento, terra devoluta, critérios, elaboração, Plano de Gerenciamento de Resíduos Sólidos, relação, espécie, controle ambiental, flora, fauna, ameaça, extinção.
_ Poder Público, subsídio, adaptação, veículo usado, redução, poluição atmosférica.";2009-06-03T19:45:00;https://www.camara.leg.br/proposicoesWeb/prop_mostrarintegra?codteor=662045;2019-02-07T09:46:00;Apresentação de Requerimento;Arquivada;Proposição Sujeita à Apreciação do Plenário;https://www.camara.leg.br/proposicoesWeb/prop_mostrarintegra?codteor=1708352
437002;74813.0;Ronaldo Caiado;DEM;GO;3;0;2009;RONALDO CAIADO;EMP;2;2009;Emenda de Plenário;Dá nova redação aos artigos 76, 77, 78 e 79 do substitutivo adotado pela Comissão Especial.;;;2009-06-02T22:57:00;https://www.camara.leg.br/proposicoesWeb/prop_mostrarintegra?codteor=661615;2009-06-02T22:57:00;Apresentação de Proposição;;Indefinida;https://www.camara.leg.br/proposicoesWeb/prop_mostrarintegra?codteor=661615
436965;74813.0;Ronaldo Caiado;DEM;GO;1;1;2009;RONALDO CAIADO;EMC;33;2009;Emenda na Comissão;Dá nova redação à Medida Provisória nº 462/09, de 14 de maio de 2009.;;;2009-05-21T13:20:00;https://www.camara.leg.br/proposicoesWeb/prop_mostrarintegra?codteor=661347;2009-05-21T13:20:00;Apresentação de Proposição;;Indefinida;https://www.camara.leg.br/proposicoesWeb/prop_mostrarintegra?codteor=661347
436931;74813.0;Ronaldo Caiado;DEM;GO;6;0;2009;RONALDO CAIADO;REQ;4905;2009;Requerimento de Urgência (Art. 155 do RICD);Requer urgência para a apreciação do Projeto de Lei n.º 3.118/04.;;;2009-06-02T18:16:00;https://www.camara.leg.br/proposicoesWeb/prop_mostrarintegra?codteor=661296;2011-01-14T00:00:00;Arquivamento;Arquivada;Indefinida;
436853;74813.0;Ronaldo Caiado;DEM;GO;1;1;2009;RONALDO CAIADO;EMC;11;2009;Emenda na Comissão;Dá nova redação à Medida Provisória 462/09, de 14 de maio de 2009.;;;2009-05-21T14:40:00;https://www.camara.leg.br/proposicoesWeb/prop_mostrarintegra?codteor=661160;2009-05-21T14:40:00;Apresentação de Proposição;;Indefinida;https://www.camara.leg.br/proposicoesWeb/prop_mostrarintegra?codteor=661160
436851;74813.0;Ronaldo Caiado;DEM;GO;1;1;2009;RONALDO CAIADO;EMC;10;2009;Emenda na Comissão;Dá nova redação à Medida Provisória 462/09, de 14 de maio de 2009.;;;2009-05-21T14:40:00;https://www.camara.leg.br/proposicoesWeb/prop_mostrarintegra?codteor=661157;2009-05-21T14:40:00;Apresentação de Proposição;;Indefinida;https://www.camara.leg.br/proposicoesWeb/prop_mostrarintegra?codteor=661157
436841;74813.0;Ronaldo Caiado;DEM;GO;1;1;2009;RONALDO CAIADO;EMC;5;2009;Emenda na Comissão;Dá nova redação à Medida Provisória 462/09, de 14 de maio de 2009.;;;2009-05-21T14:40:00;https://www.camara.leg.br/proposicoesWeb/prop_mostrarintegra?codteor=661144;2009-05-21T14:40:00;Apresentação de Proposição;;Indefinida;https://www.camara.leg.br/proposicoesWeb/prop_mostrarintegra?codteor=661144
436840;74813.0;Ronaldo Caiado;DEM;GO;1;1;2009;RONALDO CAIADO;EMC;4;2009;Emenda na Comissão;Dá nova redação à Medida Provisória 462/09, de 14 de maio de 2009.;;;2009-05-21T13:19:00;https://www.camara.leg.br/proposicoesWeb/prop_mostrarintegra?codteor=661143;2009-05-21T13:19:00;Apresentação de Proposição;;Indefinida;https://www.camara.leg.br/proposicoesWeb/prop_mostrarintegra?codteor=661143
436839;74813.0;Ronaldo Caiado;DEM;GO;1;1;2009;RONALDO CAIADO;EMC;3;2009;Emenda na Comissão;Dá nova redação à Medida Provisória 462/09, de 14 de maio de 2009.;;;2009-05-21T13:18:00;https://www.camara.leg.br/proposicoesWeb/prop_mostrarintegra?codteor=661142;2009-05-21T13:18:00;Apresentação de Proposição;;Indefinida;https://www.camara.leg.br/proposicoesWeb/prop_mostrarintegra?codteor=661142
436198;74813.0;Ronaldo Caiado;DEM;GO;2;0;2009;RONALDO CAIADO;REQ;4872;2009;Requerimento de Urgência (Art. 155 do RICD);Requer regime de urgência na apreciação da Mensagem nº 134/2009 que submete à apreciação do Congresso Nacional, o texto do Acordo entre a República Federativa do Brasil e a Santa Sé relativo ao Estatuto Jurídico da Igreja Católica no Brasil, assinado na Cidade-Estado do Vaticano, em 13 de novembro de 2008.;;;2009-05-27T17:56:00;https://www.camara.leg.br/proposicoesWeb/prop_mostrarintegra?codteor=659620;2009-06-30T00:00:00;Aprovação de Proposição em Plenário;Tramitação Finalizada;Indefinida;https://www.camara.leg.br/proposicoesWeb/prop_mostrarintegra?codteor=693754
435704;74813.0;Ronaldo Caiado;DEM;GO;2;0;2009;RONALDO CAIADO;INC;4171;2009;Indicação;Sugere ao Governo brasileiro a edição de Medida Provisória  e de providências administrativas para enfrentar o estado de calamidade nas Regiões Norte e Nordeste, em razão das chuvas.;;;2009-05-26T11:54:00;https://www.camara.leg.br/proposicoesWeb/prop_mostrarintegra?codteor=653778;2014-02-25T00:00:00;Notificações;Arquivada;Indefinida;https://www.camara.leg.br/proposicoesWeb/prop_mostrarintegra?codteor=1231246
435641;74813.0;Ronaldo Caiado;DEM;GO;2;0;2009;RONALDO CAIADO;INC;4170;2009;Indicação;Sugere ao Governo rever sua posição sobre as eleições para a nova direção da UNESCO, retirando seu apoio ao Ministro da Cultura egípcio, Farouk Hosny.;;;2009-05-25T15:34:00;https://www.camara.leg.br/proposicoesWeb/prop_mostrarintegra?codteor=657342;2014-02-25T00:00:00;Notificações;Arquivada;Indefinida;https://www.camara.leg.br/proposicoesWeb/prop_mostrarintegra?codteor=1231246
435530;74813.0;Ronaldo Caiado;DEM;GO;1;1;2009;RONALDO CAIADO;REQ;4847;2009;Requerimento de Reconstituição de proposição;Requer a reconstituição da PFC 15, de 2007, de autoria do Deputado Abelardo Lupion;;;2009-05-21T18:06:00;https://www.camara.leg.br/proposicoesWeb/prop_mostrarintegra?codteor=658266;2009-05-27T10:21:00;Distribuição;Tramitação Finalizada;Indefinida;https://www.camara.leg.br/proposicoesWeb/prop_mostrarintegra?codteor=659155
435395;74813.0;Ronaldo Caiado;DEM;GO;7;0;2009;RONALDO CAIADO;REQ;4842;2009;Requerimento de Urgência (Art. 155 do RICD);Requer, nos termos do art. 155 do RICD,  regime de urgência na apreciação do Projeto de Resolução n° 167/2009.;;;2009-05-21T11:41:00;https://www.camara.leg.br/proposicoesWeb/prop_mostrarintegra?codteor=658022;2009-05-21T09:00:00;Aprovação de Proposição em Plenário;Tramitação Finalizada;Indefinida;
435276;74813.0;Ronaldo Caiado;DEM;GO;101;0;2009;RONALDO CAIADO;EMC;1;2009;Emenda na Comissão;Altera o inciso XII do art. 93 da Constituição Federal.;;;2009-05-20T19:36:00;https://www.camara.leg.br/proposicoesWeb/prop_mostrarintegra?codteor=657859;2009-11-11T00:00:00;Retirada pelo(a) Autor(a);Retirado pelo(a) Autor(a);Indefinida;
435271;74813.0;Ronaldo Caiado;DEM;GO;3;0;2009;RONALDO CAIADO;REQ;4836;2009;Requerimento de Constituição de Comissão Externa;Requer, na forma do art. 38 do RICD, a instituição de Comissão Externa para cumprir missão de acompanhamento de investigações a respeito da  quadrilha de neozistas desarticulada no Estado do Rio do Grande do Sul, com células organizadas em São Paulo, Paraná e Santa Catarina, e seus desdobramentos.;;;2009-05-20T19:22:00;https://www.camara.leg.br/proposicoesWeb/prop_mostrarintegra?codteor=657852;2011-01-13T00:00:00;Arquivamento;Arquivada;;
434977;74813.0;Ronaldo Caiado;DEM;GO;3;0;2009;RONALDO CAIADO;EMP;14;2009;Emenda de Plenário;Emenda de Plenário nº 14.;;;2009-05-12T20:52:00;https://www.camara.leg.br/proposicoesWeb/prop_mostrarintegra?codteor=657494;2009-05-12T20:52:00;Apresentação de Proposição;;Indefinida;https://www.camara.leg.br/proposicoesWeb/prop_mostrarintegra?codteor=657494
434976;74813.0;Ronaldo Caiado;DEM;GO;3;0;2009;RONALDO CAIADO;EMP;13;2009;Emenda de Plenário;Emenda de Plenário nº 13.;;;2009-05-12T20:51:00;https://www.camara.leg.br/proposicoesWeb/prop_mostrarintegra?codteor=657492;2009-05-12T20:51:00;Apresentação de Proposição;;Indefinida;https://www.camara.leg.br/proposicoesWeb/prop_mostrarintegra?codteor=657492
434973;74813.0;Ronaldo Caiado;DEM;GO;1;1;2009;RONALDO CAIADO;EMP;12;2009;Emenda de Plenário;Emenda de Plenário nº 12.;;;2009-05-12T20:51:00;https://www.camara.leg.br/proposicoesWeb/prop_mostrarintegra?codteor=657490;2009-05-12T20:51:00;Apresentação de Proposição;;Indefinida;https://www.camara.leg.br/proposicoesWeb/prop_mostrarintegra?codteor=657490
434969;74813.0;Ronaldo Caiado;DEM;GO;4;0;2009;RONALDO CAIADO;EMP;9;2009;Emenda de Plenário;Emenda de Plenário nº 9.;;;2009-05-12T20:48:00;https://www.camara.leg.br/proposicoesWeb/prop_mostrarintegra?codteor=657572;2009-05-12T20:48:00;Apresentação de Proposição;;Indefinida;https://www.camara.leg.br/proposicoesWeb/prop_mostrarintegra?codteor=657572
434968;74813.0;Ronaldo Caiado;DEM;GO;4;0;2009;RONALDO CAIADO;EMP;8;2009;Emenda de Plenário;Emenda de Plenário nº 8.;;;2009-05-12T20:47:00;https://www.camara.leg.br/proposicoesWeb/prop_mostrarintegra?codteor=657570;2009-05-12T20:47:00;Apresentação de Proposição;;Indefinida;https://www.camara.leg.br/proposicoesWeb/prop_mostrarintegra?codteor=657570
434965;74813.0;Ronaldo Caiado;DEM;GO;4;0;2009;RONALDO CAIADO;EMP;7;2009;Emenda de Plenário;Emenda de Plenário nº 7.;;;2009-05-12T20:44:00;https://www.camara.leg.br/proposicoesWeb/prop_mostrarintegra?codteor=657561;2009-05-12T20:44:00;Apresentação de Proposição;;Indefinida;https://www.camara.leg.br/proposicoesWeb/prop_mostrarintegra?codteor=657561
434963;74813.0;Ronaldo Caiado;DEM;GO;4;0;2009;RONALDO CAIADO;EMP;6;2009;Emenda de Plenário;Emenda de Plenário nº 6.;;;2009-05-12T20:41:00;https://www.camara.leg.br/proposicoesWeb/prop_mostrarintegra?codteor=657532;2009-05-12T20:41:00;Apresentação de Proposição;;Indefinida;https://www.camara.leg.br/proposicoesWeb/prop_mostrarintegra?codteor=657532
434962;74813.0;Ronaldo Caiado;DEM;GO;5;0;2009;RONALDO CAIADO;EMP;5;2009;Emenda de Plenário;Emenda de Plenário nº 5.;;;2009-05-12T20:37:00;https://www.camara.leg.br/proposicoesWeb/prop_mostrarintegra?codteor=657531;2009-05-12T20:37:00;Apresentação de Proposição;;Indefinida;https://www.camara.leg.br/proposicoesWeb/prop_mostrarintegra?codteor=657531
434961;74813.0;Ronaldo Caiado;DEM;GO;3;0;2009;RONALDO CAIADO;EMP;4;2009;Emenda de Plenário;Emenda de Plenário nº 4.;;;2009-05-12T20:36:00;https://www.camara.leg.br/proposicoesWeb/prop_mostrarintegra?codteor=657528;2009-05-12T20:36:00;Apresentação de Proposição;;Indefinida;https://www.camara.leg.br/proposicoesWeb/prop_mostrarintegra?codteor=657528
434960;74813.0;Ronaldo Caiado;DEM;GO;4;0;2009;RONALDO CAIADO;EMP;3;2009;Emenda de Plenário;Emenda de Plenário nº 3.;;;2009-05-12T20:35:00;https://www.camara.leg.br/proposicoesWeb/prop_mostrarintegra?codteor=657527;2009-05-12T20:35:00;Apresentação de Proposição;;Indefinida;https://www.camara.leg.br/proposicoesWeb/prop_mostrarintegra?codteor=657527
434941;74813.0;Ronaldo Caiado;DEM;GO;4;0;2009;RONALDO CAIADO;REQ;4814;2009;Requerimento de Moção;Conclama o Governo a rever sua posição sobre as eleições para a nova direção da UNESCO, retirando seu apoio ao Ministro da Cultura egípcio, Farouk Hosny.;;;2009-05-19T19:48:00;https://www.camara.leg.br/proposicoesWeb/prop_mostrarintegra?codteor=657342;2009-05-25T00:00:00;Recebimento;Tramitação Finalizada;Indefinida;
434821;74813.0;Ronaldo Caiado;DEM;GO;1;1;2009;RONALDO CAIADO;REC;273;2009;Recurso contra apreciação conclusiva de comissão (Art. 58, § 1º c/c art. 132, § 2º, RICD);"Contra a apreciação conclusiva do Projeto de Lei nº. 3376 de 2004, que acrescenta parágrafo ao art. 24 da Lei nº 8.906, de 04 de julho de 1994, que ""Dispõe sobre o Estatuto da Advocacia e a Ordem dos Advogados do Brasil (OAB)"".";;;2009-05-19T17:21:00;https://www.camara.leg.br/proposicoesWeb/prop_mostrarintegra?codteor=657174;2009-09-09T17:01:00;Distribuição;Arquivada;Proposição Sujeita à Apreciação do Plenário;https://www.camara.leg.br/proposicoesWeb/prop_mostrarintegra?codteor=689495
434605;74813.0;Ronaldo Caiado;DEM;GO;4;0;2009;RONALDO CAIADO;REQ;4798;2009;Requerimento de Transformação de Sessão Plenária em Comissão Geral;Requer a transformação de sessão plenária da Câmara dos Deputados em Comissão Geral para debater a política nacional para exploração da província petrolífera do Pré-Sal.;;;2009-05-15T16:00:00;https://www.camara.leg.br/proposicoesWeb/prop_mostrarintegra?codteor=656616;2009-06-02T00:00:00;Arquivamento;Tramitação Finalizada;Indefinida;
434321;74813.0;Ronaldo Caiado;DEM;GO;1;1;2009;RONALDO CAIADO;REC;268;2009;Recurso contra decisão do Presidente da CD em Questao de Ordem (Art. 95, § 8º, RICD);Recorre, nos termos do art. 95, § 8° do Regimento Interno, da decisão da Presidência na Questão de Ordem n. 453, de 2009, a respeito do fundamento utilizado para avaliar quais são as matérias passíveis de serem pautadas em sessão extraordinária quando há medidas provisórias sobrestando a pauta da Câmara dos Deputados, à luz das novas regras de sobrestamento.;;;2009-05-14T10:51:00;https://www.camara.leg.br/proposicoesWeb/prop_mostrarintegra?codteor=656124;2013-02-25T00:00:00;Encaminhamento;Arquivada;Indefinida;
434204;74813.0;Ronaldo Caiado;DEM;GO;8;0;2009;RONALDO CAIADO;REQ;4768;2009;Requerimento de Urgência (Art. 155 do RICD);Requer, com base no art. 155 do RICD, urgência para a apreciação do Projeto de Lei nº 987/07;;;2009-05-13T17:51:00;https://www.camara.leg.br/proposicoesWeb/prop_mostrarintegra?codteor=655944;2011-01-14T00:00:00;Arquivamento;Arquivada;Indefinida;
434018;74813.0;Ronaldo Caiado;DEM;GO;2;0;2009;RONALDO CAIADO;REQ;398;2009;Requerimento;"Requer a realização de Audiência Pública, com a presença dos Srs. José Sérgio Gabrielli, Presidente da Petrobras;  Almir Guilherme Barbassa, Diretor Financeiro da estatal; e a Sra. Lina Maria Vieira, Secretária da Receita Federal, para prestarem esclarecimentos sobre a decisão que alterou o regime de recolhimento de impostos da estatal quando já iniciado o ano-calendário de 2008.";;;2009-05-13T10:55:00;https://www.camara.leg.br/proposicoesWeb/prop_mostrarintegra?codteor=655641;2011-03-16T00:00:00;Arquivamento;Arquivada;Indefinida;
433065;74813.0;Ronaldo Caiado;DEM;GO;7;0;2009;RONALDO CAIADO;REQ;4715;2009;Requerimento de Urgência (Art. 155 do RICD);Requer Urgência nos termos do art. 155 do RICD;;;2009-05-05T19:32:00;https://www.camara.leg.br/proposicoesWeb/prop_mostrarintegra?codteor=653883;2011-01-14T00:00:00;Arquivamento;Arquivada;Indefinida;
433050;74813.0;Ronaldo Caiado;DEM;GO;4;0;2009;RONALDO CAIADO;REQ;4708;2009;Requerimento de Inclusão de Matéria na Ordem do Dia;"Requer inclusão na Ordem do Dia a Proposta de Emenda à Constituição nº 483-A, de 2005, do Senado Federal, que ""altera o art. 89 do Ato das Disposições Constitucionais Transitórias"", incluindo os servidores públicos, civis e militares, custeados pela União até 31 de dezembro de 1991, no quadro em extinção da Administração Federal do ex - Território Federal de Rondônia"".";;;2009-05-05T18:47:00;https://www.camara.leg.br/proposicoesWeb/prop_mostrarintegra?codteor=653225;2014-09-18T00:00:00;Notificações;Arquivada;Indefinida;https://www.camara.leg.br/proposicoesWeb/prop_mostrarintegra?codteor=1279370
433003;74813.0;Ronaldo Caiado;DEM;GO;1;1;2009;RONALDO CAIADO;REQ;4690;2009;Requerimento de Inclusão de Matéria na Ordem do Dia;Requer a inclusão em Ordem do Dia, do Projeto de Lei nº 5.829, de 2005.;;;2009-05-05T17:26:00;https://www.camara.leg.br/proposicoesWeb/prop_mostrarintegra?codteor=653143;2009-06-24T00:00:00;Arquivamento;Arquivada;Indefinida;
433002;74813.0;Ronaldo Caiado;DEM;GO;1;1;2009;RONALDO CAIADO;REQ;4689;2009;Requerimento de Inclusão de Matéria na Ordem do Dia;Requer a inclusão em Ordem do Dia, do Projeto de Lei nº 552, de 2007.;;;2009-05-05T17:25:00;https://www.camara.leg.br/proposicoesWeb/prop_mostrarintegra?codteor=653142;2011-01-12T00:00:00;Arquivamento;Arquivada;Indefinida;
432992;74813.0;Ronaldo Caiado;DEM;GO;4;0;2009;RONALDO CAIADO;REQ;4688;2009;Requerimento de Urgência (Art. 155 do RICD);"Requeremos, nos termos do artigo 155, do Regimento Interno da Câmara dos Deputados, urgência para apreciação do Projeto de Lei  n° 465, de 1999,  que  ""Modifica o art. 20 da Lei nº 8.036, de 11 de maio de 1990, de forma a permitir a utilização do FGTS para aquisição de lote urbanizado, para quitação de prestações atrasadas de financiamento habitacional e para amortização de parcelas de financiamento estudantil"".";;;2009-05-05T17:04:00;https://www.camara.leg.br/proposicoesWeb/prop_mostrarintegra?codteor=653126;2011-01-14T00:00:00;Arquivamento;Arquivada;Indefinida;
432611;74813.0;Ronaldo Caiado;DEM;GO;12;0;2009;RONALDO CAIADO;REQ;4679;2009;Requerimento de Transformação de Sessão Plenária em Comissão Geral;Requer a convocação de Comissão Geral para discutir os efeitos da crise financeira internacional sobre a economia brasileira.;;;2009-04-29T21:07:00;https://www.camara.leg.br/proposicoesWeb/prop_mostrarintegra?codteor=651939;2009-05-27T00:00:00;Arquivamento;Tramitação Finalizada;Indefinida;
432584;74813.0;Ronaldo Caiado;DEM;GO;3;0;2009;RONALDO CAIADO;REQ;4671;2009;Requerimento de Urgência (Art. 155 do RICD);"Requer urgência, nos termos do Art. 155, do Regimento Interno da Câmara dos Deputados, para apreciação do Projeto de Lei nº  5123, de 2009, do Sr. Guilherme Campos que ""Dispõe sobre a publicidade na utilização de passagens aéreas e dá outras providências""";;;2009-04-29T19:25:00;https://www.camara.leg.br/proposicoesWeb/prop_mostrarintegra?codteor=651900;2011-01-14T00:00:00;Arquivamento;Arquivada;Indefinida;
432215;74813.0;Ronaldo Caiado;DEM;GO;1;1;2009;RONALDO CAIADO;REQ;369;2009;Requerimento;Requer seja convidado o Excelentíssimo Senhor Gilberto Thums, Promotor de justiça no Estado do Rio Grande do Sul, para participar de Audiência Pública nesta Comissão de Agricultura.;;;2009-04-28T18:47:00;https://www.camara.leg.br/proposicoesWeb/prop_mostrarintegra?codteor=651213;2010-03-24T00:00:00;Declaração de Prejudicialidade;Arquivada;Indefinida;
431470;74813.0;Ronaldo Caiado;DEM;GO;1;1;2009;RONALDO CAIADO;PL;5089;2009;Projeto de Lei;"Altera o art. 49 da Lei nº 11.101, de 9 de fevereiro de 2005, que ""regula a recuperação judicial, a extrajudicial e a falência do empresário e da sociedade empresária.""";Somente permite a inclusão na recuperação judicial das dívidas com vencimento superior a 30 (trinta) dias, contados da data do pedido.;Alteração, Nova Lei de Falências, critérios, recuperação judicial, empresário, prazo mínimo, vencimento, dívida.;2009-04-22T17:38:07;https://www.camara.leg.br/proposicoesWeb/prop_mostrarintegra?codteor=649151;2020-08-26T00:00:00;Arquivamento;Arquivada;Proposição Sujeita à Apreciação Conclusiva pelas Comissões - Art. 24 II;
431160;74813.0;Ronaldo Caiado;DEM;GO;1;1;2009;RONALDO CAIADO;EMC;35;2009;Emenda na Comissão;Dá nova redação  à MPV 460/2009;;;2009-04-02T17:45:00;https://www.camara.leg.br/proposicoesWeb/prop_mostrarintegra?codteor=648374;2009-04-02T17:45:00;Apresentação de Proposição;;Indefinida;https://www.camara.leg.br/proposicoesWeb/prop_mostrarintegra?codteor=648374
431023;74813.0;Ronaldo Caiado;DEM;GO;1;1;2009;RONALDO CAIADO;PRC;176;2009;Projeto de Resolução de Alteração do Regimento e outros;Altera o inciso II do art. 34 do Regimento Interno da Câmara dos Deputados.;Estabelece que será constituída Comissão Especial quando a proposição versar sobre matéria de mais de 5 (cinco) comissões.;Alteração, Regimento Interno, Câmara dos Deputados, critérios, instalação, limitação, criação, Comissão Especial, proposição, matéria, indicação, tramitação, quantidade, Comissão Permanente.;2009-04-16T13:03:00;https://www.camara.leg.br/proposicoesWeb/prop_mostrarintegra?codteor=647743;2019-02-21T17:50:00;Desarquivamento a Pedido;Tramitando em Conjunto;Proposição Sujeita à Apreciação do Plenário;https://www.camara.leg.br/proposicoesWeb/prop_mostrarintegra?codteor=1713282
431001;74813.0;Ronaldo Caiado;DEM;GO;1;1;2009;RONALDO CAIADO;REQ;146;2009;Requerimento de Convocação de Ministro de Estado na Comissão (art. 50, CF);"Solicita realização de audiência pública na Comissão de Fiscalização Financeira e Controle, para discutir os motivos da mudança no comando do Banco do Brasil S/A, sendo convocado o Sr. Guido Mantega, Ministro de Estado da Fazenda; e convidado a participar do debate o Sr. Antônio Francisco de Lima Neto, ex-Presidente daquela instituição.";;;2009-04-16T11:36:00;https://www.camara.leg.br/proposicoesWeb/prop_mostrarintegra?codteor=647675;2010-03-10T00:00:00;Notificações;Arquivada;Proposição Sujeita à Apreciação Conclusiva pelas Comissões(Art. 24, II, do RICD);
430891;74813.0;Ronaldo Caiado;DEM;GO;1;1;2009;RONALDO CAIADO;EMC;34;2009;Emenda na Comissão;Dá nova redação á MPV nº 460/2009.;;;2009-04-02T17:45:00;https://www.camara.leg.br/proposicoesWeb/prop_mostrarintegra?codteor=647515;2009-04-02T17:45:00;Apresentação de Proposição;;Indefinida;https://www.camara.leg.br/proposicoesWeb/prop_mostrarintegra?codteor=647515
430879;74813.0;Ronaldo Caiado;DEM;GO;1;1;2009;RONALDO CAIADO;EMC;24;2009;Emenda na Comissão;Dá nova redação á MPV nº 460/2009.;;;2009-04-01T16:20:00;https://www.camara.leg.br/proposicoesWeb/prop_mostrarintegra?codteor=647501;2009-04-01T16:20:00;Apresentação de Proposição;;Indefinida;https://www.camara.leg.br/proposicoesWeb/prop_mostrarintegra?codteor=647501
430861;74813.0;Ronaldo Caiado;DEM;GO;1;1;2009;RONALDO CAIADO;EMC;14;2009;Emenda na Comissão;Dá nova redação á MPV nº 460/2009.;;;2009-04-06T17:50:00;https://www.camara.leg.br/proposicoesWeb/prop_mostrarintegra?codteor=647481;2009-04-06T17:50:00;Apresentação de Proposição;;Indefinida;https://www.camara.leg.br/proposicoesWeb/prop_mostrarintegra?codteor=647481
430860;74813.0;Ronaldo Caiado;DEM;GO;1;1;2009;RONALDO CAIADO;EMC;13;2009;Emenda na Comissão;Dá nova redação á MPV nº 460/2009.;;;2009-04-02T17:45:00;https://www.camara.leg.br/proposicoesWeb/prop_mostrarintegra?codteor=647477;2009-04-02T17:45:00;Apresentação de Proposição;;Indefinida;https://www.camara.leg.br/proposicoesWeb/prop_mostrarintegra?codteor=647477
430851;74813.0;Ronaldo Caiado;DEM;GO;1;1;2009;RONALDO CAIADO;EMC;5;2009;Emenda na Comissão;Dá nova redação á MPV nº 460/2009.;;;2009-04-02T17:45:00;https://www.camara.leg.br/proposicoesWeb/prop_mostrarintegra?codteor=647467;2009-04-02T17:45:00;Apresentação de Proposição;;Indefinida;https://www.camara.leg.br/proposicoesWeb/prop_mostrarintegra?codteor=647467
430827;74813.0;Ronaldo Caiado;DEM;GO;3;0;2009;RONALDO CAIADO;REQ;4589;2009;Requerimento de Urgência (Art. 155 do RICD);"Requer regime de urgência na apreciação do Substitutivo do Senado Federal ao Projeto de Lei  Nº 1.176-D/95 - do Poder Executivo - que ""estabelece os princípios e as diretrizes para o Sistema Nacional de Viação e dá outras providências"".";;;2009-04-15T19:10:00;https://www.camara.leg.br/proposicoesWeb/prop_mostrarintegra?codteor=647435;2009-12-16T00:00:00;Aprovação de Proposição em Plenário;Tramitação Finalizada;Indefinida;https://www.camara.leg.br/proposicoesWeb/prop_mostrarintegra?codteor=773875
430557;74813.0;Ronaldo Caiado;DEM;GO;2;0;2009;RONALDO CAIADO;REQ;4573;2009;Requerimento de Sessão Solene;Representando um décimo da composição da Câmara dos Deputados, requeremos a V. Exª, com base no art. 68 do Regimento Interno, e ouvido e Plenário, a convocação de sessão solene desta Casa para o dia 07 de agosto do corrente ano, às 15 horas, a fim de comemorarmos os 150 anos da Igreja Presbiteriana no Brasil e os 50 anos da Igreja Presbiteriana no Distrito Federal.;;;2009-04-15T11:13:00;https://www.camara.leg.br/proposicoesWeb/prop_mostrarintegra?codteor=646946;2012-07-17T00:00:00;Arquivamento;Arquivada;Indefinida;
430255;74813.0;Ronaldo Caiado;DEM;GO;1;1;2009;RONALDO CAIADO;EMC;275;2009;Emenda na Comissão;Dá nova redação à MPV nº 459 de 2009.;;;2009-04-01T11:01:00;https://www.camara.leg.br/proposicoesWeb/prop_mostrarintegra?codteor=646364;2009-04-01T11:01:00;Apresentação de Proposição;;Indefinida;https://www.camara.leg.br/proposicoesWeb/prop_mostrarintegra?codteor=646364
430253;74813.0;Ronaldo Caiado;DEM;GO;1;1;2009;RONALDO CAIADO;EMC;274;2009;Emenda na Comissão;Dá nova redação à MPV nº 459 de 2009.;;;2009-04-01T11:01:00;https://www.camara.leg.br/proposicoesWeb/prop_mostrarintegra?codteor=646362;2009-04-01T11:01:00;Apresentação de Proposição;;Indefinida;https://www.camara.leg.br/proposicoesWeb/prop_mostrarintegra?codteor=646362
429876;74813.0;Ronaldo Caiado;DEM;GO;1;1;2009;RONALDO CAIADO;EMC;4;2009;Emenda na Comissão;Dá nova redação ao art. 2º da MPV nº 459, de 25 de março de 2009.;;;2009-03-26T14:12:00;https://www.camara.leg.br/proposicoesWeb/prop_mostrarintegra?codteor=645854;2009-03-26T14:12:00;Apresentação de Proposição;;Indefinida;https://www.camara.leg.br/proposicoesWeb/prop_mostrarintegra?codteor=645854
429262;74813.0;Ronaldo Caiado;DEM;GO;2;1;2009;RONALDO CAIADO;PLP;460;2009;Projeto de Lei Complementar;Dispõe sobre a contratação de  operações de crédito por municípios e dá outras providências.;;Proibição, Conselho Monetário Nacional, fixação, limite máximo, dívida, município, autorização, prefeitura, contratação, operação de crédito, financiamento, dívida consolidada, determinação, Senado, Lei de Responsabilidade Fiscal.;2009-04-07T16:30:00;https://www.camara.leg.br/proposicoesWeb/prop_mostrarintegra?codteor=644836;2012-07-31T00:00:00;Notificações;Arquivada;Proposição Sujeita à Apreciação do Plenário;https://www.camara.leg.br/proposicoesWeb/prop_mostrarintegra?codteor=1030005
429260;74813.0;Ronaldo Caiado;DEM;GO;2;1;2009;RONALDO CAIADO;PL;5002;2009;Projeto de Lei;Autoriza a União a suplementar as transferências a Estados, Distrito Federal e Municípios, de que tratam os incisos I e II do art. 159, da Constituição Federal e dá outras providências.;Autoriza a suplementação dos repasses constitucionais do Fundo de Participação dos Estados (FPE) e do Fundo de Participação dos Municípios (FPM) devido à queda da arrecadação do imposto de renda e IPI.;Autorização, União, complementação, Fundo de Participação dos Municípios (FPM), Fundo de Participação dos Estados e do Distrito Federal (FPE), compensação financeira, transferência, receita tributária, Estado (ente federado), Município, Distrito Federal (Brasil), redução, arrecadação,Imposto sobre a Renda e Proventos de Qualquer Natureza (IR),  Imposto sobre Produtos Industrializados (IPI),  Crise econômica, atualização, Índice Nacional de Preços ao Consumidor Amplo (IPCA), aplicação, parcela, produto, Desvinculação de Receitas da União (DRU), emissão, título da dívida pública, dívida pública mobiliária, dispensa, aplicação, Lei de Responsabilidade Fiscal, benefício fiscal, tributação..;2009-04-07T16:29:00;https://www.camara.leg.br/proposicoesWeb/prop_mostrarintegra?codteor=644834;2011-09-09T00:00:00;Notificações;Arquivada;Proposição Sujeita à Apreciação Conclusiva pelas Comissões - Art. 24 II;https://www.camara.leg.br/proposicoesWeb/prop_mostrarintegra?codteor=917999
429259;74813.0;Ronaldo Caiado;DEM;GO;2;1;2009;RONALDO CAIADO;PL;5001;2009;Projeto de Lei;Altera a Lei nº 11.887, de 24 de dezembro de 2008, que cria o Fundo Soberano do Brasil e dá outras providências.;"Destina recursos do Fundo Soberano do Brasil para a compensação financeira aos estados, Distrito Federal e municípios, quando as transferências de receita tributária previstas do FPE e FPM acumulados em um trimestre forem inferiores a cinco por cento ao verificado no ano anterior; define que no exercício de 2009 e 2010, pelo menos oitenta por cento dos recursos do FSB serão destinados a  esta compensação financeira.";Alteração, Lei do Fundo Soberano do Brasil, inclusão, compensação financeira, Estado (ente federado), Distrito Federal (Brasil), município, valor, transferência, receita tributária, Fundo de Participação dos Estados e do Distrito Federal (FPE), Fundo de Participação dos Municípios (FPM), recursos públicos, inferioridade, percentual, trimestre, exercício financeiro anterior, ocorrência, redução, arrecadação, crise, atividade econômica, dispensa, assinatura, convênio, União Federal, tributação.;2009-04-07T16:28:00;https://www.camara.leg.br/proposicoesWeb/prop_mostrarintegra?codteor=644833;2010-06-18T00:00:00;Notificações;Arquivada;Proposição Sujeita à Apreciação Conclusiva pelas Comissões - Art. 24 II;https://www.camara.leg.br/proposicoesWeb/prop_mostrarintegra?codteor=781698
429249;74813.0;Ronaldo Caiado;DEM;GO;5;0;2009;RONALDO CAIADO;REQ;4525;2009;Requerimento de Transformação de Sessão Plenária em Comissão Geral;Requer que a sessão plenária da Câmara dos  Deputados seja transformada em Comissão Geral para discutir modificações na legislação sobre a saúde do trabalhador e o Dia Mundial em Memória das Vítimas de Acidentes de Trabalho (28 de abril).;;;2009-04-07T16:10:00;https://www.camara.leg.br/proposicoesWeb/prop_mostrarintegra?codteor=644818;2011-01-12T00:00:00;Arquivamento;Arquivada;Indefinida;
428837;74813.0;Ronaldo Caiado;DEM;GO;2;0;2009;RONALDO CAIADO;REQ;4501;2009;Requerimento de Urgência (Art. 155 do RICD);Requer, nos termos do art. 155, seja incluído automaticamente na Ordem do Dia, o Projeto de Lei nº 4.955/09.;;;2009-04-01T18:58:00;https://www.camara.leg.br/proposicoesWeb/prop_mostrarintegra?codteor=643885;2011-01-14T00:00:00;Arquivamento;Arquivada;Indefinida;
428684;74813.0;Ronaldo Caiado;DEM;GO;2;0;2009;RONALDO CAIADO;PFC;80;2009;Proposta de Fiscalização e Controle;Propõem que a Comissão de Seguridade Social e Família - com o auxílio do Tribunal de Contas da União - fiscalize recursos repassados pelo Ministério da Saúde à União Nacional dos Estudantes (UNE).;Recursos destinados à realização da Caravana Estudantil de Saúde.;Proposta, Comissão de Seguridade Social e Família (CSSF), Câmara dos Deputados, Tribunal de Contas da União (TCU), fiscalização, controle, aplicação, recursos públicos, repasse, Ministério da Saúde, União Nacional dos Estudantes (UNE).;2009-04-01T15:26:00;https://www.camara.leg.br/proposicoesWeb/prop_mostrarintegra?codteor=643613;2012-02-07T00:00:00;Devolução à CCP;Arquivada;Proposição Sujeita à Apreciação Interna nas Comissões;
428538;74813.0;Ronaldo Caiado;DEM;GO;1;1;2009;RONALDO CAIADO;REQ;138;2009;Requerimento;Requer a retirada de tramitação do Requerimento nº 131/2009, que solicita a criação de subcomissão especial na CFFC.;;;2009-04-01T12:21:00;https://www.camara.leg.br/proposicoesWeb/prop_mostrarintegra?codteor=643446;2009-04-01T00:00:00;Arquivamento;Arquivada;Indefinida;
427854;74813.0;Ronaldo Caiado;DEM;GO;2;0;2009;RONALDO CAIADO;REQ;4450;2009;Requerimento de Urgência (Art. 155 do RICD);Requer, nos termos do art. 155, seja incluído automaticamente na Ordem do Dia, o Projeto de Lei nº 1.472/07.;;;2009-03-25T18:06:00;https://www.camara.leg.br/proposicoesWeb/prop_mostrarintegra?codteor=641671;2009-06-16T00:00:00;Prejudicado;Arquivada;Indefinida;
427577;74813.0;Ronaldo Caiado;DEM;GO;5;0;2009;RONALDO CAIADO;REQ;4419;2009;Requerimento de Transformação de Sessão Plenária em Comissão Geral;Requer a transformação da sessão plenária da Câmara em Comissão Geral, com a finalidade de debater o Código Florestal Brasileiro.;;;2009-03-25T14:25:00;https://www.camara.leg.br/proposicoesWeb/prop_mostrarintegra?codteor=641084;2011-01-12T00:00:00;Arquivamento;Arquivada;Indefinida;
427525;74813.0;Ronaldo Caiado;DEM;GO;2;0;2009;RONALDO CAIADO;PFC;78;2009;Proposta de Fiscalização e Controle;Propõem que a Comissão de Fiscalização Financeira e Controle - com o auxílio do Tribunal de Contas da União - fiscalize os recursos repassados pelo Poder Executivo Federal à União Nacional dos Estudantes (UNE), a partir de 2005.;;Proposta, Comissão de Fiscalização Financeira e Controle (CFFC), Câmara dos Deputados, Tribunal de Contas da União (TCU), fiscalização, repasse, recursos públicos, Presidência da República, Ministério do Esporte, Ministério da Cultura, Ministério da Saúde, Ministério da Ciência e Tecnologia, beneficiário, União Nacional dos Estudantes (UNE).;2009-03-25T09:16:00;https://www.camara.leg.br/proposicoesWeb/prop_mostrarintegra?codteor=640978;2012-07-25T00:00:00;Notificações;Arquivada;Proposição Sujeita à Apreciação Interna nas Comissões;https://www.camara.leg.br/proposicoesWeb/prop_mostrarintegra?codteor=1030004
427017;74813.0;Ronaldo Caiado;DEM;GO;1;1;2009;RONALDO CAIADO;REQ;131;2009;Requerimento;Requer a criação de Subcomissão Especial para acompanhar e fiscalizar as aquisições realizadas pelo Banco do Brasil S/A e pela Caixa Econômica Federal, diretamente ou por intermédio de suas subsidiárias, com fundamento na Lei nº 11.908, de 2009.;;;2009-03-18T17:04:00;https://www.camara.leg.br/proposicoesWeb/prop_mostrarintegra?codteor=639361;2009-04-01T00:00:00;Proposição Devolvida ao(à) Autor(a);Arquivada;Indefinida;
426981;74813.0;Ronaldo Caiado;DEM;GO;1;1;2009;RONALDO CAIADO;PFC;76;2009;Proposta de Fiscalização e Controle;Propõe que a Comissão de Fiscalização Financeira e Controle - com o auxílio do Tribunal de Contas da União, fiscalize e controle os atos praticados com amparo na Lei nº 11.908, de 2009.;Lei que autoriza o Banco do Brasil  e a Caixa Econômica Federal a constituírem subsidiárias e a adquirirem participação em instituições financeiras sediadas no brasil.;Proposta, Comissão de Fiscalização Financeira e Controle (CFFC), Tribunal de Contas da União (TCU), atividade, vinculação, lei federal, autorização, Banco do Brasil (BB), Caixa Econômica Federal (CEF), aquisição, participação, instituição financeira.;2009-03-18T15:02:15;https://www.camara.leg.br/proposicoesWeb/prop_mostrarintegra?codteor=639309;2019-10-16T00:00:00;Publicação de Proposição;;Proposição Sujeita à Apreciação Interna nas Comissões;https://www.camara.leg.br/proposicoesWeb/prop_mostrarintegra?codteor=1852979
426941;74813.0;Ronaldo Caiado;DEM;GO;1;1;2009;RONALDO CAIADO;REC;246;2009;Recurso contra decisão do Presidente da CD em Questao de Ordem (Art. 95, § 8º, RICD);"Recorre, nos termos do art. 95, § 8° do Regimento Interno,  da decisão da Presidência na Questão de Ordem n. 411, de 2009, sobre a interpretação do termo ""deliberações legislativas"", para os fins de sobrestamento da pauta por medida provisória.";;;2009-03-17T19:52:00;https://www.camara.leg.br/proposicoesWeb/prop_mostrarintegra?codteor=639343;2013-02-25T00:00:00;Encaminhamento;Arquivada;Indefinida;
426821;74813.0;Ronaldo Caiado;DEM;GO;3;0;2009;RONALDO CAIADO;REQ;4370;2009;Requerimento de Transformação de Sessão Plenária em Comissão Geral;Requer a V. Exa., data para a realização de Comissão Geral para exame do substitutivo ao Projeto de Lei nº 1.987, de 2007, que consolida a Legislação Trabalhista.;;;2009-03-17T17:21:00;https://www.camara.leg.br/proposicoesWeb/prop_mostrarintegra?codteor=638934;2011-01-12T00:00:00;Arquivamento;Arquivada;Indefinida;
426800;74813.0;Ronaldo Caiado;DEM;GO;2;1;2009;RONALDO CAIADO;PL;4864;2009;Projeto de Lei;Amplia o benefício do seguro-desemprego ao trabalhador desempregado.;Altera a Lei nº 8.900, de 1994, para ampliar o período máximo variável de concessão do seguro-desemprego para seis a doze meses.;Alteração, legislação trabalhista, aumento, prazo, concessão, seguro-desemprego, trabalhador, desempregado.;2009-03-17T16:47:00;https://www.camara.leg.br/proposicoesWeb/prop_mostrarintegra?codteor=638903;2015-09-04T00:00:00;Arquivamento;Arquivada;Proposição Sujeita à Apreciação do Plenário;
426469;74813.0;Ronaldo Caiado;DEM;GO;4;0;2009;RONALDO CAIADO;REQ;4343;2009;Requerimento de Urgência (Art. 155 do RICD);Requer, nos termos do art. 155, seja incluído automaticamente na Ordem do Dia, o Projeto de Lei nº 4659/09.;;;2009-03-12T14:35:00;https://www.camara.leg.br/proposicoesWeb/prop_mostrarintegra?codteor=637734;2011-01-14T00:00:00;Arquivamento;Arquivada;Indefinida;
426279;74813.0;Ronaldo Caiado;DEM;GO;2;0;2009;RONALDO CAIADO;REQ;4326;2009;Requerimento de Sessão Solene;Requer a realização de Sessão Solene em comemoração ao dia Mundial da Água.;;;2009-03-11T16:50:00;https://www.camara.leg.br/proposicoesWeb/prop_mostrarintegra?codteor=637420;2012-07-17T00:00:00;Arquivamento;Arquivada;Indefinida;
426142;74813.0;Ronaldo Caiado;DEM;GO;2;0;2009;RONALDO CAIADO;REQ;4322;2009;Requerimento de Sessão Solene;Requer a convocação de Sessão Solene da Câmara dos Deputados para o dia 24 de março de 2009, às 10  horas.;;;2009-03-11T13:00:00;https://www.camara.leg.br/proposicoesWeb/prop_mostrarintegra?codteor=637222;2012-07-17T00:00:00;Arquivamento;Arquivada;Indefinida;
425859;74813.0;Ronaldo Caiado;DEM;GO;1;1;2009;RONALDO CAIADO;REQ;128;2009;Requerimento;Solicita realização de Audiência pública conjunta com a Comissão de Agricultura, Pecuária, Abastecimento e Desenvolvimento Rural - CAPADR,  para ouvir o Senhor Antônio Fernando de Souza, Procurador Geral da República, a fim de discutirem quais as providências que estão sendo tomadas com relação aos repasses de dinheiro ao MST, conforme apurado pelo TCU.;;;2009-03-10T14:16:00;https://www.camara.leg.br/proposicoesWeb/prop_mostrarintegra?codteor=636759;2009-04-16T00:00:00;Arquivamento;Arquivada;Indefinida;
425438;74813.0;Ronaldo Caiado;DEM;GO;1;1;2009;RONALDO CAIADO;REQ;4231;2009;Requerimento de Desapensação;Requer a desapensação do PL-3.890, de 2008, ao PL-4.659, de 2009.;;;2009-03-05T14:01:00;https://www.camara.leg.br/proposicoesWeb/prop_mostrarintegra?codteor=635952;2009-03-17T00:00:00;Distribuição;Tramitação Finalizada;Indefinida;https://www.camara.leg.br/proposicoesWeb/prop_mostrarintegra?codteor=638875
425164;74813.0;Ronaldo Caiado;DEM;GO;2;0;2009;RONALDO CAIADO;REQ;4223;2009;Requerimento de Sessão Solene;Requer que seja realizada Sessão Solene em homenagem ao aniversário de Brasília.;;;2009-03-04T18:01:00;https://www.camara.leg.br/proposicoesWeb/prop_mostrarintegra?codteor=635592;2012-07-17T00:00:00;Arquivamento;Arquivada;Indefinida;
425159;74813.0;Ronaldo Caiado;DEM;GO;1;1;2009;RONALDO CAIADO;RIC;3756;2009;Requerimento de Informação;Solicita informações ao Excelentíssimo Ministro de Estado do Desenvolvimento Agrário, Sr. Guilherme Cassel, sobre recursos repassados pelo Poder Executivo federal a entidades não-governamentais que especifica, nos últimos cinco anos.;;;2009-03-04T17:54:18;https://www.camara.leg.br/proposicoesWeb/prop_mostrarintegra?codteor=635581;2009-09-10T00:00:00;Providência Interna;Arquivada;Indefinida;
425088;74813.0;Ronaldo Caiado;DEM;GO;2;0;2009;RONALDO CAIADO;REQ;4209;2009;Requerimento de Urgência (Art. 155 do RICD);Requer, nos termos do art. 155 do Regimento Interno, urgência  para apreciação do PL 4.537/08.;;;2009-03-04T16:36:00;https://www.camara.leg.br/proposicoesWeb/prop_mostrarintegra?codteor=635486;2011-01-14T00:00:00;Arquivamento;Arquivada;Indefinida;
424965;74813.0;Ronaldo Caiado;DEM;GO;1;1;2009;RONALDO CAIADO;RIC;3754;2009;Requerimento de Informação;Solicita informações ao Excelentíssimo Ministro de Estado dos Esportes, Sr. Orlando Silva de Jesus Júnior, sobre recursos repassados pelo Poder Executivo federal à União Nacional dos Estudantes (UNE), nos últimos cinco anos.;;;2009-03-04T14:29:00;https://www.camara.leg.br/proposicoesWeb/prop_mostrarintegra?codteor=635590;2009-06-03T00:00:00;Providência Interna;Arquivada;Indefinida;
424960;74813.0;Ronaldo Caiado;DEM;GO;1;1;2009;RONALDO CAIADO;RIC;3753;2009;Requerimento de Informação;Solicita informações ao Excelentíssimo Ministro de Estado da Saúde, Sr. José Gomes Temporão, sobre recursos repassados pelo Poder Executivo federal à União Nacional dos Estudantes (UNE), nos últimos cinco anos.;;;2009-03-04T14:28:00;https://www.camara.leg.br/proposicoesWeb/prop_mostrarintegra?codteor=635585;2011-01-10T00:00:00;Arquivamento;Arquivada;Indefinida;
424959;74813.0;Ronaldo Caiado;DEM;GO;1;1;2009;RONALDO CAIADO;RIC;3752;2009;Requerimento de Informação;Solicita informações ao Excelentíssimo Ministro de Estado da Cultura, Sr. João Luiz Silva Ferreira, sobre recursos repassados pelo Poder Executivo federal à União Nacional dos Estudantes (UNE), nos últimos cinco anos.;;;2009-03-04T14:27:00;https://www.camara.leg.br/proposicoesWeb/prop_mostrarintegra?codteor=635583;2011-01-10T00:00:00;Arquivamento;Arquivada;Indefinida;
424924;74813.0;Ronaldo Caiado;DEM;GO;2;0;2009;RONALDO CAIADO;REQ;4184;2009;Requerimento de Sessão Solene;Requer que seja realizada Sessão Solene em homenagem ao aniversário de Brasília.;;;2009-03-03T19:37:00;https://www.camara.leg.br/proposicoesWeb/prop_mostrarintegra?codteor=635208;2012-07-17T00:00:00;Arquivamento;Arquivada;Indefinida;
424741;74813.0;Ronaldo Caiado;DEM;GO;1;1;2009;RONALDO CAIADO;EMC;150;2009;Emenda na Comissão;Dáa nova redação ao art. 17 da MPV 458/2009.;;;2009-02-17T10:55:00;https://www.camara.leg.br/proposicoesWeb/prop_mostrarintegra?codteor=634885;2009-02-17T10:55:00;Apresentação de Proposição;;Indefinida;https://www.camara.leg.br/proposicoesWeb/prop_mostrarintegra?codteor=634885
424733;74813.0;Ronaldo Caiado;DEM;GO;1;1;2009;RONALDO CAIADO;EMC;142;2009;Emenda na Comissão;Dá nova redação ao art.16 da MPV 458/2009.;;;2009-02-17T10:43:00;https://www.camara.leg.br/proposicoesWeb/prop_mostrarintegra?codteor=634875;2009-02-17T10:43:00;Apresentação de Proposição;;Indefinida;https://www.camara.leg.br/proposicoesWeb/prop_mostrarintegra?codteor=634875
424692;74813.0;Ronaldo Caiado;DEM;GO;1;1;2009;RONALDO CAIADO;EMC;102;2009;Emenda na Comissão;Dá nova redação ao art. 11 da MPV 458/2009.;;;2009-02-17T09:34:00;https://www.camara.leg.br/proposicoesWeb/prop_mostrarintegra?codteor=634820;2009-02-17T09:34:00;Apresentação de Proposição;;Indefinida;https://www.camara.leg.br/proposicoesWeb/prop_mostrarintegra?codteor=634820
424647;74813.0;Ronaldo Caiado;DEM;GO;1;1;2009;RONALDO CAIADO;EMC;57;2009;Emenda na Comissão;Dá nova redação ao art.6º da MPV nº 458, de 10 de fevereiro de 2009.;;;2009-02-13T18:27:00;https://www.camara.leg.br/proposicoesWeb/prop_mostrarintegra?codteor=635785;2009-02-13T18:27:00;Apresentação de Proposição;;Indefinida;https://www.camara.leg.br/proposicoesWeb/prop_mostrarintegra?codteor=635785
424532;74813.0;Ronaldo Caiado;DEM;GO;1;1;2009;RONALDO CAIADO;EMC;32;2009;Emenda na Comissão;Dá nova redação ao art. 1º da MPV nº 457 de 10 de fevereiro de 2009.;;;2009-02-13T14:52:00;https://www.camara.leg.br/proposicoesWeb/prop_mostrarintegra?codteor=634595;2009-02-13T14:52:00;Apresentação de Proposição;;Indefinida;https://www.camara.leg.br/proposicoesWeb/prop_mostrarintegra?codteor=634595
424527;74813.0;Ronaldo Caiado;DEM;GO;1;1;2009;RONALDO CAIADO;EMC;27;2009;Emenda na Comissão;Dá nova redação ao art. 1º da MPV nº 457 de 10 de fevereiro de 2009.;;;2009-02-17T14:52:00;https://www.camara.leg.br/proposicoesWeb/prop_mostrarintegra?codteor=634590;2009-02-17T14:52:00;Apresentação de Proposição;;Indefinida;https://www.camara.leg.br/proposicoesWeb/prop_mostrarintegra?codteor=634590
424318;74813.0;Ronaldo Caiado;DEM;GO;1;1;2009;RONALDO CAIADO;EMC;58;2009;Emenda na Comissão;Dá nova redação ao art. 24 da MPV nº 455, de 28 de janeiro de 2009.;;;2009-02-04T17:19:00;https://www.camara.leg.br/proposicoesWeb/prop_mostrarintegra?codteor=634212;2009-02-04T17:19:00;Apresentação de Proposição;;Indefinida;https://www.camara.leg.br/proposicoesWeb/prop_mostrarintegra?codteor=634212
424310;74813.0;Ronaldo Caiado;DEM;GO;1;1;2009;RONALDO CAIADO;EMC;50;2009;Emenda na Comissão;Dá nova redação ao art. 18 da MPV nº 455, de 28 de janeiro de 2009.;;;2009-02-04T17:19:00;https://www.camara.leg.br/proposicoesWeb/prop_mostrarintegra?codteor=634204;2009-02-04T17:19:00;Apresentação de Proposição;;Indefinida;https://www.camara.leg.br/proposicoesWeb/prop_mostrarintegra?codteor=634204
424292;74813.0;Ronaldo Caiado;DEM;GO;1;1;2009;RONALDO CAIADO;EMC;32;2009;Emenda na Comissão;Dá nova redação ao art. 14 da MPV nº 455 de 28 de janeiro de 2009.;;;2009-02-06T16:41:00;https://www.camara.leg.br/proposicoesWeb/prop_mostrarintegra?codteor=634185;2009-02-06T16:41:00;Apresentação de Proposição;;Indefinida;https://www.camara.leg.br/proposicoesWeb/prop_mostrarintegra?codteor=634185
424277;74813.0;Ronaldo Caiado;DEM;GO;1;1;2009;RONALDO CAIADO;EMC;17;2009;Emenda na Comissão;Dá nova redação ao art. 6º da MPV 455 de 28 de janeiro de 2009.;;;2009-02-04T16:41:00;https://www.camara.leg.br/proposicoesWeb/prop_mostrarintegra?codteor=634170;2009-02-04T16:41:00;Apresentação de Proposição;;Indefinida;https://www.camara.leg.br/proposicoesWeb/prop_mostrarintegra?codteor=634170
424273;74813.0;Ronaldo Caiado;DEM;GO;1;1;2009;RONALDO CAIADO;EMC;13;2009;Emenda na Comissão;Dá nova redação ao art. 5º da MPV 455 de 28 de janeiro de 2009.;;;2009-02-04T16:41:00;https://www.camara.leg.br/proposicoesWeb/prop_mostrarintegra?codteor=634166;2009-02-04T16:41:00;Apresentação de Proposição;;Indefinida;https://www.camara.leg.br/proposicoesWeb/prop_mostrarintegra?codteor=634166
424160;74813.0;Ronaldo Caiado;DEM;GO;1;1;2009;RONALDO CAIADO;RIC;3735;2009;Requerimento de Informação;Solicita informações ao Excelentíssimo Ministro de Estado de Minas e Energia, Sr. Edson Lobão, sobre a realização, em Brasília, do Encontro Nacional de Novos Prefeitos e Prefeitas, ocorrido nos dias 10 e 11 de fevereiro do ano em curso.;;;2009-02-19T12:00:38;https://www.camara.leg.br/proposicoesWeb/prop_mostrarintegra?codteor=633865;2009-04-30T00:00:00;Providência Interna;Arquivada;Indefinida;
424159;74813.0;Ronaldo Caiado;DEM;GO;1;1;2009;RONALDO CAIADO;RIC;3734;2009;Requerimento de Informação;Solicita informações ao Excelentíssimo Ministro de Estado do Desenvolvimento, Indústria e Comércio Exterior, Sr. Miguel Jorge, sobre a realização, em Brasília, do Encontro Nacional de Novos Prefeitos e Prefeitas, ocorrido nos dias 10 e 11 de fevereiro do ano em curso.;;;2009-02-19T12:00:06;https://www.camara.leg.br/proposicoesWeb/prop_mostrarintegra?codteor=633864;2009-04-30T00:00:00;Providência Interna;Arquivada;Indefinida;
424157;74813.0;Ronaldo Caiado;DEM;GO;1;1;2009;RONALDO CAIADO;RIC;3733;2009;Requerimento de Informação;Solicita informações ao Excelentíssimo Ministro de Estado das Cidades, Sr. Márcio Fortes de Almeida, sobre a realização, em Brasília, do Encontro Nacional de Novos Prefeitos e Prefeitas, ocorrido nos dias 10 e 11 de fevereiro do ano em curso.;;;2009-02-19T11:59:20;https://www.camara.leg.br/proposicoesWeb/prop_mostrarintegra?codteor=633862;2009-05-08T00:00:00;Providência Interna;Arquivada;Indefinida;
424156;74813.0;Ronaldo Caiado;DEM;GO;1;1;2009;RONALDO CAIADO;RIC;3732;2009;Requerimento de Informação;Solicita informações ao Excelentíssimo Ministro de Estado da Fazenda, Sr. Guido Mantega, sobre a realização, em Brasília, do Encontro Nacional de Novos Prefeitos e Prefeitas, ocorrido nos dias 10 e 11 de fevereiro do ano em curso.;;;2009-02-19T11:58:38;https://www.camara.leg.br/proposicoesWeb/prop_mostrarintegra?codteor=633861;2009-05-04T00:00:00;Providência Interna;Arquivada;Indefinida;
423834;74813.0;Ronaldo Caiado;DEM;GO;1;1;2009;RONALDO CAIADO;EMC;3;2009;Emenda na Comissão;Suprima-se o art. 1º da MPV 452 de 24 de dezembro de 2008.;;;2009-02-06T17:03:00;https://www.camara.leg.br/proposicoesWeb/prop_mostrarintegra?codteor=633378;2009-02-06T17:03:00;Apresentação de Proposição;;Indefinida;https://www.camara.leg.br/proposicoesWeb/prop_mostrarintegra?codteor=633378
423383;74813.0;Ronaldo Caiado;DEM;GO;2;0;2009;RONALDO CAIADO;REQ;4072;2009;Requerimento de Sessão Solene;Requer a convocação de Sessão Solene da Câmara dos Deputados, em homenagem ao Senhor Amador Aguiar e à Fundação Bradesco.;;;2009-02-10T18:06:00;https://www.camara.leg.br/proposicoesWeb/prop_mostrarintegra?codteor=632441;2012-07-17T00:00:00;Arquivamento;Arquivada;Indefinida;
423329;74813.0;Ronaldo Caiado;DEM;GO;4;0;2009;RONALDO CAIADO;REQ;4060;2009;Requerimento de Urgência (Art. 155 do RICD);Nos termos do artigo 155 de RICD, requeremos Urgência para apreciação do Projeto de Lei n. 4479, de 2008, de autoria do Dep. Mario Negromonte, que cria o Programa de Renegociação de Dívidas Previdenciárias de Pequenos Municípios - PREMU, e da outras providências.;;;2009-02-10T15:26:00;https://www.camara.leg.br/proposicoesWeb/prop_mostrarintegra?codteor=632360;2011-01-14T00:00:00;Arquivamento;Arquivada;Indefinida;
422933;74813.0;Ronaldo Caiado;DEM;GO;1;1;2009;RONALDO CAIADO;REQ;4042;2009;Requerimento de Sessão Solene;Requer a convocação de sessão solene da Câmara dos Deputados em homenagem ao 100 anos do Sport Clube Internacional.;;;2009-02-04T17:19:00;https://www.camara.leg.br/proposicoesWeb/prop_mostrarintegra?codteor=631442;2012-07-17T00:00:00;Arquivamento;Arquivada;Indefinida;
485283;74813.0;Ronaldo Caiado;DEM;GO;1;1;2010;RONALDO CAIADO;EMC;2;2010;Emenda na Comissão;Dá nova redação à MPV 500/2010.;;;2010-09-03T11:00:00;https://www.camara.leg.br/proposicoesWeb/prop_mostrarintegra?codteor=807916;2010-09-03T11:00:00;Apresentação de Proposição;;Indefinida;https://www.camara.leg.br/proposicoesWeb/prop_mostrarintegra?codteor=807916
484887;74813.0;Ronaldo Caiado;DEM;GO;1;1;2010;RONALDO CAIADO;EMC;3;2010;Emenda na Comissão;Dá nova redação à Medida Provisória 495/2010.;;;2010-08-05T16:00:00;https://www.camara.leg.br/proposicoesWeb/prop_mostrarintegra?codteor=796583;2010-08-05T16:00:00;Apresentação de Proposição;;Indefinida;https://www.camara.leg.br/proposicoesWeb/prop_mostrarintegra?codteor=796583
484885;74813.0;Ronaldo Caiado;DEM;GO;1;1;2010;RONALDO CAIADO;EMC;1;2010;Emenda na Comissão;Dá nova redação à Medida Provisória 495/2010.;;;2010-08-05T15:00:00;https://www.camara.leg.br/proposicoesWeb/prop_mostrarintegra?codteor=797074;2010-08-05T15:00:00;Apresentação de Proposição;;Indefinida;https://www.camara.leg.br/proposicoesWeb/prop_mostrarintegra?codteor=797074
484551;74813.0;Ronaldo Caiado;DEM;GO;1;1;2010;RONALDO CAIADO;PL;7746;2010;Projeto de Lei;Inclui-se o inciso V ao art. 36 da Lei nº 9.394, de 20 de dezembro de 1996, que estabelece as diretrizes e bases da educação nacional, para dispor sobre a obrigatoriedade do ensino de noções técnicas, não partidárias, de Ciência Política no ensino médio.;;Alteração, Lei de Diretrizes e Bases da Educação Nacional, Lei Darcy Ribeiro, inclusão, disciplina escolar, Ciência Política, disciplina obrigatória, ensino médio.;2010-08-04T19:45:57;https://www.camara.leg.br/proposicoesWeb/prop_mostrarintegra?codteor=793061;2014-12-26T00:00:00;Notificações;Arquivada;Proposição Sujeita à Apreciação Conclusiva pelas Comissões - Art. 24 II;
481750;74813.0;Ronaldo Caiado;DEM;GO;1;1;2010;RONALDO CAIADO;REQ;582;2010;Requerimento;Requer seja realizada reunião de Audiência Pública para discutir o PL 5.424/09.;;;2010-06-23T12:05:00;https://www.camara.leg.br/proposicoesWeb/prop_mostrarintegra?codteor=783310;2010-07-30T00:00:00;Notificações;Arquivada;Indefinida;
481749;74813.0;Ronaldo Caiado;DEM;GO;1;1;2010;RONALDO CAIADO;REQ;581;2010;Requerimento;Requer seja votado extrapauta o requerimento que propõe seja realizada reunião de Audiência Pública para discutir o PL 5.424/09.;;;2010-06-23T12:04:00;https://www.camara.leg.br/proposicoesWeb/prop_mostrarintegra?codteor=783309;2010-06-23T10:00:00;Aprovação de Proposição Interna;Arquivada;Indefinida;
480399;74813.0;Ronaldo Caiado;DEM;GO;15;1;2010;RONALDO CAIADO;REQ;571;2010;Requerimento;Solicita que a Moção de Repúdio ao MPF seja apreciada na sessão ordinária da CAPADR desta quarta-feira, 9 de junho de 2010;;;2010-06-09T12:22:00;https://www.camara.leg.br/proposicoesWeb/prop_mostrarintegra?codteor=778172;2010-06-09T00:00:00;Arquivamento;Arquivada;Indefinida;
478451;74813.0;Ronaldo Caiado;DEM;GO;1;1;2010;RONALDO CAIADO;REQ;6931;2010;Requerimento;Requer a inclusão do meu nome como subscritor ao Requerimento nº 6923/2010, que requer a inclusão na Ordem do Dia da PEC 446/09 (apensada: PEC 300/08).;;;2010-05-25T14:48:00;https://www.camara.leg.br/proposicoesWeb/prop_mostrarintegra?codteor=1053958;2011-01-12T00:00:00;Arquivamento;Arquivada;Proposição Sujeita à Apreciação Conclusiva pelas Comissões(Art. 24, II, do RICD);
473225;74813.0;Ronaldo Caiado;DEM;GO;8;1;2010;RONALDO CAIADO;REQ;544;2010;Requerimento;Incluir na pauta o Requerimento nº 542/2010 que requer seja realizado encontro desta Comissão na 16ª Feira Internacional da Cadeia Produtiva da Carne - Feicorte 2010 em São Paulo - SP.;;;2010-04-14T10:46:00;;2010-07-29T00:00:00;Arquivamento;Arquivada;Indefinida;
471124;74813.0;Ronaldo Caiado;DEM;GO;1;1;2010;RONALDO CAIADO;EMA;22;2010;Emenda Aglutinativa;Aglutina a Emenda de Plenário nº 365 com o artigo 47 do Substitutivo.;;;2009-12-08T17:41:00;https://www.camara.leg.br/proposicoesWeb/prop_mostrarintegra?codteor=748290;2009-12-08T17:41:00;Apresentação de Proposição;;Indefinida;https://www.camara.leg.br/proposicoesWeb/prop_mostrarintegra?codteor=748290
471123;74813.0;Ronaldo Caiado;DEM;GO;1;1;2010;RONALDO CAIADO;EMA;21;2010;Emenda Aglutinativa;Aglutina a Emenda de Plenário nº 365 com o artigo 47 do Substitutivo.;;;2009-12-08T17:41:00;https://www.camara.leg.br/proposicoesWeb/prop_mostrarintegra?codteor=748289;2009-12-08T17:41:00;Apresentação de Proposição;;Indefinida;https://www.camara.leg.br/proposicoesWeb/prop_mostrarintegra?codteor=748289
471122;74813.0;Ronaldo Caiado;DEM;GO;1;1;2010;RONALDO CAIADO;EMA;20;2010;Emenda Aglutinativa;Aglutina a Emenda de Plenário nº 365 com o artigo 47 do Substitutivo.;;;2009-12-08T17:39:00;https://www.camara.leg.br/proposicoesWeb/prop_mostrarintegra?codteor=748288;2009-12-08T17:39:00;Apresentação de Proposição;;Indefinida;https://www.camara.leg.br/proposicoesWeb/prop_mostrarintegra?codteor=748288
471110;74813.0;Ronaldo Caiado;DEM;GO;1;1;2010;RONALDO CAIADO;EMA;19;2010;Emenda Aglutinativa;Aglutina os artigos 1º, 2º e 5º da Emenda de Plenário nº 376 com o artigo 1º do Substitutivo.;;;2009-12-08T16:57:00;https://www.camara.leg.br/proposicoesWeb/prop_mostrarintegra?codteor=748287;2009-12-08T16:57:00;Apresentação de Proposição;;Indefinida;https://www.camara.leg.br/proposicoesWeb/prop_mostrarintegra?codteor=748287
471103;74813.0;Ronaldo Caiado;DEM;GO;1;1;2010;RONALDO CAIADO;EMA;18;2010;Emenda Aglutinativa;Aglutina o § 1º do artigo 4º com o artigo 5º da Emenda de Plenário nº 376 e o artigo 43 do Substitutivo.;;;2009-12-08T16:57:00;https://www.camara.leg.br/proposicoesWeb/prop_mostrarintegra?codteor=748285;2009-12-08T16:57:00;Apresentação de Proposição;;Indefinida;https://www.camara.leg.br/proposicoesWeb/prop_mostrarintegra?codteor=748285
471102;74813.0;Ronaldo Caiado;DEM;GO;1;1;2010;RONALDO CAIADO;EMA;17;2010;Emenda Aglutinativa;Aglutina o § 1º do artigo 4º com o artigo 5º da Emenda de Plenário nº 376 e o artigo 43 do Substitutivo.;;;2009-12-08T16:57:00;https://www.camara.leg.br/proposicoesWeb/prop_mostrarintegra?codteor=748283;2009-12-08T16:57:00;Apresentação de Proposição;;Indefinida;https://www.camara.leg.br/proposicoesWeb/prop_mostrarintegra?codteor=748283
471098;74813.0;Ronaldo Caiado;DEM;GO;1;1;2010;RONALDO CAIADO;EMA;16;2010;Emenda Aglutinativa;Aglutina o § 1º do artigo 4º com o artigo 5º da Emenda de Plenário nº 376 e o artigo 43 do Substitutivo.;;;2009-12-08T16:57:00;https://www.camara.leg.br/proposicoesWeb/prop_mostrarintegra?codteor=748282;2009-12-08T16:57:00;Apresentação de Proposição;;Indefinida;https://www.camara.leg.br/proposicoesWeb/prop_mostrarintegra?codteor=748282
471096;74813.0;Ronaldo Caiado;DEM;GO;1;1;2010;RONALDO CAIADO;EMA;15;2010;Emenda Aglutinativa;Aglutina o § 1º do artigo 4º com o artigo 5º da Emenda de Plenário nº 376 e o artigo 43 do Substitutivo.;;;2009-12-08T16:57:00;https://www.camara.leg.br/proposicoesWeb/prop_mostrarintegra?codteor=748281;2009-12-08T16:57:00;Apresentação de Proposição;;Indefinida;https://www.camara.leg.br/proposicoesWeb/prop_mostrarintegra?codteor=748281
471091;74813.0;Ronaldo Caiado;DEM;GO;1;1;2010;RONALDO CAIADO;EMA;14;2010;Emenda Aglutinativa;Aglutina o § 1º do artigo 4º com o artigo 5º da Emenda de Plenário nº 376 e o artigo 43 do Substitutivo.;;;2009-12-08T16:57:00;https://www.camara.leg.br/proposicoesWeb/prop_mostrarintegra?codteor=748280;2009-12-08T16:57:00;Apresentação de Proposição;;Indefinida;https://www.camara.leg.br/proposicoesWeb/prop_mostrarintegra?codteor=748280
471082;74813.0;Ronaldo Caiado;DEM;GO;1;1;2010;RONALDO CAIADO;EMA;13;2010;Emenda Aglutinativa;Aglutina o § 1º do artigo 4º com o artigo 5º da Emenda de Plenário nº 376 e o artigo 43 do Substitutivo.;;;2009-12-08T16:57:00;https://www.camara.leg.br/proposicoesWeb/prop_mostrarintegra?codteor=748279;2009-12-08T16:57:00;Apresentação de Proposição;;Indefinida;https://www.camara.leg.br/proposicoesWeb/prop_mostrarintegra?codteor=748279
471079;74813.0;Ronaldo Caiado;DEM;GO;1;1;2010;RONALDO CAIADO;EMA;12;2010;Emenda Aglutinativa;Aglutina os artigos 2º, 4º, 10, 19, 20 e 30 do Substitutivo com os artigos 1º, 3º, 7º e 8º da Emenda de Plenário nº 376 e o capítulo III da Emenda de Plenário nº 377.;;;2009-12-08T16:57:00;https://www.camara.leg.br/proposicoesWeb/prop_mostrarintegra?codteor=748276;2009-12-08T16:57:00;Apresentação de Proposição;;Indefinida;https://www.camara.leg.br/proposicoesWeb/prop_mostrarintegra?codteor=748276
471076;74813.0;Ronaldo Caiado;DEM;GO;1;1;2010;RONALDO CAIADO;EMA;11;2010;Emenda Aglutinativa;Aglutina os artigos 15, 18 e 23 da Emenda de Plenário nº 377 com os artigos 1º e 3º da Emenda de Plenário nº 376 e os capítulos III e IV do Substitutivo.;;;2009-12-08T16:57:00;https://www.camara.leg.br/proposicoesWeb/prop_mostrarintegra?codteor=748275;2009-12-08T16:57:00;Apresentação de Proposição;;Indefinida;https://www.camara.leg.br/proposicoesWeb/prop_mostrarintegra?codteor=748275
471073;74813.0;Ronaldo Caiado;DEM;GO;1;1;2010;RONALDO CAIADO;EMA;10;2010;Emenda Aglutinativa;Aglutina a Emenda de Plenário nº 365 com o artigo 5º da Emenda de Plenário nº 376.;;;2009-12-08T16:57:00;https://www.camara.leg.br/proposicoesWeb/prop_mostrarintegra?codteor=748273;2009-12-08T16:57:00;Apresentação de Proposição;;Indefinida;https://www.camara.leg.br/proposicoesWeb/prop_mostrarintegra?codteor=748273
471072;74813.0;Ronaldo Caiado;DEM;GO;1;1;2010;RONALDO CAIADO;EMA;9;2010;Emenda Aglutinativa;Aglutina a Emenda de Plenário nº 365 com o artigo 5º da Emenda de Plenário nº 376.;;;2009-12-08T16:57:00;https://www.camara.leg.br/proposicoesWeb/prop_mostrarintegra?codteor=748272;2009-12-08T16:57:00;Apresentação de Proposição;;Indefinida;https://www.camara.leg.br/proposicoesWeb/prop_mostrarintegra?codteor=748272
471071;74813.0;Ronaldo Caiado;DEM;GO;1;1;2010;RONALDO CAIADO;EMA;8;2010;Emenda Aglutinativa;Aglutina a Emenda de Plenário nº 365 com o artigo 5º da Emenda de Plenário nº 376.;;;2009-12-08T16:57:00;https://www.camara.leg.br/proposicoesWeb/prop_mostrarintegra?codteor=748270;2009-12-08T16:57:00;Apresentação de Proposição;;Indefinida;https://www.camara.leg.br/proposicoesWeb/prop_mostrarintegra?codteor=748270
471070;74813.0;Ronaldo Caiado;DEM;GO;1;1;2010;RONALDO CAIADO;EMA;7;2010;Emenda Aglutinativa;Aglutina a Emenda de Plenário nº 391 com o artigo 5º da Emenda de Plenário nº 376.;;;2009-12-08T16:57:00;https://www.camara.leg.br/proposicoesWeb/prop_mostrarintegra?codteor=748262;2009-12-08T16:57:00;Apresentação de Proposição;;Indefinida;https://www.camara.leg.br/proposicoesWeb/prop_mostrarintegra?codteor=748262
471069;74813.0;Ronaldo Caiado;DEM;GO;1;1;2010;RONALDO CAIADO;EMA;6;2010;Emenda Aglutinativa;Aglutina as Emendas de Plenário nºs 16, 110 e 263.;;;2009-11-24T16:57:00;https://www.camara.leg.br/proposicoesWeb/prop_mostrarintegra?codteor=748261;2009-11-24T16:57:00;Apresentação de Proposição;;Indefinida;https://www.camara.leg.br/proposicoesWeb/prop_mostrarintegra?codteor=748261
471068;74813.0;Ronaldo Caiado;DEM;GO;1;1;2010;RONALDO CAIADO;EMA;5;2010;Emenda Aglutinativa;Aglutina a Emenda de Plenário nº 275 com o artigo 25 do Substitutivo.;;;2009-11-24T16:57:00;https://www.camara.leg.br/proposicoesWeb/prop_mostrarintegra?codteor=748259;2009-11-24T16:57:00;Apresentação de Proposição;;Indefinida;https://www.camara.leg.br/proposicoesWeb/prop_mostrarintegra?codteor=748259
471066;74813.0;Ronaldo Caiado;DEM;GO;1;1;2010;RONALDO CAIADO;EMA;4;2010;Emenda Aglutinativa;Aglutina a Emenda de Plenário nº 281 com o artigo 23 do Substitutivo.;;;2009-11-24T16:57:00;https://www.camara.leg.br/proposicoesWeb/prop_mostrarintegra?codteor=748258;2009-11-24T16:57:00;Apresentação de Proposição;;Indefinida;https://www.camara.leg.br/proposicoesWeb/prop_mostrarintegra?codteor=748258
471064;74813.0;Ronaldo Caiado;DEM;GO;1;1;2010;RONALDO CAIADO;EMA;3;2010;Emenda Aglutinativa;Aglutina a Emenda de Plenário nº 2 com o inciso I do artigo 2º do Substitutivo.;;;2009-11-24T16:57:00;https://www.camara.leg.br/proposicoesWeb/prop_mostrarintegra?codteor=748254;2009-11-24T16:57:00;Apresentação de Proposição;;Indefinida;https://www.camara.leg.br/proposicoesWeb/prop_mostrarintegra?codteor=748254
471063;74813.0;Ronaldo Caiado;DEM;GO;1;1;2010;RONALDO CAIADO;EMA;2;2010;Emenda Aglutinativa;Aglutina as Emendas de Plenário nºs 21 e 2.;;;2009-11-24T16:57:00;https://www.camara.leg.br/proposicoesWeb/prop_mostrarintegra?codteor=748250;2009-11-24T16:57:00;Apresentação de Proposição;;Indefinida;https://www.camara.leg.br/proposicoesWeb/prop_mostrarintegra?codteor=748250
471062;74813.0;Ronaldo Caiado;DEM;GO;1;1;2010;RONALDO CAIADO;EMA;1;2010;Emenda Aglutinativa;Aglutina as Emendas de Plenário nºs 319 e 321.;;;2009-11-24T16:56:00;https://www.camara.leg.br/proposicoesWeb/prop_mostrarintegra?codteor=748247;2009-11-24T16:56:00;Apresentação de Proposição;;Indefinida;https://www.camara.leg.br/proposicoesWeb/prop_mostrarintegra?codteor=748247
470040;74813.0;Ronaldo Caiado;DEM;GO;11;0;2010;RONALDO CAIADO;REQ;530;2010;Requerimento;"Requer, nos termos regimentais, sejam constituídas as seguintes Subcomissões: Permanente para acompanhar o Processo de Fusão entre Perdigão e Sadia, JBS e Bertim, Mar-Frig e Seara;  Permanente para Avaliar as Relações de Integração entre as Indústrias e os Produtores;  e Especial para acompanhar a Aplicação dos Recursos Financeiros destinados ao Setor Agropecuário, e Recursos destinados no Orçamento para programas supervisionados pelo MAPA, MDA e Pesca.";;;2010-03-17T20:50:00;https://www.camara.leg.br/proposicoesWeb/prop_mostrarintegra?codteor=745215;2010-03-24T00:00:00;Arquivamento;Arquivada;Indefinida;
468589;74813.0;Ronaldo Caiado;DEM;GO;1;1;2010;RONALDO CAIADO;PL;6926;2010;Projeto de Lei;Dispõe sobre reserva de recurso do Fundo Constitucional de Financiamento do  Centro-Oeste - FCO para o desenvolvimento da Microrregião do  Entorno do Distrito Federal.;Altera a Lei nº 7.827, de setembro de 1989.;Alteração, Lei dos Fundos Constitucionais, aplicação de recursos, Centro-Oeste, inclusão, Região Integrada de Desenvolvimento, Distrito Federal, Entorno, reserva, percentual, recursos financeiros, Fundo Constitucional de Financiamento do Centro-Oeste (FCO).;2010-03-09T18:33:48;https://www.camara.leg.br/proposicoesWeb/prop_mostrarintegra?codteor=741366;2015-02-12T10:02:00;Desarquivamento a Pedido;Arquivada;Proposição Sujeita à Apreciação Conclusiva pelas Comissões - Art. 24 II;https://www.camara.leg.br/proposicoesWeb/prop_mostrarintegra?codteor=1300303
467903;74813.0;Ronaldo Caiado;DEM;GO;4;0;2010;RONALDO CAIADO;EMP;70;2010;Emenda de Plenário;Dá nova redação aos 'caputs' dos artigos 1º e 5º do Substitutivo.;;;2010-03-03T18:37:00;https://www.camara.leg.br/proposicoesWeb/prop_mostrarintegra?codteor=739786;2010-03-03T18:37:00;Apresentação de Proposição;;Indefinida;https://www.camara.leg.br/proposicoesWeb/prop_mostrarintegra?codteor=739786
467890;74813.0;Ronaldo Caiado;DEM;GO;5;0;2010;RONALDO CAIADO;EMP;69;2010;Emenda de Plenário;Altera o Projeto de Lei nº 5.941/09.;;;2010-03-03T18:03:00;https://www.camara.leg.br/proposicoesWeb/prop_mostrarintegra?codteor=739787;2010-03-03T18:03:00;Apresentação de Proposição;;Indefinida;https://www.camara.leg.br/proposicoesWeb/prop_mostrarintegra?codteor=739787
467888;74813.0;Ronaldo Caiado;DEM;GO;5;0;2010;RONALDO CAIADO;EMP;68;2010;Emenda de Plenário;Altera a redação do artigo 10 do Substitutivo.;;;2010-03-03T18:01:00;https://www.camara.leg.br/proposicoesWeb/prop_mostrarintegra?codteor=739790;2010-03-03T18:01:00;Apresentação de Proposição;;Indefinida;https://www.camara.leg.br/proposicoesWeb/prop_mostrarintegra?codteor=739790
467637;74813.0;Ronaldo Caiado;DEM;GO;1;1;2010;RONALDO CAIADO;PRC;222;2010;Projeto de Resolução de Alteração do Regimento e outros;"Acresce inciso VI no art. 105 e altera a redação da alínea ""a"" do inciso II do art. 151 da Resolução nº 17 de 1989, que dispõe sobre o Regimento Interno da Câmara dos Deputados (RICD).";Estabelece que não mais serão arquivados, ao fim da legislatura, os projetos de iniciativa de Comissão Parlamentar de Inquérito e fixa regime de tramitação com prioridade.;Alteração, Regimento Interno da Câmara dos Deputados, arquivamento, proposição, término, legislatura, exceção, iniciativa legislativa, (CPI), regime de tramitação, regime de prioridade.;2010-03-02T20:26:00;https://www.camara.leg.br/proposicoesWeb/prop_mostrarintegra?codteor=738935;2022-12-05T00:00:00;Notificações;Arquivada;Proposição Sujeita à Apreciação do Plenário;
467469;74813.0;Ronaldo Caiado;DEM;GO;5;0;2010;RONALDO CAIADO;EMP;312;2010;Emenda de Plenário;Acrescenta parágrafo ao artigo 12 do Substitutivo.;;;2010-02-25T18:01:00;https://www.camara.leg.br/proposicoesWeb/prop_mostrarintegra?codteor=737756;2010-02-25T18:01:00;Apresentação de Proposição;;Indefinida;https://www.camara.leg.br/proposicoesWeb/prop_mostrarintegra?codteor=737756
467464;74813.0;Ronaldo Caiado;DEM;GO;5;0;2010;RONALDO CAIADO;EMP;310;2010;Emenda de Plenário;Dá nova redação ao artigo 1º do PL 5.940/09, apensado.;;;2010-02-25T17:58:00;https://www.camara.leg.br/proposicoesWeb/prop_mostrarintegra?codteor=737752;2010-02-25T17:58:00;Apresentação de Proposição;;Indefinida;https://www.camara.leg.br/proposicoesWeb/prop_mostrarintegra?codteor=737752
467461;74813.0;Ronaldo Caiado;DEM;GO;1;1;2010;RONALDO CAIADO;EMP;307;2010;Emenda de Plenário;Dá nova redação ao artigo 3º do PL 5.940/09, apensado.;;;2010-02-25T17:50:00;https://www.camara.leg.br/proposicoesWeb/prop_mostrarintegra?codteor=737746;2010-02-25T17:50:00;Apresentação de Proposição;;Indefinida;https://www.camara.leg.br/proposicoesWeb/prop_mostrarintegra?codteor=737746
467452;74813.0;Ronaldo Caiado;DEM;GO;5;0;2010;RONALDO CAIADO;EMP;304;2010;Emenda de Plenário;Altera a redação do § 3º do artigo 49 da Lei nº 9.478/97, acrescido pelo § 1º do artigo 3º do Substitutivo.;;;2010-02-25T17:29:00;https://www.camara.leg.br/proposicoesWeb/prop_mostrarintegra?codteor=737743;2010-02-25T17:29:00;Apresentação de Proposição;;Indefinida;https://www.camara.leg.br/proposicoesWeb/prop_mostrarintegra?codteor=737743
467450;74813.0;Ronaldo Caiado;DEM;GO;6;0;2010;RONALDO CAIADO;EMP;302;2010;Emenda de Plenário;Altera a redação do artigo 12 do Substitutivo.;;;2010-02-25T17:17:00;https://www.camara.leg.br/proposicoesWeb/prop_mostrarintegra?codteor=737737;2010-02-25T17:17:00;Apresentação de Proposição;;Indefinida;https://www.camara.leg.br/proposicoesWeb/prop_mostrarintegra?codteor=737737
466076;74813.0;Ronaldo Caiado;DEM;GO;1;1;2010;RONALDO CAIADO;EMC;47;2010;Emenda na Comissão;Dá nova redação à Medida Provisória nº 472/09.;;;2009-12-17T17:15:00;https://www.camara.leg.br/proposicoesWeb/prop_mostrarintegra?codteor=733275;2009-12-17T17:15:00;Apresentação de Proposição;;Indefinida;https://www.camara.leg.br/proposicoesWeb/prop_mostrarintegra?codteor=733275
530234;74813.0;Ronaldo Caiado;DEM;GO;13;1;2011;RONALDO CAIADO;REQ;147;2011;Requerimento;Nos termos do Art. 52, § 5º do Regimento Interno, requeiro a V.Exª a inclusão na Ordem do Dia, para apreciação imediata da PFC 40/2011 de autoria do Deputado Abelardo Lupion.;;;2011-12-07T12:11:00;;2011-12-07T10:00:00;Aprovação de Proposição Interna;Arquivada;Indefinida;
529318;74813.0;Ronaldo Caiado;DEM;GO;1;1;2011;RONALDO CAIADO;REQ;145;2011;Requerimento;Solicita a realização de Audiência Pública para discutir as modificações propostas pelo Senado Federal ao projeto de Código Florestal aprovado por esta Câmara dos Deputados.;;;2011-11-30T16:38:00;https://www.camara.leg.br/proposicoesWeb/prop_mostrarintegra?codteor=945149;2011-12-07T00:00:00;Arquivamento;Arquivada;Indefinida;
528401;74813.0;Ronaldo Caiado;DEM;GO;4;1;2011;RONALDO CAIADO;REQ;143;2011;Requerimento;"""Solicita inclusão de requerimento na pauta para votação imediata"".";;;2011-11-23T16:16:00;;2011-11-23T10:00:00;Aprovação de Proposição Interna;Arquivada;Indefinida;
528262;74813.0;Ronaldo Caiado;DEM;GO;2;1;2011;RONALDO CAIADO;REQ;142;2011;Requerimento;"""Requer, nos termos do art. 52, § 5º, do RICD, seja incluída automaticamente na Ordem do Dia desta Comissão, proposição de indicação ao Ministério da Agricultura, Pecuária e Abastecimento de documento com sugestões dos produtores de vinho colonial para a regulamentação, por aquele órgão executivo, de sua atividade, fruto de audiência pública realizada nesta em 07 de junho de 2011"".";;;2011-11-23T14:19:00;https://www.camara.leg.br/proposicoesWeb/prop_mostrarintegra?codteor=942309;2011-12-14T00:00:00;Arquivamento;Arquivada;Indefinida;
526432;74813.0;Ronaldo Caiado;DEM;GO;1;1;2011;RONALDO CAIADO;EMC;35;2011;Emenda na Comissão;Dispõe sobre as pesquisas eleitorais, o voto de legenda em listas partidárias, as federações partidárias, a propaganda eleitoral, o financiamento de campanhas e as coligações partidárias, alterando a Lei nº 4.737, de 15 de julho de 1965 (Código Eleitoral), a Lei nº 9.096, de 19 de setembro de 1995 (Lei dos Partidos Políticos) e a Lei nº 9.504, de 30 de setembro de 1997 (Lei das. Eleições).;;;2011-11-08T17:44:00;https://www.camara.leg.br/proposicoesWeb/prop_mostrarintegra?codteor=936527;2011-11-08T17:44:00;Apresentação de Proposição;;Indefinida;https://www.camara.leg.br/proposicoesWeb/prop_mostrarintegra?codteor=936527
526325;74813.0;Ronaldo Caiado;DEM;GO;1;1;2011;RONALDO CAIADO;REQ;237;2011;Requerimento;Convida o Sr. Daniel Almeida Tavares para prestar esclarecimentos nesta Comissão a respeito de denúncias relacionadas à Agência Nacional de Vigilância Sanitária (ANVISA), autarquia vinculada ao Ministério da Saúde.;;;2011-11-08T15:31:00;https://www.camara.leg.br/proposicoesWeb/prop_mostrarintegra?codteor=936265;2012-03-21T00:00:00;Arquivamento;Arquivada;Indefinida;
526320;74813.0;Ronaldo Caiado;DEM;GO;1;1;2011;RONALDO CAIADO;REQ;236;2011;Requerimento;Convida os Srs. Marcelo Panella, ex-chefe de Gabinete do Ministério do Trabalho e Emprego, Anderson Alexandre dos Santos, ex-Coordenador-Geral de Qualificação do Ministro de Estado do Trabalho e Emprego, e Adair Antonio de Freitas Meira, dirigente da Rede Nacional de Aprendizagem, Promoção Social e Integração - RENAPSI (CNPJ nº 37.381.902/0001-25), a fim de prestarem esclarecimentos acerca de supostos atos irregulares praticados no âmbito do Ministério do Trabalho e Emprego, em especial os relacionados a convênios firmados por aquela Pasta ministerial.;;;2011-11-08T15:30:00;https://www.camara.leg.br/proposicoesWeb/prop_mostrarintegra?codteor=936269;2012-09-05T00:00:00;Notificações;Arquivada;Indefinida;
526316;74813.0;Ronaldo Caiado;DEM;GO;1;1;2011;RONALDO CAIADO;REQ;235;2011;Requerimento de Convocação de Ministro de Estado na Comissão (art. 50, CF);Solicita a convocação do Ministro de Estado do Trabalho e Emprego, Sr. Carlos Roberto Lupi, a fim de prestar esclarecimentos acerca de supostos atos irregulares praticados no âmbito do Ministério do Trabalho e Emprego, em especial os relacionados a convênios firmados por aquela Pasta ministerial.;;;2011-11-08T15:28:00;https://www.camara.leg.br/proposicoesWeb/prop_mostrarintegra?codteor=936262;2012-03-21T00:00:00;Arquivamento;Arquivada;Proposição Sujeita à Apreciação Conclusiva pelas Comissões(Art. 24, II, do RICD);
524469;74813.0;Ronaldo Caiado;DEM;GO;1;1;2011;RONALDO CAIADO;VTS;4;0;Voto em Separado;"""Altera o art. 76 do Ato das Disposições Constitucionais Transitórias.""";;;2011-10-20T22:19:00;https://www.camara.leg.br/proposicoesWeb/prop_mostrarintegra?codteor=932106;2011-10-20T22:19:00;Apresentação de Proposição;;Indefinida;https://www.camara.leg.br/proposicoesWeb/prop_mostrarintegra?codteor=932106
521564;74813.0;Ronaldo Caiado;DEM;GO;12;1;2011;RONALDO CAIADO;REQ;116;2011;Requerimento;"""Inclusão na pauta, para votação imeditada, o Requerimento nº 113/2011, de autoria dos deputados Domingos Sávio e Zé Silva.";;;2011-09-28T12:30:00;;2011-09-28T00:00:00;Arquivamento;Arquivada;Indefinida;
521056;74813.0;Ronaldo Caiado;DEM;GO;2;1;2011;RONALDO CAIADO;EMP;13;2011;Emenda de Plenário;Acrescenta parágrafo único ao artigo 1º do projeto.;;;2011-09-21T14:46:00;https://www.camara.leg.br/proposicoesWeb/prop_mostrarintegra?codteor=923004;2011-09-21T14:46:00;Apresentação de Proposição;;Indefinida;https://www.camara.leg.br/proposicoesWeb/prop_mostrarintegra?codteor=923004
521053;74813.0;Ronaldo Caiado;DEM;GO;2;1;2011;RONALDO CAIADO;EMP;12;2011;Emenda de Plenário;Acrescenta-se o § 6º ao artigo 4º do projeto.;;;2011-09-21T14:45:00;https://www.camara.leg.br/proposicoesWeb/prop_mostrarintegra?codteor=922987;2011-09-21T14:45:00;Apresentação de Proposição;;Indefinida;https://www.camara.leg.br/proposicoesWeb/prop_mostrarintegra?codteor=922987
520554;74813.0;Ronaldo Caiado;DEM;GO;2;1;2011;RONALDO CAIADO;EMP;16;2011;Emenda de Plenário;Dá nova redação ao § 3º do artigo 9º do Substitutivo da Comissão Especial.;;;2011-09-21T10:33:00;https://www.camara.leg.br/proposicoesWeb/prop_mostrarintegra?codteor=922300;2011-09-21T10:33:00;Apresentação de Proposição;;Indefinida;https://www.camara.leg.br/proposicoesWeb/prop_mostrarintegra?codteor=922300
520553;74813.0;Ronaldo Caiado;DEM;GO;2;1;2011;RONALDO CAIADO;EMP;15;2011;Emenda de Plenário;Incluir artigo no Substitutivo da Comissão Especial onde couber.;;;2011-09-21T10:30:00;https://www.camara.leg.br/proposicoesWeb/prop_mostrarintegra?codteor=922281;2011-09-21T10:30:00;Apresentação de Proposição;;Indefinida;https://www.camara.leg.br/proposicoesWeb/prop_mostrarintegra?codteor=922281
520541;74813.0;Ronaldo Caiado;DEM;GO;2;1;2011;RONALDO CAIADO;EMP;10;2011;Emenda de Plenário;Acrescenta parágrafo ao artigo 6º do Substitutivo da Comissão Especial.;;;2011-09-21T10:11:00;https://www.camara.leg.br/proposicoesWeb/prop_mostrarintegra?codteor=922231;2011-09-21T10:11:00;Apresentação de Proposição;;Indefinida;https://www.camara.leg.br/proposicoesWeb/prop_mostrarintegra?codteor=922231
519439;74813.0;Ronaldo Caiado;DEM;GO;16;0;2011;RONALDO CAIADO;EMC;3;2011;Emenda na Comissão;"Dê-se à Proposta de Emenda à Constituição nº 443, de 2009, a seguinte redação, promovendo-se, em decorrência, alteração correspondente na ementa da proposição:
""Art. 1º O inciso XXII do art. 37 e o § 4º do art. 39 da Constituição passam a vigorar com a seguinte redação:
''Art. 37. .......................................................................
....................................................................................
XXII - as administrações tributárias da União, dos Estados, do Distrito Federal e dos Municípios, atividades essenciais ao funcionamento do Estado, exercidas por servidores de carreiras específicas, terão recursos prioritários para realização de suas atividades e atuarão de forma integrada, inclusive com o compartilhamento de cadastros e de informações fiscais, na forma da lei ou convênio, observado, quanto aos servidores diretamente responsáveis pela fiscalização tributária no âmbito da União, o disposto no § 2º-A do art. 131.";;;2011-09-14T11:47:00;https://www.camara.leg.br/proposicoesWeb/prop_mostrarintegra?codteor=919237;2011-09-14T11:47:00;Apresentação de Proposição;;Indefinida;https://www.camara.leg.br/proposicoesWeb/prop_mostrarintegra?codteor=919237
518006;74813.0;Ronaldo Caiado;DEM;GO;2;1;2011;RONALDO CAIADO;REQ;101;2011;Requerimento;Solicita inclusão de extrapauta do requerimento que propõe a realização de reunião de audiência pública com a participação das comissões de Viação e Transportes e da Agricultura e Reforma Agrária do Senado Federal para debater o abandono das estradas ferroviárias do país.;;;2011-08-31T12:40:00;https://www.camara.leg.br/proposicoesWeb/prop_mostrarintegra?codteor=915024;2011-08-31T10:00:00;Aprovação de Proposição Interna;Arquivada;Indefinida;
514793;74813.0;Ronaldo Caiado;DEM;GO;10;1;2011;RONALDO CAIADO;REQ;96;2011;Requerimento;Solicita inclusão na pauta, para votação imediata, do requerimento de informações a ser enviado ao Instituto de  Terras e Colonizações de Roraima.;;;2011-08-10T13:31:00;;2011-08-10T10:00:00;Aprovação de Proposição Interna;Arquivada;Indefinida;
514363;74813.0;Ronaldo Caiado;DEM;GO;2;1;2011;RONALDO CAIADO;REQ;93;2011;Requerimento;Solicita realização de oitiva do Sr. Oscar Jucá Neto, ex-diretor financeiro da Companhia Nacional de Abastecimento (CONAB), para os fins que especifica.;;;2011-08-09T09:16:00;https://www.camara.leg.br/proposicoesWeb/prop_mostrarintegra?codteor=905261;2011-08-10T00:00:00;Arquivamento;Arquivada;Indefinida;
513435;74813.0;Ronaldo Caiado;DEM;GO;1;1;2011;RONALDO CAIADO;REQ;89;2011;Requerimento de Convocação de Ministro de Estado na Comissão (art. 50, CF);Solicita a realização de audiência pública na Comissão de Agricultura, Pecuária, Abastecimento e Desenvolvimento Rural, a fim de discutirem-se denúncias de má gestão de recursos na Companhia Nacional de Abastecimento (CONAB), empresa pública vinculada ao Ministério da Agricultura, Pecuária e Abastecimento, sendo convocado o Excelentíssimo Ministro de Estado da Agricultura, Sr. Wagner Gonçalves Rossi, e convidados os Srs. Evangevaldo Moreira dos Santos - Presidente da CONAB, Marcelo de Araújo Melo - Diretor de Operações e Abastecimento da CONAB, Oscar Jucá Neto - ex-Diretor Financeiro da CONAB, e Rômulo Sulz Gonsalves Júnior - Procurador-Geral da CONAB.;;;2011-08-02T18:15:00;https://www.camara.leg.br/proposicoesWeb/prop_mostrarintegra?codteor=903491;2011-08-02T18:15:00;Apresentação de Proposição;Arquivada;Proposição Sujeita à Apreciação Conclusiva pelas Comissões(Art. 24, II, do RICD);https://www.camara.leg.br/proposicoesWeb/prop_mostrarintegra?codteor=903491
513434;74813.0;Ronaldo Caiado;DEM;GO;1;1;2011;RONALDO CAIADO;REQ;88;2011;Requerimento de Convocação de Ministro de Estado na Comissão (art. 50, CF);Solicita a realização de audiência pública na Comissão de Agricultura, Pecuária, Abastecimento e Desenvolvimento Rural, a fim de serem discutidas as denúncias veiculadas na imprensa referentes à venda ilegal de terras destinadas à reforma agrária, sendo convocado o Excelentíssimo Ministro de Estado do Desenvolvimento Agrário, Sr. Afonso Bandeira Florence, e convidado o Sr. Celso Lisboa de Lacerda, Presidente do Instituto Nacional de Reforma Agrária (INCRA).;;;2011-08-02T18:13:00;https://www.camara.leg.br/proposicoesWeb/prop_mostrarintegra?codteor=903489;2011-08-24T00:00:00;Arquivamento;Arquivada;Proposição Sujeita à Apreciação Conclusiva pelas Comissões(Art. 24, II, do RICD);
511883;74813.0;Ronaldo Caiado;DEM;GO;1;1;2011;RONALDO CAIADO;PL;1801;2011;Projeto de Lei;Altera a Lei nº 10.308, de 20 de novembro de 2001, estabelecendo que a construção de depósito intermediário ou final de rejeitos radioativos deverá ser aprovada, previamente, por meio de plebiscito.;;Alteração,  rejeito radioativo, construção, depósito, aprovação, plebiscito;2011-07-07T15:35:41;https://www.camara.leg.br/proposicoesWeb/prop_mostrarintegra?codteor=897552;2015-09-04T00:00:00;Devolução à CCP;Arquivada;Proposição Sujeita à Apreciação Conclusiva pelas Comissões - Art. 24 II;
511392;74813.0;Ronaldo Caiado;DEM;GO;4;1;2011;RONALDO CAIADO;REQ;84;2011;Requerimento;SOLICITA INCLUSÃO DE REQUERIMENTO NA PAUTA PARA VOTAÇÃO IMEDIATA DA SUBCOMISSÃO PERMANENTE DO LEITE.;;;2011-07-06T13:06:00;https://www.camara.leg.br/proposicoesWeb/prop_mostrarintegra?codteor=896467;2011-07-06T10:00:00;Aprovação de Proposição Interna;Arquivada;Indefinida;
509279;74813.0;Ronaldo Caiado;DEM;GO;2;1;2011;RONALDO CAIADO;REQ;73;2011;Requerimento;SOLICITA INCLUSÃO DE REQUERIMENTO NA PAUTA PARA VOTAÇÃO IMEDIATA;;;2011-06-15T16:36:00;;2011-06-15T10:00:00;Aprovação de Proposição Interna;Arquivada;Indefinida;
506781;74813.0;Ronaldo Caiado;DEM;GO;1;1;2011;RONALDO CAIADO;PL;1530;2011;Projeto de Lei;Obriga os estabelecimentos de ensino básico do país a divulgarem o índice IDEB.;;Obrigatoriedade, estabelecimento de ensino, educação básica, divulgação, nota, média, município, estado, Índice de Desenvolvimento da Educação Básica (Ideb).;2011-06-07T17:31:53;https://www.camara.leg.br/proposicoesWeb/prop_mostrarintegra?codteor=883836;2023-04-03T00:00:00;Arquivamento;Arquivada;Proposição Sujeita à Apreciação Conclusiva pelas Comissões - Art. 24 II;https://www.camara.leg.br/proposicoesWeb/prop_mostrarintegra?codteor=2254344
503511;74813.0;Ronaldo Caiado;DEM;GO;1;1;2011;RONALDO CAIADO;REQ;44;2011;Requerimento;Solicita o depoimento dos Senhores Odair Dias Gonçalves e Marcos Nogueira Martins, Presidente da Comissão Nacional de Energia Nuclear (CNEN) e Diretor de Pesquisa e Desenvolvimento do CNEN, respectivamente, para prestar esclarecimentos sobre a possível escolha da cidade de Abadia de Goiás – GO para armazenar dejetos das usinas nucleares de Angra 1 e 2.;;;2011-05-24T17:23:00;https://www.camara.leg.br/proposicoesWeb/prop_mostrarintegra?codteor=876265;2012-03-20T00:00:00;Arquivamento;Arquivada;Indefinida;
502549;74813.0;Ronaldo Caiado;DEM;GO;1;1;2011;RONALDO CAIADO;REQ;53;2011;Requerimento de Convocação de Ministro de Estado na Comissão (art. 50, CF);Solicita a convocação do Ministro-Chefe da Casa Civil, Sr. Antonio Palocci Filho, para explicitar a esta Comissão o atual estágio das negociações do Código Florestal.;;;2011-05-17T18:15:00;https://www.camara.leg.br/proposicoesWeb/prop_mostrarintegra?codteor=872906;2011-05-25T10:00:00;Retirada de Pauta;;Proposição Sujeita à Apreciação Conclusiva pelas Comissões(Art. 24, II, do RICD);
502259;74813.0;Ronaldo Caiado;DEM;GO;1;1;2011;RONALDO CAIADO;EMP;185;2011;Emenda de Plenário;Incluir artigo onde couber ao Substitutivo da Comissão Especial.;;;2011-05-11T09:50:00;https://www.camara.leg.br/proposicoesWeb/prop_mostrarintegra?codteor=872237;2011-05-11T09:50:00;Apresentação de Proposição;;Indefinida;https://www.camara.leg.br/proposicoesWeb/prop_mostrarintegra?codteor=872237
502255;74813.0;Ronaldo Caiado;DEM;GO;2;1;2011;RONALDO CAIADO;EMP;182;2011;Emenda de Plenário;Incluir artigo onde couber no Substitutivo da Comissão Especial.;;;2011-05-11T09:40:00;https://www.camara.leg.br/proposicoesWeb/prop_mostrarintegra?codteor=872234;2011-05-11T09:40:00;Apresentação de Proposição;;Indefinida;https://www.camara.leg.br/proposicoesWeb/prop_mostrarintegra?codteor=872234
502240;74813.0;Ronaldo Caiado;DEM;GO;3;1;2011;RONALDO CAIADO;EMP;169;2011;Emenda de Plenário;Incluar artigo onde couber no  Substitutivo da Comissão Especial.;;;2011-05-11T09:21:00;https://www.camara.leg.br/proposicoesWeb/prop_mostrarintegra?codteor=872221;2011-05-11T09:21:00;Apresentação de Proposição;;Indefinida;https://www.camara.leg.br/proposicoesWeb/prop_mostrarintegra?codteor=872221
502150;74813.0;Ronaldo Caiado;DEM;GO;1;1;2011;RONALDO CAIADO;EMP;141;2011;Emenda de Plenário;Dá nova redação ao inciso II do art. 15do Substitutivo da Comissão Especial.;;;2011-05-11T16:54:00;https://www.camara.leg.br/proposicoesWeb/prop_mostrarintegra?codteor=872189;2011-05-11T16:54:00;Apresentação de Proposição;;Indefinida;https://www.camara.leg.br/proposicoesWeb/prop_mostrarintegra?codteor=872189
502148;74813.0;Ronaldo Caiado;DEM;GO;1;1;2011;RONALDO CAIADO;EMP;140;2011;Emenda de Plenário;Dá nova redação ao art. 24 do Substitutivo da Comissão Especial.;;;2011-05-11T16:54:00;https://www.camara.leg.br/proposicoesWeb/prop_mostrarintegra?codteor=872188;2011-05-11T16:54:00;Apresentação de Proposição;;Indefinida;https://www.camara.leg.br/proposicoesWeb/prop_mostrarintegra?codteor=872188
502146;74813.0;Ronaldo Caiado;DEM;GO;1;1;2011;RONALDO CAIADO;EMP;139;2011;Emenda de Plenário;Dá nova redação ao art. 23 do Substitutivo da Comissão Especial.;;;2011-05-11T16:54:00;https://www.camara.leg.br/proposicoesWeb/prop_mostrarintegra?codteor=872187;2011-05-11T16:54:00;Apresentação de Proposição;;Indefinida;https://www.camara.leg.br/proposicoesWeb/prop_mostrarintegra?codteor=872187
502106;74813.0;Ronaldo Caiado;DEM;GO;5;1;2011;RONALDO CAIADO;EMP;125;2011;Emenda de Plenário;Acrescenta o inciso XVIII ao art. 3.º do Substitutivo da Comissão Especial.;;;2011-05-11T16:22:00;https://www.camara.leg.br/proposicoesWeb/prop_mostrarintegra?codteor=872145;2011-05-11T16:22:00;Apresentação de Proposição;;Indefinida;https://www.camara.leg.br/proposicoesWeb/prop_mostrarintegra?codteor=872145
502102;74813.0;Ronaldo Caiado;DEM;GO;2;1;2011;RONALDO CAIADO;EMP;61;2011;Emenda de Plenário;"Acrescenta a alínea ""X"" ao inciso IV do artigo 3º do Substitutivo da Comissão Especial.";;;2011-05-11T16:19:00;https://www.camara.leg.br/proposicoesWeb/prop_mostrarintegra?codteor=871722;2011-05-11T16:19:00;Apresentação de Proposição;;Indefinida;https://www.camara.leg.br/proposicoesWeb/prop_mostrarintegra?codteor=871722
502100;74813.0;Ronaldo Caiado;DEM;GO;2;1;2011;RONALDO CAIADO;EMP;60;2011;Emenda de Plenário;"Acrescenta a alínea ""X"" ao inciso IV do artigo 3º do Substitutivo da Comissão Especial.";;;2011-05-11T16:17:00;https://www.camara.leg.br/proposicoesWeb/prop_mostrarintegra?codteor=871823;2011-05-11T16:17:00;Apresentação de Proposição;;Indefinida;https://www.camara.leg.br/proposicoesWeb/prop_mostrarintegra?codteor=871823
502098;74813.0;Ronaldo Caiado;DEM;GO;2;1;2011;RONALDO CAIADO;EMP;59;2011;Emenda de Plenário;"Dá nova redação  a alínea ""a"" do  incisos I do artigo 4º do Substitutivo da Comissão Especial.";;;2011-05-11T16:15:00;https://www.camara.leg.br/proposicoesWeb/prop_mostrarintegra?codteor=871815;2011-05-11T16:15:00;Apresentação de Proposição;;Indefinida;https://www.camara.leg.br/proposicoesWeb/prop_mostrarintegra?codteor=871815
502097;74813.0;Ronaldo Caiado;DEM;GO;2;1;2011;RONALDO CAIADO;EMP;58;2011;Emenda de Plenário;Dá nova redação ao inciso IX do artigo 3º do Substitutivo da Comissão Especial.;;;2011-05-11T16:14:00;https://www.camara.leg.br/proposicoesWeb/prop_mostrarintegra?codteor=871811;2011-05-11T16:14:00;Apresentação de Proposição;;Indefinida;https://www.camara.leg.br/proposicoesWeb/prop_mostrarintegra?codteor=871811
502086;74813.0;Ronaldo Caiado;DEM;GO;2;1;2011;RONALDO CAIADO;EMP;57;2011;Emenda de Plenário;"Acrescenta-se alínea ""X"" ao inciso IV do artigo 3º  do Substitutivo da Comissão Especial.";;;2011-05-11T15:58:00;https://www.camara.leg.br/proposicoesWeb/prop_mostrarintegra?codteor=871804;2011-05-11T15:58:00;Apresentação de Proposição;;Indefinida;https://www.camara.leg.br/proposicoesWeb/prop_mostrarintegra?codteor=871804
502084;74813.0;Ronaldo Caiado;DEM;GO;3;1;2011;RONALDO CAIADO;EMP;118;2011;Emenda de Plenário;Suprime o § 7.º do art. 13 do Substitutivo da Comissão Especial.;;;2011-05-11T15:57:00;https://www.camara.leg.br/proposicoesWeb/prop_mostrarintegra?codteor=872134;2011-05-11T15:57:00;Apresentação de Proposição;;Indefinida;https://www.camara.leg.br/proposicoesWeb/prop_mostrarintegra?codteor=872134
501962;74813.0;Ronaldo Caiado;DEM;GO;1;1;2011;RONALDO CAIADO;EMP;38;2011;Emenda de Plenário;Dá nova redação ao art. 49 do Substitutivo da Comissão Especial.;;;2011-05-11T13:10:00;https://www.camara.leg.br/proposicoesWeb/prop_mostrarintegra?codteor=871713;2011-05-11T13:10:00;Apresentação de Proposição;;Indefinida;https://www.camara.leg.br/proposicoesWeb/prop_mostrarintegra?codteor=871713
501961;74813.0;Ronaldo Caiado;DEM;GO;2;1;2011;RONALDO CAIADO;EMP;37;2011;Emenda de Plenário;Suprime o §3.º do art. 5.º do Substitutivo da Comissão Especial.;;;2011-05-11T13:08:00;https://www.camara.leg.br/proposicoesWeb/prop_mostrarintegra?codteor=871702;2011-05-11T13:08:00;Apresentação de Proposição;;Indefinida;https://www.camara.leg.br/proposicoesWeb/prop_mostrarintegra?codteor=871702
501960;74813.0;Ronaldo Caiado;DEM;GO;1;1;2011;RONALDO CAIADO;EMP;36;2011;Emenda de Plenário;Dá nova redação ao §4.º do art. 24 do Substitutivo da Comissão Especial.;;;2011-05-11T13:07:00;https://www.camara.leg.br/proposicoesWeb/prop_mostrarintegra?codteor=871696;2011-05-11T13:07:00;Apresentação de Proposição;;Indefinida;https://www.camara.leg.br/proposicoesWeb/prop_mostrarintegra?codteor=871696
501959;74813.0;Ronaldo Caiado;DEM;GO;1;1;2011;RONALDO CAIADO;EMP;35;2011;Emenda de Plenário;Suprime os incisos IV e V do art. 14 do Substitutivo da Comissão Especial.;;;2011-05-11T13:05:00;https://www.camara.leg.br/proposicoesWeb/prop_mostrarintegra?codteor=871692;2011-05-11T13:05:00;Apresentação de Proposição;;Indefinida;https://www.camara.leg.br/proposicoesWeb/prop_mostrarintegra?codteor=871692
501958;74813.0;Ronaldo Caiado;DEM;GO;1;1;2011;RONALDO CAIADO;EMP;34;2011;Emenda de Plenário;Suprime o inciso III do art. 15 do Substitutivo da Comissão Especial.;;;2011-05-11T13:04:00;https://www.camara.leg.br/proposicoesWeb/prop_mostrarintegra?codteor=871687;2011-05-11T13:04:00;Apresentação de Proposição;;Indefinida;https://www.camara.leg.br/proposicoesWeb/prop_mostrarintegra?codteor=871687
501957;74813.0;Ronaldo Caiado;DEM;GO;1;1;2011;RONALDO CAIADO;EMP;33;2011;Emenda de Plenário;Suprime o inciso III do art. 17 do Substitutivo da Comissão Especial.;;;2011-05-11T13:01:00;https://www.camara.leg.br/proposicoesWeb/prop_mostrarintegra?codteor=871679;2011-05-11T13:01:00;Apresentação de Proposição;;Indefinida;https://www.camara.leg.br/proposicoesWeb/prop_mostrarintegra?codteor=871679
501956;74813.0;Ronaldo Caiado;DEM;GO;1;1;2011;RONALDO CAIADO;EMP;32;2011;Emenda de Plenário;Dá nova redação ao art. 20 do Substitutivo da Comissão Especial.;;;2011-05-11T13:00:00;https://www.camara.leg.br/proposicoesWeb/prop_mostrarintegra?codteor=871650;2011-05-11T13:00:00;Apresentação de Proposição;;Indefinida;https://www.camara.leg.br/proposicoesWeb/prop_mostrarintegra?codteor=871650
501955;74813.0;Ronaldo Caiado;DEM;GO;1;1;2011;RONALDO CAIADO;EMP;31;2011;Emenda de Plenário;Suprime o art. 23 do Substitutivo da Comissão Especial.;;;2011-05-11T12:57:00;https://www.camara.leg.br/proposicoesWeb/prop_mostrarintegra?codteor=871648;2011-05-11T12:57:00;Apresentação de Proposição;;Indefinida;https://www.camara.leg.br/proposicoesWeb/prop_mostrarintegra?codteor=871648
501947;74813.0;Ronaldo Caiado;DEM;GO;1;1;2011;RONALDO CAIADO;EMP;30;2011;Emenda de Plenário;Dá nova redação ao § 3º do artigo 24 do Substitutivo da Comissão Especial.;;;2011-05-11T11:31:00;https://www.camara.leg.br/proposicoesWeb/prop_mostrarintegra?codteor=871646;2011-05-11T11:31:00;Apresentação de Proposição;;Indefinida;https://www.camara.leg.br/proposicoesWeb/prop_mostrarintegra?codteor=871646
501946;74813.0;Ronaldo Caiado;DEM;GO;1;1;2011;RONALDO CAIADO;EMP;29;2011;Emenda de Plenário;Inclui § 4º ao artigo 36 do Substitutivo da Comissão Especial.;;;2011-05-11T11:30:00;https://www.camara.leg.br/proposicoesWeb/prop_mostrarintegra?codteor=871645;2011-05-11T11:30:00;Apresentação de Proposição;;Indefinida;https://www.camara.leg.br/proposicoesWeb/prop_mostrarintegra?codteor=871645
501945;74813.0;Ronaldo Caiado;DEM;GO;1;1;2011;RONALDO CAIADO;EMP;28;2011;Emenda de Plenário;Suprime o  artigo 47 do Substitutivo da Comissão Especial.;;;2011-05-11T11:29:00;https://www.camara.leg.br/proposicoesWeb/prop_mostrarintegra?codteor=871640;2011-05-11T11:29:00;Apresentação de Proposição;;Indefinida;https://www.camara.leg.br/proposicoesWeb/prop_mostrarintegra?codteor=871640
501940;74813.0;Ronaldo Caiado;DEM;GO;1;1;2011;RONALDO CAIADO;EMP;23;2011;Emenda de Plenário;Dá nova redação ao inciso VIII do artigo 3º do Substitutivo da Comissão Especial.;;;2011-05-11T11:23:00;https://www.camara.leg.br/proposicoesWeb/prop_mostrarintegra?codteor=871631;2011-05-11T11:23:00;Apresentação de Proposição;;Indefinida;https://www.camara.leg.br/proposicoesWeb/prop_mostrarintegra?codteor=871631
501939;74813.0;Ronaldo Caiado;DEM;GO;1;1;2011;RONALDO CAIADO;EMP;22;2011;Emenda de Plenário;Inclui § 4º ao artigo 48 do Substitutivo da Comissão Especial.;;;2011-05-11T11:22:00;https://www.camara.leg.br/proposicoesWeb/prop_mostrarintegra?codteor=871629;2011-05-11T11:22:00;Apresentação de Proposição;;Indefinida;https://www.camara.leg.br/proposicoesWeb/prop_mostrarintegra?codteor=871629
501938;74813.0;Ronaldo Caiado;DEM;GO;1;1;2011;RONALDO CAIADO;EMP;21;2011;Emenda de Plenário;Dá nova redação ao artigo 40 do Substitutivo da Comissão Especial.;;;2011-05-11T11:21:00;https://www.camara.leg.br/proposicoesWeb/prop_mostrarintegra?codteor=871626;2011-05-11T11:21:00;Apresentação de Proposição;;Indefinida;https://www.camara.leg.br/proposicoesWeb/prop_mostrarintegra?codteor=871626
501937;74813.0;Ronaldo Caiado;DEM;GO;1;1;2011;RONALDO CAIADO;EMP;20;2011;Emenda de Plenário;Suprime expressão do caput do artigo 33 do Substitutivo da Comissão Especial.;;;2011-05-11T11:19:00;https://www.camara.leg.br/proposicoesWeb/prop_mostrarintegra?codteor=871622;2011-05-11T11:19:00;Apresentação de Proposição;;Indefinida;https://www.camara.leg.br/proposicoesWeb/prop_mostrarintegra?codteor=871622
501936;74813.0;Ronaldo Caiado;DEM;GO;1;1;2011;RONALDO CAIADO;EMP;19;2011;Emenda de Plenário;Suprime o inciso II do artigo 16 do Substitutivo da Comissão Especial.;;;2011-05-11T11:18:00;https://www.camara.leg.br/proposicoesWeb/prop_mostrarintegra?codteor=871619;2011-05-11T11:18:00;Apresentação de Proposição;;Indefinida;https://www.camara.leg.br/proposicoesWeb/prop_mostrarintegra?codteor=871619
501935;74813.0;Ronaldo Caiado;DEM;GO;1;1;2011;RONALDO CAIADO;EMP;18;2011;Emenda de Plenário;Suprime os incisos IV e V do artigo 15 do Substitutivo da Comissão Especial.;;;2011-05-11T11:17:00;https://www.camara.leg.br/proposicoesWeb/prop_mostrarintegra?codteor=871617;2011-05-11T11:17:00;Apresentação de Proposição;;Indefinida;https://www.camara.leg.br/proposicoesWeb/prop_mostrarintegra?codteor=871617
501934;74813.0;Ronaldo Caiado;DEM;GO;1;1;2011;RONALDO CAIADO;EMP;17;2011;Emenda de Plenário;Dá nova redação ao inciso I do artigo 14 do Substitutivo da Comissão Especial.;;;2011-05-11T11:16:00;https://www.camara.leg.br/proposicoesWeb/prop_mostrarintegra?codteor=871616;2011-05-11T11:16:00;Apresentação de Proposição;;Indefinida;https://www.camara.leg.br/proposicoesWeb/prop_mostrarintegra?codteor=871616
501933;74813.0;Ronaldo Caiado;DEM;GO;1;1;2011;RONALDO CAIADO;EMP;16;2011;Emenda de Plenário;Dá nova redação ao § 1º do artigo 7º do Substitutivo da Comissão Especial.;;;2011-05-11T11:15:00;https://www.camara.leg.br/proposicoesWeb/prop_mostrarintegra?codteor=871610;2011-05-11T11:15:00;Apresentação de Proposição;;Indefinida;https://www.camara.leg.br/proposicoesWeb/prop_mostrarintegra?codteor=871610
501931;74813.0;Ronaldo Caiado;DEM;GO;1;1;2011;RONALDO CAIADO;EMP;15;2011;Emenda de Plenário;"Inclui alínea ""B"" ao inciso I do artigo 4º do Substitutivo da Comissão Especial.";;;2011-05-11T11:13:00;https://www.camara.leg.br/proposicoesWeb/prop_mostrarintegra?codteor=871608;2011-05-11T11:13:00;Apresentação de Proposição;;Indefinida;https://www.camara.leg.br/proposicoesWeb/prop_mostrarintegra?codteor=871608
501929;74813.0;Ronaldo Caiado;DEM;GO;1;1;2011;RONALDO CAIADO;EMP;14;2011;Emenda de Plenário;"Dá nova redação  alínea ""A"" do inciso I, do artigo 4º do Substitutivo da Comissão Especial.";;;2011-05-11T11:11:00;https://www.camara.leg.br/proposicoesWeb/prop_mostrarintegra?codteor=871606;2011-05-11T11:11:00;Apresentação de Proposição;;Indefinida;https://www.camara.leg.br/proposicoesWeb/prop_mostrarintegra?codteor=871606
500491;74813.0;Ronaldo Caiado;DEM;GO;1;1;2011;RONALDO CAIADO;PRL;2;0;Parecer do Relator;Parecer do Relator, Dep. Ronaldo Caiado (DEM-GO), pela rejeição.;;;2011-05-04T10:00:00;https://www.camara.leg.br/proposicoesWeb/prop_mostrarintegra?codteor=873212;2011-05-04T10:00:00;Análise Parecer;;Indefinida;https://www.camara.leg.br/proposicoesWeb/prop_mostrarintegra?codteor=873212
499559;74813.0;Ronaldo Caiado;DEM;GO;14;1;2011;RONALDO CAIADO;REQ;45;2011;Requerimento;SEJA COLOCADA EM PAUTA DIA 27 DE MAIO O REQUERIMENTO APRESENTADO NA COMISSÃO DE AGRICULTURA  SOLICITANDO REUNIÃO DA COMISSÃO EM MARINGA/PR;;;2011-04-27T12:19:00;https://www.camara.leg.br/proposicoesWeb/prop_mostrarintegra?codteor=863062;2011-04-27T10:00:00;Aprovação de Proposição Interna;Arquivada;Indefinida;
495690;74813.0;Ronaldo Caiado;DEM;GO;1;1;2011;RONALDO CAIADO;REQ;25;2011;Requerimento;Solicita a realização de reunião de audiência pública, com a presença dos cientistas políticos JAIRO NICOLAU e FABIANO SANTOS.;;;2011-03-22T19:06:00;https://www.camara.leg.br/proposicoesWeb/prop_mostrarintegra?codteor=851570;2011-05-12T00:00:00;Arquivamento;Arquivada;Indefinida;
494982;74813.0;Ronaldo Caiado;DEM;GO;9;0;2011;RONALDO CAIADO;PL;742;2011;Projeto de Lei;"Altera dispositivos da Consolidação das Leis do Trabalho (CLT), aprovada pelo Decreto-lei nº 5.452, de 1º de maio de 1943 e da Lei nº 8.742, de 7 de dezembro de 1993, para incentivar a formação técnico-profissional de adolescentes e jovens em áreas relacionadas à gestão e prática de atividades desportivas e à prestação de serviços relacionados à infra-estrutura, organização e promoção de eventos esportivos e dá outras providências. 

NOVA EMENTA: Altera dispositivos da Consolidação das Leis do Trabalho - CLT, aprovada pelo Decreto-Lei nº 5.452, de 1º de maio de 1943, para incentivar a formação técnico-profissional de adolescentes e jovens em áreas relacionadas à gestão e prática de atividades desportivas e à prestação de serviços relacionados à infraestrutura, à organização e à promoção de eventos esportivos e dá outras providências.";A remuneração de aprendizes portadores de deficiência não acarreta a suspensão do benefício de prestação continuada.;"Alteração, Consolidação das Leis do Trabalho (CLT), destinação, cota, aprendiz, formação profissional, área, atividade desportiva, infra-estrutura, construção, ampliação, recuperação, manutenção, instalações, organização, promoção, evento, desporto.  
_ Alteração, Lei Orgânica da Assistência Social,  manutenção, benefício de prestação continuada, aprendiz, pessoa portadora de deficiência.";2011-03-17T09:30:00;https://www.camara.leg.br/proposicoesWeb/prop_mostrarintegra?codteor=849642;2017-09-12T00:00:00;Recebimento de autógrafos;Transformado em Norma Jurídica;Proposição Sujeita à Apreciação do Plenário;
492315;74813.0;Ronaldo Caiado;DEM;GO;3;1;2011;RONALDO CAIADO;EMP;2;2011;Emenda de Plenário;Altera o artigo 3.º do Projeto de Lei n.º 382, de 2011.;;;2011-02-16T13:40:00;https://www.camara.leg.br/proposicoesWeb/prop_mostrarintegra?codteor=842055;2011-02-16T13:40:00;Apresentação de Proposição;;Indefinida;https://www.camara.leg.br/proposicoesWeb/prop_mostrarintegra?codteor=842055
491640;74813.0;Ronaldo Caiado;DEM;GO;1;1;2011;RONALDO CAIADO;PEC;2;2011;Proposta de Emenda à Constituição;Acrescenta o parágrafo 4º do art. 56 da Constituição Federal.;Estabelece que serão convocados os suplentes de Deputados e Senadores mais votados sob a mesma legenda ou mesma coligação partidária.;Critérios, convocação, suplente, Deputado Federal, Senador, quantidade, voto, legenda partidária, coligação partidária.;2011-02-09T16:19:58;https://www.camara.leg.br/proposicoesWeb/prop_mostrarintegra?codteor=838601;2015-01-31T00:00:00;Arquivamento;Arquivada;Proposição Sujeita à Apreciação do Plenário;
491409;74813.0;Ronaldo Caiado;DEM;GO;1;1;2011;RONALDO CAIADO;REQ;146;2011;Requerimento de Desarquivamento de Proposições;Desarquivamento de proposições.;;;2011-02-08T19:13:00;https://www.camara.leg.br/proposicoesWeb/prop_mostrarintegra?codteor=838086;2011-02-16T00:00:00;Publicação de Despacho;Tramitação Finalizada;Indefinida;https://www.camara.leg.br/proposicoesWeb/prop_mostrarintegra?codteor=936932
567335;74813.0;Ronaldo Caiado;DEM;GO;1;1;2012;RONALDO CAIADO;EMC;3;2012;Emenda na Comissão;Dá nova redação à MPV 587/2012.;;;2012-11-14T14:59:00;https://www.camara.leg.br/proposicoesWeb/prop_mostrarintegra?codteor=1064989;2012-11-14T14:59:00;Apresentação de Proposição;;Indefinida;https://www.camara.leg.br/proposicoesWeb/prop_mostrarintegra?codteor=1064989
567334;74813.0;Ronaldo Caiado;DEM;GO;1;1;2012;RONALDO CAIADO;EMC;2;2012;Emenda na Comissão;Dá nova redação à MPV 587/2012.;;;2012-11-14T14:59:00;https://www.camara.leg.br/proposicoesWeb/prop_mostrarintegra?codteor=1064988;2012-11-14T14:59:00;Apresentação de Proposição;;Indefinida;https://www.camara.leg.br/proposicoesWeb/prop_mostrarintegra?codteor=1064988
567329;74813.0;Ronaldo Caiado;DEM;GO;1;1;2012;RONALDO CAIADO;EMC;1;2012;Emenda na Comissão;Dá nova redação à MPV 587/2012.;;;2012-11-14T14:59:00;https://www.camara.leg.br/proposicoesWeb/prop_mostrarintegra?codteor=1064983;2012-11-14T14:59:00;Apresentação de Proposição;;Indefinida;https://www.camara.leg.br/proposicoesWeb/prop_mostrarintegra?codteor=1064983
563767;74813.0;Ronaldo Caiado;DEM;GO;12;1;2012;RONALDO CAIADO;REQ;306;2012;Requerimento;Requer seja realizado encontro desta Comissão durante a 23ª Abertura Oficial da Colheita do Arroz, no município de Restinga Seca, estado do Rio Grande do Sul.;;;2012-12-18T10:03:00;https://www.camara.leg.br/proposicoesWeb/prop_mostrarintegra?codteor=1051195;2013-03-13T00:00:00;Arquivamento;Arquivada;Indefinida;
563061;74813.0;Ronaldo Caiado;DEM;GO;1;1;2012;RONALDO CAIADO;EMC;137;2012;Emenda na Comissão;Dà nova redação à MPV 579/2012.;;;2012-09-18T10:41:00;https://www.camara.leg.br/proposicoesWeb/prop_mostrarintegra?codteor=1049298;2012-09-18T10:41:00;Apresentação de Proposição;;Indefinida;https://www.camara.leg.br/proposicoesWeb/prop_mostrarintegra?codteor=1049298
563060;74813.0;Ronaldo Caiado;DEM;GO;1;1;2012;RONALDO CAIADO;EMC;136;2012;Emenda na Comissão;Dà nova redação à MPV 579/2012.;;;2012-09-18T10:41:00;https://www.camara.leg.br/proposicoesWeb/prop_mostrarintegra?codteor=1049297;2012-09-18T10:41:00;Apresentação de Proposição;;Indefinida;https://www.camara.leg.br/proposicoesWeb/prop_mostrarintegra?codteor=1049297
563059;74813.0;Ronaldo Caiado;DEM;GO;1;1;2012;RONALDO CAIADO;EMC;135;2012;Emenda na Comissão;Dà nova redação à MPV 579/2012.;;;2012-09-18T10:41:00;https://www.camara.leg.br/proposicoesWeb/prop_mostrarintegra?codteor=1049296;2012-09-18T10:41:00;Apresentação de Proposição;;Indefinida;https://www.camara.leg.br/proposicoesWeb/prop_mostrarintegra?codteor=1049296
563058;74813.0;Ronaldo Caiado;DEM;GO;1;1;2012;RONALDO CAIADO;EMC;134;2012;Emenda na Comissão;Dà nova redação à MPV 579/2012.;;;2012-09-18T10:41:00;https://www.camara.leg.br/proposicoesWeb/prop_mostrarintegra?codteor=1049294;2012-09-18T10:41:00;Apresentação de Proposição;;Indefinida;https://www.camara.leg.br/proposicoesWeb/prop_mostrarintegra?codteor=1049294
563057;74813.0;Ronaldo Caiado;DEM;GO;1;1;2012;RONALDO CAIADO;EMC;133;2012;Emenda na Comissão;Dà nova redação à MPV 579/2012.;;;2012-09-18T10:41:00;https://www.camara.leg.br/proposicoesWeb/prop_mostrarintegra?codteor=1049292;2012-09-18T10:41:00;Apresentação de Proposição;;Indefinida;https://www.camara.leg.br/proposicoesWeb/prop_mostrarintegra?codteor=1049292
562778;74813.0;Ronaldo Caiado;DEM;GO;1;1;2012;RONALDO CAIADO;REQ;279;2012;Requerimento;Convida o Ministro de Estado da Educação, Sr. Aloizio Mercadante, para prestar esclarecimentos sobre o resultado do Exame obrigatório do Cremesp para os formandos de Medicina.;;;2012-12-11T15:16:00;https://www.camara.leg.br/proposicoesWeb/prop_mostrarintegra?codteor=1048701;2013-03-15T00:00:00;Arquivamento;Arquivada;Indefinida;
562776;74813.0;Ronaldo Caiado;DEM;GO;1;1;2012;RONALDO CAIADO;REQ;278;2012;Requerimento;Convida o Presidente do Conselho Regional de Medicina do Estado de São Paulo, Sr. Renato Azevedo Júnior, para prestar esclarecimentos e informações sobre o Exame obrigatório do Cremesp para os formandos de Medicina.;;;2012-12-11T15:13:00;https://www.camara.leg.br/proposicoesWeb/prop_mostrarintegra?codteor=1048696;2013-03-15T00:00:00;Arquivamento;Arquivada;Indefinida;
562673;74813.0;Ronaldo Caiado;DEM;GO;1;1;2012;RONALDO CAIADO;REQ;393;2012;Requerimento de Audiência Pública;Convida o Presidente do Conselho Regional de Medicina do Estado de São Paulo, Sr. Renato Azevedo Júnior, para prestar esclarecimentos e informações sobre o Exame obrigatório do Cremesp para os formandos de Medicina.;;;2012-12-10T10:25:00;https://www.camara.leg.br/proposicoesWeb/prop_mostrarintegra?codteor=1048319;2015-03-11T00:00:00;Notificações;Arquivada;Proposição Sujeita à Apreciação Conclusiva pelas Comissões(Art. 24, II, do RICD);
562672;74813.0;Ronaldo Caiado;DEM;GO;1;1;2012;RONALDO CAIADO;REQ;392;2012;Requerimento de Audiência Pública;Convida o Ministro de Estado da Educação, Sr. Aloizio Mercadante, para prestar esclarecimentos sobre o resultado do Exame obrigatório do Cremesp para  os formandos de Medicina.;;;2012-12-10T10:25:00;https://www.camara.leg.br/proposicoesWeb/prop_mostrarintegra?codteor=1048316;2015-03-11T00:00:00;Notificações;Arquivada;Proposição Sujeita à Apreciação Conclusiva pelas Comissões(Art. 24, II, do RICD);
562336;74813.0;Ronaldo Caiado;DEM;GO;3;1;2012;RONALDO CAIADO;REQ;296;2012;Requerimento;Requer inclusão de matéria na Ordem do Dia para apreciação imediata.;;;2012-12-05T15:45:00;https://www.camara.leg.br/proposicoesWeb/prop_mostrarintegra?codteor=1046959;2012-12-05T10:00:00;Aprovação de Proposição Interna;Arquivada;Indefinida;
562325;74813.0;Ronaldo Caiado;DEM;GO;8;1;2012;RONALDO CAIADO;REQ;294;2012;Requerimento;"Solicita inclusão em extrapauta do requerimento que ""Requer a solicitação de audiência conjunta dos parlamentares membros desta Comissão, com a ministra de Estado do Planejamento, Orçamento e Gestão, Miriam Belchior"".";;;2012-12-05T15:33:00;https://www.camara.leg.br/proposicoesWeb/prop_mostrarintegra?codteor=1046945;2012-12-05T10:00:00;Aprovação de Proposição Interna;Arquivada;Indefinida;
562213;74813.0;Ronaldo Caiado;DEM;GO;1;1;2012;RONALDO CAIADO;PRL;1;0;Parecer do Relator;Parecer do Relator, Dep. Ronaldo Caiado (DEM-GO), pela rejeição deste e da Emenda 1/2010 da CAPADR.;;;2012-12-05T10:07:00;https://www.camara.leg.br/proposicoesWeb/prop_mostrarintegra?codteor=1046661;2012-12-05T10:07:00;Análise Parecer;;Indefinida;https://www.camara.leg.br/proposicoesWeb/prop_mostrarintegra?codteor=1046661
562211;74813.0;Ronaldo Caiado;DEM;GO;1;1;2012;RONALDO CAIADO;PRL;1;0;Parecer do Relator;Parecer do Relator, Dep. Ronaldo Caiado (DEM-GO), pela aprovação.;;;2012-12-05T10:01:00;https://www.camara.leg.br/proposicoesWeb/prop_mostrarintegra?codteor=1046658;2012-12-05T10:01:00;Análise Parecer;;Indefinida;https://www.camara.leg.br/proposicoesWeb/prop_mostrarintegra?codteor=1046658
561882;74813.0;Ronaldo Caiado;DEM;GO;1;1;2012;RONALDO CAIADO;EMC;30;2012;Emenda na Comissão;Dá nova redação à MPV 577/2012.;;;2012-09-05T10:25:00;https://www.camara.leg.br/proposicoesWeb/prop_mostrarintegra?codteor=1045629;2012-09-05T10:25:00;Apresentação de Proposição;;Indefinida;https://www.camara.leg.br/proposicoesWeb/prop_mostrarintegra?codteor=1045629
561881;74813.0;Ronaldo Caiado;DEM;GO;1;1;2012;RONALDO CAIADO;EMC;29;2012;Emenda na Comissão;Dá nova redação à MPV 577/2012.;;;2012-09-05T10:25:00;https://www.camara.leg.br/proposicoesWeb/prop_mostrarintegra?codteor=1045628;2012-09-05T10:25:00;Apresentação de Proposição;;Indefinida;https://www.camara.leg.br/proposicoesWeb/prop_mostrarintegra?codteor=1045628
561880;74813.0;Ronaldo Caiado;DEM;GO;1;1;2012;RONALDO CAIADO;EMC;28;2012;Emenda na Comissão;Dá nova redação à MPV 577/2012.;;;2012-09-05T10:25:00;https://www.camara.leg.br/proposicoesWeb/prop_mostrarintegra?codteor=1045626;2012-09-05T10:25:00;Apresentação de Proposição;;Indefinida;https://www.camara.leg.br/proposicoesWeb/prop_mostrarintegra?codteor=1045626
561879;74813.0;Ronaldo Caiado;DEM;GO;1;1;2012;RONALDO CAIADO;EMC;27;2012;Emenda na Comissão;Dá nova redação à MPV 577/2012.;;;2012-09-05T10:25:00;https://www.camara.leg.br/proposicoesWeb/prop_mostrarintegra?codteor=1045625;2012-09-05T10:25:00;Apresentação de Proposição;;Indefinida;https://www.camara.leg.br/proposicoesWeb/prop_mostrarintegra?codteor=1045625
561051;74813.0;Ronaldo Caiado;DEM;GO;1;1;2012;RONALDO CAIADO;EMC;11;2012;Emenda na Comissão;Dá nova redação à MPV 584/2012.;;;2012-10-16T16:34:00;https://www.camara.leg.br/proposicoesWeb/prop_mostrarintegra?codteor=1043383;2012-10-16T16:34:00;Apresentação de Proposição;;Indefinida;https://www.camara.leg.br/proposicoesWeb/prop_mostrarintegra?codteor=1043383
561050;74813.0;Ronaldo Caiado;DEM;GO;1;1;2012;RONALDO CAIADO;EMC;10;2012;Emenda na Comissão;Dá nova redação à MPV 584/2012.;;;2012-10-16T16:34:00;https://www.camara.leg.br/proposicoesWeb/prop_mostrarintegra?codteor=1043382;2012-10-16T16:34:00;Apresentação de Proposição;;Indefinida;https://www.camara.leg.br/proposicoesWeb/prop_mostrarintegra?codteor=1043382
561049;74813.0;Ronaldo Caiado;DEM;GO;1;1;2012;RONALDO CAIADO;EMC;9;2012;Emenda na Comissão;Dá nova redação à MPV 584/2012.;;;2012-10-16T16:34:00;https://www.camara.leg.br/proposicoesWeb/prop_mostrarintegra?codteor=1043381;2012-10-16T16:34:00;Apresentação de Proposição;;Indefinida;https://www.camara.leg.br/proposicoesWeb/prop_mostrarintegra?codteor=1043381
561048;74813.0;Ronaldo Caiado;DEM;GO;1;1;2012;RONALDO CAIADO;EMC;8;2012;Emenda na Comissão;Dá nova redação à MPV 584/2012.;;;2012-10-16T16:34:00;https://www.camara.leg.br/proposicoesWeb/prop_mostrarintegra?codteor=1043380;2012-10-16T16:34:00;Apresentação de Proposição;;Indefinida;https://www.camara.leg.br/proposicoesWeb/prop_mostrarintegra?codteor=1043380
560994;74813.0;Ronaldo Caiado;DEM;GO;1;1;2012;RONALDO CAIADO;EMC;13;2012;Emenda na Comissão;Dá nova redação à MPV 578/2012.;;;2012-09-05T14:43:00;https://www.camara.leg.br/proposicoesWeb/prop_mostrarintegra?codteor=1043250;2012-09-05T14:43:00;Apresentação de Proposição;;Indefinida;https://www.camara.leg.br/proposicoesWeb/prop_mostrarintegra?codteor=1043250
560993;74813.0;Ronaldo Caiado;DEM;GO;1;1;2012;RONALDO CAIADO;EMC;12;2012;Emenda na Comissão;Dá nova redação à MPV 578/2012.;;;2012-09-05T14:43:00;https://www.camara.leg.br/proposicoesWeb/prop_mostrarintegra?codteor=1043249;2012-09-05T14:43:00;Apresentação de Proposição;;Indefinida;https://www.camara.leg.br/proposicoesWeb/prop_mostrarintegra?codteor=1043249
560992;74813.0;Ronaldo Caiado;DEM;GO;1;1;2012;RONALDO CAIADO;EMC;11;2012;Emenda na Comissão;Dá nova redação à MPV 578/2012.;;;2012-09-05T14:43:00;https://www.camara.leg.br/proposicoesWeb/prop_mostrarintegra?codteor=1043247;2012-09-05T14:43:00;Apresentação de Proposição;;Indefinida;https://www.camara.leg.br/proposicoesWeb/prop_mostrarintegra?codteor=1043247
560507;74813.0;Ronaldo Caiado;DEM;GO;1;1;2012;RONALDO CAIADO;PRL;1;0;Parecer do Relator;Parecer do Relator, Dep. Ronaldo Caiado (DEM-GO), pela aprovação.;;;2012-11-21T15:12:00;https://www.camara.leg.br/proposicoesWeb/prop_mostrarintegra?codteor=1041310;2012-11-21T15:12:00;Análise Parecer;;Indefinida;https://www.camara.leg.br/proposicoesWeb/prop_mostrarintegra?codteor=1041310
560445;74813.0;Ronaldo Caiado;DEM;GO;12;1;2012;RONALDO CAIADO;REQ;277;2012;Requerimento;Solicita a inclusão de Requerimento EXTRAPAUTA para apreciação imediata.;;;2012-11-21T12:53:00;;2012-11-21T10:00:00;Aprovação de Proposição Interna;Arquivada;Indefinida;
560211;74813.0;Ronaldo Caiado;DEM;GO;1;1;2012;RONALDO CAIADO;PRL;2;0;Parecer do Relator;Parecer do Relator, Dep. Ronaldo Caiado (DEM-GO), pela aprovação das Emendas do Senado Federal.;;;2012-11-20T16:38:00;https://www.camara.leg.br/proposicoesWeb/prop_mostrarintegra?codteor=1040617;2012-11-20T16:38:00;Análise Parecer;;Indefinida;https://www.camara.leg.br/proposicoesWeb/prop_mostrarintegra?codteor=1040617
560203;74813.0;Ronaldo Caiado;DEM;GO;1;1;2012;RONALDO CAIADO;PRL;1;0;Parecer do Relator;Parecer do Relator, Dep. Ronaldo Caiado (DEM-GO), pela aprovação.;;;2012-11-20T16:32:00;https://www.camara.leg.br/proposicoesWeb/prop_mostrarintegra?codteor=1040598;2012-11-20T16:32:00;Análise Parecer;;Indefinida;https://www.camara.leg.br/proposicoesWeb/prop_mostrarintegra?codteor=1040598
560060;74813.0;Ronaldo Caiado;DEM;GO;1;1;2012;RONALDO CAIADO;REQ;365;2012;Requerimento de Convocação de Ministro de Estado na Comissão (art. 50, CF);Requer seja convocada a Excelentíssima Ministra da Secretaria de Comunicação Social da Presidência da República, Sra. Helena Chagas, para prestar esclarecimentos a respeito das recentes denúncias de gastos da Presidência da República com publicidade oficial em jornais que não existem.;;;2012-11-19T14:57:00;https://www.camara.leg.br/proposicoesWeb/prop_mostrarintegra?codteor=1039941;2012-11-21T00:00:00;Rejeição de Proposicao;Arquivada;Proposição Sujeita à Apreciação Conclusiva pelas Comissões(Art. 24, II, do RICD);
559771;74813.0;Ronaldo Caiado;DEM;GO;1;1;2012;RONALDO CAIADO;RIC;2563;2012;Requerimento de Informação;Solicita informações à Excelentíssima Ministra da Secretaria de Comunicação Social da Presidência da República, Sra. Helena Chagas, a respeito das recentes denúncias de gastos da Presidência da República com publicidade oficial em jornais que não existem.;;;2012-11-14T11:59:13;https://www.camara.leg.br/proposicoesWeb/prop_mostrarintegra?codteor=1039285;2013-09-26T00:00:00;Arquivamento;Arquivada;Indefinida;https://www.camara.leg.br/proposicoesWeb/prop_mostrarintegra?codteor=1143254
559358;74813.0;Ronaldo Caiado;DEM;GO;1;1;2012;RONALDO CAIADO;EMC;22;2012;Emenda na Comissão;Dá nova redação à MPV 576/2012.;;;2012-08-22T19:18:00;https://www.camara.leg.br/proposicoesWeb/prop_mostrarintegra?codteor=1038144;2012-08-22T19:18:00;Apresentação de Proposição;;Indefinida;https://www.camara.leg.br/proposicoesWeb/prop_mostrarintegra?codteor=1038144
559357;74813.0;Ronaldo Caiado;DEM;GO;1;1;2012;RONALDO CAIADO;EMC;21;2012;Emenda na Comissão;Dá nova redação à MPV 576/2012.;;;2012-08-22T19:18:00;https://www.camara.leg.br/proposicoesWeb/prop_mostrarintegra?codteor=1038143;2012-08-22T19:18:00;Apresentação de Proposição;;Indefinida;https://www.camara.leg.br/proposicoesWeb/prop_mostrarintegra?codteor=1038143
559356;74813.0;Ronaldo Caiado;DEM;GO;1;1;2012;RONALDO CAIADO;EMC;20;2012;Emenda na Comissão;Dá nova redação à MPV 576/2012.;;;2012-08-22T19:18:00;https://www.camara.leg.br/proposicoesWeb/prop_mostrarintegra?codteor=1038142;2012-08-22T19:18:00;Apresentação de Proposição;;Indefinida;https://www.camara.leg.br/proposicoesWeb/prop_mostrarintegra?codteor=1038142
559355;74813.0;Ronaldo Caiado;DEM;GO;1;1;2012;RONALDO CAIADO;EMC;19;2012;Emenda na Comissão;Dá nova redação à MPV 576/2012.;;;2012-08-22T19:18:00;https://www.camara.leg.br/proposicoesWeb/prop_mostrarintegra?codteor=1038141;2012-08-22T19:18:00;Apresentação de Proposição;;Indefinida;https://www.camara.leg.br/proposicoesWeb/prop_mostrarintegra?codteor=1038141
558837;74813.0;Ronaldo Caiado;DEM;GO;2;1;2012;RONALDO CAIADO;EMP;27;2012;Emenda de Plenário;Modifica as Leis nº 9.478, de 6 de agosto de 1997, e nº 12.351, de 22 de dezembro de 2010, para determinar novas regras de distribuição entre os entes da Federação dos royalties e da participação especial devidos em função da exploração do petróleo, gás natural e outros hidrocarbonetos fluidos, e para aprimorar o marco regulatório sobre a exploração desses recursos no regime de partilha.;;;2012-11-06T18:31:00;https://www.camara.leg.br/proposicoesWeb/prop_mostrarintegra?codteor=1036622;2012-11-06T18:31:00;Apresentação de Proposição;;Indefinida;https://www.camara.leg.br/proposicoesWeb/prop_mostrarintegra?codteor=1036622
558836;74813.0;Ronaldo Caiado;DEM;GO;1;1;2012;RONALDO CAIADO;EMP;26;2012;Emenda de Plenário;Dá nova redação ao Parágrafo Único do Art. 50-A da Lei nº 9.478 de 1997, incluso pelo art. 3 do Substitutivo ao Projeto de Lei nº 2.565 de 2011.;;;2012-11-06T18:30:00;https://www.camara.leg.br/proposicoesWeb/prop_mostrarintegra?codteor=1036621;2012-11-06T18:30:00;Apresentação de Proposição;;Indefinida;https://www.camara.leg.br/proposicoesWeb/prop_mostrarintegra?codteor=1036621
558831;74813.0;Ronaldo Caiado;DEM;GO;3;1;2012;RONALDO CAIADO;EMP;23;2012;Emenda de Plenário;Modifica as Leis nº 9.478, de 6 de agosto de 1997, e nº 12.351, de 22 de dezembro de 2010, para determinar novas regras de distribuição entre os entes da Federação dos royalties e da participação especial devidos em função da exploração do petróleo, gás natural e outros hidrocarbonetos fluidos, e para aprimorar o marco regulatório sobre a exploração desses recursos no regime de partilha.;;;2012-11-06T18:23:00;https://www.camara.leg.br/proposicoesWeb/prop_mostrarintegra?codteor=1036616;2012-11-06T18:23:00;Apresentação de Proposição;;Indefinida;https://www.camara.leg.br/proposicoesWeb/prop_mostrarintegra?codteor=1036616
558818;74813.0;Ronaldo Caiado;DEM;GO;5;1;2012;RONALDO CAIADO;EMP;15;2012;Emenda de Plenário;Modifica as Leis nº 9.478, de 6 de agosto de 1997, e nº 12.351, de 22 de dezembro de 2010, para determinar novas regras de distribuição entre os entes da Federação dos royalties e da participação especial devidos em função da exploração do petróleo, gás natural e outros hidrocarbonetos fluidos, e para aprimorar o marco regulatório sobre a exploração desses recursos no regime de partilha.;;;2012-11-06T17:50:00;https://www.camara.leg.br/proposicoesWeb/prop_mostrarintegra?codteor=1036573;2012-11-06T17:50:00;Apresentação de Proposição;;Indefinida;https://www.camara.leg.br/proposicoesWeb/prop_mostrarintegra?codteor=1036573
558811;74813.0;Ronaldo Caiado;DEM;GO;3;1;2012;RONALDO CAIADO;EMP;11;2012;Emenda de Plenário;Modifica as Leis nº 9.478, de 6 de agosto de 1997, e nº 12.351, de 22 de dezembro de 2010, para determinar novas regras de distribuição entre os entes da Federação dos royalties e da participação especial devidos em função da exploração do petróleo, gás natural e outros hidrocarbonetos fluidos, e para aprimorar o marco regulatório sobre a exploração desses recursos no regime de partilha.;;;2012-11-06T17:44:00;https://www.camara.leg.br/proposicoesWeb/prop_mostrarintegra?codteor=1036563;2012-11-06T17:44:00;Apresentação de Proposição;;Indefinida;https://www.camara.leg.br/proposicoesWeb/prop_mostrarintegra?codteor=1036563
558810;74813.0;Ronaldo Caiado;DEM;GO;2;1;2012;RONALDO CAIADO;EMP;10;2012;Emenda de Plenário;Modifica as Leis nº 9.478, de 6 de agosto de 1997, e nº 12.351, de 22 de dezembro de 2010, para determinar novas regras de distribuição entre os entes da Federação dos royalties e da participação especial devidos em função da exploração do petróleo, gás natural e outros hidrocarbonetos fluidos, e para aprimorar o marco regulatório sobre a exploração desses recursos no regime de partilha.;;;2012-11-06T17:43:00;https://www.camara.leg.br/proposicoesWeb/prop_mostrarintegra?codteor=1036562;2012-11-06T17:43:00;Apresentação de Proposição;;Indefinida;https://www.camara.leg.br/proposicoesWeb/prop_mostrarintegra?codteor=1036562
555580;74813.0;Ronaldo Caiado;DEM;GO;1;1;2012;RONALDO CAIADO;EMC;532;2012;Emenda na Comissão;Dá nova redação à MPV 571/2012.;;;2012-05-30T13:24:00;https://www.camara.leg.br/proposicoesWeb/prop_mostrarintegra?codteor=1024442;2012-05-30T13:24:00;Apresentação de Proposição;;Indefinida;https://www.camara.leg.br/proposicoesWeb/prop_mostrarintegra?codteor=1024442
554984;74813.0;Ronaldo Caiado;DEM;GO;1;1;2012;RONALDO CAIADO;EMC;329;2012;Emenda na Comissão;Dá nova redação à MPV 571/2012.;;;2012-05-29T14:59:00;https://www.camara.leg.br/proposicoesWeb/prop_mostrarintegra?codteor=1023694;2012-05-29T14:59:00;Apresentação de Proposição;;Indefinida;https://www.camara.leg.br/proposicoesWeb/prop_mostrarintegra?codteor=1023694
554858;74813.0;Ronaldo Caiado;DEM;GO;1;1;2012;RONALDO CAIADO;EMC;257;2012;Emenda na Comissão;Dá nova redação à MPV 571/2012.;;;2012-05-29T14:25:00;https://www.camara.leg.br/proposicoesWeb/prop_mostrarintegra?codteor=1023558;2012-05-29T14:25:00;Apresentação de Proposição;;Indefinida;https://www.camara.leg.br/proposicoesWeb/prop_mostrarintegra?codteor=1023558
554839;74813.0;Ronaldo Caiado;DEM;GO;1;1;2012;RONALDO CAIADO;EMC;248;2012;Emenda na Comissão;Dá nova redação à MPV 571/2012.;;;2012-05-29T13:57:00;https://www.camara.leg.br/proposicoesWeb/prop_mostrarintegra?codteor=1023537;2012-05-29T13:57:00;Apresentação de Proposição;;Indefinida;https://www.camara.leg.br/proposicoesWeb/prop_mostrarintegra?codteor=1023537
554818;74813.0;Ronaldo Caiado;DEM;GO;1;1;2012;RONALDO CAIADO;EMC;232;2012;Emenda na Comissão;Dá nova redação à MPV 571/2012.;;;2012-06-01T13:57:00;https://www.camara.leg.br/proposicoesWeb/prop_mostrarintegra?codteor=1023515;2012-06-01T13:57:00;Apresentação de Proposição;;Indefinida;https://www.camara.leg.br/proposicoesWeb/prop_mostrarintegra?codteor=1023515
554812;74813.0;Ronaldo Caiado;DEM;GO;1;1;2012;RONALDO CAIADO;EMC;229;2012;Emenda na Comissão;Dá nova redação à MPV 571/2012.;;;2012-05-30T13:57:00;https://www.camara.leg.br/proposicoesWeb/prop_mostrarintegra?codteor=1023509;2012-05-30T13:57:00;Apresentação de Proposição;;Indefinida;https://www.camara.leg.br/proposicoesWeb/prop_mostrarintegra?codteor=1023509
554792;74813.0;Ronaldo Caiado;DEM;GO;6;1;2012;RONALDO CAIADO;REQ;254;2012;Requerimento;Sugere a ampliação do prazo para que passem as vigorar as disposições relativas ao tempo de direção do motorista profissional.;;;2012-09-05T12:02:00;https://www.camara.leg.br/proposicoesWeb/prop_mostrarintegra?codteor=1023432;2013-08-06T00:00:00;Arquivamento;Arquivada;Indefinida;
554790;74813.0;Ronaldo Caiado;DEM;GO;6;1;2012;RONALDO CAIADO;REQ;253;2012;Requerimento;Requer o envio de Indicação ao Poder Executivo, relativa à ampliação do prazo para que passem as vigorar as disposições relativas ao tempo de direção do motorista profissional.;;;2012-09-05T12:00:00;https://www.camara.leg.br/proposicoesWeb/prop_mostrarintegra?codteor=1023428;2012-09-05T10:00:00;Aprovação de Proposição Interna;Arquivada;Indefinida;
554744;74813.0;Ronaldo Caiado;DEM;GO;1;1;2012;RONALDO CAIADO;EMC;208;2012;Emenda na Comissão;Dá nova redação à MPV 571/2012.;;;2012-05-29T11:21:00;https://www.camara.leg.br/proposicoesWeb/prop_mostrarintegra?codteor=1023360;2012-05-29T11:21:00;Apresentação de Proposição;;Indefinida;https://www.camara.leg.br/proposicoesWeb/prop_mostrarintegra?codteor=1023360
554683;74813.0;Ronaldo Caiado;DEM;GO;1;1;2012;RONALDO CAIADO;EMC;159;2012;Emenda na Comissão;Dá nova redação à MPV 571/2012.;;;2012-05-29T10:09:00;https://www.camara.leg.br/proposicoesWeb/prop_mostrarintegra?codteor=1023288;2012-05-29T10:09:00;Apresentação de Proposição;;Indefinida;https://www.camara.leg.br/proposicoesWeb/prop_mostrarintegra?codteor=1023288
554581;74813.0;Ronaldo Caiado;DEM;GO;1;1;2012;RONALDO CAIADO;EMC;70;2012;Emenda na Comissão;Dá nova redação à MPV 571/2012;;;2012-05-29T09:30:00;https://www.camara.leg.br/proposicoesWeb/prop_mostrarintegra?codteor=1023175;2012-05-29T09:30:00;Apresentação de Proposição;;Indefinida;https://www.camara.leg.br/proposicoesWeb/prop_mostrarintegra?codteor=1023175
554570;74813.0;Ronaldo Caiado;DEM;GO;1;1;2012;RONALDO CAIADO;EMC;60;2012;Emenda na Comissão;Dá nova redação à MPV 571/2012;;;2012-05-29T09:19:00;https://www.camara.leg.br/proposicoesWeb/prop_mostrarintegra?codteor=1023163;2012-05-29T09:19:00;Apresentação de Proposição;;Indefinida;https://www.camara.leg.br/proposicoesWeb/prop_mostrarintegra?codteor=1023163
554517;74813.0;Ronaldo Caiado;DEM;GO;1;1;2012;RONALDO CAIADO;EMC;9;2012;Emenda na Comissão;Dá nova redação à MPV 571/2012;;;2012-05-29T08:47:00;https://www.camara.leg.br/proposicoesWeb/prop_mostrarintegra?codteor=1023102;2012-05-29T08:47:00;Apresentação de Proposição;;Indefinida;https://www.camara.leg.br/proposicoesWeb/prop_mostrarintegra?codteor=1023102
553591;74813.0;Ronaldo Caiado;DEM;GO;7;1;2012;RONALDO CAIADO;REQ;249;2012;Requerimento;Requer inclusão extra-pauta na Ordem do Dia.;;;2012-08-22T11:49:00;;2012-08-22T10:00:00;Aprovação de Proposição Interna;Arquivada;Indefinida;
550772;74813.0;Ronaldo Caiado;DEM;GO;1;1;2012;RONALDO CAIADO;PPP;1;0;Parecer Proferido em Plenário;Parecer proferido em Plenário pelo Relator, Dep. Ronaldo Caiado (DEM-GO), pela Comissão de Segurança Pública e Combate ao Crime Organizado, que conclui pela aprovação deste.;;;2012-07-04T20:14:00;https://www.camara.leg.br/proposicoesWeb/prop_mostrarintegra?codteor=1011612;2012-07-04T20:14:00;Análise Parecer;;Indefinida;https://www.camara.leg.br/proposicoesWeb/prop_mostrarintegra?codteor=1011612
550568;74813.0;Ronaldo Caiado;DEM;GO;1;1;2012;RONALDO CAIADO;INC;3048;2012;Indicação;Sugere o envio de INDICAÇÃO ao Ministério do Desenvolvimento, Indústria e Comércio Exterior, para que revise o disposto nos arts. 5º e 11, § 1º, da Lei nº 9.933, de 1999, em razão das elevadas taxas de serviços metrológicos cobradas dos produtores rurais pelo Instituto Nacional de Metrologia, Normatização e Qualidade Industrial - INMETRO, pelos motivos que especifica.;;;2012-07-04T14:54:54;https://www.camara.leg.br/proposicoesWeb/prop_mostrarintegra?codteor=1009599;2013-11-26T00:00:00;Notificações;;Indefinida;https://www.camara.leg.br/proposicoesWeb/prop_mostrarintegra?codteor=1216378
548988;74813.0;Ronaldo Caiado;DEM;GO;1;1;2012;RONALDO CAIADO;EMC;243;2012;Emenda na Comissão;Dá nova redação à MPV 568/2012.;;;2012-05-16T15:12:00;https://www.camara.leg.br/proposicoesWeb/prop_mostrarintegra?codteor=1005164;2012-05-16T15:12:00;Apresentação de Proposição;;Indefinida;https://www.camara.leg.br/proposicoesWeb/prop_mostrarintegra?codteor=1005164
548857;74813.0;Ronaldo Caiado;DEM;GO;1;1;2012;RONALDO CAIADO;EMC;140;2012;Emenda na Comissão;Dá nova redação à MPV 568/2012.;;;2012-05-16T09:34:00;https://www.camara.leg.br/proposicoesWeb/prop_mostrarintegra?codteor=1004935;2012-05-16T09:34:00;Apresentação de Proposição;;Indefinida;https://www.camara.leg.br/proposicoesWeb/prop_mostrarintegra?codteor=1004935
547856;74813.0;Ronaldo Caiado;DEM;GO;7;1;2012;RONALDO CAIADO;REQ;228;2012;Requerimento;"Solicita inclusão do Requerimento que solicita o envio de Indicação ao Poder Executivo, relativa à proposta para que sejam incluídas nas sugestões a serem apresentadas na Conferência Rio+ 20 a adesão dos Países-membros participantes aos institutos das ""Áreas de Preservação Permanente (APP) e de Reserva legal (RL)"", consagradas pela legislação ambiental brasileira, nos termos expressos no Código Florestal";;;2012-06-13T12:43:00;https://www.camara.leg.br/proposicoesWeb/prop_mostrarintegra?codteor=1001310;2012-06-13T10:00:00;Aprovação de Proposição Interna;Arquivada;Indefinida;
547850;74813.0;Ronaldo Caiado;DEM;GO;1;1;2012;RONALDO CAIADO;REQ;225;2012;Requerimento;Nos termos do art. 50, § 1º, c/c art. 83, par. único, II, d, do Regimetno Interno, requerio a V. Exª inversão de pauta, para deliberar sobre o Requerimento n° 221/12 como item 1 da pauta.;;;2012-06-13T11:50:00;;2012-06-13T10:00:00;Aprovação de Proposição Interna;Arquivada;Indefinida;
546313;74813.0;Ronaldo Caiado;DEM;GO;1;1;2012;RONALDO CAIADO;REQ;221;2012;Requerimento;Solicita realização de Audiência Pública para discutir a Medida Provisória 571/2012 - alterações ao Código Florestal.;;;2012-05-30T12:25:00;https://www.camara.leg.br/proposicoesWeb/prop_mostrarintegra?codteor=996744;2012-06-27T00:00:00;Arquivamento;Arquivada;Indefinida;
544908;74813.0;Ronaldo Caiado;DEM;GO;5;1;2012;RONALDO CAIADO;ESP;1;0;Emenda Substitutiva de Plenário;Regula a profissão de árbitro de futebol, e dá outras providências.;;;2012-05-16T20:04:00;https://www.camara.leg.br/proposicoesWeb/prop_mostrarintegra?codteor=992719;2012-05-16T20:04:00;Apresentação de Proposição;;Indefinida;https://www.camara.leg.br/proposicoesWeb/prop_mostrarintegra?codteor=992719
544247;74813.0;Ronaldo Caiado;DEM;GO;3;1;2012;RONALDO CAIADO;PL;3846;2012;Projeto de Lei;Estabelece regras para a recuperação das áreas de preservação permanente (APPs).;;Área de preservação permanente, critérios, recuperação, zona rural, zona urbana, imóvel rural, Programa de regularização ambiental.;2012-05-10T11:08:00;https://www.camara.leg.br/proposicoesWeb/prop_mostrarintegra?codteor=992717;2015-12-02T00:00:00;Notificação de Despacho;Arquivada;Proposição Sujeita à Apreciação Conclusiva pelas Comissões - Art. 24 II;
543892;74813.0;Ronaldo Caiado;DEM;GO;8;1;2012;RONALDO CAIADO;REQ;212;2012;Requerimento;Requerimento da Subcomissão do leite para aprovação de conferências estaduais.;;;2012-05-09T12:19:00;https://www.camara.leg.br/proposicoesWeb/prop_mostrarintegra?codteor=989772;2012-05-09T10:00:00;Aprovação de Proposição Interna;Arquivada;Indefinida;
543151;74813.0;Ronaldo Caiado;DEM;GO;1;1;2012;RONALDO CAIADO;REC;138;2012;Recurso contra decisão do Presidente da CD em Questao de Ordem (Art. 95, § 8º, RICD);Recorre, nos termos do § 8 do art. 95 do Regimento Interno, da decisão da Presidência, que indeferiu a Questão de Ordem n. 179, de 2012, sobre a impossibilidade de supressão de matéria aprovada nas duas Casas por ocasião da análise de emendas da Casa Revisora.;;;2012-04-27T18:05:51;https://www.camara.leg.br/proposicoesWeb/prop_mostrarintegra?codteor=987220;2015-09-24T00:00:00;Devolução à CCP;Arquivada;Proposição Sujeita à Apreciação do Plenário;
539414;74813.0;Ronaldo Caiado;DEM;GO;3;1;2012;RONALDO CAIADO;EMP;60;2012;Emenda de Plenário;"Altera o art. 26 do Substitutivo da Comissão Especial oferecido ao Projeto de Lei nº 2.330/2011.



Dê-se ao § 8º do Art. 26 do Capítulo V do aditivo ao Projeto de Lei nº 2330 de 2011 a seguinte redação:

A comprovação da condição de estudante, para efeito da compra dos ingressos de que trata o inciso I, § 3º deste artigo é obrigatória e se dará mediante a apresentação da carteira de identificação estudantil, conforme modelo único nacionalmente padronizado por este projeto nos termos do anexo I.";;;2012-03-28T18:42:00;https://www.camara.leg.br/proposicoesWeb/prop_mostrarintegra?codteor=975855;2012-03-28T18:42:00;Apresentação de Proposição;;Indefinida;https://www.camara.leg.br/proposicoesWeb/prop_mostrarintegra?codteor=975855
539281;74813.0;Ronaldo Caiado;DEM;GO;1;1;2012;RONALDO CAIADO;REQ;4775;2012;Requerimento;Solicita a retirada da Questão de Ordem nº 159, da 54ª Legislatura.;;;2012-03-28T17:06:00;https://www.camara.leg.br/proposicoesWeb/prop_mostrarintegra?codteor=975538;2012-04-04T00:00:00;Publicação de Despacho;Tramitação Finalizada;Proposição Sujeita à Apreciação Conclusiva pelas Comissões(Art. 24, II, do RICD);
539209;74813.0;Ronaldo Caiado;DEM;GO;3;1;2012;RONALDO CAIADO;EMP;12;2012;Emenda de Plenário;Altera o parágrafo único do art. 57 do Substitutivo da Comissão Especial oferecido ao Projeto de Lei nº 2.330/2011.;;;2012-03-28T16:34:00;https://www.camara.leg.br/proposicoesWeb/prop_mostrarintegra?codteor=975504;2012-03-28T16:34:00;Apresentação de Proposição;;Indefinida;https://www.camara.leg.br/proposicoesWeb/prop_mostrarintegra?codteor=975504
539208;74813.0;Ronaldo Caiado;DEM;GO;3;1;2012;RONALDO CAIADO;EMP;11;2012;Emenda de Plenário;Altera o § 4º do art. 9º da Lei nº 6.815/80, constante do art. 50 do Substitutivo da Comissão Especial oferecido ao Projeto de Lei nº 2.330/2011.;;;2012-03-28T16:32:00;https://www.camara.leg.br/proposicoesWeb/prop_mostrarintegra?codteor=975502;2012-03-28T16:32:00;Apresentação de Proposição;;Indefinida;https://www.camara.leg.br/proposicoesWeb/prop_mostrarintegra?codteor=975502
539207;74813.0;Ronaldo Caiado;DEM;GO;3;1;2012;RONALDO CAIADO;EMP;10;2012;Emenda de Plenário;Altera o art. 11 e os incisos I a III do art. 16 do Substitutivo da Comissão Especial oferecido ao Projeto de Lei nº 2.330/2011.;;;2012-03-28T16:31:00;https://www.camara.leg.br/proposicoesWeb/prop_mostrarintegra?codteor=975498;2012-03-28T16:31:00;Apresentação de Proposição;;Indefinida;https://www.camara.leg.br/proposicoesWeb/prop_mostrarintegra?codteor=975498
539206;74813.0;Ronaldo Caiado;DEM;GO;3;1;2012;RONALDO CAIADO;EMP;9;2012;Emenda de Plenário;Dá nova redação ao art. 21 do Substitutivo da Comissão Especial oferecido ao Projeto de Lei nº 2.330/2011.;;;2012-03-28T16:29:00;https://www.camara.leg.br/proposicoesWeb/prop_mostrarintegra?codteor=975496;2012-03-28T16:29:00;Apresentação de Proposição;;Indefinida;https://www.camara.leg.br/proposicoesWeb/prop_mostrarintegra?codteor=975496
539203;74813.0;Ronaldo Caiado;DEM;GO;3;1;2012;RONALDO CAIADO;EMP;8;2012;Emenda de Plenário;Suprime o art. 51 do Substitutivo da Comissão Especial oferecido ao Projeto de Lei nº 2.330/2011.;;;2012-03-28T16:28:00;https://www.camara.leg.br/proposicoesWeb/prop_mostrarintegra?codteor=975492;2012-03-28T16:28:00;Apresentação de Proposição;;Indefinida;https://www.camara.leg.br/proposicoesWeb/prop_mostrarintegra?codteor=975492
539199;74813.0;Ronaldo Caiado;DEM;GO;3;1;2012;RONALDO CAIADO;EMP;7;2012;Emenda de Plenário;Dá nova redação aos arts. 70 e 71 do Substitutivo da Comissão Especial oferecido ao Projeto de Lei nº 2.330/2011.;;;2012-03-28T16:26:00;https://www.camara.leg.br/proposicoesWeb/prop_mostrarintegra?codteor=975490;2012-03-28T16:26:00;Apresentação de Proposição;;Indefinida;https://www.camara.leg.br/proposicoesWeb/prop_mostrarintegra?codteor=975490
539196;74813.0;Ronaldo Caiado;DEM;GO;3;1;2012;RONALDO CAIADO;EMP;6;2012;Emenda de Plenário;Acrescenta parágrafo ao art. 60 do Substitutivo da Comissão Especial oferecido ao Projeto de Lei nº 2.330/2011.;;;2012-03-28T16:25:00;https://www.camara.leg.br/proposicoesWeb/prop_mostrarintegra?codteor=975488;2012-03-28T16:25:00;Apresentação de Proposição;;Indefinida;https://www.camara.leg.br/proposicoesWeb/prop_mostrarintegra?codteor=975488
535273;74813.0;Ronaldo Caiado;DEM;GO;3;1;2012;RONALDO CAIADO;EMP;58;2012;Emenda de Plenário;Dá nova redação ao § 2º do art. 12 do Substitutivo ao PL 1.992/07.;;;2012-02-28T18:55:00;https://www.camara.leg.br/proposicoesWeb/prop_mostrarintegra?codteor=966414;2012-02-28T18:55:00;Apresentação de Proposição;;Indefinida;https://www.camara.leg.br/proposicoesWeb/prop_mostrarintegra?codteor=966414
535272;74813.0;Ronaldo Caiado;DEM;GO;2;1;2012;RONALDO CAIADO;EMP;59;2012;Emenda de Plenário;Acrescenta parágrafo ao art. 15 do Substitutivo apresentado ao PL 1.992/07.;;;2012-02-28T18:57:00;https://www.camara.leg.br/proposicoesWeb/prop_mostrarintegra?codteor=966415;2012-02-28T18:57:00;Apresentação de Proposição;;Indefinida;https://www.camara.leg.br/proposicoesWeb/prop_mostrarintegra?codteor=966415
535262;74813.0;Ronaldo Caiado;DEM;GO;2;1;2012;RONALDO CAIADO;EMP;44;2012;Emenda de Plenário;Dá nova redação ao § 5º do art. 15 do Substitutivo apresentado ao PL 1.992/07.;;;2012-02-28T18:47:00;https://www.camara.leg.br/proposicoesWeb/prop_mostrarintegra?codteor=966400;2012-02-28T18:47:00;Apresentação de Proposição;;Indefinida;https://www.camara.leg.br/proposicoesWeb/prop_mostrarintegra?codteor=966400
535259;74813.0;Ronaldo Caiado;DEM;GO;2;1;2012;RONALDO CAIADO;EMP;43;2012;Emenda de Plenário;Dá nova redação ao artigo 28 do Substitutivo apresentado ao PL 1.992/07.;;;2012-02-28T18:45:00;https://www.camara.leg.br/proposicoesWeb/prop_mostrarintegra?codteor=966399;2012-02-28T18:45:00;Apresentação de Proposição;;Indefinida;https://www.camara.leg.br/proposicoesWeb/prop_mostrarintegra?codteor=966399
535256;74813.0;Ronaldo Caiado;DEM;GO;2;1;2012;RONALDO CAIADO;EMP;42;2012;Emenda de Plenário;Insere artigo no Substitutivo apresentado ao PL 1.992/07.;;;2012-02-28T18:43:00;https://www.camara.leg.br/proposicoesWeb/prop_mostrarintegra?codteor=966398;2012-02-28T18:43:00;Apresentação de Proposição;;Indefinida;https://www.camara.leg.br/proposicoesWeb/prop_mostrarintegra?codteor=966398
535255;74813.0;Ronaldo Caiado;DEM;GO;2;1;2012;RONALDO CAIADO;EMP;50;2012;Emenda de Plenário;Dá nova redação ao § 3º do art. 17 do Substitutivo ao PL 1.992/07.;;;2012-02-28T18:40:00;https://www.camara.leg.br/proposicoesWeb/prop_mostrarintegra?codteor=966406;2012-02-28T18:40:00;Apresentação de Proposição;;Indefinida;https://www.camara.leg.br/proposicoesWeb/prop_mostrarintegra?codteor=966406
535254;74813.0;Ronaldo Caiado;DEM;GO;2;1;2012;RONALDO CAIADO;EMP;41;2012;Emenda de Plenário;Insere artigo no Substitutivo apresentado ao PL 1.992/07.;;;2012-02-28T18:41:00;https://www.camara.leg.br/proposicoesWeb/prop_mostrarintegra?codteor=966397;2012-02-28T18:41:00;Apresentação de Proposição;;Indefinida;https://www.camara.leg.br/proposicoesWeb/prop_mostrarintegra?codteor=966397
535253;74813.0;Ronaldo Caiado;DEM;GO;2;1;2012;RONALDO CAIADO;EMP;40;2012;Emenda de Plenário;Dá nova redação aos dispositivos do Projeto.;;;2012-02-28T18:40:00;https://www.camara.leg.br/proposicoesWeb/prop_mostrarintegra?codteor=966396;2012-02-28T18:40:00;Apresentação de Proposição;;Indefinida;https://www.camara.leg.br/proposicoesWeb/prop_mostrarintegra?codteor=966396
604606;74813.0;Ronaldo Caiado;DEM;GO;9;1;2013;RONALDO CAIADO;ESP;1;0;Emenda Substitutiva de Plenário;Estabelece as estruturas temporárias da Liderança do Partido Republicano da Ordem Social e da Liderança do Solidariedade e dá outras providências.;;;2013-12-17T15:56:00;https://www.camara.leg.br/proposicoesWeb/prop_mostrarintegra?codteor=1214393;2013-12-17T15:56:00;Apresentação de Proposição;;Indefinida;https://www.camara.leg.br/proposicoesWeb/prop_mostrarintegra?codteor=1214393
604604;74813.0;Ronaldo Caiado;DEM;GO;8;1;2013;RONALDO CAIADO;REQ;9261;2013;Requerimento de Urgência (Art. 155 do RICD);Requer, nos termos do art. 155 do Regimento Interno da Câmara dos Deputados, urgência urgentíssima para apreciação do Projeto de Resolução nº 228/2013.;;;2013-12-17T15:48:00;https://www.camara.leg.br/proposicoesWeb/prop_mostrarintegra?codteor=1214239;2013-12-17T15:05:00;Aprovação de Proposição em Plenário;Tramitação Finalizada;Indefinida;
604188;74813.0;Ronaldo Caiado;DEM;GO;13;0;2013;RONALDO CAIADO;REQ;9236;2013;Requerimento de Transformação de Sessão Plenária em Comissão Geral;Requer a convocação de Comissão Geral para debater o Projeto de Lei nº 6.738 de 2013, que estabelece cotas para negros em concursos públicos.;;;2013-12-11T18:56:00;https://www.camara.leg.br/proposicoesWeb/prop_mostrarintegra?codteor=1209049;2015-01-28T00:00:00;Arquivamento;Arquivada;Indefinida;https://www.camara.leg.br/proposicoesWeb/prop_mostrarintegra?codteor=1296446
604156;74813.0;Ronaldo Caiado;DEM;GO;1;1;2013;RONALDO CAIADO;PL;6942;2013;Projeto de Lei;Altera a Lei nº 9.427, de 26 de dezembro de 1996, estabelecendo multa a ser paga aos usuários do serviço de  energia elétrica aos usuários.;;Alteração, Lei da ANEEL, multa indenizatória, Concessionária de Serviço de Energia Elétrica, falha, fornecimento, energia elétrica, usuário.;2013-12-11T17:59:45;https://www.camara.leg.br/proposicoesWeb/prop_mostrarintegra?codteor=1208991;2015-01-31T00:00:00;Arquivamento;Arquivada;Proposição Sujeita à Apreciação Conclusiva pelas Comissões - Art. 24 II;
604093;74813.0;Ronaldo Caiado;DEM;GO;8;0;2013;RONALDO CAIADO;REQ;9228;2013;Requerimento de Urgência (Art. 155 do RICD);Requer regime de urgência para tramitação de proposição;;;2013-12-11T15:52:00;https://www.camara.leg.br/proposicoesWeb/prop_mostrarintegra?codteor=1208840;2014-02-06T09:00:00;Aprovação de Proposição em Plenário;Tramitação Finalizada;Indefinida;
603921;74813.0;Ronaldo Caiado;DEM;GO;17;1;2013;RONALDO CAIADO;REQ;9218;2013;Requerimento de Urgência (Art. 155 do RICD);"Requer urgência na apreciação do PRC 231/20 13 que ""Altera o art. 91 do Regimento Interno da Câmara dos Deputados, aprovado pela Resolução nº  17, de 1989, para dar nova redação ao § 1º, para explicitar a finalidade da Comissão Geral prevista na hipótese do inciso 1; limitar o número de convidados indicados pelos partidos; fixar prazo para divulgação da relação de convidados indicados; e acrescenta o § 1º -A para modificar a ordem dos oradores.";;;2013-12-10T18:43:00;https://www.camara.leg.br/proposicoesWeb/prop_mostrarintegra?codteor=1208478;2013-12-17T15:05:00;Aprovação de Proposição em Plenário;Tramitação Finalizada;Indefinida;
603886;74813.0;Ronaldo Caiado;DEM;GO;1;1;2013;RONALDO CAIADO;REQ;9205;2013;Requerimento de Convocação de Ministro de Estado no Plenário (art. 50, CF);Solicita a convocação do Excelentíssimo Ministro-Chefe da Secretaria-Geral da Presidência da República, Sr. Gilberto de Carvalho, a fim de prestar esclarecimentos acerca de entrevista concedida à Revista Veja pelo Sr. Romeu Tuma Jr, ex-Secretário Nacional de Justiça, onde o mesmo denuncia, entre outras coisas, a utilização da estrutura oficial do Estado com objetivos adversos aos de sua competência.;;;2013-12-10T17:42:00;https://www.camara.leg.br/proposicoesWeb/prop_mostrarintegra?codteor=1208389;2015-01-28T00:00:00;Arquivamento;Arquivada;Proposição Sujeita à Apreciação do Plenário;https://www.camara.leg.br/proposicoesWeb/prop_mostrarintegra?codteor=1296458
603680;74813.0;Ronaldo Caiado;DEM;GO;1;1;2013;RONALDO CAIADO;REQ;566;2013;Requerimento;Convida o Sr. Romeu Tuma Jr, ex-Secretário Nacional de Justiça, a fim de prestar esclarecimentos acerca de entrevista concedida à Revista Veja onde denuncia, entre outras coisas, a utilização da estrutura oficial do Estado com objetivos adversos aos de sua competência.;;;2013-12-09T15:04:00;https://www.camara.leg.br/proposicoesWeb/prop_mostrarintegra?codteor=1207960;2015-01-31T00:00:00;Arquivamento;Arquivada;Indefinida;
603679;74813.0;Ronaldo Caiado;DEM;GO;1;1;2013;RONALDO CAIADO;REQ;565;2013;Requerimento de Convocação de Ministro de Estado na Comissão (art. 50, CF);Solicita a convocação do Excelentíssimo Ministro-Chefe da Secretaria-Geral da Presidência da República, Sr. Gilberto de Carvalho, a fim de prestar esclarecimentos acerca de entrevista concedida à Revista Veja pelo Sr. Romeu Tuma Jr, ex-Secretário Nacional de Justiça, onde o mesmo denuncia, entre outras coisas, a utilização da estrutura oficial do Estado com objetivos adversos aos de sua competência.;;;2013-12-09T15:04:00;https://www.camara.leg.br/proposicoesWeb/prop_mostrarintegra?codteor=1207959;2013-12-11T10:00:00;Rejeição de Proposicao;Arquivada;Proposição Sujeita à Apreciação Conclusiva pelas Comissões(Art. 24, II, do RICD);
603389;74813.0;Ronaldo Caiado;DEM;GO;8;1;2013;RONALDO CAIADO;EMA;10;2013;Emenda Aglutinativa;;;;2013-12-04T20:59:00;https://www.camara.leg.br/proposicoesWeb/prop_mostrarintegra?codteor=1207196;2013-12-04T20:59:00;Apresentação de Proposição;;Indefinida;https://www.camara.leg.br/proposicoesWeb/prop_mostrarintegra?codteor=1207196
602893;74813.0;Ronaldo Caiado;DEM;GO;13;1;2013;RONALDO CAIADO;REQ;9165;2013;Requerimento de Urgência (Art. 155 do RICD);Requer, com base no art. 155 do Regimento Interno, regime de urgência para apreciação de Projeto de Resolução 232/2013.;;;2013-12-03T16:21:00;https://www.camara.leg.br/proposicoesWeb/prop_mostrarintegra?codteor=1204163;2013-12-03T00:00:00;Aprovação de Proposição em Plenário;Tramitação Finalizada;Indefinida;
602569;74813.0;Ronaldo Caiado;DEM;GO;14;0;2013;RONALDO CAIADO;REQ;9147;2013;Requerimento de Transformação de Sessão Plenária em Comissão Geral;"Requer a realização de Comissão Geral no Plenário Ulysses Guimarães para discussão do resultado do relatório da CPMI da Violência Contra as Mulheres e apresentação do Programa ""Mulher: Viver sem Violência"" pela Ministra Eleonora Menecucci, da Secretaria de Políticas para as Mulheres.";;;2013-11-27T21:48:00;https://www.camara.leg.br/proposicoesWeb/prop_mostrarintegra?codteor=1200426;2013-12-04T00:00:00;Publicação de Despacho;Tramitação Finalizada;Indefinida;
602353;74813.0;Ronaldo Caiado;DEM;GO;1;1;2013;RONALDO CAIADO;REQ;181;2013;Requerimento;Requer que seja dividida a PEC 353/2013, para que sejam constituídas duas proposições separadas.;;;2013-11-27T10:49:00;https://www.camara.leg.br/proposicoesWeb/prop_mostrarintegra?codteor=1200032;2013-11-27T00:00:00;Decisão da Presidência;Arquivada;Indefinida;
602333;74813.0;Ronaldo Caiado;DEM;GO;16;1;2013;RONALDO CAIADO;REQ;508;2013;Requerimento;Requer que seja convidada a Presidente da Fundação Nacional do Índio - FUNAI, Senhora Maria Augusta Boulitreau Assirati, afim de prestar esclarecimentos acerca da Instrução Normativa nº 2 de 18 de Novembro de 2013 da FUNAI.;;;2013-11-27T12:45:00;;2013-11-27T10:00:00;Aprovação de Proposição Interna;;Indefinida;
602330;74813.0;Ronaldo Caiado;DEM;GO;16;1;2013;RONALDO CAIADO;REQ;507;2013;Requerimento de Convocação de Ministro de Estado na Comissão (art. 50, CF);"""Requer que seja convocado o Ministro da Justiça, Senhor José Eduardo Cardozo, afim de prestar esclarecimentos acerca da Instrução Normativa nº 2 de 18 de Novembro de 2013 da FUNAI"".";;;2013-11-27T12:38:00;;2014-03-12T00:00:00;Arquivamento;Arquivada;Proposição Sujeita à Apreciação Conclusiva pelas Comissões(Art. 24, II, do RICD);
601525;74813.0;Ronaldo Caiado;DEM;GO;1;1;2013;RONALDO CAIADO;PLP;354;2013;Projeto de Lei Complementar;Altera a Lei Complementar nº 123, de 14 de dezembro de 2006, que institui o Regime Especial Unificado de Arrecadação de Tributos e Contribuições devidos pelas Microempresas e Empresas de Pequeno Porte - Simples Nacional.;;Alteração, Estatuto da Micro e Pequena Empresa, inclusão, Regime Especial Unificado de Arrecadação de Tributos e Contribuições devidos pelas Microempresas e Empresas de Pequeno Porte (SIMPLES NACIONAL), pessoa jurídica, empresa de prestação de serviço, saúde, odontologia, composição, médico, psicólogo, fisioterapeuta, terapeuta ocupacional, dentista, fonoaudiólogos. tributação.;2013-11-20T13:55:55;https://www.camara.leg.br/proposicoesWeb/prop_mostrarintegra?codteor=1192913;2019-02-26T12:01:00;Desarquivamento a Pedido;Tramitando em Conjunto;Proposição Sujeita à Apreciação do Plenário;https://www.camara.leg.br/proposicoesWeb/prop_mostrarintegra?codteor=1714132
600809;74813.0;Ronaldo Caiado;DEM;GO;11;0;2013;RONALDO CAIADO;REQ;9067;2013;Requerimento de Transformação de Sessão Plenária em Comissão Geral;Requer a transformação da sessão em Comissão Geral.;;;2013-11-13T16:38:00;https://www.camara.leg.br/proposicoesWeb/prop_mostrarintegra?codteor=1178759;2013-12-03T00:00:00;Publicação de Despacho;Tramitação Finalizada;Indefinida;
600284;74813.0;Ronaldo Caiado;DEM;GO;12;0;2013;RONALDO CAIADO;REQ;9038;2013;Requerimento de Urgência (Art. 155 do RICD);"Requer regime de urgência para apreciação do Projeto de Lei nº 5.943, de 2013, que ""dispõe sobre o exercício da profissão de motorista, altera a Consolidação das Leis do Trabalho (CLT) no que se refere ao empregado, e a Lei nº 9.503, de 23 de setembro de 1997 (Código de Transito brasileiro) bem como a Lei nº 11.442 de 5 de janeiro de 2007 (Empresas e transportadores autônomos de carga para regular e disciplinar a jornada de trabalho e o tempo de direção do motorista profissional, e dá outras providências.""";;;2013-11-08T10:36:00;https://www.camara.leg.br/proposicoesWeb/prop_mostrarintegra?codteor=1177255;2014-04-22T00:00:00;Prejudicado;Tramitação Finalizada;Indefinida;
598919;74813.0;Ronaldo Caiado;DEM;GO;15;0;2013;RONALDO CAIADO;EMC;2;2013;Emenda na Comissão;"Dê-se ao artigo 1º da Proposta de Emenda à Constituição nº 186/2007, a seguinte redação: 
	""Art. 1º O art.37 da Constituição Federal passa a vigorar acrescido dos  §13 e §14, com a seguinte redação:
	Art. 37......................................................................"".
§ 13 Lei Complementar estabelecerá as normas gerais aplicáveis à Administração Tributária da União, dos Estados, do Distrito Federal e dos Municípios, dispondo inclusive sobre direitos, deveres, garantias e prerrogativas dos cargos já existentes em suas carreiras específicas, mencionadas no inciso XXII deste artigo.
§ 14 - Às Administrações Tributárias da União, dos Estados, do Distrito Federal e dos Municípios são asseguradas autonomia financeira e as iniciativas de suas propostas orçamentárias dentro dos limites estabelecidos na Lei de diretrizes orçamentárias.""";;;2013-10-30T18:09:00;https://www.camara.leg.br/proposicoesWeb/prop_mostrarintegra?codteor=1174511;2013-10-30T18:09:00;Apresentação de Proposição;;Indefinida;https://www.camara.leg.br/proposicoesWeb/prop_mostrarintegra?codteor=1174511
598777;74813.0;Ronaldo Caiado;DEM;GO;15;0;2013;RONALDO CAIADO;REQ;8940;2013;Requerimento de Transformação de Sessão Plenária em Comissão Geral;"Requer a realização de Comissão Geral no Plenário Ulysses Guimarães da Câmara dos Deputados para debater a crise financeira vivenciada pelos municípios brasileiros, em atenção às reinvindicações do movimento ""SOS Municípios"".";;;2013-10-30T16:16:00;https://www.camara.leg.br/proposicoesWeb/prop_mostrarintegra?codteor=1174211;2013-11-13T00:00:00;Publicação de Despacho;Tramitação Finalizada;Indefinida;
598596;74813.0;Ronaldo Caiado;DEM;GO;14;0;2013;RONALDO CAIADO;REQ;8936;2013;Requerimento de Transformação de Sessão Plenária em Comissão Geral;Requer a convocação de Comissão Geral para discutir o PL nº 2.126 de 2011 que trata do Marco Civil da Internet.;;;2013-10-30T11:10:00;https://www.camara.leg.br/proposicoesWeb/prop_mostrarintegra?codteor=1172191;2013-11-07T00:00:00;Publicação de Despacho;Tramitação Finalizada;Indefinida;
598476;74813.0;Ronaldo Caiado;DEM;GO;1;1;2013;RONALDO CAIADO;EMC;7;2013;Emenda na Comissão;Dá nova redação à MPV 623/2013;;;2013-07-22T00:00:00;https://www.camara.leg.br/proposicoesWeb/prop_mostrarintegra?codteor=1172051;2013-07-22T00:00:00;Apresentação de Proposição;;Indefinida;https://www.camara.leg.br/proposicoesWeb/prop_mostrarintegra?codteor=1172051
598475;74813.0;Ronaldo Caiado;DEM;GO;1;1;2013;RONALDO CAIADO;EMC;6;2013;Emenda na Comissão;Dá nova redação à MPV 623/2013;;;2013-07-22T00:00:00;https://www.camara.leg.br/proposicoesWeb/prop_mostrarintegra?codteor=1172050;2013-07-22T00:00:00;Apresentação de Proposição;;Indefinida;https://www.camara.leg.br/proposicoesWeb/prop_mostrarintegra?codteor=1172050
598474;74813.0;Ronaldo Caiado;DEM;GO;1;1;2013;RONALDO CAIADO;EMC;5;2013;Emenda na Comissão;Dá nova redação à MPV 623/2013;;;2013-07-22T00:00:00;https://www.camara.leg.br/proposicoesWeb/prop_mostrarintegra?codteor=1172049;2013-07-22T00:00:00;Apresentação de Proposição;;Indefinida;https://www.camara.leg.br/proposicoesWeb/prop_mostrarintegra?codteor=1172049
598473;74813.0;Ronaldo Caiado;DEM;GO;1;1;2013;RONALDO CAIADO;EMC;4;2013;Emenda na Comissão;Dá nova redação à MPV 623/2013;;;2013-07-22T00:00:00;https://www.camara.leg.br/proposicoesWeb/prop_mostrarintegra?codteor=1172048;2013-07-22T00:00:00;Apresentação de Proposição;;Indefinida;https://www.camara.leg.br/proposicoesWeb/prop_mostrarintegra?codteor=1172048
598472;74813.0;Ronaldo Caiado;DEM;GO;1;1;2013;RONALDO CAIADO;EMC;3;2013;Emenda na Comissão;Dá nova redação à MPV 623/2013;;;2013-07-22T00:00:00;https://www.camara.leg.br/proposicoesWeb/prop_mostrarintegra?codteor=1172047;2013-07-22T00:00:00;Apresentação de Proposição;;Indefinida;https://www.camara.leg.br/proposicoesWeb/prop_mostrarintegra?codteor=1172047
598471;74813.0;Ronaldo Caiado;DEM;GO;1;1;2013;RONALDO CAIADO;EMC;2;2013;Emenda na Comissão;Dá nova redação à MPV 623/2013;;;2013-07-22T00:00:00;https://www.camara.leg.br/proposicoesWeb/prop_mostrarintegra?codteor=1172046;2013-07-22T00:00:00;Apresentação de Proposição;;Indefinida;https://www.camara.leg.br/proposicoesWeb/prop_mostrarintegra?codteor=1172046
598470;74813.0;Ronaldo Caiado;DEM;GO;1;1;2013;RONALDO CAIADO;EMC;1;2013;Emenda na Comissão;Dá nova redação à MPV 623/2013;;;2013-07-22T00:00:00;https://www.camara.leg.br/proposicoesWeb/prop_mostrarintegra?codteor=1172045;2013-07-22T00:00:00;Apresentação de Proposição;;Indefinida;https://www.camara.leg.br/proposicoesWeb/prop_mostrarintegra?codteor=1172045
598049;74813.0;Ronaldo Caiado;DEM;GO;12;0;2013;RONALDO CAIADO;REQ;8902;2013;Requerimento de Urgência (Art. 155 do RICD);Com base no art. 155 do Regimento Interno, requeremos regime de  urgência para a apreciação do PL 2.201/2011.;;;2013-10-23T20:24:00;https://www.camara.leg.br/proposicoesWeb/prop_mostrarintegra?codteor=1235754;2014-03-12T18:23:00;Aprovação de Proposição em Plenário;Tramitação Finalizada;Indefinida;
597811;74813.0;Ronaldo Caiado;DEM;GO;1;1;2013;RONALDO CAIADO;EMP;20;2013;Emenda de Plenário;;;;2013-10-22T23:36:00;https://www.camara.leg.br/proposicoesWeb/prop_mostrarintegra?codteor=1164507;2013-10-22T23:36:00;Apresentação de Proposição;;Indefinida;https://www.camara.leg.br/proposicoesWeb/prop_mostrarintegra?codteor=1164507
597808;74813.0;Ronaldo Caiado;DEM;GO;1;1;2013;RONALDO CAIADO;EMP;17;2013;Emenda de Plenário;;;;2013-10-22T23:33:00;https://www.camara.leg.br/proposicoesWeb/prop_mostrarintegra?codteor=1164504;2013-10-22T23:33:00;Apresentação de Proposição;;Indefinida;https://www.camara.leg.br/proposicoesWeb/prop_mostrarintegra?codteor=1164504
597803;74813.0;Ronaldo Caiado;DEM;GO;5;0;2013;RONALDO CAIADO;EMP;12;2013;Emenda de Plenário;;;;2013-10-22T23:31:00;https://www.camara.leg.br/proposicoesWeb/prop_mostrarintegra?codteor=1164499;2013-10-22T23:31:00;Apresentação de Proposição;;Indefinida;https://www.camara.leg.br/proposicoesWeb/prop_mostrarintegra?codteor=1164499
597802;74813.0;Ronaldo Caiado;DEM;GO;5;0;2013;RONALDO CAIADO;EMP;11;2013;Emenda de Plenário;;;;2013-10-22T23:30:00;https://www.camara.leg.br/proposicoesWeb/prop_mostrarintegra?codteor=1164495;2013-10-22T23:30:00;Apresentação de Proposição;;Indefinida;https://www.camara.leg.br/proposicoesWeb/prop_mostrarintegra?codteor=1164495
597801;74813.0;Ronaldo Caiado;DEM;GO;5;0;2013;RONALDO CAIADO;EMP;10;2013;Emenda de Plenário;;;;2013-10-22T23:30:00;https://www.camara.leg.br/proposicoesWeb/prop_mostrarintegra?codteor=1164494;2013-10-22T23:30:00;Apresentação de Proposição;;Indefinida;https://www.camara.leg.br/proposicoesWeb/prop_mostrarintegra?codteor=1164494
597799;74813.0;Ronaldo Caiado;DEM;GO;10;0;2013;RONALDO CAIADO;EMP;8;2013;Emenda de Plenário;;;;2013-10-22T23:28:00;https://www.camara.leg.br/proposicoesWeb/prop_mostrarintegra?codteor=1164489;2013-10-22T23:28:00;Apresentação de Proposição;;Indefinida;https://www.camara.leg.br/proposicoesWeb/prop_mostrarintegra?codteor=1164489
597748;74813.0;Ronaldo Caiado;DEM;GO;7;1;2013;RONALDO CAIADO;REQ;8880;2013;Requerimento de Urgência (Art. 155 do RICD);"Requer, nos termos do art. 155 do Regimento Interno da Câmara dos Deputados, urgência para apreciação do Projeto de Lei Complementar nº 276, de 2002, do Poder Executivo, que ""altera a Lei Complementar nº 90, de 1º de outubro de 1997, que determina os casos em que forças estrangeiras possam transitar pelo território nacional ou nele permanecer temporariamente"".";;;2013-10-22T19:27:00;https://www.camara.leg.br/proposicoesWeb/prop_mostrarintegra?codteor=1164393;2014-04-22T00:00:00;Aprovação de Proposição em Plenário;Arquivada;Indefinida;
597651;74813.0;Ronaldo Caiado;DEM;GO;10;1;2013;RONALDO CAIADO;REQ;8874;2013;Requerimento de Urgência (Art. 155 do RICD);Reque com base no art. 155 do Regimento Interno, requeremos regime de urgência na apreciação do PL 393/2011;;;2013-10-22T16:20:00;https://www.camara.leg.br/proposicoesWeb/prop_mostrarintegra?codteor=1164075;2014-04-22T00:00:00;Aprovação de Proposição em Plenário;Tramitação Finalizada;Indefinida;
597641;74813.0;Ronaldo Caiado;DEM;GO;12;0;2013;RONALDO CAIADO;REQ;8872;2013;Requerimento de Urgência (Art. 155 do RICD);Requer, nos termos do artigo 155 do Regimento Interno da Câmara dos Deputados, urgência para inclusão na Ordem do Dia do Projeto de Lei nº 3.054, de 2000.;;;2013-10-22T15:39:00;https://www.camara.leg.br/proposicoesWeb/prop_mostrarintegra?codteor=1164011;2021-10-27T00:00:00;Publicação de Despacho;Arquivada;Indefinida;
597100;74813.0;Ronaldo Caiado;DEM;GO;1;1;2013;RONALDO CAIADO;EMP;14;2013;Emenda de Plenário;;;;2013-10-16T19:22:00;https://www.camara.leg.br/proposicoesWeb/prop_mostrarintegra?codteor=1159980;2013-10-16T19:22:00;Apresentação de Proposição;;Indefinida;https://www.camara.leg.br/proposicoesWeb/prop_mostrarintegra?codteor=1159980
595837;74813.0;Ronaldo Caiado;DEM;GO;1;1;2013;RONALDO CAIADO;EMA;13;2013;Emenda Aglutinativa;;;;2013-10-09T16:39:00;https://www.camara.leg.br/proposicoesWeb/prop_mostrarintegra?codteor=1153455;2013-10-09T16:39:00;Apresentação de Proposição;;Indefinida;https://www.camara.leg.br/proposicoesWeb/prop_mostrarintegra?codteor=1153455
595835;74813.0;Ronaldo Caiado;DEM;GO;1;1;2013;RONALDO CAIADO;EMA;12;2013;Emenda Aglutinativa;;;;2013-10-09T16:39:00;https://www.camara.leg.br/proposicoesWeb/prop_mostrarintegra?codteor=1153453;2013-10-09T16:39:00;Apresentação de Proposição;;Indefinida;https://www.camara.leg.br/proposicoesWeb/prop_mostrarintegra?codteor=1153453
595833;74813.0;Ronaldo Caiado;DEM;GO;1;1;2013;RONALDO CAIADO;EMA;11;2013;Emenda Aglutinativa;;;;2013-10-09T16:38:00;https://www.camara.leg.br/proposicoesWeb/prop_mostrarintegra?codteor=1153451;2013-10-09T16:38:00;Apresentação de Proposição;;Indefinida;https://www.camara.leg.br/proposicoesWeb/prop_mostrarintegra?codteor=1153451
595831;74813.0;Ronaldo Caiado;DEM;GO;1;1;2013;RONALDO CAIADO;EMA;10;2013;Emenda Aglutinativa;;;;2013-10-09T16:37:00;https://www.camara.leg.br/proposicoesWeb/prop_mostrarintegra?codteor=1153449;2013-10-09T16:37:00;Apresentação de Proposição;;Indefinida;https://www.camara.leg.br/proposicoesWeb/prop_mostrarintegra?codteor=1153449
595828;74813.0;Ronaldo Caiado;DEM;GO;1;1;2013;RONALDO CAIADO;EMA;9;2013;Emenda Aglutinativa;;;;2013-10-09T16:36:00;https://www.camara.leg.br/proposicoesWeb/prop_mostrarintegra?codteor=1153447;2013-10-09T16:36:00;Apresentação de Proposição;;Indefinida;https://www.camara.leg.br/proposicoesWeb/prop_mostrarintegra?codteor=1153447
595827;74813.0;Ronaldo Caiado;DEM;GO;1;1;2013;RONALDO CAIADO;EMA;8;2013;Emenda Aglutinativa;;;;2013-10-09T16:35:00;https://www.camara.leg.br/proposicoesWeb/prop_mostrarintegra?codteor=1153446;2013-10-09T16:35:00;Apresentação de Proposição;;Indefinida;https://www.camara.leg.br/proposicoesWeb/prop_mostrarintegra?codteor=1153446
595825;74813.0;Ronaldo Caiado;DEM;GO;1;1;2013;RONALDO CAIADO;EMA;7;2013;Emenda Aglutinativa;;;;2013-10-09T16:34:00;https://www.camara.leg.br/proposicoesWeb/prop_mostrarintegra?codteor=1153444;2013-10-09T16:34:00;Apresentação de Proposição;;Indefinida;https://www.camara.leg.br/proposicoesWeb/prop_mostrarintegra?codteor=1153444
595823;74813.0;Ronaldo Caiado;DEM;GO;1;1;2013;RONALDO CAIADO;EMA;6;2013;Emenda Aglutinativa;;;;2013-10-09T16:31:00;https://www.camara.leg.br/proposicoesWeb/prop_mostrarintegra?codteor=1153442;2013-10-09T16:31:00;Apresentação de Proposição;;Indefinida;https://www.camara.leg.br/proposicoesWeb/prop_mostrarintegra?codteor=1153442
595821;74813.0;Ronaldo Caiado;DEM;GO;1;1;2013;RONALDO CAIADO;EMA;5;2013;Emenda Aglutinativa;;;;2013-10-09T16:29:00;https://www.camara.leg.br/proposicoesWeb/prop_mostrarintegra?codteor=1153440;2013-10-09T16:29:00;Apresentação de Proposição;;Indefinida;https://www.camara.leg.br/proposicoesWeb/prop_mostrarintegra?codteor=1153440
595819;74813.0;Ronaldo Caiado;DEM;GO;1;1;2013;RONALDO CAIADO;EMA;4;2013;Emenda Aglutinativa;;;;2013-10-09T16:25:00;https://www.camara.leg.br/proposicoesWeb/prop_mostrarintegra?codteor=1153438;2013-10-09T16:25:00;Apresentação de Proposição;;Indefinida;https://www.camara.leg.br/proposicoesWeb/prop_mostrarintegra?codteor=1153438
595703;74813.0;Ronaldo Caiado;DEM;GO;13;0;2013;RONALDO CAIADO;REQ;8793;2013;Requerimento de Urgência (Art. 155 do RICD);"Requer Urgência Urgentíssima para o Projeto de Lei nº 6.446, de 2013, que ""Dispõe sobre o direito de resposta ou retificação do ofendido por matéria divulgada, publicada ou transmitida por veículo de comunicação social.""";;;2013-10-09T11:56:00;https://www.camara.leg.br/proposicoesWeb/prop_mostrarintegra?codteor=1153193;2018-06-06T00:00:00;Relatório de Conferência de Assinaturas;Arquivada;Indefinida;https://www.camara.leg.br/proposicoesWeb/prop_mostrarintegra?codteor=1666452
595446;74813.0;Ronaldo Caiado;DEM;GO;12;1;2013;RONALDO CAIADO;REQ;8774;2013;Requerimento de Urgência (Art. 155 do RICD);Requer a urgência para apreciação do Projeto de Lei nº 6.446, de 2013, que dispõe sobre o direito de resposta ou retificação do ofendido por matéria divulgada, publicada ou transmitida por veículo de comunicação social.;;;2013-10-08T16:45:00;https://www.camara.leg.br/proposicoesWeb/prop_mostrarintegra?codteor=1152735;2014-04-22T00:00:00;Aprovação de Proposição em Plenário;Arquivada;Indefinida;
594622;74813.0;Ronaldo Caiado;DEM;GO;1;1;2013;RONALDO CAIADO;EMC;73;2013;Emenda na Comissão;Dá nova redação à MPV 621/2013;;;2013-07-11T20:19:00;https://www.camara.leg.br/proposicoesWeb/prop_mostrarintegra?codteor=1148303;2013-07-11T20:19:00;Apresentação de Proposição;;Indefinida;https://www.camara.leg.br/proposicoesWeb/prop_mostrarintegra?codteor=1148303
594621;74813.0;Ronaldo Caiado;DEM;GO;1;1;2013;RONALDO CAIADO;EMC;72;2013;Emenda na Comissão;Dá nova redação à MPV 621/2013;;;2013-07-11T20:19:00;https://www.camara.leg.br/proposicoesWeb/prop_mostrarintegra?codteor=1148302;2013-07-11T20:19:00;Apresentação de Proposição;;Indefinida;https://www.camara.leg.br/proposicoesWeb/prop_mostrarintegra?codteor=1148302
594620;74813.0;Ronaldo Caiado;DEM;GO;1;1;2013;RONALDO CAIADO;EMC;71;2013;Emenda na Comissão;Dá nova redação à MPV 621/2013;;;2013-07-11T20:19:00;https://www.camara.leg.br/proposicoesWeb/prop_mostrarintegra?codteor=1148301;2013-07-11T20:19:00;Apresentação de Proposição;;Indefinida;https://www.camara.leg.br/proposicoesWeb/prop_mostrarintegra?codteor=1148301
594619;74813.0;Ronaldo Caiado;DEM;GO;1;1;2013;RONALDO CAIADO;EMC;70;2013;Emenda na Comissão;Dá nova redação à MPV 621/2013;;;2013-07-11T20:19:00;https://www.camara.leg.br/proposicoesWeb/prop_mostrarintegra?codteor=1148300;2013-07-11T20:19:00;Apresentação de Proposição;;Indefinida;https://www.camara.leg.br/proposicoesWeb/prop_mostrarintegra?codteor=1148300
594618;74813.0;Ronaldo Caiado;DEM;GO;1;1;2013;RONALDO CAIADO;EMC;69;2013;Emenda na Comissão;Dá nova redação à MPV 621/2013;;;2013-07-11T20:19:00;https://www.camara.leg.br/proposicoesWeb/prop_mostrarintegra?codteor=1148299;2013-07-11T20:19:00;Apresentação de Proposição;;Indefinida;https://www.camara.leg.br/proposicoesWeb/prop_mostrarintegra?codteor=1148299
594617;74813.0;Ronaldo Caiado;DEM;GO;1;1;2013;RONALDO CAIADO;EMC;68;2013;Emenda na Comissão;Dá nova redação à MPV 621/2013;;;2013-07-11T20:19:00;https://www.camara.leg.br/proposicoesWeb/prop_mostrarintegra?codteor=1148298;2013-07-11T20:19:00;Apresentação de Proposição;;Indefinida;https://www.camara.leg.br/proposicoesWeb/prop_mostrarintegra?codteor=1148298
594616;74813.0;Ronaldo Caiado;DEM;GO;1;1;2013;RONALDO CAIADO;EMC;67;2013;Emenda na Comissão;Dá nova redação à MPV 621/2013;;;2013-07-11T20:19:00;https://www.camara.leg.br/proposicoesWeb/prop_mostrarintegra?codteor=1148297;2013-07-11T20:19:00;Apresentação de Proposição;;Indefinida;https://www.camara.leg.br/proposicoesWeb/prop_mostrarintegra?codteor=1148297
594615;74813.0;Ronaldo Caiado;DEM;GO;1;1;2013;RONALDO CAIADO;EMC;66;2013;Emenda na Comissão;Dá nova redação à MPV 621/2013;;;2013-07-11T20:19:00;https://www.camara.leg.br/proposicoesWeb/prop_mostrarintegra?codteor=1148296;2013-07-11T20:19:00;Apresentação de Proposição;;Indefinida;https://www.camara.leg.br/proposicoesWeb/prop_mostrarintegra?codteor=1148296
594614;74813.0;Ronaldo Caiado;DEM;GO;1;1;2013;RONALDO CAIADO;EMC;65;2013;Emenda na Comissão;Dá nova redação à MPV 621/2013;;;2013-07-11T20:19:00;https://www.camara.leg.br/proposicoesWeb/prop_mostrarintegra?codteor=1148295;2013-07-11T20:19:00;Apresentação de Proposição;;Indefinida;https://www.camara.leg.br/proposicoesWeb/prop_mostrarintegra?codteor=1148295
594613;74813.0;Ronaldo Caiado;DEM;GO;1;1;2013;RONALDO CAIADO;EMC;64;2013;Emenda na Comissão;Dá nova redação à MPV 621/2013;;;2013-07-11T20:19:00;https://www.camara.leg.br/proposicoesWeb/prop_mostrarintegra?codteor=1148294;2013-07-11T20:19:00;Apresentação de Proposição;;Indefinida;https://www.camara.leg.br/proposicoesWeb/prop_mostrarintegra?codteor=1148294
594612;74813.0;Ronaldo Caiado;DEM;GO;1;1;2013;RONALDO CAIADO;EMC;63;2013;Emenda na Comissão;Dá nova redação à MPV 621/2013;;;2013-07-11T20:19:00;https://www.camara.leg.br/proposicoesWeb/prop_mostrarintegra?codteor=1148293;2013-07-11T20:19:00;Apresentação de Proposição;;Indefinida;https://www.camara.leg.br/proposicoesWeb/prop_mostrarintegra?codteor=1148293
594611;74813.0;Ronaldo Caiado;DEM;GO;1;1;2013;RONALDO CAIADO;EMC;62;2013;Emenda na Comissão;Dá nova redação à MPV 621/2013;;;2013-07-11T20:19:00;https://www.camara.leg.br/proposicoesWeb/prop_mostrarintegra?codteor=1148292;2013-07-11T20:19:00;Apresentação de Proposição;;Indefinida;https://www.camara.leg.br/proposicoesWeb/prop_mostrarintegra?codteor=1148292
594610;74813.0;Ronaldo Caiado;DEM;GO;1;1;2013;RONALDO CAIADO;EMC;61;2013;Emenda na Comissão;Dá nova redação à MPV 621/2013;;;2013-07-11T20:19:00;https://www.camara.leg.br/proposicoesWeb/prop_mostrarintegra?codteor=1148291;2013-07-11T20:19:00;Apresentação de Proposição;;Indefinida;https://www.camara.leg.br/proposicoesWeb/prop_mostrarintegra?codteor=1148291
594609;74813.0;Ronaldo Caiado;DEM;GO;1;1;2013;RONALDO CAIADO;EMC;60;2013;Emenda na Comissão;Dá nova redação à MPV 621/2013;;;2013-07-11T20:19:00;https://www.camara.leg.br/proposicoesWeb/prop_mostrarintegra?codteor=1148290;2013-07-11T20:19:00;Apresentação de Proposição;;Indefinida;https://www.camara.leg.br/proposicoesWeb/prop_mostrarintegra?codteor=1148290
594608;74813.0;Ronaldo Caiado;DEM;GO;1;1;2013;RONALDO CAIADO;EMC;59;2013;Emenda na Comissão;Dá nova redação à MPV 621/2013;;;2013-07-11T20:19:00;https://www.camara.leg.br/proposicoesWeb/prop_mostrarintegra?codteor=1148289;2013-07-11T20:19:00;Apresentação de Proposição;;Indefinida;https://www.camara.leg.br/proposicoesWeb/prop_mostrarintegra?codteor=1148289
594607;74813.0;Ronaldo Caiado;DEM;GO;1;1;2013;RONALDO CAIADO;EMC;58;2013;Emenda na Comissão;Dá nova redação à MPV 621/2013;;;2013-07-11T20:19:00;https://www.camara.leg.br/proposicoesWeb/prop_mostrarintegra?codteor=1148288;2013-07-11T20:19:00;Apresentação de Proposição;;Indefinida;https://www.camara.leg.br/proposicoesWeb/prop_mostrarintegra?codteor=1148288
594606;74813.0;Ronaldo Caiado;DEM;GO;1;1;2013;RONALDO CAIADO;EMC;57;2013;Emenda na Comissão;Dá nova redação à MPV 621/2013;;;2013-07-11T20:19:00;https://www.camara.leg.br/proposicoesWeb/prop_mostrarintegra?codteor=1148287;2013-07-11T20:19:00;Apresentação de Proposição;;Indefinida;https://www.camara.leg.br/proposicoesWeb/prop_mostrarintegra?codteor=1148287
594605;74813.0;Ronaldo Caiado;DEM;GO;1;1;2013;RONALDO CAIADO;EMC;56;2013;Emenda na Comissão;Dá nova redação à MPV 621/2013;;;2013-07-11T20:19:00;https://www.camara.leg.br/proposicoesWeb/prop_mostrarintegra?codteor=1148286;2013-07-11T20:19:00;Apresentação de Proposição;;Indefinida;https://www.camara.leg.br/proposicoesWeb/prop_mostrarintegra?codteor=1148286
594604;74813.0;Ronaldo Caiado;DEM;GO;1;1;2013;RONALDO CAIADO;EMC;55;2013;Emenda na Comissão;Dá nova redação à MPV 621/2013;;;2013-07-11T20:19:00;https://www.camara.leg.br/proposicoesWeb/prop_mostrarintegra?codteor=1148285;2013-07-11T20:19:00;Apresentação de Proposição;;Indefinida;https://www.camara.leg.br/proposicoesWeb/prop_mostrarintegra?codteor=1148285
594603;74813.0;Ronaldo Caiado;DEM;GO;1;1;2013;RONALDO CAIADO;EMC;54;2013;Emenda na Comissão;Dá nova redação à MPV 621/2013;;;2013-07-11T20:19:00;https://www.camara.leg.br/proposicoesWeb/prop_mostrarintegra?codteor=1148284;2013-07-11T20:19:00;Apresentação de Proposição;;Indefinida;https://www.camara.leg.br/proposicoesWeb/prop_mostrarintegra?codteor=1148284
594602;74813.0;Ronaldo Caiado;DEM;GO;1;1;2013;RONALDO CAIADO;EMC;53;2013;Emenda na Comissão;Dá nova redação à MPV 621/2013;;;2013-07-11T20:19:00;https://www.camara.leg.br/proposicoesWeb/prop_mostrarintegra?codteor=1148283;2013-07-11T20:19:00;Apresentação de Proposição;;Indefinida;https://www.camara.leg.br/proposicoesWeb/prop_mostrarintegra?codteor=1148283
593722;74813.0;Ronaldo Caiado;DEM;GO;15;0;2013;RONALDO CAIADO;EMC;10;2013;Emenda na Comissão;Fixa parâmetros para a remuneração dos Auditores Fiscais da Receita Federal do Brasil, dos Auditores Fiscais do Trabalho e do grau ou nível máximo da carreira dos servidores do Banco Central do Brasil.;;;2013-09-26T11:32:00;https://www.camara.leg.br/proposicoesWeb/prop_mostrarintegra?codteor=1143205;2013-09-26T11:32:00;Apresentação de Proposição;;Indefinida;https://www.camara.leg.br/proposicoesWeb/prop_mostrarintegra?codteor=1143205
593603;74813.0;Ronaldo Caiado;DEM;GO;10;0;2013;RONALDO CAIADO;REQ;8690;2013;Requerimento de Urgência (Art. 155 do RICD);"Requer urgência para apreciação do Projeto de Lei Complementar nº 321, de 2013, que ""altera dispositivos da Lei Complementar nº 141, de 13 de janeiro de 2012, e dá outras providências""";;;2013-09-25T17:39:00;https://www.camara.leg.br/proposicoesWeb/prop_mostrarintegra?codteor=1142858;2013-09-25T17:39:00;Apresentação de Proposição;Pronta para Pauta;Indefinida;https://www.camara.leg.br/proposicoesWeb/prop_mostrarintegra?codteor=1142858
593245;74813.0;Ronaldo Caiado;DEM;GO;1;1;2013;RONALDO CAIADO;EMC;35;2013;Emenda na Comissão;Dá nova redação à MPV 619/2013;;;2013-06-12T00:00:00;https://www.camara.leg.br/proposicoesWeb/prop_mostrarintegra?codteor=1142300;2013-06-12T00:00:00;Apresentação de Proposição;;Indefinida;https://www.camara.leg.br/proposicoesWeb/prop_mostrarintegra?codteor=1142300
593244;74813.0;Ronaldo Caiado;DEM;GO;1;1;2013;RONALDO CAIADO;EMC;34;2013;Emenda na Comissão;Dá nova redação à MPV 619/2013;;;2013-06-12T00:00:00;https://www.camara.leg.br/proposicoesWeb/prop_mostrarintegra?codteor=1142299;2013-06-12T00:00:00;Apresentação de Proposição;;Indefinida;https://www.camara.leg.br/proposicoesWeb/prop_mostrarintegra?codteor=1142299
593243;74813.0;Ronaldo Caiado;DEM;GO;1;1;2013;RONALDO CAIADO;EMC;33;2013;Emenda na Comissão;Dá nova redação à MPV 619/2013;;;2013-06-12T00:00:00;https://www.camara.leg.br/proposicoesWeb/prop_mostrarintegra?codteor=1142298;2013-06-12T00:00:00;Apresentação de Proposição;;Indefinida;https://www.camara.leg.br/proposicoesWeb/prop_mostrarintegra?codteor=1142298
593242;74813.0;Ronaldo Caiado;DEM;GO;1;1;2013;RONALDO CAIADO;EMC;32;2013;Emenda na Comissão;Dá nova redação à MPV 619/2013;;;2013-06-12T00:00:00;https://www.camara.leg.br/proposicoesWeb/prop_mostrarintegra?codteor=1142297;2013-06-12T00:00:00;Apresentação de Proposição;;Indefinida;https://www.camara.leg.br/proposicoesWeb/prop_mostrarintegra?codteor=1142297
592879;74813.0;Ronaldo Caiado;DEM;GO;19;0;2013;RONALDO CAIADO;EMC;3;2013;Emenda na Comissão;Dê-se nova redação ao § 13 e inclua-se os §§ 14, 15 e 16 à PEC nº 70/2011.;;;2013-09-19T16:39:00;https://www.camara.leg.br/proposicoesWeb/prop_mostrarintegra?codteor=1139013;2013-09-19T16:39:00;Apresentação de Proposição;;Indefinida;https://www.camara.leg.br/proposicoesWeb/prop_mostrarintegra?codteor=1139013
592763;74813.0;Ronaldo Caiado;DEM;GO;13;0;2013;RONALDO CAIADO;REQ;8644;2013;Requerimento de Urgência (Art. 155 do RICD);Requeremos nos termos do artigo 155 do Regimento Interno da Câmara dos Deputados, urgência para apreciação do Projeto de Lei n° 1.376 de 2003, que dispõe sobre a política de controle da natalidade de cães e gatos e dá outras providências.;;;2013-09-19T11:25:00;https://www.camara.leg.br/proposicoesWeb/prop_mostrarintegra?codteor=1138699;2017-02-08T14:00:00;Aprovação de Proposição em Plenário;Tramitação Finalizada;Indefinida;
592628;74813.0;Ronaldo Caiado;DEM;GO;1;1;2013;RONALDO CAIADO;EMC;33;2013;Emenda na Comissão;Dá nova redação à MPV 617/2013;;;2013-06-05T00:00:00;https://www.camara.leg.br/proposicoesWeb/prop_mostrarintegra?codteor=1137555;2013-06-05T00:00:00;Apresentação de Proposição;;Indefinida;https://www.camara.leg.br/proposicoesWeb/prop_mostrarintegra?codteor=1137555
592627;74813.0;Ronaldo Caiado;DEM;GO;1;1;2013;RONALDO CAIADO;EMC;32;2013;Emenda na Comissão;Dá nova redação à MPV 617/2013;;;2013-06-05T00:00:00;https://www.camara.leg.br/proposicoesWeb/prop_mostrarintegra?codteor=1137554;2013-06-05T00:00:00;Apresentação de Proposição;;Indefinida;https://www.camara.leg.br/proposicoesWeb/prop_mostrarintegra?codteor=1137554
592294;74813.0;Ronaldo Caiado;DEM;GO;1;1;2013;RONALDO CAIADO;EMC;82;2013;Emenda na Comissão;Dá nova redação à MPV 618/2013;;;2013-06-12T00:00:00;https://www.camara.leg.br/proposicoesWeb/prop_mostrarintegra?codteor=1136616;2013-06-12T00:00:00;Apresentação de Proposição;;Indefinida;https://www.camara.leg.br/proposicoesWeb/prop_mostrarintegra?codteor=1136616
592293;74813.0;Ronaldo Caiado;DEM;GO;1;1;2013;RONALDO CAIADO;EMC;81;2013;Emenda na Comissão;Dá nova redação à MPV 618/2013;;;2013-06-12T00:00:00;https://www.camara.leg.br/proposicoesWeb/prop_mostrarintegra?codteor=1136612;2013-06-12T00:00:00;Apresentação de Proposição;;Indefinida;https://www.camara.leg.br/proposicoesWeb/prop_mostrarintegra?codteor=1136612
592292;74813.0;Ronaldo Caiado;DEM;GO;1;1;2013;RONALDO CAIADO;EMC;80;2013;Emenda na Comissão;Dá nova redação à MPV 618/2013;;;2013-06-12T00:00:00;https://www.camara.leg.br/proposicoesWeb/prop_mostrarintegra?codteor=1136604;2013-06-12T00:00:00;Apresentação de Proposição;;Indefinida;https://www.camara.leg.br/proposicoesWeb/prop_mostrarintegra?codteor=1136604
592291;74813.0;Ronaldo Caiado;DEM;GO;1;1;2013;RONALDO CAIADO;EMC;79;2013;Emenda na Comissão;Dá nova redação à MPV 618/2013;;;2013-06-12T00:00:00;https://www.camara.leg.br/proposicoesWeb/prop_mostrarintegra?codteor=1136600;2013-06-12T00:00:00;Apresentação de Proposição;;Indefinida;https://www.camara.leg.br/proposicoesWeb/prop_mostrarintegra?codteor=1136600
592290;74813.0;Ronaldo Caiado;DEM;GO;1;1;2013;RONALDO CAIADO;EMC;78;2013;Emenda na Comissão;Dá nova redação à MPV 618/2013;;;2013-06-12T00:00:00;https://www.camara.leg.br/proposicoesWeb/prop_mostrarintegra?codteor=1136599;2013-06-12T00:00:00;Apresentação de Proposição;;Indefinida;https://www.camara.leg.br/proposicoesWeb/prop_mostrarintegra?codteor=1136599
592289;74813.0;Ronaldo Caiado;DEM;GO;1;1;2013;RONALDO CAIADO;EMC;77;2013;Emenda na Comissão;Dá nova redação à MPV 618/2013;;;2013-06-12T00:00:00;https://www.camara.leg.br/proposicoesWeb/prop_mostrarintegra?codteor=1136597;2013-06-12T00:00:00;Apresentação de Proposição;;Indefinida;https://www.camara.leg.br/proposicoesWeb/prop_mostrarintegra?codteor=1136597
592288;74813.0;Ronaldo Caiado;DEM;GO;1;1;2013;RONALDO CAIADO;EMC;76;2013;Emenda na Comissão;Dá nova redação à MPV 618/2013;;;2013-06-12T00:00:00;https://www.camara.leg.br/proposicoesWeb/prop_mostrarintegra?codteor=1136595;2013-06-12T00:00:00;Apresentação de Proposição;;Indefinida;https://www.camara.leg.br/proposicoesWeb/prop_mostrarintegra?codteor=1136595
592287;74813.0;Ronaldo Caiado;DEM;GO;1;1;2013;RONALDO CAIADO;EMC;75;2013;Emenda na Comissão;Dá nova redação à MPV 618/2013;;;2013-06-12T00:00:00;https://www.camara.leg.br/proposicoesWeb/prop_mostrarintegra?codteor=1136593;2013-06-12T00:00:00;Apresentação de Proposição;;Indefinida;https://www.camara.leg.br/proposicoesWeb/prop_mostrarintegra?codteor=1136593
592286;74813.0;Ronaldo Caiado;DEM;GO;1;1;2013;RONALDO CAIADO;EMC;74;2013;Emenda na Comissão;Dá nova redação à MPV 618/2013;;;2013-06-12T00:00:00;https://www.camara.leg.br/proposicoesWeb/prop_mostrarintegra?codteor=1136592;2013-06-12T00:00:00;Apresentação de Proposição;;Indefinida;https://www.camara.leg.br/proposicoesWeb/prop_mostrarintegra?codteor=1136592
592098;74813.0;Ronaldo Caiado;DEM;GO;9;0;2013;RONALDO CAIADO;REQ;8606;2013;Requerimento de Urgência (Art. 155 do RICD);Requer regime de urgência para apreciação do Projeto de Lei n° 6016/13.;;;2013-09-17T16:12:00;https://www.camara.leg.br/proposicoesWeb/prop_mostrarintegra?codteor=1135668;2013-09-17T16:12:00;Apresentação de Proposição;Pronta para Pauta;Indefinida;https://www.camara.leg.br/proposicoesWeb/prop_mostrarintegra?codteor=1135668
591375;74813.0;Ronaldo Caiado;DEM;GO;100;1;2013;RONALDO CAIADO;PL;6316;2013;Projeto de Lei;Dispõe sobre o financiamento das campanhas eleitorais e o sistema das eleições proporcionais, alterando a Lei nº 4.737, de 15 de julho de 1965 (Código Eleitoral), a Lei nº 9.096, de 19 de setembro de 1995 (Lei dos Partidos Políticos), e a Lei nº 9.504, de 30 de setembro de 1997 (Lei das Eleições), e sobre a forma de subscrição de eleitores a proposições legislativas de iniciativa popular, alterando a Lei nº 9.709, de 18 de novembro de 1998.;;"Alteração, Código Eleitoral, Lei Orgânica dos Partidos Políticos, Lei das Eleições, critérios, transparência, financiamento eleitoral, partido político, campanha eleitoral, eleições proporcionais, fiscalização, controle social, prestação de contas, eleições, proibição, pessoa jurídica, doação, campanha, registro, substituição, candidato, lista preordenada, Fundo Democrático de Campanha, horário eleitoral, autorização, propaganda eleitoral, Internet, Sistema de Informação sobre Orçamento dos Partidos Políticos, registro eletrônico, orçamento, domicilio eleitoral, eleitor. 
_ Alteração, Lei da Soberania Popular, convocação, plebiscito, referendo, proibição, extinção, direitos fundamentais, despesa, campanha, exclusividade, dotação, orçamento da união, projetos, urgência, tramitação, congresso nacional, iniciativa popular, proposição legislativa, câmara dos deputados, percentual, eleitor.";2013-09-10T20:29:00;https://www.camara.leg.br/proposicoesWeb/prop_mostrarintegra?codteor=1129866;2019-03-25T12:15:00;Desarquivamento a Pedido;Tramitando em Conjunto;Proposição Sujeita à Apreciação do Plenário;https://www.camara.leg.br/proposicoesWeb/prop_mostrarintegra?codteor=1721846
591234;74813.0;Ronaldo Caiado;DEM;GO;1;1;2013;RONALDO CAIADO;ERD;2;2013;Emenda de Redação;;;;2013-09-09T15:38:00;https://www.camara.leg.br/proposicoesWeb/prop_mostrarintegra?codteor=1129373;2013-09-09T15:38:00;Apresentação de Proposição;;Indefinida;https://www.camara.leg.br/proposicoesWeb/prop_mostrarintegra?codteor=1129373
591232;74813.0;Ronaldo Caiado;DEM;GO;1;1;2013;RONALDO CAIADO;ERD;1;2013;Emenda de Redação;;;;2013-09-09T15:37:00;https://www.camara.leg.br/proposicoesWeb/prop_mostrarintegra?codteor=1129370;2013-09-09T15:37:00;Apresentação de Proposição;;Indefinida;https://www.camara.leg.br/proposicoesWeb/prop_mostrarintegra?codteor=1129370
591227;74813.0;Ronaldo Caiado;DEM;GO;16;0;2013;RONALDO CAIADO;REQ;8561;2013;Requerimento de Transformação de Sessão Plenária em Comissão Geral;Requer a transformação de Sessão Plenária da Câmara em Comissão Geral para debater a violência contra a pessoa idosa;;;2013-09-10T15:29:00;https://www.camara.leg.br/proposicoesWeb/prop_mostrarintegra?codteor=1129358;2013-10-03T00:00:00;Publicação de Despacho;Tramitação Finalizada;Indefinida;
590885;74813.0;Ronaldo Caiado;DEM;GO;1;1;2013;RONALDO CAIADO;PL;6282;2013;Projeto de Lei;Acrescenta o parágrafo único ao art. 17 da Lei nº 6.815, de 19 de agosto de 1980.;Concede visto permanente aos cubanos que ingressarem no país como refugiados ou amparados por acordos de cooperação técnica internacional.;Alteração, Estatuto do Estrangeiro, concessão, visto permanente, origem, Cuba, refugiado, participação, acordo de cooperação técnica internacional.;2013-09-05T11:26:35;https://www.camara.leg.br/proposicoesWeb/prop_mostrarintegra?codteor=1126514;2015-01-31T00:00:00;Arquivamento;Arquivada;Proposição Sujeita à Apreciação Conclusiva pelas Comissões - Art. 24 II;
590796;74813.0;Ronaldo Caiado;DEM;GO;9;1;2013;RONALDO CAIADO;REQ;8530;2013;Requerimento de Urgência (Art. 155 do RICD);Requeremos, nos termos do art. 155, do Regimento Interno da Câmara dos Deputados, urgência para a tramitação do Projeto de Lei nº 4330 de 2004, de autoria do Sr. Deputado Sandro Mabel - PMDB/GO, que dispõe sobre contrato de prestação de serviço a terceiros e as relações de trabalho dele decorrentes.;;;2013-09-04T19:37:00;https://www.camara.leg.br/proposicoesWeb/prop_mostrarintegra?codteor=1126364;2015-04-07T00:00:00;Aprovação de Proposição em Plenário;Tramitação Finalizada;Indefinida;
590781;74813.0;Ronaldo Caiado;DEM;GO;12;0;2013;RONALDO CAIADO;REQ;8528;2013;Requerimento de Transformação de Sessão Plenária em Comissão Geral;Requer realização de Comissão Geral sobre o PL 4330 de 2004, que dispõe sobre o contrato de prestação de serviço a terceiros e as relações de trabalho dele decorrentes.;;;2013-09-04T18:54:00;https://www.camara.leg.br/proposicoesWeb/prop_mostrarintegra?codteor=1126310;2013-09-19T00:00:00;Publicação de Despacho;Tramitação Finalizada;Indefinida;
590716;74813.0;Ronaldo Caiado;DEM;GO;14;1;2013;RONALDO CAIADO;REQ;8516;2013;Requerimento de Urgência (Art. 155 do RICD);Requer, nos termos do art. 155 do Regimento Interno da Câmara dos Deputados, urgência urgentíssima para apreciação do PL 2.833/2011- Criminaliza Condutas Praticadas contra Cães e Gatos.;;;2013-09-04T17:18:00;https://www.camara.leg.br/proposicoesWeb/prop_mostrarintegra?codteor=1126166;2013-10-24T00:00:00;Aprovação de Proposição em Plenário;Tramitação Finalizada;Indefinida;https://www.camara.leg.br/proposicoesWeb/prop_mostrarintegra?codteor=1261598
590443;74813.0;Ronaldo Caiado;DEM;GO;1;1;2013;RONALDO CAIADO;EMC;36;2013;Emenda na Comissão;Dá nova redação à MPV 615/2013;;;2013-05-23T00:00:00;https://www.camara.leg.br/proposicoesWeb/prop_mostrarintegra?codteor=1125765;2013-05-23T00:00:00;Apresentação de Proposição;;Indefinida;https://www.camara.leg.br/proposicoesWeb/prop_mostrarintegra?codteor=1125765
590442;74813.0;Ronaldo Caiado;DEM;GO;1;1;2013;RONALDO CAIADO;EMC;35;2013;Emenda na Comissão;Dá nova redação à MPV 615/2013;;;2013-05-23T00:00:00;https://www.camara.leg.br/proposicoesWeb/prop_mostrarintegra?codteor=1125764;2013-05-23T00:00:00;Apresentação de Proposição;;Indefinida;https://www.camara.leg.br/proposicoesWeb/prop_mostrarintegra?codteor=1125764
590441;74813.0;Ronaldo Caiado;DEM;GO;1;1;2013;RONALDO CAIADO;EMC;34;2013;Emenda na Comissão;Dá nova redação à MPV 615/2013;;;2013-05-23T00:00:00;https://www.camara.leg.br/proposicoesWeb/prop_mostrarintegra?codteor=1125763;2013-05-23T00:00:00;Apresentação de Proposição;;Indefinida;https://www.camara.leg.br/proposicoesWeb/prop_mostrarintegra?codteor=1125763
590440;74813.0;Ronaldo Caiado;DEM;GO;1;1;2013;RONALDO CAIADO;EMC;33;2013;Emenda na Comissão;Dá nova redação à MPV 615/2013;;;2013-05-23T00:00:00;https://www.camara.leg.br/proposicoesWeb/prop_mostrarintegra?codteor=1125761;2013-05-23T00:00:00;Apresentação de Proposição;;Indefinida;https://www.camara.leg.br/proposicoesWeb/prop_mostrarintegra?codteor=1125761
590439;74813.0;Ronaldo Caiado;DEM;GO;1;1;2013;RONALDO CAIADO;EMC;32;2013;Emenda na Comissão;Dá nova redação à MPV 615/2013;;;2013-05-23T00:00:00;https://www.camara.leg.br/proposicoesWeb/prop_mostrarintegra?codteor=1125760;2013-05-23T00:00:00;Apresentação de Proposição;;Indefinida;https://www.camara.leg.br/proposicoesWeb/prop_mostrarintegra?codteor=1125760
589803;74813.0;Ronaldo Caiado;DEM;GO;1;1;2013;RONALDO CAIADO;REQ;8471;2013;Requerimento de Constituição de Comissão Externa;Requer a instituição de Comissão Externa para, junto à Organização Mundial de Saúde - OMS e à Organização Internacional do Trabalho - OIT, ambas com sede em Genebra - Suíça, avaliar os termos de ajuste ao 80º Termo de Cooperação Técnica, celebrado entre o Governo brasileiro e a Organização Panamericana da Saúde - OPAS.;;;2013-08-29T13:12:00;https://www.camara.leg.br/proposicoesWeb/prop_mostrarintegra?codteor=1123111;2015-01-28T00:00:00;Arquivamento;Arquivada;;https://www.camara.leg.br/proposicoesWeb/prop_mostrarintegra?codteor=1296445
589673;74813.0;Ronaldo Caiado;DEM;GO;8;0;2013;RONALDO CAIADO;REQ;8453;2013;Requerimento de Urgência (Art. 155 do RICD);Requer urgência para o Projeto de Resolução n. 213/2013.;;;2013-08-28T18:02:00;https://www.camara.leg.br/proposicoesWeb/prop_mostrarintegra?codteor=1122804;2013-09-12T09:00:00;Aprovação de Proposição em Plenário;Tramitação Finalizada;Indefinida;
589357;74813.0;Ronaldo Caiado;DEM;GO;13;0;2013;RONALDO CAIADO;REQ;8430;2013;Requerimento de Transformação de Sessão Plenária em Comissão Geral;Requeremos, nos termos do artigo 91, I, do Regimento Interno, que V. Exa. transforme  uma sessão ordinária da Câmara dos Deputados, em Comissão Geral para que este Parlamento debata sobre o Código de Processo Civil.;;;2013-08-27T17:51:00;https://www.camara.leg.br/proposicoesWeb/prop_mostrarintegra?codteor=1122043;2013-09-19T00:00:00;Não Informado;Tramitação Finalizada;Indefinida;
589031;74813.0;Ronaldo Caiado;DEM;GO;1;1;2013;RONALDO CAIADO;REQ;8422;2013;Requerimento de Retirada de Proposição de Iniciativa Individual;Requer retirada de tramitação.;;;2013-08-26T17:12:00;https://www.camara.leg.br/proposicoesWeb/prop_mostrarintegra?codteor=1120570;2013-09-02T00:00:00;Publicação de Despacho;Arquivada;Indefinida;
588267;74813.0;Ronaldo Caiado;DEM;GO;1;1;2013;RONALDO CAIADO;EMC;75;2013;Emenda na Comissão;Dá nova redação à MPV 613/2013;;;2013-05-14T22:03:00;https://www.camara.leg.br/proposicoesWeb/prop_mostrarintegra?codteor=1118324;2013-05-14T22:03:00;Apresentação de Proposição;;Indefinida;https://www.camara.leg.br/proposicoesWeb/prop_mostrarintegra?codteor=1118324
588266;74813.0;Ronaldo Caiado;DEM;GO;1;1;2013;RONALDO CAIADO;EMC;74;2013;Emenda na Comissão;Dá nova redação à MPV 613/2013;;;2013-05-14T22:03:00;https://www.camara.leg.br/proposicoesWeb/prop_mostrarintegra?codteor=1118323;2013-05-14T22:03:00;Apresentação de Proposição;;Indefinida;https://www.camara.leg.br/proposicoesWeb/prop_mostrarintegra?codteor=1118323
588265;74813.0;Ronaldo Caiado;DEM;GO;1;1;2013;RONALDO CAIADO;EMC;73;2013;Emenda na Comissão;Dá nova redação à MPV 613/2013;;;2013-05-14T22:03:00;https://www.camara.leg.br/proposicoesWeb/prop_mostrarintegra?codteor=1118322;2013-05-14T22:03:00;Apresentação de Proposição;;Indefinida;https://www.camara.leg.br/proposicoesWeb/prop_mostrarintegra?codteor=1118322
588264;74813.0;Ronaldo Caiado;DEM;GO;1;1;2013;RONALDO CAIADO;EMC;72;2013;Emenda na Comissão;Dá nova redação à MPV 613/2013;;;2013-05-14T22:03:00;https://www.camara.leg.br/proposicoesWeb/prop_mostrarintegra?codteor=1118321;2013-05-14T22:03:00;Apresentação de Proposição;;Indefinida;https://www.camara.leg.br/proposicoesWeb/prop_mostrarintegra?codteor=1118321
588263;74813.0;Ronaldo Caiado;DEM;GO;1;1;2013;RONALDO CAIADO;EMC;71;2013;Emenda na Comissão;Dá nova redação à MPV 613/2013;;;2013-05-14T22:03:00;https://www.camara.leg.br/proposicoesWeb/prop_mostrarintegra?codteor=1118320;2013-05-14T22:03:00;Apresentação de Proposição;;Indefinida;https://www.camara.leg.br/proposicoesWeb/prop_mostrarintegra?codteor=1118320
588262;74813.0;Ronaldo Caiado;DEM;GO;1;1;2013;RONALDO CAIADO;EMC;70;2013;Emenda na Comissão;Dá nova redação à MPV 613/2013;;;2013-05-14T22:03:00;https://www.camara.leg.br/proposicoesWeb/prop_mostrarintegra?codteor=1118319;2013-05-14T22:03:00;Apresentação de Proposição;;Indefinida;https://www.camara.leg.br/proposicoesWeb/prop_mostrarintegra?codteor=1118319
586954;74813.0;Ronaldo Caiado;DEM;GO;13;0;2013;RONALDO CAIADO;REQ;8342;2013;Requerimento de Urgência (Art. 155 do RICD);Requer regime de urgência para apreciação do PL 2202/2011.;;;2013-08-13T22:54:00;https://www.camara.leg.br/proposicoesWeb/prop_mostrarintegra?codteor=1115402;2015-02-03T00:00:00;Publicação de Despacho;Tramitação Finalizada;Indefinida;
586949;74813.0;Ronaldo Caiado;DEM;GO;11;1;2013;RONALDO CAIADO;REQ;8339;2013;Requerimento de Urgência (Art. 155 do RICD);"Requer regime de urgência para a apreciação do Projeto de Lei nº 5.943, de 2013, que ""dispõe sobre o exercício da profissão de motorista, altera a Consolidação das Leis do Trabalho (CLT) no que se refere ao empregado, e a Lei n° 9.503, de 23 de setembro de 1997 (Código de Trânsito brasileiro) bem como a Lei nº 11.442 de 5 de janeiro de 2007 (Empresas e transportadores autônomos de carga), para regular e disciplinar a jornada de trabalho e o tempo de direção do motorista profissional, e dá outras providências.""";;;2013-08-13T21:01:00;https://www.camara.leg.br/proposicoesWeb/prop_mostrarintegra?codteor=1115396;2014-04-22T00:00:00;Aprovação de Proposição em Plenário;Arquivada;Indefinida;
586756;74813.0;Ronaldo Caiado;DEM;GO;1;1;2013;RONALDO CAIADO;REQ;8329;2013;Requerimento de Transformação de Sessão Plenária em Comissão Geral;"Requer a realização de Comissão Geral para discutir o programa ""Mais Médicos"" constante da Medida Provisória 621 de 2013.";;;2013-08-13T13:11:00;https://www.camara.leg.br/proposicoesWeb/prop_mostrarintegra?codteor=1115011;2013-09-04T00:00:00;Não Informado;Tramitação Finalizada;Indefinida;
585907;74813.0;Ronaldo Caiado;DEM;GO;11;0;2013;RONALDO CAIADO;REQ;8288;2013;Requerimento de Urgência (Art. 155 do RICD);"Requer, nos termos do art. 155 do Regimento Interno da Câmara dos Deputados, urgência urgentíssima para apreciação do PLP 295/2013, que ""acrescenta inciso VII ao § 5º-C do art. 18 da Lei Complementar nº 123, de 14 de dezembro de 2006, para permitir a opção pelo Simples Nacional às microempresas e empresas de pequeno porte prestadoras de serviços advocatícios na forma do Anexo IV da referida Lei Complementar.""";;;2013-08-06T16:03:00;https://www.camara.leg.br/proposicoesWeb/prop_mostrarintegra?codteor=1112713;2013-08-06T16:03:00;Apresentação de Proposição;Pronta para Pauta;Indefinida;https://www.camara.leg.br/proposicoesWeb/prop_mostrarintegra?codteor=1112713
585824;74813.0;Ronaldo Caiado;DEM;GO;14;0;2013;RONALDO CAIADO;REQ;8281;2013;Requerimento de Urgência (Art. 155 do RICD);Requer urgência na apreciação do PRC 209/2013.;;;2013-08-06T13:06:00;https://www.camara.leg.br/proposicoesWeb/prop_mostrarintegra?codteor=1112545;2013-08-06T13:06:00;Apresentação de Proposição;Pronta para Pauta;Indefinida;https://www.camara.leg.br/proposicoesWeb/prop_mostrarintegra?codteor=1112545
585183;74813.0;Ronaldo Caiado;DEM;GO;10;0;2013;RONALDO CAIADO;REQ;8240;2013;Requerimento de Urgência (Art. 155 do RICD);Com base no art. 155 do Regimento Interno, requeremos regime de urgência para a apreciação do PRC 208/2013.;;;2013-07-16T17:39:00;https://www.camara.leg.br/proposicoesWeb/prop_mostrarintegra?codteor=1110248;2013-07-16T00:00:00;Aprovação de Proposição em Plenário;Tramitação Finalizada;Indefinida;https://www.camara.leg.br/proposicoesWeb/prop_mostrarintegra?codteor=1144858
584977;74813.0;Ronaldo Caiado;DEM;GO;1;1;2013;RONALDO CAIADO;REC;218;2013;Recurso contra decisão do Presidente da CD em Questao de Ordem (Art. 95, § 8º, RICD);Recorre, com base no art. 95, § 8º do RICD, da decisão do Presidente na Questão de Ordem 341/13;;;2013-07-11T18:25:00;https://www.camara.leg.br/proposicoesWeb/prop_mostrarintegra?codteor=1109225;2015-09-24T00:00:00;Devolução à CCP;Arquivada;Proposição Sujeita à Apreciação do Plenário;
584248;74813.0;Ronaldo Caiado;DEM;GO;1;1;2013;RONALDO CAIADO;REQ;8190;2013;Requerimento de Urgência (Art. 155 do RICD);Requer urgência, nos termos do art. 155, do Regimento Interno da Câmara dos Deputados, para apreciação do PL 326/2011, que institui a obrigatoriedade de prestação de serviços sociais profissionais por tempo determinado para os recém-graduados das instituições públicas de educação superior mantidas pela União e altera o art. 44 da Lei nº 9.394, de 20 de dezembro de 1996.;;;2013-07-09T18:16:00;https://www.camara.leg.br/proposicoesWeb/prop_mostrarintegra?codteor=1107830;2013-07-09T00:00:00;Aprovação de Proposição em Plenário;Tramitação Finalizada;Indefinida;https://www.camara.leg.br/proposicoesWeb/prop_mostrarintegra?codteor=1142787
584124;74813.0;Ronaldo Caiado;DEM;GO;15;0;2013;RONALDO CAIADO;REQ;8184;2013;Requerimento de Urgência (Art. 155 do RICD);Requerimento de urgência PL 4356/2012.;;;2013-07-09T15:24:00;https://www.camara.leg.br/proposicoesWeb/prop_mostrarintegra?codteor=1107631;2013-07-11T00:00:00;Prejudicado;Arquivada;Indefinida;
584073;74813.0;Ronaldo Caiado;DEM;GO;9;0;2013;RONALDO CAIADO;REQ;8180;2013;Requerimento de Urgência (Art. 155 do RICD);Requer regime de urgência para apreciação de proposição.;;;2013-07-09T14:46:00;https://www.camara.leg.br/proposicoesWeb/prop_mostrarintegra?codteor=1107576;2013-07-10T00:00:00;Prejudicado;Tramitação Finalizada;Indefinida;
584055;74813.0;Ronaldo Caiado;DEM;GO;16;0;2013;RONALDO CAIADO;REQ;8179;2013;Requerimento de Urgência (Art. 155 do RICD);Requer urgência na apreciação do Projeto de Lei nº 2.791, de 2011.;;;2013-07-09T13:43:00;https://www.camara.leg.br/proposicoesWeb/prop_mostrarintegra?codteor=1107553;2013-07-09T00:00:00;Aprovação de Proposição em Plenário;Tramitação Finalizada;Indefinida;https://www.camara.leg.br/proposicoesWeb/prop_mostrarintegra?codteor=1142061
584054;74813.0;Ronaldo Caiado;DEM;GO;13;0;2013;RONALDO CAIADO;REQ;8178;2013;Requerimento de Urgência (Art. 155 do RICD);Com base no art. 155 do Regimento Interno, requeremos regime de urgência para a apreciação do PL 5901/2013.;;;2013-07-09T13:40:00;https://www.camara.leg.br/proposicoesWeb/prop_mostrarintegra?codteor=1107556;2013-07-09T14:00:00;Não Informado;Tramitação Finalizada;Indefinida;
584053;74813.0;Ronaldo Caiado;DEM;GO;12;0;2013;RONALDO CAIADO;REQ;8177;2013;Requerimento de Urgência (Art. 155 do RICD);Com base no art. 155 do Regimento Interno, requeremos regime de urgência para a apreciação do PL 323-F/2007.;;;2013-07-09T13:39:00;https://www.camara.leg.br/proposicoesWeb/prop_mostrarintegra?codteor=1107552;2013-07-09T00:00:00;Aprovação de Proposição em Plenário;Tramitação Finalizada;Indefinida;https://www.camara.leg.br/proposicoesWeb/prop_mostrarintegra?codteor=1141709
583508;74813.0;Ronaldo Caiado;DEM;GO;1;1;2013;RONALDO CAIADO;EMP;205;2013;Emenda de Plenário;Emenda ao PL 5807/13, que dispõe sobre a atividade de mineração, cria o Conselho Nacional de Política Mineral e a Agência Nacional de Mineração - ANM, e dá outras providências.;;;2013-07-03T19:26:00;https://www.camara.leg.br/proposicoesWeb/prop_mostrarintegra?codteor=1105973;2013-07-03T19:26:00;Apresentação de Proposição;;Indefinida;https://www.camara.leg.br/proposicoesWeb/prop_mostrarintegra?codteor=1105973
583507;74813.0;Ronaldo Caiado;DEM;GO;1;1;2013;RONALDO CAIADO;EMP;204;2013;Emenda de Plenário;Emenda ao PL 5807/13, que dispõe sobre a atividade de mineração, cria o Conselho Nacional de Política Mineral e a Agência Nacional de Mineração - ANM, e dá outras providências.;;;2013-07-03T19:24:00;https://www.camara.leg.br/proposicoesWeb/prop_mostrarintegra?codteor=1105972;2013-07-03T19:24:00;Apresentação de Proposição;;Indefinida;https://www.camara.leg.br/proposicoesWeb/prop_mostrarintegra?codteor=1105972
583506;74813.0;Ronaldo Caiado;DEM;GO;1;1;2013;RONALDO CAIADO;EMP;203;2013;Emenda de Plenário;Emenda ao PL 5807/13, que dispõe sobre a atividade de mineração, cria o Conselho Nacional de Política Mineral e a Agência Nacional de Mineração - ANM, e dá outras providências.;;;2013-07-03T19:24:00;https://www.camara.leg.br/proposicoesWeb/prop_mostrarintegra?codteor=1105971;2013-07-03T19:24:00;Apresentação de Proposição;;Indefinida;https://www.camara.leg.br/proposicoesWeb/prop_mostrarintegra?codteor=1105971
583505;74813.0;Ronaldo Caiado;DEM;GO;1;1;2013;RONALDO CAIADO;EMP;202;2013;Emenda de Plenário;Emenda ao PL 5807/13, que dispõe sobre a atividade de mineração, cria o Conselho Nacional de Política Mineral e a Agência Nacional de Mineração - ANM, e dá outras providências.;;;2013-07-03T19:23:00;https://www.camara.leg.br/proposicoesWeb/prop_mostrarintegra?codteor=1105970;2013-07-03T19:23:00;Apresentação de Proposição;;Indefinida;https://www.camara.leg.br/proposicoesWeb/prop_mostrarintegra?codteor=1105970
583504;74813.0;Ronaldo Caiado;DEM;GO;1;1;2013;RONALDO CAIADO;EMP;201;2013;Emenda de Plenário;Emenda ao PL 5807/13, que dispõe sobre a atividade de mineração, cria o Conselho Nacional de Política Mineral e a Agência Nacional de Mineração - ANM, e dá outras providências.;;;2013-07-03T19:22:00;https://www.camara.leg.br/proposicoesWeb/prop_mostrarintegra?codteor=1105969;2013-07-03T19:22:00;Apresentação de Proposição;;Indefinida;https://www.camara.leg.br/proposicoesWeb/prop_mostrarintegra?codteor=1105969
583503;74813.0;Ronaldo Caiado;DEM;GO;1;1;2013;RONALDO CAIADO;EMP;200;2013;Emenda de Plenário;Emenda ao PL 5807/13, que dispõe sobre a atividade de mineração, cria o Conselho Nacional de Política Mineral e a Agência Nacional de Mineração - ANM, e dá outras providências.;;;2013-07-03T19:22:00;https://www.camara.leg.br/proposicoesWeb/prop_mostrarintegra?codteor=1105968;2013-07-03T19:22:00;Apresentação de Proposição;;Indefinida;https://www.camara.leg.br/proposicoesWeb/prop_mostrarintegra?codteor=1105968
583502;74813.0;Ronaldo Caiado;DEM;GO;1;1;2013;RONALDO CAIADO;EMP;199;2013;Emenda de Plenário;Emenda ao PL 5807/13, que dispõe sobre a atividade de mineração, cria o Conselho Nacional de Política Mineral e a Agência Nacional de Mineração - ANM, e dá outras providências.;;;2013-07-03T19:21:00;https://www.camara.leg.br/proposicoesWeb/prop_mostrarintegra?codteor=1105967;2013-07-03T19:21:00;Apresentação de Proposição;;Indefinida;https://www.camara.leg.br/proposicoesWeb/prop_mostrarintegra?codteor=1105967
583408;74813.0;Ronaldo Caiado;DEM;GO;8;0;2013;RONALDO CAIADO;REQ;8139;2013;Requerimento de Urgência (Art. 155 do RICD);Requer regime de urgência para apreciação de proposição.;;;2013-07-03T18:11:00;https://www.camara.leg.br/proposicoesWeb/prop_mostrarintegra?codteor=1105925;2013-07-10T00:00:00;Aprovação de Proposição em Plenário;Tramitação Finalizada;Indefinida;https://www.camara.leg.br/proposicoesWeb/prop_mostrarintegra?codteor=1138747
582804;74813.0;Ronaldo Caiado;DEM;GO;16;0;2013;RONALDO CAIADO;REQ;8118;2013;Requerimento de Urgência (Art. 155 do RICD);Requeremos a Vossa Excelência, nos termos do artigo 155 do Regimento Interno da Câmara dos Deputados, a urgência para inclusão na Ordem do Dia do Projeto de Lei nº 3.546, de 2012, que modifica a Lei nº 12.587, de 3 de janeiro de 2012, para garantir acesso público a dados e informações empregados em análise de revisão de tarifa de remuneração de serviço de transporte público coletivo.;;;2013-07-02T21:43:00;https://www.camara.leg.br/proposicoesWeb/prop_mostrarintegra?codteor=1104983;2015-01-28T00:00:00;Arquivamento;Arquivada;Indefinida;https://www.camara.leg.br/proposicoesWeb/prop_mostrarintegra?codteor=1296448
582789;74813.0;Ronaldo Caiado;DEM;GO;1;1;2013;RONALDO CAIADO;EMP;55;2013;Emenda de Plenário;Emenda ao PL 5807/13, que dispõe sobre a atividade de mineração, cria o Conselho Nacional de Política Mineral e a Agência Nacional de Mineração - ANM, e dá outras providências.;;;2013-07-02T20:34:00;https://www.camara.leg.br/proposicoesWeb/prop_mostrarintegra?codteor=1104957;2013-07-02T20:34:00;Apresentação de Proposição;;Indefinida;https://www.camara.leg.br/proposicoesWeb/prop_mostrarintegra?codteor=1104957
582788;74813.0;Ronaldo Caiado;DEM;GO;1;1;2013;RONALDO CAIADO;EMP;54;2013;Emenda de Plenário;Emenda ao PL 5807/13, que dispõe sobre a atividade de mineração, cria o Conselho Nacional de Política Mineral e a Agência Nacional de Mineração - ANM, e dá outras providências.;;;2013-07-02T20:33:00;https://www.camara.leg.br/proposicoesWeb/prop_mostrarintegra?codteor=1104956;2013-07-02T20:33:00;Apresentação de Proposição;;Indefinida;https://www.camara.leg.br/proposicoesWeb/prop_mostrarintegra?codteor=1104956
582787;74813.0;Ronaldo Caiado;DEM;GO;1;1;2013;RONALDO CAIADO;EMP;53;2013;Emenda de Plenário;Emenda ao PL 5807/13, que dispõe sobre a atividade de mineração, cria o Conselho Nacional de Política Mineral e a Agência Nacional de Mineração - ANM, e dá outras providências.;;;2013-07-02T20:33:00;https://www.camara.leg.br/proposicoesWeb/prop_mostrarintegra?codteor=1104955;2013-07-02T20:33:00;Apresentação de Proposição;;Indefinida;https://www.camara.leg.br/proposicoesWeb/prop_mostrarintegra?codteor=1104955
582763;74813.0;Ronaldo Caiado;DEM;GO;9;0;2013;RONALDO CAIADO;REQ;8115;2013;Requerimento de Urgência (Art. 155 do RICD);Com base no art. 155 do Regimento Interno, requeremos regime de urgência na apreciação do PLP 201/2012, que dispõe sobre a aposentadoria especial dos garçons;;;2013-07-02T19:39:00;https://www.camara.leg.br/proposicoesWeb/prop_mostrarintegra?codteor=1104892;2013-07-03T00:00:00;Aprovação de Proposição em Plenário;Tramitação Finalizada;Indefinida;https://www.camara.leg.br/proposicoesWeb/prop_mostrarintegra?codteor=1129796
582714;74813.0;Ronaldo Caiado;DEM;GO;2;1;2013;RONALDO CAIADO;EMP;1;2013;Emenda de Plenário;Institui a indenização devida a ocupante de cargo efetivo das carreiras e planos de cargos que especifica, em exercício nas unidades situadas em localidades estratégicas vinculadas à prevenção, controle, fiscalização e repressão dos delitos transfronteiriços.;;;2013-07-02T19:02:00;https://www.camara.leg.br/proposicoesWeb/prop_mostrarintegra?codteor=1104828;2013-07-02T19:02:00;Apresentação de Proposição;;Indefinida;https://www.camara.leg.br/proposicoesWeb/prop_mostrarintegra?codteor=1104828
582658;74813.0;Ronaldo Caiado;DEM;GO;7;0;2013;RONALDO CAIADO;REQ;8099;2013;Requerimento de Urgência (Art. 155 do RICD);Requeremos nos termos do artigo 155 do Regimento Interno da Câmara dos  Deputados, urgência para apreciação do Projeto de Lei Complementar nº 227 de  2012, que regulamenta o § 6º do art. 231, da Constituição Federal de 1988 definindo os bens de relevante interesse público da  União  para fins de demarcação de Terras Indígenas.;;;2013-07-02T17:58:00;https://www.camara.leg.br/proposicoesWeb/prop_mostrarintegra?codteor=1104749;2013-08-26T00:00:00;Notificação de Despacho;Tramitação Finalizada;Indefinida;
582647;74813.0;Ronaldo Caiado;DEM;GO;16;0;2013;RONALDO CAIADO;REQ;8097;2013;Requerimento de Urgência (Art. 155 do RICD);Requerimento de urgência para apreciação do Projeto de Lei nº 2020, de 2007, que Dispõe sobre normas gerais de segurança em casas de espetáculos e similares.;;;2013-07-02T17:33:00;https://www.camara.leg.br/proposicoesWeb/prop_mostrarintegra?codteor=1104717;2013-07-02T00:00:00;Aprovação de Proposição em Plenário;Tramitação Finalizada;Indefinida;https://www.camara.leg.br/proposicoesWeb/prop_mostrarintegra?codteor=1136018
582616;74813.0;Ronaldo Caiado;DEM;GO;10;0;2013;RONALDO CAIADO;REQ;8093;2013;Requerimento de Urgência (Art. 155 do RICD);Requeremos, nos termos do art. 155 do Regimento Interno da Câmara dos Deputados, urgência para apreciação do Projeto de Decreto Legislativo nº 234/2011.;;;2013-07-02T16:49:00;https://www.camara.leg.br/proposicoesWeb/prop_mostrarintegra?codteor=1104634;2013-07-02T00:00:00;Prejudicado;Arquivada;Indefinida;https://www.camara.leg.br/proposicoesWeb/prop_mostrarintegra?codteor=1136013
582526;74813.0;Ronaldo Caiado;DEM;GO;1;1;2013;RONALDO CAIADO;PLP;290;2013;Projeto de Lei Complementar;Altera o art. 15 e acrescenta art. 15-A à Lei Complementar nº 101, de 4 de maio de 2000, para estabelecer limite ao aumento das Despesas de Custeio.;;Alteração, Lei de Responsabilidade Fiscal, limitação, aumento, despesa de custeio, Poder Executivo, Poder Legislativo, Poder Judiciário, Ministério Público Federal, variação, Indice Nacionaol de Preços ao Consumidor Amplo (IPCA), acréscimo, valor, Produto Interno Bruto (PIB).;2013-07-02T11:51:44;https://www.camara.leg.br/proposicoesWeb/prop_mostrarintegra?codteor=1104412;2015-01-31T00:00:00;Arquivamento;Arquivada;Proposição Sujeita à Apreciação do Plenário;
582473;74813.0;Ronaldo Caiado;DEM;GO;1;1;2013;RONALDO CAIADO;REQ;8084;2013;Requerimento de Constituição de Comissão Especial de PEC;Solicita a constituição de Comissão Especial para dar parecer a PEC 90 de 2011.;;;2013-07-01T16:09:00;https://www.camara.leg.br/proposicoesWeb/prop_mostrarintegra?codteor=1104215;2013-07-01T16:09:00;Apresentação de Proposição;Arquivada;Indefinida;https://www.camara.leg.br/proposicoesWeb/prop_mostrarintegra?codteor=1104215
582185;74813.0;Ronaldo Caiado;DEM;GO;1;1;2013;RONALDO CAIADO;EMP;35;2013;Emenda de Plenário;Dispõe sobre a destinação de recursos para a educação com a finalidade de cumprimento da meta prevista no inciso VI do caput do art. 214 da Constituição, e dá outras providências.;;;2013-06-26T11:13:00;https://www.camara.leg.br/proposicoesWeb/prop_mostrarintegra?codteor=1103309;2013-06-26T11:13:00;Apresentação de Proposição;;Indefinida;https://www.camara.leg.br/proposicoesWeb/prop_mostrarintegra?codteor=1103309
582184;74813.0;Ronaldo Caiado;DEM;GO;1;1;2013;RONALDO CAIADO;EMP;34;2013;Emenda de Plenário;Dispõe sobre a destinação de recursos para a educação com a finalidade de cumprimento da meta prevista no inciso VI do caput do art. 214 da Constituição, e dá outras providências.;;;2013-06-26T11:13:00;https://www.camara.leg.br/proposicoesWeb/prop_mostrarintegra?codteor=1103308;2013-06-26T11:13:00;Apresentação de Proposição;;Indefinida;https://www.camara.leg.br/proposicoesWeb/prop_mostrarintegra?codteor=1103308
582149;74813.0;Ronaldo Caiado;DEM;GO;1;1;2013;RONALDO CAIADO;EMP;2;2013;Emenda de Plenário;Acrescenta-se ao PLP 288 de 2013 novo artigo.;;;2013-06-26T10:19:00;https://www.camara.leg.br/proposicoesWeb/prop_mostrarintegra?codteor=1103262;2013-06-26T10:19:00;Apresentação de Proposição;;Indefinida;https://www.camara.leg.br/proposicoesWeb/prop_mostrarintegra?codteor=1103262
582148;74813.0;Ronaldo Caiado;DEM;GO;1;1;2013;RONALDO CAIADO;EMP;1;2013;Emenda de Plenário;Acrescenta-se ao PLP 288 de 2013 novo artigo.;;;2013-06-26T10:19:00;https://www.camara.leg.br/proposicoesWeb/prop_mostrarintegra?codteor=1103260;2013-06-26T10:19:00;Apresentação de Proposição;;Indefinida;https://www.camara.leg.br/proposicoesWeb/prop_mostrarintegra?codteor=1103260
581930;74813.0;Ronaldo Caiado;DEM;GO;13;0;2013;RONALDO CAIADO;REQ;8036;2013;Requerimento de Urgência (Art. 155 do RICD);Requer, com base no art. 155 do Regimento Interno, regime de urgência para a apreciação do PLP 123/2012.;;;2013-06-25T13:59:00;https://www.camara.leg.br/proposicoesWeb/prop_mostrarintegra?codteor=1102727;2013-06-25T13:59:00;Apresentação de Proposição;Pronta para Pauta;Indefinida;https://www.camara.leg.br/proposicoesWeb/prop_mostrarintegra?codteor=1102727
581928;74813.0;Ronaldo Caiado;DEM;GO;13;0;2013;RONALDO CAIADO;REQ;8035;2013;Requerimento de Urgência (Art. 155 do RICD);Com base no art. 155 do Regimento Interno, requeremos regime de urgência na apreciação do PLP 288/2013, que dispõe sobre os critérios de rateio do Fundo de Participação dos Estados e do Distrito Federal (FPE).;;;2013-06-25T13:57:00;https://www.camara.leg.br/proposicoesWeb/prop_mostrarintegra?codteor=1102725;2013-06-25T00:00:00;Aprovação de Proposição em Plenário;Tramitação Finalizada;Indefinida;https://www.camara.leg.br/proposicoesWeb/prop_mostrarintegra?codteor=1127068
581926;74813.0;Ronaldo Caiado;DEM;GO;11;0;2013;RONALDO CAIADO;REQ;8034;2013;Requerimento de Urgência (Art. 155 do RICD);Requer a urgência para a apreciação do PL 5776 de 2013 que dispõe sobre a investigação criminal e dá outras providências;;;2013-06-25T13:51:00;https://www.camara.leg.br/proposicoesWeb/prop_mostrarintegra?codteor=1102723;2013-06-25T13:51:00;Apresentação de Proposição;Pronta para Pauta;Indefinida;https://www.camara.leg.br/proposicoesWeb/prop_mostrarintegra?codteor=1102723
581647;74813.0;Ronaldo Caiado;DEM;GO;15;0;2013;RONALDO CAIADO;REQ;8022;2013;Requerimento de Urgência (Art. 155 do RICD);"Requeremos a Vossa Excelência, nos termos do art. 155 do Regimento Interno da Câmara dos Deputados, urgência para apreciação do PL nº 7.977/2010, que ""Altera dispositivos da Lei n.º 7.210, de 11 de julho de 1984 - Lei de Execução Penal""";;;2013-06-19T13:33:00;https://www.camara.leg.br/proposicoesWeb/prop_mostrarintegra?codteor=1101700;2013-06-19T13:33:00;Apresentação de Proposição;Pronta para Pauta;Indefinida;https://www.camara.leg.br/proposicoesWeb/prop_mostrarintegra?codteor=1101700
580994;74813.0;Ronaldo Caiado;DEM;GO;1;1;2013;RONALDO CAIADO;RLP;1;0;Relatório Prévio;Relatório Prévio, Dep. Ronaldo Caiado (DEM-GO), pela implementação.;;;2013-06-13T11:16:00;https://www.camara.leg.br/proposicoesWeb/prop_mostrarintegra?codteor=1099770;2013-06-13T11:16:00;Análise Parecer;;Indefinida;https://www.camara.leg.br/proposicoesWeb/prop_mostrarintegra?codteor=1099770
580582;74813.0;Ronaldo Caiado;DEM;GO;1;1;2013;RONALDO CAIADO;EMC;13;2013;Emenda na Comissão;Dá nova redação à MPV 608/2013;;;2013-03-06T20:43:00;https://www.camara.leg.br/proposicoesWeb/prop_mostrarintegra?codteor=1098779;2013-03-06T20:43:00;Apresentação de Proposição;;Indefinida;https://www.camara.leg.br/proposicoesWeb/prop_mostrarintegra?codteor=1098779
580581;74813.0;Ronaldo Caiado;DEM;GO;1;1;2013;RONALDO CAIADO;EMC;12;2013;Emenda na Comissão;Dá nova redação à MPV 608/2013;;;2013-03-06T20:43:00;https://www.camara.leg.br/proposicoesWeb/prop_mostrarintegra?codteor=1098778;2013-03-06T20:43:00;Apresentação de Proposição;;Indefinida;https://www.camara.leg.br/proposicoesWeb/prop_mostrarintegra?codteor=1098778
580538;74813.0;Ronaldo Caiado;DEM;GO;12;0;2013;RONALDO CAIADO;REQ;7951;2013;Requerimento de Urgência (Art. 155 do RICD);Requer regime de urgência para apreciação de proposição.;;;2013-06-11T20:05:00;https://www.camara.leg.br/proposicoesWeb/prop_mostrarintegra?codteor=1098710;2013-06-13T00:00:00;Aprovação de Proposição em Plenário;Tramitação Finalizada;Indefinida;https://www.camara.leg.br/proposicoesWeb/prop_mostrarintegra?codteor=1126331
580485;74813.0;Ronaldo Caiado;DEM;GO;7;0;2013;RONALDO CAIADO;REQ;3;2013;Requerimento;"Requer a realização de  Seminários  para subsidiar a Relatoria da PEC nº454-A, a serem realizados nos seguintes Estados da Federação -Amazonas; Bahia;Ceará;Maranhão;Rio Grande do Norte;Pernambuco;São Paulo;Minas Gerais;Goiás Mato Grosso do Sul; Santa Catarina e Rio Grande do Sul.";;;2013-06-11T18:05:00;https://www.camara.leg.br/proposicoesWeb/prop_mostrarintegra?codteor=1098625;2013-06-12T15:00:00;Aprovação de Proposição Interna;Arquivada;Indefinida;
580468;74813.0;Ronaldo Caiado;DEM;GO;7;0;2013;RONALDO CAIADO;REQ;1;2013;Requerimento;Requer a realização de Seminários Regionais nas cinco regiões do país, para debater a criação da Carreira Única de Médico de Estado, tendo como sugestões de sedes respectivamente as capitais: Manaus, Fortaleza, Porto Alegre, São Paulo e Campo Grande.;;;2013-06-11T17:13:00;https://www.camara.leg.br/proposicoesWeb/prop_mostrarintegra?codteor=1098568;2013-06-12T15:00:00;Aprovação de Proposição Interna;Arquivada;Indefinida;
580334;74813.0;Ronaldo Caiado;DEM;GO;7;0;2013;RONALDO CAIADO;REQ;7939;2013;Requerimento de Urgência (Art. 155 do RICD);Com base no art. 155 do Regimento Interno, requeremos regime de urgência para a apreciação do PL 5735/2013.;;;2013-06-11T12:52:00;https://www.camara.leg.br/proposicoesWeb/prop_mostrarintegra?codteor=1098327;2013-07-09T00:00:00;Aprovação de Proposição em Plenário;Tramitação Finalizada;Indefinida;https://www.camara.leg.br/proposicoesWeb/prop_mostrarintegra?codteor=1140899
579809;74813.0;Ronaldo Caiado;DEM;GO;1;1;2013;RONALDO CAIADO;EMC;95;2013;Emenda na Comissão;Dá nova redação à MPV 609/2013;;;2013-03-14T19:09:00;https://www.camara.leg.br/proposicoesWeb/prop_mostrarintegra?codteor=1096810;2013-03-14T19:09:00;Apresentação de Proposição;;Indefinida;https://www.camara.leg.br/proposicoesWeb/prop_mostrarintegra?codteor=1096810
579808;74813.0;Ronaldo Caiado;DEM;GO;1;1;2013;RONALDO CAIADO;EMC;94;2013;Emenda na Comissão;Dá nova redação à MPV 609/2013;;;2013-03-14T19:09:00;https://www.camara.leg.br/proposicoesWeb/prop_mostrarintegra?codteor=1096809;2013-03-14T19:09:00;Apresentação de Proposição;;Indefinida;https://www.camara.leg.br/proposicoesWeb/prop_mostrarintegra?codteor=1096809
579678;74813.0;Ronaldo Caiado;DEM;GO;16;0;2013;RONALDO CAIADO;EMC;17;2013;Emenda na Comissão;Incluam-se os §§ 2º-A, 2º-B, 2º-C e 4º-A ao art. 165 da Constituição Federal, tornando obrigatória a execução de emendas parlamentares individuais.;;;2013-06-05T17:54:00;https://www.camara.leg.br/proposicoesWeb/prop_mostrarintegra?codteor=1096642;2013-06-05T17:54:00;Apresentação de Proposição;;Indefinida;https://www.camara.leg.br/proposicoesWeb/prop_mostrarintegra?codteor=1096642
579661;74813.0;Ronaldo Caiado;DEM;GO;16;0;2013;RONALDO CAIADO;EMC;16;2013;Emenda na Comissão;Altera os arts. 57, 165, 166, e acrescenta art. 165-A, todos da Constituição Federal, tornando de execução obrigatória a programação constante da lei orçamentária anual.;;;2013-06-05T17:34:00;https://www.camara.leg.br/proposicoesWeb/prop_mostrarintegra?codteor=1096597;2013-06-05T17:34:00;Apresentação de Proposição;;Indefinida;https://www.camara.leg.br/proposicoesWeb/prop_mostrarintegra?codteor=1096597
579616;74813.0;Ronaldo Caiado;DEM;GO;1;1;2013;RONALDO CAIADO;EMC;15;2013;Emenda na Comissão;Acrescenta Art. 167-A à CF para disciplinar a  execução de dotações orçamentárias decorrentes de emendas de autoria de membros do Congresso Nacional;;;2013-06-05T16:52:00;https://www.camara.leg.br/proposicoesWeb/prop_mostrarintegra?codteor=1096429;2013-06-05T16:52:00;Apresentação de Proposição;;Indefinida;https://www.camara.leg.br/proposicoesWeb/prop_mostrarintegra?codteor=1096429
579329;74813.0;Ronaldo Caiado;DEM;GO;2;1;2013;RONALDO CAIADO;EMP;30;2013;Emenda de Plenário;Dá nova redação aos itens 2 e 3 da alínea b do inciso I do art. 7º do Substitutivo ao Projeto de Lei Complementar nº 416/2008.;;;2013-06-04T22:08:00;https://www.camara.leg.br/proposicoesWeb/prop_mostrarintegra?codteor=1095819;2013-06-04T22:08:00;Apresentação de Proposição;;Indefinida;https://www.camara.leg.br/proposicoesWeb/prop_mostrarintegra?codteor=1095819
579323;74813.0;Ronaldo Caiado;DEM;GO;6;1;2013;RONALDO CAIADO;EMP;25;2013;Emenda de Plenário;Acresce item iv à alínea b do inciso I do art. 7º do Substitutivo ao Projeto de Lei Complementar nº 416/2008.;;;2013-06-04T21:59:00;https://www.camara.leg.br/proposicoesWeb/prop_mostrarintegra?codteor=1095812;2013-06-04T21:59:00;Apresentação de Proposição;;Indefinida;https://www.camara.leg.br/proposicoesWeb/prop_mostrarintegra?codteor=1095812
579322;74813.0;Ronaldo Caiado;DEM;GO;1;1;2013;RONALDO CAIADO;EMP;24;2013;Emenda de Plenário;Dá nova redação ao inciso IV do art. 11 do Substitutivo ao Projeto de Lei Complementar nº 416/2008.;;;2013-06-04T21:57:00;https://www.camara.leg.br/proposicoesWeb/prop_mostrarintegra?codteor=1095811;2013-06-04T21:57:00;Apresentação de Proposição;;Indefinida;https://www.camara.leg.br/proposicoesWeb/prop_mostrarintegra?codteor=1095811
579301;74813.0;Ronaldo Caiado;DEM;GO;8;1;2013;RONALDO CAIADO;EMP;3;2013;Emenda de Plenário;Suprime o art. 7º do Substitutivo ao Projeto de Lei Complementar nº 416/2008.;;;2013-06-04T21:25:00;https://www.camara.leg.br/proposicoesWeb/prop_mostrarintegra?codteor=1095788;2013-06-04T21:25:00;Apresentação de Proposição;;Indefinida;https://www.camara.leg.br/proposicoesWeb/prop_mostrarintegra?codteor=1095788
579300;74813.0;Ronaldo Caiado;DEM;GO;6;1;2013;RONALDO CAIADO;EMP;2;2013;Emenda de Plenário;Inclui artigo ao projeto.;;;2013-06-04T21:23:00;https://www.camara.leg.br/proposicoesWeb/prop_mostrarintegra?codteor=1095787;2013-06-04T21:23:00;Apresentação de Proposição;;Indefinida;https://www.camara.leg.br/proposicoesWeb/prop_mostrarintegra?codteor=1095787
579198;74813.0;Ronaldo Caiado;DEM;GO;11;0;2013;RONALDO CAIADO;REQ;7896;2013;Requerimento de Urgência (Art. 155 do RICD);"Requer urgência urgentíssima para apreciação do Projeto de Lei Complementar nº 266, de 2013, que ""altera a Lei Complementar nº 62, de 28 de dezembro de 1989, a Lei nº 5.172, de 25 de outubro de 1966 (Código Tributário Nacional), e a Lei nº 8.443, de 16 de julho de 1992 (Lei Orgânica do Tribunal de Contas da União), para dispor sobre os critérios de rateio do Fundo de Participação dos Estados e do Distrito Federal (FPE); e revoga dispositivos da Lei nº 5.172, de 25 de outubro de 1966"".";;;2013-06-04T16:41:00;https://www.camara.leg.br/proposicoesWeb/prop_mostrarintegra?codteor=1095101;2013-06-12T14:00:00;Aprovação de Proposição em Plenário;Tramitação Finalizada;Indefinida;
579081;74813.0;Ronaldo Caiado;DEM;GO;1;1;2013;RONALDO CAIADO;PDC;913;2013;Projeto de Decreto Legislativo de Sustação de Atos Normativos do Poder Executivo;Susta o § 5º do art. 9º e o inciso III do § 2º do art. 10, ambos do Decreto nº 4.449, de 30 de outubro de 2002, com redação dada pelo Decreto nº 5.570, de 2005.;;Sustação, decreto federal, memorial descritivo, registro de imóveis, apresentação, requerimento, interessado, certificação, imóvel;2013-06-04T11:25:00;https://www.camara.leg.br/proposicoesWeb/prop_mostrarintegra?codteor=1094834;2015-09-15T00:00:00;Devolução à CCP;Arquivada;Proposição Sujeita à Apreciação do Plenário;
578554;74813.0;Ronaldo Caiado;DEM;GO;1;1;2013;RONALDO CAIADO;REQ;450;2013;Requerimento;Convida o Presidente da Caixa Econômica Federal , Sr. Jorge Fontes Hereda, para prestar esclarecimentos sobre a liberação dos benefícios do programa Bolsa Familia;;;2013-05-27T18:50:00;https://www.camara.leg.br/proposicoesWeb/prop_mostrarintegra?codteor=1093109;2013-07-18T00:00:00;Notificações;Arquivada;Indefinida;
578553;74813.0;Ronaldo Caiado;DEM;GO;1;1;2013;RONALDO CAIADO;REQ;449;2013;Requerimento de Convocação de Ministro de Estado na Comissão (art. 50, CF);Solicita a convocação dos Ministros da Fazenda e de Desenvolvimento Social e Combate à Fome, Sr. Guido Mantega e Sra. Tereza Campello, a fim de prestarem esclarecimentos sobre a liberação dos benefícios do programa Bolsa Família.;;;2013-05-27T18:50:00;https://www.camara.leg.br/proposicoesWeb/prop_mostrarintegra?codteor=1093107;2013-07-18T00:00:00;Notificações;Arquivada;Proposição Sujeita à Apreciação Conclusiva pelas Comissões(Art. 24, II, do RICD);
578549;74813.0;Ronaldo Caiado;DEM;GO;1;1;2013;RONALDO CAIADO;REQ;183;2013;Requerimento;Convida o Presidente da Caixa Econômica Federal , Sr. Jorge Fontes Hereda, para prestar esclarecimentos sobre a liberação dos benefícios do programa Bolsa Familia;;;2013-05-27T18:55:00;https://www.camara.leg.br/proposicoesWeb/prop_mostrarintegra?codteor=1093109;2013-12-20T00:00:00;Arquivamento;Arquivada;Indefinida;
578547;74813.0;Ronaldo Caiado;DEM;GO;1;1;2013;RONALDO CAIADO;REQ;182;2013;Requerimento;Solicita a convocação dos Ministros da Fazenda e de Desenvolvimento Social e Combate à Fome, Sr. Guido Mantega e Sra. Tereza Campello, a fim de prestarem esclarecimentos sobre a liberação dos benefícios do programa Bolsa Família.;;;2013-05-27T18:51:00;https://www.camara.leg.br/proposicoesWeb/prop_mostrarintegra?codteor=1093107;2014-03-14T00:00:00;Arquivamento;Arquivada;Indefinida;
578388;74813.0;Ronaldo Caiado;DEM;GO;18;0;2013;RONALDO CAIADO;EMC;3;2013;Emenda na Comissão;Altera os arts. 57, 165, 166, e acrescenta art. 165-A, todos da Constituição Federal, tornando de execução obrigatória a programação constante da lei orçamentária anual.;;;2013-05-23T15:44:00;https://www.camara.leg.br/proposicoesWeb/prop_mostrarintegra?codteor=1092208;2013-05-23T15:44:00;Apresentação de Proposição;;Indefinida;https://www.camara.leg.br/proposicoesWeb/prop_mostrarintegra?codteor=1092208
578182;74813.0;Ronaldo Caiado;DEM;GO;1;1;2013;RONALDO CAIADO;EMP;16;2013;Emenda de Plenário;Insere o inciso XIV ao art. 8º-A da Subemenda Substitutiva ao Projeto de Lei nº 7.663, de 2010.;;;2013-05-22T18:46:00;https://www.camara.leg.br/proposicoesWeb/prop_mostrarintegra?codteor=1091734;2013-05-22T18:46:00;Apresentação de Proposição;;Indefinida;https://www.camara.leg.br/proposicoesWeb/prop_mostrarintegra?codteor=1091734
578181;74813.0;Ronaldo Caiado;DEM;GO;1;1;2013;RONALDO CAIADO;EMP;15;2013;Emenda de Plenário;Insere o inciso XIII ao art. 8º-A da Subemenda Substitutiva ao Projeto de Lei nº 7.663, de 2010.;;;2013-05-22T18:45:00;https://www.camara.leg.br/proposicoesWeb/prop_mostrarintegra?codteor=1091733;2013-05-22T18:45:00;Apresentação de Proposição;;Indefinida;https://www.camara.leg.br/proposicoesWeb/prop_mostrarintegra?codteor=1091733
578177;74813.0;Ronaldo Caiado;DEM;GO;1;1;2013;RONALDO CAIADO;EMP;12;2013;Emenda de Plenário;Dá nova redação ao inciso I do § 2º do art. 23-A da Lei 11.343/2006, constante no art. 11 do Projeto de Lei nº 7.663, de 2010.;;;2013-05-22T18:44:00;https://www.camara.leg.br/proposicoesWeb/prop_mostrarintegra?codteor=1091730;2013-05-22T18:44:00;Apresentação de Proposição;;Indefinida;https://www.camara.leg.br/proposicoesWeb/prop_mostrarintegra?codteor=1091730
578169;74813.0;Ronaldo Caiado;DEM;GO;3;1;2013;RONALDO CAIADO;EMP;4;2013;Emenda de Plenário;Acrescenta artigo às Disposições Transitórias.;;;2013-05-22T18:38:00;https://www.camara.leg.br/proposicoesWeb/prop_mostrarintegra?codteor=1091720;2013-05-22T18:38:00;Apresentação de Proposição;;Indefinida;https://www.camara.leg.br/proposicoesWeb/prop_mostrarintegra?codteor=1091720
578166;74813.0;Ronaldo Caiado;DEM;GO;2;1;2013;RONALDO CAIADO;EMP;3;2013;Emenda de Plenário;Acrescenta artigo ao Projeto de Lei nº 7.663, de 2010, que dá nova redação ao art. 5º da Lei nº 11.343/2006.;;;2013-05-22T18:38:00;https://www.camara.leg.br/proposicoesWeb/prop_mostrarintegra?codteor=1091719;2013-05-22T18:38:00;Apresentação de Proposição;;Indefinida;https://www.camara.leg.br/proposicoesWeb/prop_mostrarintegra?codteor=1091719
578165;74813.0;Ronaldo Caiado;DEM;GO;3;1;2013;RONALDO CAIADO;EMP;2;2013;Emenda de Plenário;Inclui § ao art. 23-A, disposto no art. 5º do substitutivo, renumerando-se os demais.;;;2013-05-22T18:37:00;https://www.camara.leg.br/proposicoesWeb/prop_mostrarintegra?codteor=1091718;2013-05-22T18:37:00;Apresentação de Proposição;;Indefinida;https://www.camara.leg.br/proposicoesWeb/prop_mostrarintegra?codteor=1091718
577881;74813.0;Ronaldo Caiado;DEM;GO;9;0;2013;RONALDO CAIADO;REQ;7829;2013;Requerimento de Urgência (Art. 155 do RICD);Requer, nos termos do art. 155 do RICD, urgência na apreciação do PLP 271/2005;;;2013-05-21T20:53:00;https://www.camara.leg.br/proposicoesWeb/prop_mostrarintegra?codteor=1091112;2013-05-22T00:00:00;Aprovação de Proposição em Plenário;Tramitação Finalizada;Indefinida;https://www.camara.leg.br/proposicoesWeb/prop_mostrarintegra?codteor=1118174
577833;74813.0;Ronaldo Caiado;DEM;GO;2;1;2013;RONALDO CAIADO;EMP;24;2013;Emenda de Plenário;Dá nova redação ao art. 1º.;;;2013-05-21T18:38:00;https://www.camara.leg.br/proposicoesWeb/prop_mostrarintegra?codteor=1090967;2013-05-21T18:38:00;Apresentação de Proposição;;Indefinida;https://www.camara.leg.br/proposicoesWeb/prop_mostrarintegra?codteor=1090967
577599;74813.0;Ronaldo Caiado;DEM;GO;1;1;2013;RONALDO CAIADO;EMC;6;2013;Emenda na Comissão;Dá nova redação à MPV 605/2013;;;2013-02-06T17:58:00;https://www.camara.leg.br/proposicoesWeb/prop_mostrarintegra?codteor=1090318;2013-02-06T17:58:00;Apresentação de Proposição;;Indefinida;https://www.camara.leg.br/proposicoesWeb/prop_mostrarintegra?codteor=1090318
577598;74813.0;Ronaldo Caiado;DEM;GO;1;1;2013;RONALDO CAIADO;EMC;5;2013;Emenda na Comissão;Dá nova redação à MPV 605/2013;;;2013-02-06T17:58:00;https://www.camara.leg.br/proposicoesWeb/prop_mostrarintegra?codteor=1090317;2013-02-06T17:58:00;Apresentação de Proposição;;Indefinida;https://www.camara.leg.br/proposicoesWeb/prop_mostrarintegra?codteor=1090317
577597;74813.0;Ronaldo Caiado;DEM;GO;1;1;2013;RONALDO CAIADO;EMC;4;2013;Emenda na Comissão;Dá nova redação à MPV 605/2013;;;2013-02-06T17:58:00;https://www.camara.leg.br/proposicoesWeb/prop_mostrarintegra?codteor=1090316;2013-02-06T17:58:00;Apresentação de Proposição;;Indefinida;https://www.camara.leg.br/proposicoesWeb/prop_mostrarintegra?codteor=1090316
577549;74813.0;Ronaldo Caiado;DEM;GO;1;1;2013;RONALDO CAIADO;EMC;9;2013;Emenda na Comissão;Dá nova redação à MPV 606/2013;;;2013-02-21T17:55:00;https://www.camara.leg.br/proposicoesWeb/prop_mostrarintegra?codteor=1090267;2013-02-21T17:55:00;Apresentação de Proposição;;Indefinida;https://www.camara.leg.br/proposicoesWeb/prop_mostrarintegra?codteor=1090267
577548;74813.0;Ronaldo Caiado;DEM;GO;1;1;2013;RONALDO CAIADO;EMC;8;2013;Emenda na Comissão;Dá nova redação à MPV 606/2013;;;2013-02-21T17:55:00;https://www.camara.leg.br/proposicoesWeb/prop_mostrarintegra?codteor=1090266;2013-02-21T17:55:00;Apresentação de Proposição;;Indefinida;https://www.camara.leg.br/proposicoesWeb/prop_mostrarintegra?codteor=1090266
577547;74813.0;Ronaldo Caiado;DEM;GO;1;1;2013;RONALDO CAIADO;EMC;7;2013;Emenda na Comissão;Dá nova redação à MPV 606/2013;;;2013-02-21T17:55:00;https://www.camara.leg.br/proposicoesWeb/prop_mostrarintegra?codteor=1090265;2013-02-21T17:55:00;Apresentação de Proposição;;Indefinida;https://www.camara.leg.br/proposicoesWeb/prop_mostrarintegra?codteor=1090265
577240;74813.0;Ronaldo Caiado;DEM;GO;1;1;2013;RONALDO CAIADO;EMC;45;2013;Emenda na Comissão;Emenda Modificativa nº 45;;;2013-02-06T10:18:00;https://www.camara.leg.br/proposicoesWeb/prop_mostrarintegra?codteor=1089426;2013-02-06T10:18:00;Apresentação de Proposição;;Indefinida;https://www.camara.leg.br/proposicoesWeb/prop_mostrarintegra?codteor=1089426
577239;74813.0;Ronaldo Caiado;DEM;GO;1;1;2013;RONALDO CAIADO;EMC;44;2013;Emenda na Comissão;Emenda Aditiva nº 44;;;2013-02-06T10:18:00;https://www.camara.leg.br/proposicoesWeb/prop_mostrarintegra?codteor=1089425;2013-02-06T10:18:00;Apresentação de Proposição;;Indefinida;https://www.camara.leg.br/proposicoesWeb/prop_mostrarintegra?codteor=1089425
577238;74813.0;Ronaldo Caiado;DEM;GO;1;1;2013;RONALDO CAIADO;EMC;43;2013;Emenda na Comissão;Emenda Aditiva nº 43;;;2013-02-06T10:18:00;https://www.camara.leg.br/proposicoesWeb/prop_mostrarintegra?codteor=1089424;2013-02-06T10:18:00;Apresentação de Proposição;;Indefinida;https://www.camara.leg.br/proposicoesWeb/prop_mostrarintegra?codteor=1089424
577237;74813.0;Ronaldo Caiado;DEM;GO;1;1;2013;RONALDO CAIADO;EMC;42;2013;Emenda na Comissão;Emenda Aditiva nº 42;;;2013-02-06T10:18:00;https://www.camara.leg.br/proposicoesWeb/prop_mostrarintegra?codteor=1089423;2013-02-06T10:18:00;Apresentação de Proposição;;Indefinida;https://www.camara.leg.br/proposicoesWeb/prop_mostrarintegra?codteor=1089423
577034;74813.0;Ronaldo Caiado;DEM;GO;16;0;2013;RONALDO CAIADO;EMC;2;2013;Emenda na Comissão;Acrescenta os §§ 9º, 10 e 11 ao art. 166 da Constituição Federal constante do Art. 1º da PEC nº 565-A, de 2006, limitando o percentual de contingenciamento ou cancelamento de programação da lei orçamentária anual originária de emendas.;;;2013-05-15T15:08:00;https://www.camara.leg.br/proposicoesWeb/prop_mostrarintegra?codteor=1089095;2013-05-15T15:08:00;Apresentação de Proposição;;Indefinida;https://www.camara.leg.br/proposicoesWeb/prop_mostrarintegra?codteor=1089095
577030;74813.0;Ronaldo Caiado;DEM;GO;15;0;2013;RONALDO CAIADO;EMC;1;2013;Emenda na Comissão;Acrescenta § 9º ao artigo 166 da Constituição Federal constante do artigo 1º da PEC nº 565-A, de 2006, tornando obrigatórias as transferências financeiras para os Estados, Distrito Federal e Municípios, e dos Estados para os Municípios, inclusive as originárias de emendas.;;;2013-05-15T15:02:00;https://www.camara.leg.br/proposicoesWeb/prop_mostrarintegra?codteor=1089089;2013-05-15T15:02:00;Apresentação de Proposição;;Indefinida;https://www.camara.leg.br/proposicoesWeb/prop_mostrarintegra?codteor=1089089
577021;74813.0;Ronaldo Caiado;DEM;GO;2;1;2013;RONALDO CAIADO;EMA;23;2013;Emenda Aglutinativa;Aglutina o texto do artigo 62 e demais dispositivos do Projeto de Lei de Conversão  nº 9/2013 com as Emendas nºs 89 e 344, apresentadas à Medida Provisória nº 595/2012.;;;2013-05-15T14:31:00;https://www.camara.leg.br/proposicoesWeb/prop_mostrarintegra?codteor=1089077;2013-05-15T14:31:00;Apresentação de Proposição;;Indefinida;https://www.camara.leg.br/proposicoesWeb/prop_mostrarintegra?codteor=1089077
577020;74813.0;Ronaldo Caiado;DEM;GO;2;1;2013;RONALDO CAIADO;EMA;22;2013;Emenda Aglutinativa;Aglutina o texto do artigo 62 do Projeto de Lei de Conversão nº 9/2013 com a Emenda nº 89, apresentada à Medida Provisória nº 595/2012.;;;2013-05-15T14:30:00;https://www.camara.leg.br/proposicoesWeb/prop_mostrarintegra?codteor=1089075;2013-05-15T14:30:00;Apresentação de Proposição;;Indefinida;https://www.camara.leg.br/proposicoesWeb/prop_mostrarintegra?codteor=1089075
577019;74813.0;Ronaldo Caiado;DEM;GO;3;1;2013;RONALDO CAIADO;EMA;21;2013;Emenda Aglutinativa;Aglutina o texto do arigo  59 do Projeto de Lei de Conversão nº 9/2013 com a Emenda nº 430, apresentada à Medida Provisória nº 595/2012.;;;2013-05-15T14:30:00;https://www.camara.leg.br/proposicoesWeb/prop_mostrarintegra?codteor=1089074;2013-05-15T14:30:00;Apresentação de Proposição;;Indefinida;https://www.camara.leg.br/proposicoesWeb/prop_mostrarintegra?codteor=1089074
577018;74813.0;Ronaldo Caiado;DEM;GO;1;1;2013;RONALDO CAIADO;EMA;20;2013;Emenda Aglutinativa;Aglutina o texto dos arts. 57 e 59 do Projeto de Lei de Conversão nº 9/2013 com as Emendas nºs 231 e 430, apresentadas à Medida Provisória nº 595/2012.;;;2013-05-15T14:29:00;https://www.camara.leg.br/proposicoesWeb/prop_mostrarintegra?codteor=1089073;2013-05-15T14:29:00;Apresentação de Proposição;;Indefinida;https://www.camara.leg.br/proposicoesWeb/prop_mostrarintegra?codteor=1089073
577017;74813.0;Ronaldo Caiado;DEM;GO;2;1;2013;RONALDO CAIADO;EMA;19;2013;Emenda Aglutinativa;Aglutina o texto do Projeto de Lei de Conversão nº 9/2013 com a Emenda de nº 344 apresentada à Medida Provisória nº 595/2012.;;;2013-05-15T14:29:00;https://www.camara.leg.br/proposicoesWeb/prop_mostrarintegra?codteor=1089072;2013-05-15T14:29:00;Apresentação de Proposição;;Indefinida;https://www.camara.leg.br/proposicoesWeb/prop_mostrarintegra?codteor=1089072
577015;74813.0;Ronaldo Caiado;DEM;GO;2;1;2013;RONALDO CAIADO;EMA;18;2013;Emenda Aglutinativa;Aglutina o texto do artigo 59 e demais dispositivos do Projeto de Lei de Conversão nº 9/2013 com as Emendas de nºs 430 e 344 apresentadas à Medida Provisória nº 595/2012.;;;2013-05-15T14:28:00;https://www.camara.leg.br/proposicoesWeb/prop_mostrarintegra?codteor=1089071;2013-05-15T14:28:00;Apresentação de Proposição;;Indefinida;https://www.camara.leg.br/proposicoesWeb/prop_mostrarintegra?codteor=1089071
577013;74813.0;Ronaldo Caiado;DEM;GO;2;1;2013;RONALDO CAIADO;EMA;17;2013;Emenda Aglutinativa;Aglutina o texto do artigo 57 do Projeto de Lei de Conversão nº 9/2013 com a Emenda de nº 231 apresentada à Medida Provisória nº 595/2012.;;;2013-05-15T14:28:00;https://www.camara.leg.br/proposicoesWeb/prop_mostrarintegra?codteor=1089070;2013-05-15T14:28:00;Apresentação de Proposição;;Indefinida;https://www.camara.leg.br/proposicoesWeb/prop_mostrarintegra?codteor=1089070
577012;74813.0;Ronaldo Caiado;DEM;GO;2;1;2013;RONALDO CAIADO;EMA;16;2013;Emenda Aglutinativa;Aglutina o texto do artigo 57 e demais dispoisitivos do Projeto de Lei de Conversão nº 9/2013 com as Emendas de nºs 231e 344 apresentadas à Medida Provisória nº 595/2012.;;;2013-05-15T14:27:00;https://www.camara.leg.br/proposicoesWeb/prop_mostrarintegra?codteor=1089069;2013-05-15T14:27:00;Apresentação de Proposição;;Indefinida;https://www.camara.leg.br/proposicoesWeb/prop_mostrarintegra?codteor=1089069
577010;74813.0;Ronaldo Caiado;DEM;GO;2;1;2013;RONALDO CAIADO;EMA;15;2013;Emenda Aglutinativa;Aglutina o texto dos artigos 57 e 62 do Projeto de Lei de Conversão nº 9/2013 com as Emendas de nºs 89 e 231 apresentadas à Medida Provisória nº 595/2012.;;;2013-05-15T14:26:00;https://www.camara.leg.br/proposicoesWeb/prop_mostrarintegra?codteor=1089068;2013-05-15T14:26:00;Apresentação de Proposição;;Indefinida;https://www.camara.leg.br/proposicoesWeb/prop_mostrarintegra?codteor=1089068
576895;74813.0;Ronaldo Caiado;DEM;GO;9;0;2013;RONALDO CAIADO;REQ;7772;2013;Requerimento de Urgência (Art. 155 do RICD);Requer regime de urgência para apreciação de proposição.;;;2013-05-14T18:44:00;https://www.camara.leg.br/proposicoesWeb/prop_mostrarintegra?codteor=1088707;2013-05-21T00:00:00;Aprovação de Proposição em Plenário;Tramitação Finalizada;Indefinida;https://www.camara.leg.br/proposicoesWeb/prop_mostrarintegra?codteor=1122027
576832;74813.0;Ronaldo Caiado;DEM;GO;1;1;2013;RONALDO CAIADO;EMC;6;2013;Emenda na Comissão;Emenda Modificativa nº 6;;;2013-02-06T17:35:00;https://www.camara.leg.br/proposicoesWeb/prop_mostrarintegra?codteor=1088600;2013-02-06T17:35:00;Apresentação de Proposição;;Indefinida;https://www.camara.leg.br/proposicoesWeb/prop_mostrarintegra?codteor=1088600
576831;74813.0;Ronaldo Caiado;DEM;GO;1;1;2013;RONALDO CAIADO;EMC;5;2013;Emenda na Comissão;Emenda Supressiva nº 5;;;2013-02-06T17:35:00;https://www.camara.leg.br/proposicoesWeb/prop_mostrarintegra?codteor=1088599;2013-02-06T17:35:00;Apresentação de Proposição;;Indefinida;https://www.camara.leg.br/proposicoesWeb/prop_mostrarintegra?codteor=1088599
576808;74813.0;Ronaldo Caiado;DEM;GO;1;1;2013;RONALDO CAIADO;PDC;838;2013;Projeto de Decreto Legislativo de Sustação de Atos Normativos do Poder Executivo;Susta a aplicação do art. 2º do Decreto nº 6.620, de 29 de outubro de 2008.;Que restringe o conceito de carga de terceiros.;Sustação, dispositivo, decreto federal, restrição, carga, terceiros, terminal, porto.;2013-05-14T16:47:00;https://www.camara.leg.br/proposicoesWeb/prop_mostrarintegra?codteor=1088542;2014-02-04T00:00:00;Notificações;Retirado pelo(a) Autor(a);Proposição Sujeita à Apreciação do Plenário;https://www.camara.leg.br/proposicoesWeb/prop_mostrarintegra?codteor=1223961
576298;74813.0;Ronaldo Caiado;DEM;GO;9;0;2013;RONALDO CAIADO;REQ;7731;2013;Requerimento de Urgência (Art. 155 do RICD);Requer regime de urgência para apreciação de proposição.;;;2013-05-08T21:01:00;https://www.camara.leg.br/proposicoesWeb/prop_mostrarintegra?codteor=1087153;2013-06-05T00:00:00;Aprovação de Proposição em Plenário;Tramitação Finalizada;Indefinida;https://www.camara.leg.br/proposicoesWeb/prop_mostrarintegra?codteor=1123092
576286;74813.0;Ronaldo Caiado;DEM;GO;1;1;2013;RONALDO CAIADO;EMP;2;2013;Emenda de Plenário;Dá nova redação ao art. 1º.;;;2013-05-08T19:55:00;https://www.camara.leg.br/proposicoesWeb/prop_mostrarintegra?codteor=1087084;2013-05-08T19:55:00;Apresentação de Proposição;;Indefinida;https://www.camara.leg.br/proposicoesWeb/prop_mostrarintegra?codteor=1087084
576285;74813.0;Ronaldo Caiado;DEM;GO;2;1;2013;RONALDO CAIADO;EMP;1;2013;Emenda de Plenário;Dá nova redação ao art. 1º.;;;2013-05-08T19:54:00;https://www.camara.leg.br/proposicoesWeb/prop_mostrarintegra?codteor=1087079;2013-05-08T19:54:00;Apresentação de Proposição;;Indefinida;https://www.camara.leg.br/proposicoesWeb/prop_mostrarintegra?codteor=1087079
574031;74813.0;Ronaldo Caiado;DEM;GO;1;1;2013;RONALDO CAIADO;EMC;15;2013;Emenda na Comissão;Emenda Modificativa nº 15;;;2013-02-06T19:46:00;https://www.camara.leg.br/proposicoesWeb/prop_mostrarintegra?codteor=1081632;2013-02-06T19:46:00;Apresentação de Proposição;;Indefinida;https://www.camara.leg.br/proposicoesWeb/prop_mostrarintegra?codteor=1081632
574030;74813.0;Ronaldo Caiado;DEM;GO;1;1;2013;RONALDO CAIADO;EMC;14;2013;Emenda na Comissão;Emenda Aditiva nº 14;;;2013-02-06T19:46:00;https://www.camara.leg.br/proposicoesWeb/prop_mostrarintegra?codteor=1081631;2013-02-06T19:46:00;Apresentação de Proposição;;Indefinida;https://www.camara.leg.br/proposicoesWeb/prop_mostrarintegra?codteor=1081631
574029;74813.0;Ronaldo Caiado;DEM;GO;1;1;2013;RONALDO CAIADO;EMC;13;2013;Emenda na Comissão;Emenda Aditiva nº 13;;;2013-02-06T19:46:00;https://www.camara.leg.br/proposicoesWeb/prop_mostrarintegra?codteor=1081630;2013-02-06T19:46:00;Apresentação de Proposição;;Indefinida;https://www.camara.leg.br/proposicoesWeb/prop_mostrarintegra?codteor=1081630
574028;74813.0;Ronaldo Caiado;DEM;GO;1;1;2013;RONALDO CAIADO;EMC;12;2013;Emenda na Comissão;Emenda Modificativa nº 12;;;2013-02-06T19:46:00;https://www.camara.leg.br/proposicoesWeb/prop_mostrarintegra?codteor=1081629;2013-02-06T19:46:00;Apresentação de Proposição;;Indefinida;https://www.camara.leg.br/proposicoesWeb/prop_mostrarintegra?codteor=1081629
574027;74813.0;Ronaldo Caiado;DEM;GO;1;1;2013;RONALDO CAIADO;EMC;11;2013;Emenda na Comissão;Emenda Aditiva nº 11;;;2013-02-06T19:46:00;https://www.camara.leg.br/proposicoesWeb/prop_mostrarintegra?codteor=1081628;2013-02-06T19:46:00;Apresentação de Proposição;;Indefinida;https://www.camara.leg.br/proposicoesWeb/prop_mostrarintegra?codteor=1081628
573935;74813.0;Ronaldo Caiado;DEM;GO;8;0;2013;RONALDO CAIADO;REQ;7627;2013;Requerimento de Urgência (Art. 155 do RICD);"Requer Urgência Urgentíssima para o Projeto de Lei nº 2447, de 2007, que ""Institui a Política Nacional de Combate e Prevenção à Desertificação e Mitigação dos Efeitos da Seca e dá outras providências""";;;2013-04-24T19:05:00;https://www.camara.leg.br/proposicoesWeb/prop_mostrarintegra?codteor=1081746;2015-02-11T10:00:00;Aprovação de Proposição em Plenário;Tramitação Finalizada;Indefinida;
572943;74813.0;Ronaldo Caiado;DEM;GO;1;1;2013;RONALDO CAIADO;EMP;5;2013;Emenda de Plenário;Altera o PL 4.470/2012.;;;2013-04-17T20:14:00;https://www.camara.leg.br/proposicoesWeb/prop_mostrarintegra?codteor=1078712;2013-04-17T20:14:00;Apresentação de Proposição;;Indefinida;https://www.camara.leg.br/proposicoesWeb/prop_mostrarintegra?codteor=1078712
572941;74813.0;Ronaldo Caiado;DEM;GO;1;1;2013;RONALDO CAIADO;EMP;4;2013;Emenda de Plenário;Altera o PL 4.470/2012.;;;2013-04-17T20:11:00;https://www.camara.leg.br/proposicoesWeb/prop_mostrarintegra?codteor=1078711;2013-04-17T20:11:00;Apresentação de Proposição;;Indefinida;https://www.camara.leg.br/proposicoesWeb/prop_mostrarintegra?codteor=1078711
572940;74813.0;Ronaldo Caiado;DEM;GO;1;1;2013;RONALDO CAIADO;EMP;3;2013;Emenda de Plenário;Altera o PL 4.470/2012.;;;2013-04-17T20:10:00;https://www.camara.leg.br/proposicoesWeb/prop_mostrarintegra?codteor=1078710;2013-04-17T20:10:00;Apresentação de Proposição;;Indefinida;https://www.camara.leg.br/proposicoesWeb/prop_mostrarintegra?codteor=1078710
572861;74813.0;Ronaldo Caiado;DEM;GO;1;1;2013;RONALDO CAIADO;REQ;7567;2013;Requerimento de Sessão Solene;Requer a Convocação de Sessão Solene da Câmara dos Deputados em homenagem aos 75 anos das Organizações Jaime Câmara.;;;2013-04-17T18:00:00;https://www.camara.leg.br/proposicoesWeb/prop_mostrarintegra?codteor=1078614;2013-04-24T00:00:00;Publicação de Despacho;Tramitação Finalizada;Indefinida;
572404;74813.0;Ronaldo Caiado;DEM;GO;15;0;2013;RONALDO CAIADO;EMC;6;2013;Emenda na Comissão;Acrescenta o artigo 98 ao Ato das Disposições Constitucionais Transitórias.;;;2013-04-16T18:20:00;https://www.camara.leg.br/proposicoesWeb/prop_mostrarintegra?codteor=1077727;2013-04-16T18:20:00;Apresentação de Proposição;;Indefinida;https://www.camara.leg.br/proposicoesWeb/prop_mostrarintegra?codteor=1077727
572258;74813.0;Ronaldo Caiado;DEM;GO;1;1;2013;RONALDO CAIADO;RIC;2963;2013;Requerimento de Informação;Solicita informações ao Excelentíssimo Ministro de Estado da Defesa, Senhor Celso Amorim, sobre a utilização, pelo primeiro escalão do governo da Presidente Dilma Rousseff, de jatos da FAB em viagens com agenda particular.;;;2013-04-16T16:50:19;https://www.camara.leg.br/proposicoesWeb/prop_mostrarintegra?codteor=1077556;2014-01-09T00:00:00;Providência Interna;;Indefinida;
571541;74813.0;Ronaldo Caiado;DEM;GO;19;0;2013;RONALDO CAIADO;EMC;3;2013;Emenda na Comissão;Acrescenta artigo ao Ato das Disposições Constitucionais Transitórias (ADCT), para dispor sobre a prorrogação dos benefícios para a Zona Franca de Manaus, e dá outras providências.;;;2013-04-10T19:57:00;https://www.camara.leg.br/proposicoesWeb/prop_mostrarintegra?codteor=1075587;2013-04-10T19:57:00;Apresentação de Proposição;;Indefinida;https://www.camara.leg.br/proposicoesWeb/prop_mostrarintegra?codteor=1075587
571536;74813.0;Ronaldo Caiado;DEM;GO;20;0;2013;RONALDO CAIADO;EMC;2;2013;Emenda na Comissão;Acrescenta artigo ao Ato das Disposições Constitucionais Transitórias (ADCT), para dispor sobre a prorrogação dos benefícios para a Zona Franca de Manaus, e dá outras providências.;;;2013-04-10T19:31:00;https://www.camara.leg.br/proposicoesWeb/prop_mostrarintegra?codteor=1075571;2013-04-10T19:31:00;Apresentação de Proposição;;Indefinida;https://www.camara.leg.br/proposicoesWeb/prop_mostrarintegra?codteor=1075571
571534;74813.0;Ronaldo Caiado;DEM;GO;19;0;2013;RONALDO CAIADO;EMC;1;2013;Emenda na Comissão;Acrescenta artigo ao Ato das Disposições Constitucionais Transitórias (ADCT), para dispor sobre a prorrogação dos benefícios para a Zona Franca de Manaus, e dá outras providências.;;;2013-04-10T19:31:00;https://www.camara.leg.br/proposicoesWeb/prop_mostrarintegra?codteor=1075567;2013-04-10T19:31:00;Apresentação de Proposição;;Indefinida;https://www.camara.leg.br/proposicoesWeb/prop_mostrarintegra?codteor=1075567
571497;74813.0;Ronaldo Caiado;DEM;GO;9;0;2013;RONALDO CAIADO;REQ;7484;2013;Requerimento de Urgência (Art. 155 do RICD);Requer regime de urgência para apreciação de proposição.;;;2013-04-10T18:04:00;https://www.camara.leg.br/proposicoesWeb/prop_mostrarintegra?codteor=1075440;2015-02-03T00:00:00;Publicação de Despacho;Tramitação Finalizada;Indefinida;
570859;74813.0;Ronaldo Caiado;DEM;GO;1;1;2013;RONALDO CAIADO;RIC;2940;2013;Requerimento de Informação;Solicita informações ao Sr. ministro-chefe do Gabinete de Segurança Institucional, Ministro José Elito Carvalho Siqueira, sobre a denúncia de monitoramento, pela Agência Brasileira de Inteligência- ABIN, de movimento sindical ocorrido no Porto de Suape, localizado no Estado de Pernambuco.;;;2013-04-09T10:29:58;https://www.camara.leg.br/proposicoesWeb/prop_mostrarintegra?codteor=1074050;2013-09-26T00:00:00;Arquivamento;Arquivada;Indefinida;https://www.camara.leg.br/proposicoesWeb/prop_mostrarintegra?codteor=1143254
570802;74813.0;Ronaldo Caiado;DEM;GO;1;1;2013;RONALDO CAIADO;EMC;11;2013;Emenda na Comissão;Dá nova redação à MPV 603/2013.;;;2013-02-06T12:52:00;https://www.camara.leg.br/proposicoesWeb/prop_mostrarintegra?codteor=1073765;2013-02-06T12:52:00;Apresentação de Proposição;;Indefinida;https://www.camara.leg.br/proposicoesWeb/prop_mostrarintegra?codteor=1073765
570801;74813.0;Ronaldo Caiado;DEM;GO;1;1;2013;RONALDO CAIADO;EMC;10;2013;Emenda na Comissão;Dá nova redação à MPV 603/2013.;;;2013-02-06T12:52:00;https://www.camara.leg.br/proposicoesWeb/prop_mostrarintegra?codteor=1073764;2013-02-06T12:52:00;Apresentação de Proposição;;Indefinida;https://www.camara.leg.br/proposicoesWeb/prop_mostrarintegra?codteor=1073764
570081;74813.0;Ronaldo Caiado;DEM;GO;1;1;2013;RONALDO CAIADO;EMP;5;2013;Emenda de Plenário;;;;2013-04-03T11:14:00;https://www.camara.leg.br/proposicoesWeb/prop_mostrarintegra?codteor=1072080;2013-04-03T11:14:00;Apresentação de Proposição;;Indefinida;https://www.camara.leg.br/proposicoesWeb/prop_mostrarintegra?codteor=1072080
570080;74813.0;Ronaldo Caiado;DEM;GO;1;1;2013;RONALDO CAIADO;EMP;4;2013;Emenda de Plenário;;;;2013-04-03T11:13:00;https://www.camara.leg.br/proposicoesWeb/prop_mostrarintegra?codteor=1072079;2013-04-03T11:13:00;Apresentação de Proposição;;Indefinida;https://www.camara.leg.br/proposicoesWeb/prop_mostrarintegra?codteor=1072079
570079;74813.0;Ronaldo Caiado;DEM;GO;1;1;2013;RONALDO CAIADO;EMP;3;2013;Emenda de Plenário;;;;2013-04-03T11:11:00;https://www.camara.leg.br/proposicoesWeb/prop_mostrarintegra?codteor=1072078;2013-04-03T11:11:00;Apresentação de Proposição;;Indefinida;https://www.camara.leg.br/proposicoesWeb/prop_mostrarintegra?codteor=1072078
569917;74813.0;Ronaldo Caiado;DEM;GO;8;0;2013;RONALDO CAIADO;REQ;7315;2013;Requerimento de Urgência (Art. 155 do RICD);"Requeremos, nos termos do artigo 155, do Regimento Interno da Câmara dos Deputados, urgência para apreciação do Projeto de Lei nº 2.872, de 2008 o qual inclui na composição do CONTRAN um representante do Ministério da Justiça; reduz, para 90 (noventa) quilômetros a velocidade máxima nas vias rurais; aumenta as penalidades para disputa de corrida (""racha"" ou ""pega""), ultrapassagem perigosa, excesso de velocidade, utilização de telefone celular e dispositivos de fraude à fiscalização; fixa o valor das multas de trânsito em Real; reduz para três decigramas de álcool por litro de sangue para comprovar o consumo de álcool pelo motorista; proíbe o contigenciamento dos recursos da educação no trânsito; obriga a divulgação dos limites de consumo de álcool e das penalidades pelo seu uso, nos estabelecimentos ao longo das rodovias.";;;2013-04-02T16:54:00;https://www.camara.leg.br/proposicoesWeb/prop_mostrarintegra?codteor=1071607;2013-04-02T16:54:00;Apresentação de Proposição;Pronta para Pauta;Indefinida;https://www.camara.leg.br/proposicoesWeb/prop_mostrarintegra?codteor=1071607
569916;74813.0;Ronaldo Caiado;DEM;GO;9;0;2013;RONALDO CAIADO;REQ;7314;2013;Requerimento de Urgência (Art. 155 do RICD);Requer, nos termos do art. 155 do Regimento Interno, urgência para apreciação do PL 23/2011.;;;2013-04-02T16:52:00;https://www.camara.leg.br/proposicoesWeb/prop_mostrarintegra?codteor=1071621;2013-06-05T00:00:00;Aprovação de Proposição em Plenário;Tramitação Finalizada;Indefinida;https://www.camara.leg.br/proposicoesWeb/prop_mostrarintegra?codteor=1123088
569914;74813.0;Ronaldo Caiado;DEM;GO;9;0;2013;RONALDO CAIADO;REQ;7313;2013;Requerimento de Urgência (Art. 155 do RICD);Requer, nos termos do art. 155 do Regimento Interno, regime de urgência para tramitação do PL nº. 708 de 2007.;;;2013-04-02T16:50:00;https://www.camara.leg.br/proposicoesWeb/prop_mostrarintegra?codteor=1071626;2013-04-02T00:00:00;Aprovação de Proposição em Plenário;Tramitação Finalizada;Indefinida;https://www.camara.leg.br/proposicoesWeb/prop_mostrarintegra?codteor=1091032
569182;74813.0;Ronaldo Caiado;DEM;GO;13;0;2013;RONALDO CAIADO;REQ;7253;2013;Requerimento de Urgência (Art. 155 do RICD);Requeiro nos termos do art. 155 do Regimento Interno da Câmara dos Deputados, regime de urgência para tramitação do PL nº. 2592 de 2007, que dispõe sobre infração administrativa, crimes de trânsito e normas processuais a estes aplicáveis.;;;2013-03-26T13:19:00;https://www.camara.leg.br/proposicoesWeb/prop_mostrarintegra?codteor=1069310;2013-04-24T00:00:00;Aprovação de Proposição em Plenário;Tramitação Finalizada;Indefinida;https://www.camara.leg.br/proposicoesWeb/prop_mostrarintegra?codteor=1110444
568829;74813.0;Ronaldo Caiado;DEM;GO;1;1;2013;RONALDO CAIADO;REQ;7191;2013;Requerimento de Inclusão de Matéria na Ordem do Dia;"Requer inclusão na Ordem do Dia da Proposta de Emenda à Constituição nº 555, de 2006, que ""Revoga o art. 4º da Emenda Constitucional nº 41, de 2003, extinguindo, gradativamente a cobrança de contribuição previdenciária dos servidores públicos aposentados e pensionistas"".";;;2013-03-21T12:54:00;https://www.camara.leg.br/proposicoesWeb/prop_mostrarintegra?codteor=1068047;2014-09-02T00:00:00;Publicação de Despacho;Tramitação Finalizada;Indefinida;
568696;74813.0;Ronaldo Caiado;DEM;GO;4;1;2013;RONALDO CAIADO;PEC;253;2013;Proposta de Emenda à Constituição;Altera o art. 20 da Constituição Federal.;Critérios de distribuição de royalties e de participação especial na produção de petróleo ou gás natural.;Critérios, distribuição, royalties, compensação financeira, exploração, petróleo, gás natural.;2013-03-20T18:51:00;https://www.camara.leg.br/proposicoesWeb/prop_mostrarintegra?codteor=1067846;2019-02-20T21:05:00;Desarquivamento a Pedido;Tramitando em Conjunto;Proposição Sujeita à Apreciação do Plenário;https://www.camara.leg.br/proposicoesWeb/prop_mostrarintegra?codteor=1712450
568539;74813.0;Ronaldo Caiado;DEM;GO;9;0;2013;RONALDO CAIADO;REQ;7132;2013;Requerimento de Urgência (Art. 155 do RICD);Requer urgência para apreciação do Projeto de Lei Complementar n.º 223, de 2012, que altera a Lei Complementar nº 62, de 28 de dezembro de 1989, para dispor sobre os critérios de rateio do Fundo de Participação dos Estados e do Distrito Federal - FPE;;;2013-03-20T16:02:00;https://www.camara.leg.br/proposicoesWeb/prop_mostrarintegra?codteor=1067592;2015-02-03T00:00:00;Publicação de Despacho;Tramitação Finalizada;Indefinida;
568534;74813.0;Ronaldo Caiado;DEM;GO;1;1;2013;RONALDO CAIADO;REQ;7130;2013;Requerimento de Sessão Solene;Requer a convocação de sessão solene da Câmara dos Deputados em homenagem a Fecomércio-GO.;;;2013-03-20T16:00:00;https://www.camara.leg.br/proposicoesWeb/prop_mostrarintegra?codteor=1067581;2015-01-28T00:00:00;Arquivamento;Arquivada;Indefinida;https://www.camara.leg.br/proposicoesWeb/prop_mostrarintegra?codteor=1296444
568340;74813.0;Ronaldo Caiado;DEM;GO;16;0;2013;RONALDO CAIADO;REQ;7104;2013;Requerimento de Urgência (Art. 155 do RICD);"Requer, nos termos do artigo 155 do Regimento Interno da Câmara dos Deputados, urgência para apresentação do Projeto de Lei nº 4.366, de 2012, de autoria do Poder Executivo, que ""cria cargos nas Carreiras de Delegado de Polícia e de Polícia Civil do Distrito Federal"", diante do fato de que se trata de proposição que versa sobre matéria de relevante e inadiável interesse coletivo, em especial para a segurança pública desta Capital.";;;2013-03-19T20:17:00;https://www.camara.leg.br/proposicoesWeb/prop_mostrarintegra?codteor=1067266;2013-03-21T00:00:00;Aprovação de Proposição em Plenário;Tramitação Finalizada;Indefinida;https://www.camara.leg.br/proposicoesWeb/prop_mostrarintegra?codteor=1088775
568339;74813.0;Ronaldo Caiado;DEM;GO;15;0;2013;RONALDO CAIADO;REQ;7103;2013;Requerimento de Urgência (Art. 155 do RICD);"Requer, nos termos do artigo 155 do Regimento Interno da Câmara dos Deputados, urgência para apreciação do Projeto de Lei nº 4.921, de 2012, que ""dispõe sobre a remuneração dos militares do Distrito Federal e de Polícia Civil do Distrito"", ambos de autoria do Poder Executivo, diante do fato de que se trata de proposição que versa sobre matéria de relevante e inadiável interesse coletivo, em especial para a segurança pública desta Capital da República.";;;2013-03-19T20:15:00;https://www.camara.leg.br/proposicoesWeb/prop_mostrarintegra?codteor=1067265;2013-03-21T00:00:00;Aprovação de Proposição em Plenário;Tramitação Finalizada;Indefinida;https://www.camara.leg.br/proposicoesWeb/prop_mostrarintegra?codteor=1088716
567835;74813.0;Ronaldo Caiado;DEM;GO;1;1;2013;RONALDO CAIADO;PL;5161;2013;Projeto de Lei;Altera a Lei nº 11.340, de 7 de agosto de 2006, dando nova redação aos arts. 20, caput, e 22, § 3º, com a finalidade de monitorar e assegurar o cumprimento de medidas protetivas de urgência que determinem o afastamento físico entre agressor, vítima e testemunhas nos casos de prática de violência doméstica e familiar contra a mulher.;;Alteração, Lei Maria da Penha, medida protetiva de urgência, agressor, monitoramento eletrônico, violência contra a mulher.;2013-03-14T17:12:14;https://www.camara.leg.br/proposicoesWeb/prop_mostrarintegra?codteor=1065811;2021-12-22T00:00:00;Arquivamento;Arquivada;Proposição Sujeita à Apreciação Conclusiva pelas Comissões - Art. 24 II;
567833;74813.0;Ronaldo Caiado;DEM;GO;1;1;2013;RONALDO CAIADO;PL;5160;2013;Projeto de Lei;Acrescenta dispositivo à Lei nº 9.503 de 23 de setembro de 1997.;Isenta do IPI os equipamentos de segurança para motociclistas: protetores de motor mata-cachorro, aparadores de linha corta-pipas e os coletes de segurança com dispositivos retrorrefletivos.;Alteração, Código de Trânsito Brasileiro, isenção, Imposto sobre Produtos Industrializados (IPI), equipamento de segurança, motocilista, motoboy, mototaxista, benefício fiscal, tributação.;2013-03-14T17:11:16;https://www.camara.leg.br/proposicoesWeb/prop_mostrarintegra?codteor=1065808;2013-04-08T17:05:00;Recebimento;Tramitando em Conjunto;Proposição Sujeita à Apreciação Conclusiva pelas Comissões - Art. 24 II;
567237;74813.0;Ronaldo Caiado;DEM;GO;13;0;2013;RONALDO CAIADO;REQ;178;2013;Requerimento de Audiência Pública;Requer a realização de Audiência Pública com  o Diretor Geral do Departamento Nacional de Infraestrutura de Transportes - DNIT, com o Excelentíssimo Ministro dos Transportes, a Excelentíssima Ministra do Planejamento, Tribunal de Contas da União e INFRAERO -  para debater a necessidade de aprimoramento da Lei nº 12.462/11 que instituiu o Regime Diferenciado de Contratações Públicas.;;;2013-03-13T10:32:00;https://www.camara.leg.br/proposicoesWeb/prop_mostrarintegra?codteor=1064647;2013-08-27T00:00:00;Arquivamento;Arquivada;Proposição Sujeita à Apreciação Conclusiva pelas Comissões(Art. 24, II, do RICD);
566744;74813.0;Ronaldo Caiado;DEM;GO;12;0;2013;RONALDO CAIADO;REQ;6947;2013;Requerimento de Urgência (Art. 155 do RICD);Requer regime de urgência na apreciação do Projeto de Lei nº 7663/2010.;;;2013-03-07T09:59:00;https://www.camara.leg.br/proposicoesWeb/prop_mostrarintegra?codteor=1063101;2013-03-12T00:00:00;Aprovação de Proposição em Plenário;Tramitação Finalizada;Indefinida;https://www.camara.leg.br/proposicoesWeb/prop_mostrarintegra?codteor=1085903
566681;74813.0;Ronaldo Caiado;DEM;GO;7;0;2013;RONALDO CAIADO;REQ;6938;2013;Requerimento de Urgência (Art. 155 do RICD);Requeremos, nos termos do art. 155 do RICD, urgência ao PRC  173/2013.;;;2013-03-06T17:30:00;https://www.camara.leg.br/proposicoesWeb/prop_mostrarintegra?codteor=1062950;2013-03-06T00:00:00;Aprovação de Proposição em Plenário;Tramitação Finalizada;Indefinida;https://www.camara.leg.br/proposicoesWeb/prop_mostrarintegra?codteor=1079499
566597;74813.0;Ronaldo Caiado;DEM;GO;21;0;2013;RONALDO CAIADO;REQ;164;2013;Requerimento;Requer constituição de Subcomissão Permanente com o objetivo de se promover estudos e apresentar propostas de modernização do Código de Trânsito Brasileiro.;;;2013-03-06T14:55:00;https://www.camara.leg.br/proposicoesWeb/prop_mostrarintegra?codteor=1062744;2013-08-26T00:00:00;Arquivamento;Arquivada;Indefinida;
566358;74813.0;Ronaldo Caiado;DEM;GO;10;0;2013;RONALDO CAIADO;REQ;6906;2013;Requerimento de Urgência (Art. 155 do RICD);Requeremos nos termos do artigo 155 do Regimento Interno da Câmara dos Deputados, urgência para apreciação do Projeto de Lei nº 60 de 1999, que dispõe sobre o atendimento às vítimas de violência sexual.;;;2013-03-05T16:57:00;https://www.camara.leg.br/proposicoesWeb/prop_mostrarintegra?codteor=1062255;2013-03-05T14:00:00;Aprovação de Proposição em Plenário;Tramitação Finalizada;Indefinida;
565930;74813.0;Ronaldo Caiado;DEM;GO;1;1;2013;RONALDO CAIADO;PL;5076;2013;Projeto de Lei;Acrescenta o art. 4º-A na Lei nº 12.232, de 29 de abril de 2010.;;Alteração, lei federal, obrigatoriedade, administração pública, divulgação, custo, publicidade institucional.;2013-02-28T10:59:45;https://www.camara.leg.br/proposicoesWeb/prop_mostrarintegra?codteor=1061256;2025-04-15T17:34:00;Notificacao para Publicação Intermediária;;Proposição Sujeita à Apreciação do Plenário;
565921;74813.0;Ronaldo Caiado;DEM;GO;9;0;2013;RONALDO CAIADO;REQ;6874;2013;Requerimento de Urgência (Art. 155 do RICD);Requer urgência para o Projeto de Lei nº 1023, de 2011.;;;2013-02-28T10:40:00;https://www.camara.leg.br/proposicoesWeb/prop_mostrarintegra?codteor=1061241;2013-03-05T14:00:00;Aprovação de Proposição em Plenário;Tramitação Finalizada;Indefinida;
565920;74813.0;Ronaldo Caiado;DEM;GO;14;0;2013;RONALDO CAIADO;REQ;6873;2013;Requerimento de Urgência (Art. 155 do RICD);"Requer, nos termos do art. 155 do RICD, urgência na apreciação do PRC  170, de 2013, da Mesa Diretora da Câmara dos Deputados, que ""Altera o Regimento Interno da Câmara dos Deputados, aprovado pela Resolução nº 17, de 21 de setembro de 1989, para dispor sobre a institucionalização da Corregedoria Parlamentar e dá outras providências"".";;;2013-02-28T10:28:00;https://www.camara.leg.br/proposicoesWeb/prop_mostrarintegra?codteor=1061237;2013-02-28T10:28:00;Apresentação de Proposição;Tramitação Finalizada;Indefinida;https://www.camara.leg.br/proposicoesWeb/prop_mostrarintegra?codteor=1061237
565870;74813.0;Ronaldo Caiado;DEM;GO;14;0;2013;RONALDO CAIADO;REQ;6868;2013;Requerimento de Urgência (Art. 155 do RICD);"Requer, nos termos do art.155 do RICD, urgência na apreciação do PRC 169/2013, da Mesa Diretora da Câmara dos Deputados, que ""Cria o Centro de Estudos e Debates Estratégicos da Câmara dos Deputados"".";;;2013-02-27T18:12:00;https://www.camara.leg.br/proposicoesWeb/prop_mostrarintegra?codteor=1061130;2013-02-27T18:12:00;Apresentação de Proposição;Arquivada;Indefinida;https://www.camara.leg.br/proposicoesWeb/prop_mostrarintegra?codteor=1061130
565642;74813.0;Ronaldo Caiado;DEM;GO;10;0;2013;RONALDO CAIADO;REQ;6831;2013;Requerimento de Urgência (Art. 155 do RICD);Requer regime de urgência para apreciação do PL 742/2011.;;;2013-02-26T16:11:00;https://www.camara.leg.br/proposicoesWeb/prop_mostrarintegra?codteor=1060629;2015-02-03T00:00:00;Publicação de Despacho;Tramitação Finalizada;Indefinida;
565255;74813.0;Ronaldo Caiado;DEM;GO;1;1;2013;RONALDO CAIADO;RIC;2755;2013;Requerimento de Informação;Solicita informações ao Sr. Ministro de Estado da Justiça, José Eduardo Cardoso, sobre a aquisição de Veículos Aéreos Não-Tripulados (VA NTs).;;;2013-02-19T12:58:00;https://www.camara.leg.br/proposicoesWeb/prop_mostrarintegra?codteor=1059283;2013-09-26T00:00:00;Arquivamento;Arquivada;Indefinida;https://www.camara.leg.br/proposicoesWeb/prop_mostrarintegra?codteor=1143254
565045;74813.0;Ronaldo Caiado;DEM;GO;1;1;2013;RONALDO CAIADO;REQ;6763;2013;Requerimento;Solicita informações ao Sr. Ministro de Estado da Justiça, José Eduardo Cardoso, sobre a aquisição de Veículos Aéreos Não-Tripulados (VANTs).;;;2013-02-19T19:04:00;;2013-02-20T00:00:00;Notificações;;Indefinida;
843541;74813.0;Ronaldo Caiado;DEM;GO;1;1;2014;RONALDO CAIADO;EMC;221;2014;Emenda na Comissão;Dá nova redação à MPV 656/2014;;;2014-10-14T00:00:00;https://www.camara.leg.br/proposicoesWeb/prop_mostrarintegra?codteor=1293285;2014-10-14T00:00:00;Apresentação de Proposição;;Indefinida;https://www.camara.leg.br/proposicoesWeb/prop_mostrarintegra?codteor=1293285
843540;74813.0;Ronaldo Caiado;DEM;GO;1;1;2014;RONALDO CAIADO;EMC;220;2014;Emenda na Comissão;Dá nova redação à MPV 656/2014;;;2014-10-14T00:00:00;https://www.camara.leg.br/proposicoesWeb/prop_mostrarintegra?codteor=1293284;2014-10-14T00:00:00;Apresentação de Proposição;;Indefinida;https://www.camara.leg.br/proposicoesWeb/prop_mostrarintegra?codteor=1293284
843539;74813.0;Ronaldo Caiado;DEM;GO;1;1;2014;RONALDO CAIADO;EMC;219;2014;Emenda na Comissão;Dá nova redação à MPV 656/2014;;;2014-10-14T00:00:00;https://www.camara.leg.br/proposicoesWeb/prop_mostrarintegra?codteor=1293283;2014-10-14T00:00:00;Apresentação de Proposição;;Indefinida;https://www.camara.leg.br/proposicoesWeb/prop_mostrarintegra?codteor=1293283
840808;74813.0;Ronaldo Caiado;DEM;GO;1;1;2014;RONALDO CAIADO;REC;331;2014;Recurso contra decisão do Presidente da CD em Questao de Ordem (Art. 95, § 8º, RICD);Recorre ao Plenário contra decisão do   Presidente da Câmara dos Deputados na  Questão de Ordem nº 415, de 2014.;;;2014-12-10T16:20:00;https://www.camara.leg.br/proposicoesWeb/prop_mostrarintegra?codteor=1292253;2015-09-24T00:00:00;Devolução à CCP;Arquivada;Proposição Sujeita à Apreciação do Plenário;
796650;74813.0;Ronaldo Caiado;DEM;GO;1;1;2014;RONALDO CAIADO;REQ;351;2014;Requerimento;Requer a retirada de tramitação do Requerimento nº 346/2014-CME, apresentado perante a Comissão de Minas e Energia.;;;2014-11-26T15:44:00;;2014-11-26T00:00:00;Arquivamento;Arquivada;Indefinida;
777545;74813.0;Ronaldo Caiado;DEM;GO;1;1;2014;RONALDO CAIADO;REQ;624;2014;Requerimento;Solicita o convite do Presidente da ELETROBRAS, o Sr. Jose da Costa Carvalho Neto e do Presidente da CELG, o Sr. José Fernando Navarrete Pena , para explicar a venda de 51% da Centrais Elétricas de Goiás - CELG D à Eletrobrás.;;;2014-11-13T12:39:00;https://www.camara.leg.br/proposicoesWeb/prop_mostrarintegra?codteor=1286563;2015-02-25T00:00:00;Arquivamento;Arquivada;Indefinida;
737884;74813.0;Ronaldo Caiado;DEM;GO;1;1;2014;RONALDO CAIADO;REQ;621;2014;Requerimento de Convocação de Ministro de Estado na Comissão (art. 50, CF);Solicita a convocação da Senhora Tereza Campello, Ministra do Desenvolvimento Social e Combate à Fome, a fim de prestar esclarecimentos sobre o aumento no número de miseráveis no Brasil.;;;2014-11-06T18:03:00;https://www.camara.leg.br/proposicoesWeb/prop_mostrarintegra?codteor=1284752;2015-02-04T00:00:00;Arquivamento;Arquivada;Proposição Sujeita à Apreciação Conclusiva pelas Comissões(Art. 24, II, do RICD);
687876;74813.0;Ronaldo Caiado;DEM;GO;1;1;2014;RONALDO CAIADO;REQ;501;2014;Requerimento;Requer inversão de pauta do Projeto de Lei nº 6.926 /2010.;;;2014-11-05T12:19:00;;2014-11-05T10:00:00;Aprovação de Proposição Interna;Arquivada;Indefinida;
687835;74813.0;Ronaldo Caiado;DEM;GO;1;1;2014;RONALDO CAIADO;REQ;463;2014;Requerimento;Requer seja convidada a comparecer perante esta comissão a ex-deputada da República da Venezuela, Senhora Maria Corina Machado, com a finalidade de prestar esclarecimentos e informações sobre a forma de atuação, naquele país, do Ministério Del Poder Popular Para Las Comunas y Los Movimientos Sociales e a Vice-Presidência del Desarrollo del Socialismo Territorial do governo bolivariano.;;;2014-11-04T19:56:00;https://www.camara.leg.br/proposicoesWeb/prop_mostrarintegra?codteor=1284060;2015-02-11T00:00:00;Arquivamento;Arquivada;Indefinida;
646083;74813.0;Ronaldo Caiado;DEM;GO;1;1;2014;RONALDO CAIADO;REQ;614;2014;Requerimento de Convocação de Ministro de Estado na Comissão (art. 50, CF);Solicita a convocação do Senhor Laudemir André Müller, Ministro de Estado do Desenvolvimento Agrário, a fim de prestar esclarecimentos sobre acordo firmado entre o Movimento dos Trabalhadores Rurais Sem Terra (MST) e o governo venezuelano.;;;2014-10-30T14:43:00;https://www.camara.leg.br/proposicoesWeb/prop_mostrarintegra?codteor=1283332;2015-02-04T00:00:00;Arquivamento;Arquivada;Proposição Sujeita à Apreciação Conclusiva pelas Comissões(Art. 24, II, do RICD);
646081;74813.0;Ronaldo Caiado;DEM;GO;1;1;2014;RONALDO CAIADO;REQ;613;2014;Requerimento de Convocação de Ministro de Estado na Comissão (art. 50, CF);Solicita a convocação do Senhor Luiz Alberto Figueiredo Machado, Ministro de Estado das Relações Exteriores, a fim de prestar esclarecimentos sobre acordo firmado entre o Movimento dos Trabalhadores Rurais Sem Terra (MST) e o governo venezuelano.;;;2014-10-30T14:39:00;https://www.camara.leg.br/proposicoesWeb/prop_mostrarintegra?codteor=1283328;2015-02-04T00:00:00;Arquivamento;Arquivada;Proposição Sujeita à Apreciação Conclusiva pelas Comissões(Art. 24, II, do RICD);
646079;74813.0;Ronaldo Caiado;DEM;GO;1;1;2014;RONALDO CAIADO;REQ;462;2014;Requerimento de Convocação de Ministro de Estado na Comissão (art. 50, CF);Solicita a convocação do Senhor Laudemir André Müller, Ministro de Estado do Desenvolvimento Agrário, a fim de prestar esclarecimentos sobre acordo firmado entre o Movimento dos Trabalhadores Rurais Sem Terra (MST) e o governo venezuelano;;;2014-10-30T14:32:00;https://www.camara.leg.br/proposicoesWeb/prop_mostrarintegra?codteor=1283323;2015-02-11T00:00:00;Arquivamento;Arquivada;Proposição Sujeita à Apreciação Conclusiva pelas Comissões(Art. 24, II, do RICD);
646078;74813.0;Ronaldo Caiado;DEM;GO;1;1;2014;RONALDO CAIADO;REQ;461;2014;Requerimento de Convocação de Ministro de Estado na Comissão (art. 50, CF);Solicita a convocação do Senhor Luiz Alberto Figueiredo Machado, Ministro de Estado das Relações Exteriores, a fim de prestar esclarecimentos sobre acordo firmado entre o MST e o governo venezuelano para treinamento dos seus integrantes com vistas à uma revolução socialista.;;;2014-10-30T14:31:00;https://www.camara.leg.br/proposicoesWeb/prop_mostrarintegra?codteor=1283321;2014-11-19T00:00:00;Arquivamento;Arquivada;Proposição Sujeita à Apreciação Conclusiva pelas Comissões(Art. 24, II, do RICD);
623093;74813.0;Ronaldo Caiado;DEM;GO;1;1;2014;RONALDO CAIADO;EMC;105;2014;Emenda na Comissão;Dá nova redação à MPV 651/2014;;;2014-07-16T00:00:00;https://www.camara.leg.br/proposicoesWeb/prop_mostrarintegra?codteor=1281002;2014-07-16T00:00:00;Apresentação de Proposição;;Indefinida;https://www.camara.leg.br/proposicoesWeb/prop_mostrarintegra?codteor=1281002
623092;74813.0;Ronaldo Caiado;DEM;GO;1;1;2014;RONALDO CAIADO;EMC;104;2014;Emenda na Comissão;Dá nova redação à MPV 651/2014;;;2014-07-16T00:00:00;https://www.camara.leg.br/proposicoesWeb/prop_mostrarintegra?codteor=1281001;2014-07-16T00:00:00;Apresentação de Proposição;;Indefinida;https://www.camara.leg.br/proposicoesWeb/prop_mostrarintegra?codteor=1281001
623091;74813.0;Ronaldo Caiado;DEM;GO;1;1;2014;RONALDO CAIADO;EMC;103;2014;Emenda na Comissão;Dá nova redação à MPV 651/2014;;;2014-07-16T00:00:00;https://www.camara.leg.br/proposicoesWeb/prop_mostrarintegra?codteor=1281000;2014-07-16T00:00:00;Apresentação de Proposição;;Indefinida;https://www.camara.leg.br/proposicoesWeb/prop_mostrarintegra?codteor=1281000
622176;74813.0;Ronaldo Caiado;DEM;GO;1;1;2014;RONALDO CAIADO;EMC;1;2014;Emenda na Comissão;Dá nova redação à MPV 650/2014;;;2014-07-01T00:00:00;https://www.camara.leg.br/proposicoesWeb/prop_mostrarintegra?codteor=1276401;2014-07-01T00:00:00;Apresentação de Proposição;;Indefinida;https://www.camara.leg.br/proposicoesWeb/prop_mostrarintegra?codteor=1276401
621401;74813.0;Ronaldo Caiado;DEM;GO;1;1;2014;RONALDO CAIADO;EMC;32;2014;Emenda na Comissão;Dá nova redação à MPV 647/2014;;;2014-06-04T00:00:00;https://www.camara.leg.br/proposicoesWeb/prop_mostrarintegra?codteor=1270262;2014-06-04T00:00:00;Apresentação de Proposição;;Indefinida;https://www.camara.leg.br/proposicoesWeb/prop_mostrarintegra?codteor=1270262
621242;74813.0;Ronaldo Caiado;DEM;GO;1;1;2014;RONALDO CAIADO;REQ;346;2014;Requerimento;Solicita a convocação do Ministro de Minas e Energia, Sr. Edison Lobão, para explicar a venda de 51% da Centrais Elétricas de Goiás - CELG D à Eletrobrás.;;;2014-08-05T16:01:00;https://www.camara.leg.br/proposicoesWeb/prop_mostrarintegra?codteor=1269811;2014-11-26T00:00:00;Arquivamento;Arquivada;Indefinida;
621235;74813.0;Ronaldo Caiado;DEM;GO;1;1;2014;RONALDO CAIADO;REQ;712;2014;Requerimento de Convocação de Ministro de Estado na Comissão (art. 50, CF);Solicita a convocação do Ministro de Minas e Energia, Sr. Edison Lobão, para explicar a venda de 51% da Centrais Elétricas de Goiás - CELG D à Eletrobrás.;;;2014-08-05T15:50:00;https://www.camara.leg.br/proposicoesWeb/prop_mostrarintegra?codteor=1269807;2014-12-02T00:00:00;Notificações;Arquivada;Proposição Sujeita à Apreciação Conclusiva pelas Comissões(Art. 24, II, do RICD);
621234;74813.0;Ronaldo Caiado;DEM;GO;1;1;2014;RONALDO CAIADO;REQ;604;2014;Requerimento de Convocação de Ministro de Estado na Comissão (art. 50, CF);Solicita a convocação do Ministro de Minas e Energia, Sr. Edison Lobão, para explicar a venda de 51% da Centrais Elétricas de Goiás - CELG D à Eletrobrás.;;;2014-08-05T15:53:00;https://www.camara.leg.br/proposicoesWeb/prop_mostrarintegra?codteor=1269802;2015-02-25T00:00:00;Arquivamento;Arquivada;Proposição Sujeita à Apreciação Conclusiva pelas Comissões(Art. 24, II, do RICD);
619906;74813.0;Ronaldo Caiado;DEM;GO;1;1;2014;RONALDO CAIADO;PL;7789;2014;Projeto de Lei;Altera a Lei nº 8.069, de 13 de julho de 1990 (Estatuto da Criança e do Adolescente), disciplinando medidas socioeducativas e ampliando sua aplicação e período máximo de internação, tornando obrigatórias atividades que promovam a reinserção social do infrator, mediante a prática de ações laborais, educacionais e desportivas.;;Alteração, Estatuto da Criança e do Adolescente, período, limite máximo, idade, internação, ação preventiva, privação, liberdade, faixa etária, jovem, menor infrator, criminalidade, liberação compulsória, medida socioeducativa, ato infracional.;2014-07-11T12:51:02;https://www.camara.leg.br/proposicoesWeb/prop_mostrarintegra?codteor=1265684;2026-06-24T10:02:43;Notificação de Apensação;Tramitação Finalizada;Proposição Sujeita à Apreciação do Plenário;https://www.camara.leg.br/proposicoesWeb/prop_mostrarintegra?codteor=3135585
619903;74813.0;Ronaldo Caiado;DEM;GO;1;1;2014;RONALDO CAIADO;PL;7788;2014;Projeto de Lei;Dispõe sobre desoneração tributária incidente sobre bicicletas, suas partes, peças e acessórios, bem como a concessão de crédito para sua aquisição.;Altera as Leis nº 10.925, de 2004 e 12.868, de 2013.;Alteração, Legislação Tributária Federal, isenção, Imposto sobre Produtos Industrializados (IPI), produção, comercialização, bicicleta, motocicleta, ciclomotor, peça, desoneração tributária, financiamento, Caixa Econômica Federal (CEF), aquisição, pessoa  física, Programa Minha Casa  Minha vida, benefício fiscal, tributação.;2014-07-11T11:16:22;https://www.camara.leg.br/proposicoesWeb/prop_mostrarintegra?codteor=1265653;2019-07-05T11:56:00;Notificação de Apensação;Tramitando em Conjunto;Proposição Sujeita à Apreciação Conclusiva pelas Comissões - Art. 24 II;https://www.camara.leg.br/proposicoesWeb/prop_mostrarintegra?codteor=1774651
619369;74813.0;Ronaldo Caiado;DEM;GO;1;1;2014;RONALDO CAIADO;PL;7753;2014;Projeto de Lei;Altera dispositivos do Decreto-Lei nº 2.848, de 7 de dezembro de 1940 (Código Penal) sobre furto e roubo, majorando penas e qualificando condutas.;;Alteração, Código Penal, penalidade, autor, roubo, furto, veículo automotor, deslocamento, Estados, federação, objetivo, desmanche, venda, peças, ameaça grave, violência física, pessoa.;2014-07-01T18:57:29;https://www.camara.leg.br/proposicoesWeb/prop_mostrarintegra?codteor=1263380;2015-09-09T00:00:00;Devolução à CCP;Arquivada;Proposição Sujeita à Apreciação do Plenário;
619101;74813.0;Ronaldo Caiado;DEM;GO;1;1;2014;RONALDO CAIADO;PL;7725;2014;Projeto de Lei;Altera o Decreto-Lei nº 2.848, de 7 de dezembro de 1940 (Código Penal), acrescentando o artigo 157-B, para tipificar o delito de abigeato, suprimindo o artigo 162 do diploma legal, que define a supressão ou alteração de marca em animais.;;Alteração, Código Penal, tipicidade, crime, abigeato, roubo, furto, gado, local, criação, transporte, depósito, pena de reclusão, multa, agravação penal, invasão, propriedade, supressão, marca, concurso de pessoas, existência, violência, ameaça grave, lesão corporal, morte.;2014-06-18T15:52:00;https://www.camara.leg.br/proposicoesWeb/prop_mostrarintegra?codteor=1262021;2015-09-08T00:00:00;Desapensação;Arquivada;Proposição Sujeita à Apreciação do Plenário;
618044;74813.0;Ronaldo Caiado;DEM;GO;4;1;2014;RONALDO CAIADO;ERD;1;2014;Emenda de Redação;;;;2014-06-03T19:35:00;https://www.camara.leg.br/proposicoesWeb/prop_mostrarintegra?codteor=1259025;2014-06-03T19:35:00;Apresentação de Proposição;;Indefinida;https://www.camara.leg.br/proposicoesWeb/prop_mostrarintegra?codteor=1259025
617737;74813.0;Ronaldo Caiado;DEM;GO;2;1;2014;RONALDO CAIADO;PDC;1491;2014;Projeto de Decreto Legislativo de Sustação de Atos Normativos do Poder Executivo;Susta a aplicação do Decreto nº 8.243, de 23 de maio de 2014, que institui a Política Nacional de Participação Social - PNPS e o Sistema Nacional de Participação Social - SNPS, e dá outras providências.;;Sustação, Decreto, inconstitucionalidade, criação, Política Nacional de Participação Social (PNPS), Sistema Nacional de Participação Social (SNPS), debate, políticas públicas.;2014-05-30T14:57:00;https://www.camara.leg.br/proposicoesWeb/prop_mostrarintegra?codteor=1258271;2019-04-30T00:00:00;Arquivamento;Arquivada;Proposição Sujeita à Apreciação do Plenário;https://www.camara.leg.br/proposicoesWeb/prop_mostrarintegra?codteor=1740136
615749;74813.0;Ronaldo Caiado;DEM;GO;2;1;2014;RONALDO CAIADO;REQ;593;2014;Requerimento de Convocação de Ministro de Estado na Comissão (art. 50, CF);Solicita a convocação do Senhor Ministro de Estado do Desenvolvimento, Indústria e Comércio Exterior, Mauro Borges Lemos, para prestar esclarecimentos sobre os termos da aquisição, pelo Banco Nacional de Desenvolvimento Econômico e Social (BNDES), de participação no Frigorífico Independência, três meses antes da empresa ingressar com pedido de recuperação judicial, e suas consequências para a instituição de fomento estatal.;;;2014-05-15T15:18:00;https://www.camara.leg.br/proposicoesWeb/prop_mostrarintegra?codteor=1253630;2015-02-25T00:00:00;Arquivamento;Arquivada;Proposição Sujeita à Apreciação Conclusiva pelas Comissões(Art. 24, II, do RICD);
615645;74813.0;Ronaldo Caiado;DEM;GO;1;1;2014;RONALDO CAIADO;EMC;6;2014;Emenda na Comissão;Dá nova redação à MPV 633/2013;;;2014-02-05T00:00:00;https://www.camara.leg.br/proposicoesWeb/prop_mostrarintegra?codteor=1253432;2014-02-05T00:00:00;Apresentação de Proposição;;Indefinida;https://www.camara.leg.br/proposicoesWeb/prop_mostrarintegra?codteor=1253432
614146;74813.0;Ronaldo Caiado;DEM;GO;1;1;2014;RONALDO CAIADO;EMP;2;2014;Emenda de Plenário;;;;2014-05-06T18:46:00;https://www.camara.leg.br/proposicoesWeb/prop_mostrarintegra?codteor=1250721;2014-05-06T18:46:00;Apresentação de Proposição;;Indefinida;https://www.camara.leg.br/proposicoesWeb/prop_mostrarintegra?codteor=1250721
614145;74813.0;Ronaldo Caiado;DEM;GO;1;1;2014;RONALDO CAIADO;EMP;1;2014;Emenda de Plenário;;;;2014-05-06T18:46:00;https://www.camara.leg.br/proposicoesWeb/prop_mostrarintegra?codteor=1250719;2014-05-06T18:46:00;Apresentação de Proposição;;Indefinida;https://www.camara.leg.br/proposicoesWeb/prop_mostrarintegra?codteor=1250719
613727;74813.0;Ronaldo Caiado;DEM;GO;2;1;2014;RONALDO CAIADO;REQ;326;2014;Requerimento;Requer sejam convidados o Sr. Alexandre Padilha - ex-Ministro de Estado da Saúde e o Sr. Marcus Cezar Ferreira de Moura - ex-Coordenador de promoção de eventos da assessoria de comunicação do Ministério da Saúde, a fim de prestarem depoimento acerca de relatório da Polícia Federal com indícios a respeito de indicação do ex-assessor para dirigir o laboratório farmacêutico Labogem, controlado pelo doleiro Alberto Youssef.;;;2014-04-29T17:31:00;https://www.camara.leg.br/proposicoesWeb/prop_mostrarintegra?codteor=1249637;2019-01-31T00:00:00;Arquivamento;Arquivada;Indefinida;
613407;74813.0;Ronaldo Caiado;DEM;GO;1;1;2014;RONALDO CAIADO;REQ;325;2014;Requerimento;Convida o Sr. Jones Borges Leal, Presidente da Federação Nacional dos Policiais Federais, a fim de prestar esclarecimentos acerca de notícias que apontam indícios de ingerência política nos quadros da Polícia Federal.;;;2014-04-24T11:31:00;https://www.camara.leg.br/proposicoesWeb/prop_mostrarintegra?codteor=1248735;2019-01-31T00:00:00;Arquivamento;Arquivada;Indefinida;
613406;74813.0;Ronaldo Caiado;DEM;GO;1;1;2014;RONALDO CAIADO;REQ;324;2014;Requerimento;Convida a Sra. Rachel Sheherazade, Repórter do Jornal SBT Brasil, a fim de prestar esclarecimentos acerca notícias que apontam indícios de ingerência política nos quadros da Polícia Federal.;;;2014-04-24T11:30:00;https://www.camara.leg.br/proposicoesWeb/prop_mostrarintegra?codteor=1248734;2019-01-31T00:00:00;Arquivamento;Arquivada;Indefinida;
611613;74813.0;Ronaldo Caiado;DEM;GO;1;1;2014;RONALDO CAIADO;REQ;9953;2014;Requerimento de Constituição de Comissão Externa;"Requer a instituição de Comissão Externa para investigar indícios de violação aos direitos fundamentais de médicos cubanos que participam do Programa Federal ""Mais Médicos para o Brasil"", especialmente na cidade de São Paulo.";;;2014-04-07T20:32:00;https://www.camara.leg.br/proposicoesWeb/prop_mostrarintegra?codteor=1245019;2015-01-28T00:00:00;Arquivamento;Arquivada;;https://www.camara.leg.br/proposicoesWeb/prop_mostrarintegra?codteor=1296445
611286;74813.0;Ronaldo Caiado;DEM;GO;1;1;2014;RONALDO CAIADO;EMC;18;2014;Emenda na Comissão;Dá nova redação à MPV 628/2013.;;;2013-12-04T11:46:00;https://www.camara.leg.br/proposicoesWeb/prop_mostrarintegra?codteor=1241727;2013-12-04T11:46:00;Apresentação de Proposição;;Indefinida;https://www.camara.leg.br/proposicoesWeb/prop_mostrarintegra?codteor=1241727
611285;74813.0;Ronaldo Caiado;DEM;GO;1;1;2014;RONALDO CAIADO;EMC;17;2014;Emenda na Comissão;Dá nova redação à MPV 628/2013.;;;2013-12-04T11:46:00;https://www.camara.leg.br/proposicoesWeb/prop_mostrarintegra?codteor=1241726;2013-12-04T11:46:00;Apresentação de Proposição;;Indefinida;https://www.camara.leg.br/proposicoesWeb/prop_mostrarintegra?codteor=1241726
611283;74813.0;Ronaldo Caiado;DEM;GO;1;1;2014;RONALDO CAIADO;EMC;16;2014;Emenda na Comissão;Dá nova redação à MPV 628/2013.;;;2013-12-04T11:46:00;https://www.camara.leg.br/proposicoesWeb/prop_mostrarintegra?codteor=1241723;2013-12-04T11:46:00;Apresentação de Proposição;;Indefinida;https://www.camara.leg.br/proposicoesWeb/prop_mostrarintegra?codteor=1241723
609411;74813.0;Ronaldo Caiado;DEM;GO;2;1;2014;RONALDO CAIADO;REQ;315;2014;Requerimento;Convida o Sr. Paulo Roberto Costa, ex-diretor de refino e abastecimento da Petrobras, a fim de prestar esclarecimentos sobre a aquisição da refinaria de Pasadena - EUA bem como sobre as obras da refinaria Abreu e Lima.;;;2014-03-25T17:59:00;https://www.camara.leg.br/proposicoesWeb/prop_mostrarintegra?codteor=1238596;2019-01-31T00:00:00;Arquivamento;Arquivada;Indefinida;
607180;74813.0;Ronaldo Caiado;DEM;GO;1;1;2014;RONALDO CAIADO;REQ;492;2014;Requerimento;Solicita a convocação do Senhor Manoel Dias, Ministro do Trabalho e Emprego, a fim de prestar esclarecimentos sobre a evolução do Programa Mais Médicos.;;;2014-02-27T09:48:00;https://www.camara.leg.br/proposicoesWeb/prop_mostrarintegra?codteor=1231744;2015-03-12T00:00:00;Arquivamento;Arquivada;Indefinida;
607176;74813.0;Ronaldo Caiado;DEM;GO;1;1;2014;RONALDO CAIADO;REQ;491;2014;Requerimento;Solicita a convocação do Senhor Arthur Chioro - Ministro da Saúde, a fim de prestar esclarecimentos sobre os contratos de trabalho assinados entre os médicos cubanos e o governo de Cuba, representado na forma La Sociedad Mercantil Cubana Comercializadora de Servicios Médicos Cubanos, S.A (CSMC, S.A);;;2014-02-27T09:46:00;https://www.camara.leg.br/proposicoesWeb/prop_mostrarintegra?codteor=1231740;2015-03-12T00:00:00;Arquivamento;Arquivada;Indefinida;
606984;74813.0;Ronaldo Caiado;DEM;GO;1;1;2014;RONALDO CAIADO;REQ;302;2014;Requerimento de Audiência Pública;Solicita que seja realizada audiência pública com o objetivo avaliar o conflito entre o MST e a PMDF, ocorrido em manifestação nesta Capital, no dia 12 de fevereiro último.;;;2014-02-26T15:11:00;https://www.camara.leg.br/proposicoesWeb/prop_mostrarintegra?codteor=1231416;2014-03-12T00:00:00;Arquivamento;Arquivada;Proposição Sujeita à Apreciação Conclusiva pelas Comissões(Art. 24, II, do RICD);
606982;74813.0;Ronaldo Caiado;DEM;GO;1;1;2014;RONALDO CAIADO;REQ;300;2014;Requerimento de Convocação de Ministro de Estado na Comissão (art. 50, CF);Solicita a convocação do Senhor Gilberto Carvalho - Ministro-Chefe da Secretaria-Geral da Presidência da República, a fim de prestar esclarecimentos em Audiência Pública sobre declarações em que acusou a PMDF de agir de forma truculenta em conflito causado por manifestantes do MST.;;;2014-02-26T15:08:00;https://www.camara.leg.br/proposicoesWeb/prop_mostrarintegra?codteor=1231413;2014-04-09T00:00:00;Arquivamento;Arquivada;Proposição Sujeita à Apreciação Conclusiva pelas Comissões(Art. 24, II, do RICD);
606980;74813.0;Ronaldo Caiado;DEM;GO;1;1;2014;RONALDO CAIADO;REQ;299;2014;Requerimento de Audiência Pública;Requeremos, nos termos regimentais, a realização de audiência pública com objetivo de escutar os Policiais Militares do Distrito Federal envolvidos no fato ocorrido no dia 12 de fevereiro de 2014 na Praça dos Três Poderes bem como seja realizado ato de concessão de reconhecimento formal de Bravura e Coragem a estes policiais militares.;;;2014-02-26T15:08:00;https://www.camara.leg.br/proposicoesWeb/prop_mostrarintegra?codteor=1231410;2014-05-13T00:00:00;Arquivamento;Arquivada;Proposição Sujeita à Apreciação Conclusiva pelas Comissões(Art. 24, II, do RICD);
2075144;74813.0;Ronaldo Caiado;DEM;GO;1;1;2015;RONALDO CAIADO;EMC;8;2015;Emenda na Comissão;Dá nova redação à MPV 695/2015;;;2015-10-08T00:00:00;https://www.camara.leg.br/proposicoesWeb/prop_mostrarintegra?codteor=1424456;2015-10-08T00:00:00;Apresentação de Proposição;;Indefinida;https://www.camara.leg.br/proposicoesWeb/prop_mostrarintegra?codteor=1424456
2075140;74813.0;Ronaldo Caiado;DEM;GO;1;1;2015;RONALDO CAIADO;EMC;4;2015;Emenda na Comissão;Dá nova redação à MPV 695/2015;;;2015-10-08T00:00:00;https://www.camara.leg.br/proposicoesWeb/prop_mostrarintegra?codteor=1424452;2015-10-08T00:00:00;Apresentação de Proposição;;Indefinida;https://www.camara.leg.br/proposicoesWeb/prop_mostrarintegra?codteor=1424452
2075139;74813.0;Ronaldo Caiado;DEM;GO;1;1;2015;RONALDO CAIADO;EMC;3;2015;Emenda na Comissão;Dá nova redação à MPV 695/2015;;;2015-10-08T00:00:00;https://www.camara.leg.br/proposicoesWeb/prop_mostrarintegra?codteor=1424451;2015-10-08T00:00:00;Apresentação de Proposição;;Indefinida;https://www.camara.leg.br/proposicoesWeb/prop_mostrarintegra?codteor=1424451
2075138;74813.0;Ronaldo Caiado;DEM;GO;1;1;2015;RONALDO CAIADO;EMC;2;2015;Emenda na Comissão;Dá nova redação à MPV 695/2015;;;2015-10-08T00:00:00;https://www.camara.leg.br/proposicoesWeb/prop_mostrarintegra?codteor=1424450;2015-10-08T00:00:00;Apresentação de Proposição;;Indefinida;https://www.camara.leg.br/proposicoesWeb/prop_mostrarintegra?codteor=1424450
2074558;74813.0;Ronaldo Caiado;DEM;GO;1;1;2015;RONALDO CAIADO;EMC;77;2015;Emenda na Comissão;Dá nova redação à MPV 692/2015;;;2015-09-28T00:00:00;https://www.camara.leg.br/proposicoesWeb/prop_mostrarintegra?codteor=1423036;2015-09-28T00:00:00;Apresentação de Proposição;;Indefinida;https://www.camara.leg.br/proposicoesWeb/prop_mostrarintegra?codteor=1423036
2057750;74813.0;Ronaldo Caiado;DEM;GO;1;1;2015;RONALDO CAIADO;EMC;6;2015;Emenda na Comissão;Dá nova redação à MPV 696/2015;;;2015-10-08T00:00:00;https://www.camara.leg.br/proposicoesWeb/prop_mostrarintegra?codteor=1420198;2015-10-08T00:00:00;Apresentação de Proposição;;Indefinida;https://www.camara.leg.br/proposicoesWeb/prop_mostrarintegra?codteor=1420198
2057655;74813.0;Ronaldo Caiado;DEM;GO;1;1;2015;RONALDO CAIADO;EMC;17;2015;Emenda na Comissão;Dá nova redação à MPV 690/2015;;;2015-09-03T00:00:00;https://www.camara.leg.br/proposicoesWeb/prop_mostrarintegra?codteor=1420083;2015-09-03T00:00:00;Apresentação de Proposição;;Indefinida;https://www.camara.leg.br/proposicoesWeb/prop_mostrarintegra?codteor=1420083
2054844;74813.0;Ronaldo Caiado;DEM;GO;1;1;2015;RONALDO CAIADO;EMC;40;2015;Emenda na Comissão;Dá nova redação à MPV 691/2015;;;2015-09-03T00:00:00;https://www.camara.leg.br/proposicoesWeb/prop_mostrarintegra?codteor=1412361;2015-09-03T00:00:00;Apresentação de Proposição;;Indefinida;https://www.camara.leg.br/proposicoesWeb/prop_mostrarintegra?codteor=1412361
2052905;74813.0;Ronaldo Caiado;DEM;GO;1;1;2015;RONALDO CAIADO;EMC;57;2015;Emenda na Comissão;Dá nova redação à MPV 688/2015;;;2015-08-24T00:00:00;https://www.camara.leg.br/proposicoesWeb/prop_mostrarintegra?codteor=1409014;2015-08-24T00:00:00;Apresentação de Proposição;;Indefinida;https://www.camara.leg.br/proposicoesWeb/prop_mostrarintegra?codteor=1409014
2025736;74813.0;Ronaldo Caiado;DEM;GO;1;1;2015;RONALDO CAIADO;EMC;108;2015;Emenda na Comissão;Dá nova redação à MPV 685/2015;;;2015-08-06T00:00:00;https://www.camara.leg.br/proposicoesWeb/prop_mostrarintegra?codteor=1406120;2015-08-06T00:00:00;Apresentação de Proposição;;Indefinida;https://www.camara.leg.br/proposicoesWeb/prop_mostrarintegra?codteor=1406120
2025735;74813.0;Ronaldo Caiado;DEM;GO;1;1;2015;RONALDO CAIADO;EMC;107;2015;Emenda na Comissão;Dá nova redação à MPV 685/2015;;;2015-08-06T00:00:00;https://www.camara.leg.br/proposicoesWeb/prop_mostrarintegra?codteor=1406119;2015-08-06T00:00:00;Apresentação de Proposição;;Indefinida;https://www.camara.leg.br/proposicoesWeb/prop_mostrarintegra?codteor=1406119
2025686;74813.0;Ronaldo Caiado;DEM;GO;1;1;2015;RONALDO CAIADO;EMC;59;2015;Emenda na Comissão;Dá nova redação à MPV 685/2015;;;2015-08-05T00:00:00;https://www.camara.leg.br/proposicoesWeb/prop_mostrarintegra?codteor=1406070;2015-08-05T00:00:00;Apresentação de Proposição;;Indefinida;https://www.camara.leg.br/proposicoesWeb/prop_mostrarintegra?codteor=1406070
2025685;74813.0;Ronaldo Caiado;DEM;GO;1;1;2015;RONALDO CAIADO;EMC;58;2015;Emenda na Comissão;Dá nova redação à MPV 685/2015;;;2015-08-05T00:00:00;https://www.camara.leg.br/proposicoesWeb/prop_mostrarintegra?codteor=1406069;2015-08-05T00:00:00;Apresentação de Proposição;;Indefinida;https://www.camara.leg.br/proposicoesWeb/prop_mostrarintegra?codteor=1406069
2025684;74813.0;Ronaldo Caiado;DEM;GO;1;1;2015;RONALDO CAIADO;EMC;57;2015;Emenda na Comissão;Dá nova redação à MPV 685/2015;;;2015-08-05T00:00:00;https://www.camara.leg.br/proposicoesWeb/prop_mostrarintegra?codteor=1406068;2015-08-05T00:00:00;Apresentação de Proposição;;Indefinida;https://www.camara.leg.br/proposicoesWeb/prop_mostrarintegra?codteor=1406068
2024427;74813.0;Ronaldo Caiado;DEM;GO;1;1;2015;RONALDO CAIADO;EMC;49;2015;Emenda na Comissão;Dá nova redação à MPV 687/2015;;;2015-08-24T00:00:00;https://www.camara.leg.br/proposicoesWeb/prop_mostrarintegra?codteor=1403272;2015-08-24T00:00:00;Apresentação de Proposição;;Indefinida;https://www.camara.leg.br/proposicoesWeb/prop_mostrarintegra?codteor=1403272
2024426;74813.0;Ronaldo Caiado;DEM;GO;1;1;2015;RONALDO CAIADO;EMC;48;2015;Emenda na Comissão;Dá nova redação à MPV 687/2015;;;2015-08-24T00:00:00;https://www.camara.leg.br/proposicoesWeb/prop_mostrarintegra?codteor=1403271;2015-08-24T00:00:00;Apresentação de Proposição;;Indefinida;https://www.camara.leg.br/proposicoesWeb/prop_mostrarintegra?codteor=1403271
2024425;74813.0;Ronaldo Caiado;DEM;GO;1;1;2015;RONALDO CAIADO;EMC;47;2015;Emenda na Comissão;Dá nova redação à MPV 687/2015;;;2015-08-24T00:00:00;https://www.camara.leg.br/proposicoesWeb/prop_mostrarintegra?codteor=1403270;2015-08-24T00:00:00;Apresentação de Proposição;;Indefinida;https://www.camara.leg.br/proposicoesWeb/prop_mostrarintegra?codteor=1403270
2002394;74813.0;Ronaldo Caiado;DEM;GO;1;1;2015;RONALDO CAIADO;EMC;171;2015;Emenda na Comissão;Dá nova redação à MPV 680/2015;;;2015-07-13T00:00:00;https://www.camara.leg.br/proposicoesWeb/prop_mostrarintegra?codteor=1396719;2015-07-13T00:00:00;Apresentação de Proposição;;Indefinida;https://www.camara.leg.br/proposicoesWeb/prop_mostrarintegra?codteor=1396719
2002393;74813.0;Ronaldo Caiado;DEM;GO;1;1;2015;RONALDO CAIADO;EMC;170;2015;Emenda na Comissão;Dá nova redação à MPV 680/2015;;;2015-07-13T00:00:00;https://www.camara.leg.br/proposicoesWeb/prop_mostrarintegra?codteor=1396718;2015-07-13T00:00:00;Apresentação de Proposição;;Indefinida;https://www.camara.leg.br/proposicoesWeb/prop_mostrarintegra?codteor=1396718
2002392;74813.0;Ronaldo Caiado;DEM;GO;1;1;2015;RONALDO CAIADO;EMC;169;2015;Emenda na Comissão;Dá nova redação à MPV 680/2015;;;2015-07-13T00:00:00;https://www.camara.leg.br/proposicoesWeb/prop_mostrarintegra?codteor=1396717;2015-07-13T00:00:00;Apresentação de Proposição;;Indefinida;https://www.camara.leg.br/proposicoesWeb/prop_mostrarintegra?codteor=1396717
2002391;74813.0;Ronaldo Caiado;DEM;GO;1;1;2015;RONALDO CAIADO;EMC;168;2015;Emenda na Comissão;Dá nova redação à MPV 680/2015;;;2015-07-13T00:00:00;https://www.camara.leg.br/proposicoesWeb/prop_mostrarintegra?codteor=1396716;2015-07-13T00:00:00;Apresentação de Proposição;;Indefinida;https://www.camara.leg.br/proposicoesWeb/prop_mostrarintegra?codteor=1396716
1805261;74813.0;Ronaldo Caiado;DEM;GO;1;1;2015;RONALDO CAIADO;EMC;92;2015;Emenda na Comissão;Dá nova redação à MPV 676/2015;;;2015-06-24T00:00:00;https://www.camara.leg.br/proposicoesWeb/prop_mostrarintegra?codteor=1391200;2015-06-24T00:00:00;Apresentação de Proposição;;Indefinida;https://www.camara.leg.br/proposicoesWeb/prop_mostrarintegra?codteor=1391200
1805260;74813.0;Ronaldo Caiado;DEM;GO;1;1;2015;RONALDO CAIADO;EMC;91;2015;Emenda na Comissão;Dá nova redação à MPV 676/2015;;;2015-06-24T00:00:00;https://www.camara.leg.br/proposicoesWeb/prop_mostrarintegra?codteor=1391199;2015-06-24T00:00:00;Apresentação de Proposição;;Indefinida;https://www.camara.leg.br/proposicoesWeb/prop_mostrarintegra?codteor=1391199
1805259;74813.0;Ronaldo Caiado;DEM;GO;1;1;2015;RONALDO CAIADO;EMC;90;2015;Emenda na Comissão;Dá nova redação à MPV 676/2015;;;2015-06-24T00:00:00;https://www.camara.leg.br/proposicoesWeb/prop_mostrarintegra?codteor=1391198;2015-06-24T00:00:00;Apresentação de Proposição;;Indefinida;https://www.camara.leg.br/proposicoesWeb/prop_mostrarintegra?codteor=1391198
1732871;74813.0;Ronaldo Caiado;DEM;GO;1;1;2015;RONALDO CAIADO;EMC;58;2015;Emenda na Comissão;Dá nova redação à MPV 679/2015;;;2015-06-30T00:00:00;https://www.camara.leg.br/proposicoesWeb/prop_mostrarintegra?codteor=1386488;2015-06-30T00:00:00;Apresentação de Proposição;;Indefinida;https://www.camara.leg.br/proposicoesWeb/prop_mostrarintegra?codteor=1386488
1548786;74813.0;Ronaldo Caiado;DEM;GO;1;1;2015;RONALDO CAIADO;EMC;166;2015;Emenda na Comissão;Dá nova redação à MPV 671/2015;;;2015-03-26T00:00:00;https://www.camara.leg.br/proposicoesWeb/prop_mostrarintegra?codteor=1355492;2015-03-26T00:00:00;Apresentação de Proposição;;Indefinida;https://www.camara.leg.br/proposicoesWeb/prop_mostrarintegra?codteor=1355492
1548785;74813.0;Ronaldo Caiado;DEM;GO;1;1;2015;RONALDO CAIADO;EMC;165;2015;Emenda na Comissão;Dá nova redação à MPV 671/2015;;;2015-03-26T00:00:00;https://www.camara.leg.br/proposicoesWeb/prop_mostrarintegra?codteor=1355491;2015-03-26T00:00:00;Apresentação de Proposição;;Indefinida;https://www.camara.leg.br/proposicoesWeb/prop_mostrarintegra?codteor=1355491
1548784;74813.0;Ronaldo Caiado;DEM;GO;1;1;2015;RONALDO CAIADO;EMC;164;2015;Emenda na Comissão;Dá nova redação à MPV 671/2015;;;2015-03-26T00:00:00;https://www.camara.leg.br/proposicoesWeb/prop_mostrarintegra?codteor=1355490;2015-03-26T00:00:00;Apresentação de Proposição;;Indefinida;https://www.camara.leg.br/proposicoesWeb/prop_mostrarintegra?codteor=1355490
1548783;74813.0;Ronaldo Caiado;DEM;GO;1;1;2015;RONALDO CAIADO;EMC;163;2015;Emenda na Comissão;Dá nova redação à MPV 671/2015;;;2015-03-26T00:00:00;https://www.camara.leg.br/proposicoesWeb/prop_mostrarintegra?codteor=1355489;2015-03-26T00:00:00;Apresentação de Proposição;;Indefinida;https://www.camara.leg.br/proposicoesWeb/prop_mostrarintegra?codteor=1355489
1548782;74813.0;Ronaldo Caiado;DEM;GO;1;1;2015;RONALDO CAIADO;EMC;162;2015;Emenda na Comissão;Dá nova redação à MPV 671/2015;;;2015-03-26T00:00:00;https://www.camara.leg.br/proposicoesWeb/prop_mostrarintegra?codteor=1355488;2015-03-26T00:00:00;Apresentação de Proposição;;Indefinida;https://www.camara.leg.br/proposicoesWeb/prop_mostrarintegra?codteor=1355488
1548781;74813.0;Ronaldo Caiado;DEM;GO;1;1;2015;RONALDO CAIADO;EMC;161;2015;Emenda na Comissão;Dá nova redação à MPV 671/2015;;;2015-03-26T00:00:00;https://www.camara.leg.br/proposicoesWeb/prop_mostrarintegra?codteor=1355487;2015-03-26T00:00:00;Apresentação de Proposição;;Indefinida;https://www.camara.leg.br/proposicoesWeb/prop_mostrarintegra?codteor=1355487
1514098;74813.0;Ronaldo Caiado;DEM;GO;1;1;2015;RONALDO CAIADO;EMC;76;2015;Emenda na Comissão;Dá nova redação à MPV 672/2015;;;2015-03-31T00:00:00;https://www.camara.leg.br/proposicoesWeb/prop_mostrarintegra?codteor=1350803;2015-03-31T00:00:00;Apresentação de Proposição;;Indefinida;https://www.camara.leg.br/proposicoesWeb/prop_mostrarintegra?codteor=1350803
1514097;74813.0;Ronaldo Caiado;DEM;GO;1;1;2015;RONALDO CAIADO;EMC;75;2015;Emenda na Comissão;Dá nova redação à MPV 672/2015;;;2015-03-31T00:00:00;https://www.camara.leg.br/proposicoesWeb/prop_mostrarintegra?codteor=1350801;2015-03-31T00:00:00;Apresentação de Proposição;;Indefinida;https://www.camara.leg.br/proposicoesWeb/prop_mostrarintegra?codteor=1350801
1514092;74813.0;Ronaldo Caiado;DEM;GO;1;1;2015;RONALDO CAIADO;EMC;71;2015;Emenda na Comissão;Dá nova redação à MPV 672/2015;;;2015-03-31T00:00:00;https://www.camara.leg.br/proposicoesWeb/prop_mostrarintegra?codteor=1350796;2015-03-31T00:00:00;Apresentação de Proposição;;Indefinida;https://www.camara.leg.br/proposicoesWeb/prop_mostrarintegra?codteor=1350796
1514091;74813.0;Ronaldo Caiado;DEM;GO;1;1;2015;RONALDO CAIADO;EMC;70;2015;Emenda na Comissão;Dá nova redação à MPV 672/2015;;;2015-03-31T00:00:00;https://www.camara.leg.br/proposicoesWeb/prop_mostrarintegra?codteor=1350795;2015-03-31T00:00:00;Apresentação de Proposição;;Indefinida;https://www.camara.leg.br/proposicoesWeb/prop_mostrarintegra?codteor=1350795
865953;74813.0;Ronaldo Caiado;DEM;GO;1;1;2015;RONALDO CAIADO;PRL;1;0;Parecer do Relator;Parecer do Relator, Dep. Ronaldo Caiado (DEM-GO), pela rejeição.;;;2015-01-12T11:22:00;https://www.camara.leg.br/proposicoesWeb/prop_mostrarintegra?codteor=1295971;2015-01-12T11:22:00;Análise Parecer;;Indefinida;https://www.camara.leg.br/proposicoesWeb/prop_mostrarintegra?codteor=1295971
339287;74813.0;Ronaldo Caiado;PFL;GO;147;0;2015;RONALDO CAIADO;PEC;38;2015;Proposta de Emenda à Constituição;"Dá nova redação ao parágrafo 1º do art. 58  da Constituição Federal.

NOVA EMENTA: Dá nova redação ao § 1º do art. 58 da Constituição Federal, para garantir a representação proporcional de cada sexo na composição das Mesas e Comissões do Congresso Nacional, da Câmara dos Deputados e do Senado Federal.";Garante a representação proporcional de cada sexo na composição das Mesas Diretoras da Câmara dos Deputados e do Senado e de cada Comissão, assegurando, ao menos, uma vaga para cada sexo.;Poder Legislativo, composição, Mesa Diretora, Comissão, Câmara dos Deputados, Senado, Congresso Nacional, garantia, representação proporcional, sexo masculino, sexo feminino, mulher, ocupação, vaga.;2006-12-21T14:29:00;https://www.camara.leg.br/proposicoesWeb/prop_mostrarintegra?codteor=432013;2015-03-26T00:00:00;Remessa ao Senado Federal;Aguardando Apreciação pelo Senado Federal;Proposição Sujeita à Apreciação do Plenário;https://www.camara.leg.br/proposicoesWeb/prop_mostrarintegra?codteor=1314677
2119399;74813.0;Ronaldo Caiado;DEM;GO;1;1;2016;RONALDO CAIADO;EMC;332;2016;Emenda na Comissão;Dá nova redação à MPV 746/2016;;;2016-09-29T00:00:00;https://www.camara.leg.br/proposicoesWeb/prop_mostrarintegra?codteor=1512845;2016-09-29T00:00:00;Apresentação de Proposição;;Indefinida;https://www.camara.leg.br/proposicoesWeb/prop_mostrarintegra?codteor=1512845
2114924;74813.0;Ronaldo Caiado;DEM;GO;1;1;2016;RONALDO CAIADO;EMC;100;2016;Emenda na Comissão;Dá nova redação à MPV 739/2016;;;2016-07-14T00:00:00;https://www.camara.leg.br/proposicoesWeb/prop_mostrarintegra?codteor=1500284;2016-07-14T00:00:00;Apresentação de Proposição;;Indefinida;https://www.camara.leg.br/proposicoesWeb/prop_mostrarintegra?codteor=1500284
2114923;74813.0;Ronaldo Caiado;DEM;GO;1;1;2016;RONALDO CAIADO;EMC;99;2016;Emenda na Comissão;Dá nova redação à MPV 739/2016;;;2016-07-14T00:00:00;https://www.camara.leg.br/proposicoesWeb/prop_mostrarintegra?codteor=1500283;2016-07-14T00:00:00;Apresentação de Proposição;;Indefinida;https://www.camara.leg.br/proposicoesWeb/prop_mostrarintegra?codteor=1500283
2113323;74813.0;Ronaldo Caiado;DEM;GO;1;1;2016;RONALDO CAIADO;EMC;97;2016;Emenda na Comissão;Dá nova redação à MPV 735/2016;;;2016-06-29T00:00:00;https://www.camara.leg.br/proposicoesWeb/prop_mostrarintegra?codteor=1496914;2016-06-29T00:00:00;Apresentação de Proposição;;Indefinida;https://www.camara.leg.br/proposicoesWeb/prop_mostrarintegra?codteor=1496914
2113322;74813.0;Ronaldo Caiado;DEM;GO;1;1;2016;RONALDO CAIADO;EMC;96;2016;Emenda na Comissão;Dá nova redação à MPV 735/2016;;;2016-06-29T00:00:00;https://www.camara.leg.br/proposicoesWeb/prop_mostrarintegra?codteor=1496913;2016-06-29T00:00:00;Apresentação de Proposição;;Indefinida;https://www.camara.leg.br/proposicoesWeb/prop_mostrarintegra?codteor=1496913
2095806;74813.0;Ronaldo Caiado;DEM;GO;1;1;2016;RONALDO CAIADO;EMC;160;2016;Emenda na Comissão;Dá nova redação à MPV 733/2016;;;2016-06-22T00:00:00;https://www.camara.leg.br/proposicoesWeb/prop_mostrarintegra?codteor=1486612;2016-06-22T00:00:00;Apresentação de Proposição;;Indefinida;https://www.camara.leg.br/proposicoesWeb/prop_mostrarintegra?codteor=1486612
2095805;74813.0;Ronaldo Caiado;DEM;GO;1;1;2016;RONALDO CAIADO;EMC;159;2016;Emenda na Comissão;Dá nova redação à MPV 733/2016;;;2016-06-22T00:00:00;https://www.camara.leg.br/proposicoesWeb/prop_mostrarintegra?codteor=1486611;2016-06-22T00:00:00;Apresentação de Proposição;;Indefinida;https://www.camara.leg.br/proposicoesWeb/prop_mostrarintegra?codteor=1486611
2095804;74813.0;Ronaldo Caiado;DEM;GO;1;1;2016;RONALDO CAIADO;EMC;158;2016;Emenda na Comissão;Dá nova redação à MPV 733/2016;;;2016-06-22T00:00:00;https://www.camara.leg.br/proposicoesWeb/prop_mostrarintegra?codteor=1486610;2016-06-22T00:00:00;Apresentação de Proposição;;Indefinida;https://www.camara.leg.br/proposicoesWeb/prop_mostrarintegra?codteor=1486610
2095803;74813.0;Ronaldo Caiado;DEM;GO;1;1;2016;RONALDO CAIADO;EMC;157;2016;Emenda na Comissão;Dá nova redação à MPV 733/2016;;;2016-06-22T00:00:00;https://www.camara.leg.br/proposicoesWeb/prop_mostrarintegra?codteor=1486609;2016-06-22T00:00:00;Apresentação de Proposição;;Indefinida;https://www.camara.leg.br/proposicoesWeb/prop_mostrarintegra?codteor=1486609
2095732;74813.0;Ronaldo Caiado;DEM;GO;1;1;2016;RONALDO CAIADO;EMC;86;2016;Emenda na Comissão;Dá nova redação à MPV 733/2016;;;2016-06-21T00:00:00;https://www.camara.leg.br/proposicoesWeb/prop_mostrarintegra?codteor=1486524;2016-06-21T00:00:00;Apresentação de Proposição;;Indefinida;https://www.camara.leg.br/proposicoesWeb/prop_mostrarintegra?codteor=1486524
2093983;74813.0;Ronaldo Caiado;DEM;GO;1;1;2016;RONALDO CAIADO;EMC;8;2016;Emenda na Comissão;Dá nova redação à MPV 724/2016;;;2016-05-10T00:00:00;https://www.camara.leg.br/proposicoesWeb/prop_mostrarintegra?codteor=1482914;2016-05-10T00:00:00;Apresentação de Proposição;;Indefinida;https://www.camara.leg.br/proposicoesWeb/prop_mostrarintegra?codteor=1482914
2093982;74813.0;Ronaldo Caiado;DEM;GO;1;1;2016;RONALDO CAIADO;EMC;7;2016;Emenda na Comissão;Dá nova redação à MPV 724/2016;;;2016-05-10T00:00:00;https://www.camara.leg.br/proposicoesWeb/prop_mostrarintegra?codteor=1482913;2016-05-10T00:00:00;Apresentação de Proposição;;Indefinida;https://www.camara.leg.br/proposicoesWeb/prop_mostrarintegra?codteor=1482913
2091085;74813.0;Ronaldo Caiado;DEM;GO;1;1;2016;RONALDO CAIADO;EMC;16;2016;Emenda na Comissão;Dá nova redação à MPV 723/2016;;;2016-05-06T00:00:00;https://www.camara.leg.br/proposicoesWeb/prop_mostrarintegra?codteor=1475508;2016-05-06T00:00:00;Apresentação de Proposição;;Indefinida;https://www.camara.leg.br/proposicoesWeb/prop_mostrarintegra?codteor=1475508
2091084;74813.0;Ronaldo Caiado;DEM;GO;1;1;2016;RONALDO CAIADO;EMC;15;2016;Emenda na Comissão;Dá nova redação à MPV 723/2016;;;2016-05-06T00:00:00;https://www.camara.leg.br/proposicoesWeb/prop_mostrarintegra?codteor=1475507;2016-05-06T00:00:00;Apresentação de Proposição;;Indefinida;https://www.camara.leg.br/proposicoesWeb/prop_mostrarintegra?codteor=1475507
2091083;74813.0;Ronaldo Caiado;DEM;GO;1;1;2016;RONALDO CAIADO;EMC;14;2016;Emenda na Comissão;Dá nova redação à MPV 723/2016;;;2016-05-06T00:00:00;https://www.camara.leg.br/proposicoesWeb/prop_mostrarintegra?codteor=1475506;2016-05-06T00:00:00;Apresentação de Proposição;;Indefinida;https://www.camara.leg.br/proposicoesWeb/prop_mostrarintegra?codteor=1475506
2091082;74813.0;Ronaldo Caiado;DEM;GO;1;1;2016;RONALDO CAIADO;EMC;13;2016;Emenda na Comissão;Dá nova redação à MPV 723/2016;;;2016-05-06T00:00:00;https://www.camara.leg.br/proposicoesWeb/prop_mostrarintegra?codteor=1475505;2016-05-06T00:00:00;Apresentação de Proposição;;Indefinida;https://www.camara.leg.br/proposicoesWeb/prop_mostrarintegra?codteor=1475505
2090856;74813.0;Ronaldo Caiado;DEM;GO;1;1;2016;RONALDO CAIADO;EMC;51;2016;Emenda na Comissão;Dá nova redação à MPV 719/2016;;;2016-04-05T00:00:00;https://www.camara.leg.br/proposicoesWeb/prop_mostrarintegra?codteor=1475118;2016-04-05T00:00:00;Apresentação de Proposição;;Indefinida;https://www.camara.leg.br/proposicoesWeb/prop_mostrarintegra?codteor=1475118
2090855;74813.0;Ronaldo Caiado;DEM;GO;1;1;2016;RONALDO CAIADO;EMC;50;2016;Emenda na Comissão;Dá nova redação à MPV 719/2016;;;2016-04-05T00:00:00;https://www.camara.leg.br/proposicoesWeb/prop_mostrarintegra?codteor=1475117;2016-04-05T00:00:00;Apresentação de Proposição;;Indefinida;https://www.camara.leg.br/proposicoesWeb/prop_mostrarintegra?codteor=1475117
2082892;74813.0;Ronaldo Caiado;DEM;GO;1;1;2016;RONALDO CAIADO;EMC;37;2016;Emenda na Comissão;Dá nova redação à MPV 712/2016;;;2016-02-04T00:00:00;https://www.camara.leg.br/proposicoesWeb/prop_mostrarintegra?codteor=1453774;2016-02-04T00:00:00;Apresentação de Proposição;;Indefinida;https://www.camara.leg.br/proposicoesWeb/prop_mostrarintegra?codteor=1453774
2082847;74813.0;Ronaldo Caiado;DEM;GO;1;1;2016;RONALDO CAIADO;EMC;6;2016;Emenda na Comissão;Dá nova redação à MPV 708/2015;;;2016-02-04T00:00:00;https://www.camara.leg.br/proposicoesWeb/prop_mostrarintegra?codteor=1453705;2016-02-04T00:00:00;Apresentação de Proposição;;Indefinida;https://www.camara.leg.br/proposicoesWeb/prop_mostrarintegra?codteor=1453705
2082846;74813.0;Ronaldo Caiado;DEM;GO;1;1;2016;RONALDO CAIADO;EMC;5;2016;Emenda na Comissão;Dá nova redação à MPV 708/2015;;;2016-02-04T00:00:00;https://www.camara.leg.br/proposicoesWeb/prop_mostrarintegra?codteor=1453704;2016-02-04T00:00:00;Apresentação de Proposição;;Indefinida;https://www.camara.leg.br/proposicoesWeb/prop_mostrarintegra?codteor=1453704
2082364;74813.0;Ronaldo Caiado;DEM;GO;1;1;2016;RONALDO CAIADO;EMC;69;2016;Emenda na Comissão;Dá nova redação à MPV nº 707/2015.;;;2016-02-04T19:06:00;https://www.camara.leg.br/proposicoesWeb/prop_mostrarintegra?codteor=1451880;2016-02-04T19:06:00;Apresentação de Proposição;;Indefinida;https://www.camara.leg.br/proposicoesWeb/prop_mostrarintegra?codteor=1451880
2082347;74813.0;Ronaldo Caiado;DEM;GO;1;1;2016;RONALDO CAIADO;EMC;52;2016;Emenda na Comissão;Dá nova redação à MPV nº 707/2015.;;;2016-02-04T19:06:00;https://www.camara.leg.br/proposicoesWeb/prop_mostrarintegra?codteor=1451863;2016-02-04T19:06:00;Apresentação de Proposição;;Indefinida;https://www.camara.leg.br/proposicoesWeb/prop_mostrarintegra?codteor=1451863
2082346;74813.0;Ronaldo Caiado;DEM;GO;1;1;2016;RONALDO CAIADO;EMC;51;2016;Emenda na Comissão;Dá nova redação à MPV nº 707/2015.;;;2016-02-04T19:06:00;https://www.camara.leg.br/proposicoesWeb/prop_mostrarintegra?codteor=1451862;2016-02-04T19:06:00;Apresentação de Proposição;;Indefinida;https://www.camara.leg.br/proposicoesWeb/prop_mostrarintegra?codteor=1451862
2082345;74813.0;Ronaldo Caiado;DEM;GO;1;1;2016;RONALDO CAIADO;EMC;50;2016;Emenda na Comissão;Dá nova redação à MPV nº 707/2015.;;;2016-02-04T19:06:00;https://www.camara.leg.br/proposicoesWeb/prop_mostrarintegra?codteor=1451861;2016-02-04T19:06:00;Apresentação de Proposição;;Indefinida;https://www.camara.leg.br/proposicoesWeb/prop_mostrarintegra?codteor=1451861
2082344;74813.0;Ronaldo Caiado;DEM;GO;1;1;2016;RONALDO CAIADO;EMC;49;2016;Emenda na Comissão;Dá nova redação à MPV nº 707/2015.;;;2016-02-04T19:06:00;https://www.camara.leg.br/proposicoesWeb/prop_mostrarintegra?codteor=1451860;2016-02-04T19:06:00;Apresentação de Proposição;;Indefinida;https://www.camara.leg.br/proposicoesWeb/prop_mostrarintegra?codteor=1451860
2082025;74813.0;Ronaldo Caiado;DEM;GO;1;1;2016;RONALDO CAIADO;EMC;14;2016;Emenda na Comissão;Dá nova redação à MPV 701/2015;;;2015-12-15T00:00:00;https://www.camara.leg.br/proposicoesWeb/prop_mostrarintegra?codteor=1450639;2015-12-15T00:00:00;Apresentação de Proposição;;Indefinida;https://www.camara.leg.br/proposicoesWeb/prop_mostrarintegra?codteor=1450639
2079924;74813.0;Ronaldo Caiado;DEM;GO;1;1;2016;RONALDO CAIADO;EMC;55;2016;Emenda na Comissão;Dá nova redação à MPV 699/2015;;;2015-11-17T00:00:00;https://www.camara.leg.br/proposicoesWeb/prop_mostrarintegra?codteor=1444460;2015-11-17T00:00:00;Apresentação de Proposição;;Indefinida;https://www.camara.leg.br/proposicoesWeb/prop_mostrarintegra?codteor=1444460
2079258;74813.0;Ronaldo Caiado;DEM;GO;1;1;2016;RONALDO CAIADO;EMC;14;2016;Emenda na Comissão;Dá nova redação à MPV 698/2015;;;2015-10-29T00:00:00;https://www.camara.leg.br/proposicoesWeb/prop_mostrarintegra?codteor=1441857;2015-10-29T00:00:00;Apresentação de Proposição;;Indefinida;https://www.camara.leg.br/proposicoesWeb/prop_mostrarintegra?codteor=1441857
2078264;74813.0;Ronaldo Caiado;DEM;GO;1;1;2016;RONALDO CAIADO;EMC;44;2016;Emenda na Comissão;Dá nova redação à MPV 693/2015;;;2015-10-06T00:00:00;https://www.camara.leg.br/proposicoesWeb/prop_mostrarintegra?codteor=1436779;2015-10-06T00:00:00;Apresentação de Proposição;;Indefinida;https://www.camara.leg.br/proposicoesWeb/prop_mostrarintegra?codteor=1436779
2167210;74813.0;Ronaldo Caiado;DEM;GO;1;1;2017;RONALDO CAIADO;EMC;31;2017;Emenda na Comissão;Dá nova redação à MPV 800/2017;;;2017-09-25T00:00:00;https://www.camara.leg.br/proposicoesWeb/prop_mostrarintegra?codteor=1635297;2017-09-25T00:00:00;Apresentação de Proposição;;Indefinida;https://www.camara.leg.br/proposicoesWeb/prop_mostrarintegra?codteor=1635297
2161912;74813.0;Ronaldo Caiado;DEM;GO;1;1;2017;RONALDO CAIADO;EMC;1;2017;Emenda na Comissão;Dá nova redação à MPV 788/2017;;;2017-08-03T00:00:00;https://www.camara.leg.br/proposicoesWeb/prop_mostrarintegra?codteor=1620518;2017-08-03T00:00:00;Apresentação de Proposição;;Indefinida;https://www.camara.leg.br/proposicoesWeb/prop_mostrarintegra?codteor=1620518
2161734;74813.0;Ronaldo Caiado;DEM;GO;1;1;2017;RONALDO CAIADO;EMC;619;2017;Emenda na Comissão;Dá nova redação à MPV 793/2017;;;2017-08-07T00:00:00;https://www.camara.leg.br/proposicoesWeb/prop_mostrarintegra?codteor=1620255;2017-08-07T00:00:00;Apresentação de Proposição;;Indefinida;https://www.camara.leg.br/proposicoesWeb/prop_mostrarintegra?codteor=1620255
2161733;74813.0;Ronaldo Caiado;DEM;GO;1;1;2017;RONALDO CAIADO;EMC;618;2017;Emenda na Comissão;Dá nova redação à MPV 793/2017;;;2017-08-07T00:00:00;https://www.camara.leg.br/proposicoesWeb/prop_mostrarintegra?codteor=1620254;2017-08-07T00:00:00;Apresentação de Proposição;;Indefinida;https://www.camara.leg.br/proposicoesWeb/prop_mostrarintegra?codteor=1620254
2161732;74813.0;Ronaldo Caiado;DEM;GO;1;1;2017;RONALDO CAIADO;EMC;617;2017;Emenda na Comissão;Dá nova redação à MPV 793/2017;;;2017-08-07T00:00:00;https://www.camara.leg.br/proposicoesWeb/prop_mostrarintegra?codteor=1620253;2017-08-07T00:00:00;Apresentação de Proposição;;Indefinida;https://www.camara.leg.br/proposicoesWeb/prop_mostrarintegra?codteor=1620253
2161731;74813.0;Ronaldo Caiado;DEM;GO;1;1;2017;RONALDO CAIADO;EMC;616;2017;Emenda na Comissão;Dá nova redação à MPV 793/2017;;;2017-08-07T00:00:00;https://www.camara.leg.br/proposicoesWeb/prop_mostrarintegra?codteor=1620252;2017-08-07T00:00:00;Apresentação de Proposição;;Indefinida;https://www.camara.leg.br/proposicoesWeb/prop_mostrarintegra?codteor=1620252
2161730;74813.0;Ronaldo Caiado;DEM;GO;1;1;2017;RONALDO CAIADO;EMC;615;2017;Emenda na Comissão;Dá nova redação à MPV 793/2017;;;2017-08-07T00:00:00;https://www.camara.leg.br/proposicoesWeb/prop_mostrarintegra?codteor=1620251;2017-08-07T00:00:00;Apresentação de Proposição;;Indefinida;https://www.camara.leg.br/proposicoesWeb/prop_mostrarintegra?codteor=1620251
2161729;74813.0;Ronaldo Caiado;DEM;GO;1;1;2017;RONALDO CAIADO;EMC;614;2017;Emenda na Comissão;Dá nova redação à MPV 793/2017;;;2017-08-07T00:00:00;https://www.camara.leg.br/proposicoesWeb/prop_mostrarintegra?codteor=1620250;2017-08-07T00:00:00;Apresentação de Proposição;;Indefinida;https://www.camara.leg.br/proposicoesWeb/prop_mostrarintegra?codteor=1620250
2161728;74813.0;Ronaldo Caiado;DEM;GO;1;1;2017;RONALDO CAIADO;EMC;613;2017;Emenda na Comissão;Dá nova redação à MPV 793/2017;;;2017-08-07T00:00:00;https://www.camara.leg.br/proposicoesWeb/prop_mostrarintegra?codteor=1620249;2017-08-07T00:00:00;Apresentação de Proposição;;Indefinida;https://www.camara.leg.br/proposicoesWeb/prop_mostrarintegra?codteor=1620249
2161727;74813.0;Ronaldo Caiado;DEM;GO;1;1;2017;RONALDO CAIADO;EMC;612;2017;Emenda na Comissão;Dá nova redação à MPV 793/2017;;;2017-08-07T00:00:00;https://www.camara.leg.br/proposicoesWeb/prop_mostrarintegra?codteor=1620248;2017-08-07T00:00:00;Apresentação de Proposição;;Indefinida;https://www.camara.leg.br/proposicoesWeb/prop_mostrarintegra?codteor=1620248
2161726;74813.0;Ronaldo Caiado;DEM;GO;1;1;2017;RONALDO CAIADO;EMC;611;2017;Emenda na Comissão;Dá nova redação à MPV 793/2017;;;2017-08-07T00:00:00;https://www.camara.leg.br/proposicoesWeb/prop_mostrarintegra?codteor=1620247;2017-08-07T00:00:00;Apresentação de Proposição;;Indefinida;https://www.camara.leg.br/proposicoesWeb/prop_mostrarintegra?codteor=1620247
2161725;74813.0;Ronaldo Caiado;DEM;GO;1;1;2017;RONALDO CAIADO;EMC;610;2017;Emenda na Comissão;Dá nova redação à MPV 793/2017;;;2017-08-07T00:00:00;https://www.camara.leg.br/proposicoesWeb/prop_mostrarintegra?codteor=1620246;2017-08-07T00:00:00;Apresentação de Proposição;;Indefinida;https://www.camara.leg.br/proposicoesWeb/prop_mostrarintegra?codteor=1620246
2161724;74813.0;Ronaldo Caiado;DEM;GO;1;1;2017;RONALDO CAIADO;EMC;609;2017;Emenda na Comissão;Dá nova redação à MPV 793/2017;;;2017-08-07T00:00:00;https://www.camara.leg.br/proposicoesWeb/prop_mostrarintegra?codteor=1620245;2017-08-07T00:00:00;Apresentação de Proposição;;Indefinida;https://www.camara.leg.br/proposicoesWeb/prop_mostrarintegra?codteor=1620245
2161723;74813.0;Ronaldo Caiado;DEM;GO;1;1;2017;RONALDO CAIADO;EMC;608;2017;Emenda na Comissão;Dá nova redação à MPV 793/2017;;;2017-08-07T00:00:00;https://www.camara.leg.br/proposicoesWeb/prop_mostrarintegra?codteor=1620244;2017-08-07T00:00:00;Apresentação de Proposição;;Indefinida;https://www.camara.leg.br/proposicoesWeb/prop_mostrarintegra?codteor=1620244
2161722;74813.0;Ronaldo Caiado;DEM;GO;1;1;2017;RONALDO CAIADO;EMC;607;2017;Emenda na Comissão;Dá nova redação à MPV 793/2017;;;2017-08-07T00:00:00;https://www.camara.leg.br/proposicoesWeb/prop_mostrarintegra?codteor=1620243;2017-08-07T00:00:00;Apresentação de Proposição;;Indefinida;https://www.camara.leg.br/proposicoesWeb/prop_mostrarintegra?codteor=1620243
2161721;74813.0;Ronaldo Caiado;DEM;GO;1;1;2017;RONALDO CAIADO;EMC;606;2017;Emenda na Comissão;Dá nova redação à MPV 793/2017;;;2017-08-07T00:00:00;https://www.camara.leg.br/proposicoesWeb/prop_mostrarintegra?codteor=1620242;2017-08-07T00:00:00;Apresentação de Proposição;;Indefinida;https://www.camara.leg.br/proposicoesWeb/prop_mostrarintegra?codteor=1620242
2161720;74813.0;Ronaldo Caiado;DEM;GO;1;1;2017;RONALDO CAIADO;EMC;605;2017;Emenda na Comissão;Dá nova redação à MPV 793/2017;;;2017-08-07T00:00:00;https://www.camara.leg.br/proposicoesWeb/prop_mostrarintegra?codteor=1620241;2017-08-07T00:00:00;Apresentação de Proposição;;Indefinida;https://www.camara.leg.br/proposicoesWeb/prop_mostrarintegra?codteor=1620241
2161719;74813.0;Ronaldo Caiado;DEM;GO;1;1;2017;RONALDO CAIADO;EMC;604;2017;Emenda na Comissão;Dá nova redação à MPV 793/2017;;;2017-08-07T00:00:00;https://www.camara.leg.br/proposicoesWeb/prop_mostrarintegra?codteor=1620240;2017-08-07T00:00:00;Apresentação de Proposição;;Indefinida;https://www.camara.leg.br/proposicoesWeb/prop_mostrarintegra?codteor=1620240
2161046;74813.0;Ronaldo Caiado;DEM;GO;1;1;2017;RONALDO CAIADO;EMC;126;2017;Emenda na Comissão;Dá nova redação à MPV 792/2017;;;2017-08-07T00:00:00;https://www.camara.leg.br/proposicoesWeb/prop_mostrarintegra?codteor=1619555;2017-08-07T00:00:00;Apresentação de Proposição;;Indefinida;https://www.camara.leg.br/proposicoesWeb/prop_mostrarintegra?codteor=1619555
2161045;74813.0;Ronaldo Caiado;DEM;GO;1;1;2017;RONALDO CAIADO;EMC;125;2017;Emenda na Comissão;Dá nova redação à MPV 792/2017;;;2017-08-07T00:00:00;https://www.camara.leg.br/proposicoesWeb/prop_mostrarintegra?codteor=1619554;2017-08-07T00:00:00;Apresentação de Proposição;;Indefinida;https://www.camara.leg.br/proposicoesWeb/prop_mostrarintegra?codteor=1619554
2159416;74813.0;Ronaldo Caiado;DEM;GO;1;1;2017;RONALDO CAIADO;EMC;33;2017;Emenda na Comissão;Dá nova redação à MPV 791/2017;;;2017-08-07T00:00:00;https://www.camara.leg.br/proposicoesWeb/prop_mostrarintegra?codteor=1615864;2017-08-07T00:00:00;Apresentação de Proposição;;Indefinida;https://www.camara.leg.br/proposicoesWeb/prop_mostrarintegra?codteor=1615864
2159146;74813.0;Ronaldo Caiado;DEM;GO;1;1;2017;RONALDO CAIADO;EMC;60;2017;Emenda na Comissão;Dá nova redação à MPV 789/2017;;;2017-08-07T00:00:00;https://www.camara.leg.br/proposicoesWeb/prop_mostrarintegra?codteor=1615572;2017-08-07T00:00:00;Apresentação de Proposição;;Indefinida;https://www.camara.leg.br/proposicoesWeb/prop_mostrarintegra?codteor=1615572
2145602;74813.0;Ronaldo Caiado;DEM;GO;1;1;2017;RONALDO CAIADO;EMC;128;2017;Emenda na Comissão;Dá nova redação à MPV 783/2017;;;2017-06-06T00:00:00;https://www.camara.leg.br/proposicoesWeb/prop_mostrarintegra?codteor=1580363;2017-06-06T00:00:00;Apresentação de Proposição;;Indefinida;https://www.camara.leg.br/proposicoesWeb/prop_mostrarintegra?codteor=1580363
2144324;74813.0;Ronaldo Caiado;DEM;GO;1;1;2017;RONALDO CAIADO;EMC;18;2017;Emenda na Comissão;Dá nova redação à MPV 774/2017;;;2017-04-05T00:00:00;https://www.camara.leg.br/proposicoesWeb/prop_mostrarintegra?codteor=1576931;2017-04-05T00:00:00;Apresentação de Proposição;;Indefinida;https://www.camara.leg.br/proposicoesWeb/prop_mostrarintegra?codteor=1576931
2144323;74813.0;Ronaldo Caiado;DEM;GO;1;1;2017;RONALDO CAIADO;EMC;17;2017;Emenda na Comissão;Dá nova redação à MPV 774/2017;;;2017-04-05T00:00:00;https://www.camara.leg.br/proposicoesWeb/prop_mostrarintegra?codteor=1576930;2017-04-05T00:00:00;Apresentação de Proposição;;Indefinida;https://www.camara.leg.br/proposicoesWeb/prop_mostrarintegra?codteor=1576930
2143298;74813.0;Ronaldo Caiado;DEM;GO;1;1;2017;RONALDO CAIADO;EMC;9;2017;Emenda na Comissão;Dá nova redação à MPV 772/2017;;;2017-04-05T00:00:00;https://www.camara.leg.br/proposicoesWeb/prop_mostrarintegra?codteor=1574452;2017-04-05T00:00:00;Apresentação de Proposição;;Indefinida;https://www.camara.leg.br/proposicoesWeb/prop_mostrarintegra?codteor=1574452
2137300;74813.0;Ronaldo Caiado;DEM;GO;1;1;2017;RONALDO CAIADO;EMC;15;2017;Emenda na Comissão;Dá nova redação à MPV 763/2016;;;2017-02-06T00:00:00;https://www.camara.leg.br/proposicoesWeb/prop_mostrarintegra?codteor=1558018;2017-02-06T00:00:00;Apresentação de Proposição;;Indefinida;https://www.camara.leg.br/proposicoesWeb/prop_mostrarintegra?codteor=1558018
2136870;74813.0;Ronaldo Caiado;DEM;GO;1;1;2017;RONALDO CAIADO;EMC;141;2017;Emenda na Comissão;Dá nova redação à MPV 766/2017;;;2017-02-07T00:00:00;https://www.camara.leg.br/proposicoesWeb/prop_mostrarintegra?codteor=1557301;2017-02-07T00:00:00;Apresentação de Proposição;;Indefinida;https://www.camara.leg.br/proposicoesWeb/prop_mostrarintegra?codteor=1557301
2136869;74813.0;Ronaldo Caiado;DEM;GO;1;1;2017;RONALDO CAIADO;EMC;140;2017;Emenda na Comissão;Dá nova redação à MPV 766/2017;;;2017-02-07T00:00:00;https://www.camara.leg.br/proposicoesWeb/prop_mostrarintegra?codteor=1557300;2017-02-07T00:00:00;Apresentação de Proposição;;Indefinida;https://www.camara.leg.br/proposicoesWeb/prop_mostrarintegra?codteor=1557300
2136868;74813.0;Ronaldo Caiado;DEM;GO;1;1;2017;RONALDO CAIADO;EMC;139;2017;Emenda na Comissão;Dá nova redação à MPV 766/2017;;;2017-02-07T00:00:00;https://www.camara.leg.br/proposicoesWeb/prop_mostrarintegra?codteor=1557299;2017-02-07T00:00:00;Apresentação de Proposição;;Indefinida;https://www.camara.leg.br/proposicoesWeb/prop_mostrarintegra?codteor=1557299
2136867;74813.0;Ronaldo Caiado;DEM;GO;1;1;2017;RONALDO CAIADO;EMC;138;2017;Emenda na Comissão;Dá nova redação à MPV 766/2017;;;2017-02-07T00:00:00;https://www.camara.leg.br/proposicoesWeb/prop_mostrarintegra?codteor=1557298;2017-02-07T00:00:00;Apresentação de Proposição;;Indefinida;https://www.camara.leg.br/proposicoesWeb/prop_mostrarintegra?codteor=1557298
2134706;74813.0;Ronaldo Caiado;DEM;GO;1;1;2017;RONALDO CAIADO;EMC;320;2017;Emenda na Comissão;Dá nova redação à MPV 759/2016;;;2017-02-07T00:00:00;https://www.camara.leg.br/proposicoesWeb/prop_mostrarintegra?codteor=1553807;2017-02-07T00:00:00;Apresentação de Proposição;;Indefinida;https://www.camara.leg.br/proposicoesWeb/prop_mostrarintegra?codteor=1553807
2134705;74813.0;Ronaldo Caiado;DEM;GO;1;1;2017;RONALDO CAIADO;EMC;319;2017;Emenda na Comissão;Dá nova redação à MPV 759/2016;;;2017-02-07T00:00:00;https://www.camara.leg.br/proposicoesWeb/prop_mostrarintegra?codteor=1553806;2017-02-07T00:00:00;Apresentação de Proposição;;Indefinida;https://www.camara.leg.br/proposicoesWeb/prop_mostrarintegra?codteor=1553806
2134704;74813.0;Ronaldo Caiado;DEM;GO;1;1;2017;RONALDO CAIADO;EMC;318;2017;Emenda na Comissão;Dá nova redação à MPV 759/2016;;;2017-02-07T00:00:00;https://www.camara.leg.br/proposicoesWeb/prop_mostrarintegra?codteor=1553805;2017-02-07T00:00:00;Apresentação de Proposição;;Indefinida;https://www.camara.leg.br/proposicoesWeb/prop_mostrarintegra?codteor=1553805
2134703;74813.0;Ronaldo Caiado;DEM;GO;1;1;2017;RONALDO CAIADO;EMC;317;2017;Emenda na Comissão;Dá nova redação à MPV 759/2016;;;2017-02-07T00:00:00;https://www.camara.leg.br/proposicoesWeb/prop_mostrarintegra?codteor=1553804;2017-02-07T00:00:00;Apresentação de Proposição;;Indefinida;https://www.camara.leg.br/proposicoesWeb/prop_mostrarintegra?codteor=1553804
2134702;74813.0;Ronaldo Caiado;DEM;GO;1;1;2017;RONALDO CAIADO;EMC;316;2017;Emenda na Comissão;Dá nova redação à MPV 759/2016;;;2017-02-07T00:00:00;https://www.camara.leg.br/proposicoesWeb/prop_mostrarintegra?codteor=1553803;2017-02-07T00:00:00;Apresentação de Proposição;;Indefinida;https://www.camara.leg.br/proposicoesWeb/prop_mostrarintegra?codteor=1553803
